player_name,team,season,gp,pa,ab,h,x2b,x3b,hr,bb,hbp,sf,k,x1b,avg,obp,slg,ops,iso,bb_rate,k_rate,hr_rate,xbh,xbh_rate,lg_obp,lg_slg,ops_plus
A Adams,Rocky Mountain Vibes,2025,39,150,119,37,5,0,2,21,6,2,41,30,0.31092436974789917,0.43243243243243246,0.40336134453781514,0.8357937769702476,0.09243697478991596,0.14,0.2733333333333333,0.01333333333333333,7,0.04666666666666667,0.4296401965446188,0.5468761663058894,74
A Amicangelo,Billings Mustangs,2021,73,304,275,105,0,0,5,29,0,0,39,100,0.38181818181818183,0.4407894736842105,0.43636363636363634,0.8771531100478469,0.05454545454545451,0.09539473684210528,0.12828947368421054,0.01644736842105263,5,0.01644736842105263,0.3907446068197634,0.40841445675282534,120
A Armstrong,Ogden Raptors,2021,62,192,174,48,0,0,1,18,0,0,30,47,0.27586206896551724,0.34375,0.29310344827586204,0.6368534482758621,0.0172413793103448,0.09375,0.15625,0.00520833333333333,1,0.00520833333333333,0.3907446068197634,0.40841445675282534,60
A Atwood,Great Falls Voyagers,2022,22,107,92,31,6,1,3,11,2,2,14,21,0.33695652173913043,0.411214953271028,0.5217391304347826,0.9329540837058106,0.18478260869565216,0.102803738317757,0.1308411214953271,0.02803738317757009,10,0.09345794392523364,0.40305975964890695,0.5083610473558481,105
A Baeza,Boise Hawks,2023,72,319,258,88,15,1,14,51,2,8,54,58,0.34108527131782945,0.44200626959247646,0.5697674418604651,1.0117737114529417,0.22868217054263568,0.15987460815047022,0.16927899686520376,0.0438871473354232,30,0.09404388714733544,0.41472050355852796,0.5188064192577733,116
A Bernard,Missoula PaddleHeads,2023,57,226,182,53,6,1,6,36,4,4,46,40,0.29120879120879123,0.41150442477876104,0.4340659340659341,0.8455703588446951,0.14285714285714285,0.1592920353982301,0.20353982300884957,0.02654867256637168,13,0.05752212389380531,0.41472050355852796,0.5188064192577733,83
A Buendia,Rocky Mountain Vibes,2021,32,112,106,33,0,0,1,6,0,0,15,32,0.3113207547169811,0.3482142857142857,0.33962264150943394,0.6878369272237197,0.02830188679245282,0.05357142857142857,0.13392857142857142,0.00892857142857142,1,0.00892857142857142,0.3907446068197634,0.40841445675282534,72
A Chouinard,Grand Junction Jackalopes,2023,46,173,145,50,8,0,6,16,9,2,37,36,0.3448275862068966,0.436046511627907,0.5241379310344828,0.9601844426623898,0.17931034482758623,0.09248554913294796,0.2138728323699422,0.03468208092485549,14,0.08092485549132948,0.41472050355852796,0.5188064192577733,106
A Chouinard,Rocky Mountain Vibes,2025,57,220,189,70,18,0,4,21,6,4,33,48,0.3703703703703703,0.4409090909090909,0.5291005291005291,0.97000962000962,0.15873015873015872,0.09545454545454546,0.15,0.01818181818181818,22,0.1,0.4296401965446188,0.5468761663058894,99
A Cootway,Billings Mustangs,2026,53,262,196,70,17,1,13,51,12,3,57,39,0.35714285714285715,0.5076335877862596,0.6530612244897959,1.1606948122760554,0.2959183673469387,0.1946564885496183,0.21755725190839695,0.04961832061068702,31,0.1183206106870229,0.45251877720901307,0.5898564150069476,123
A Davis,Rocky Mountain Vibes,2024,88,429,366,120,27,3,10,54,4,2,77,80,0.32786885245901637,0.4178403755868544,0.5,0.9178403755868544,0.17213114754098363,0.1258741258741259,0.1794871794871795,0.02331002331002331,40,0.09324009324009323,0.4241357590129312,0.5394456289978679,91
A Don,Idaho Falls Chukars,2021,62,287,255,72,0,0,4,32,0,0,72,68,0.2823529411764706,0.3623693379790941,0.32941176470588235,0.6917811026849765,0.04705882352941176,0.11149825783972124,0.2508710801393728,0.01393728222996515,4,0.01393728222996515,0.3907446068197634,0.40841445675282534,73
A Elder,Grand Junction Jackalopes,2021,47,185,167,44,0,0,1,18,0,0,25,43,0.2634730538922156,0.33513513513513515,0.281437125748503,0.6165722608836381,0.0179640718562874,0.0972972972972973,0.13513513513513514,0.0054054054054054,1,0.0054054054054054,0.3907446068197634,0.40841445675282534,55
A Elder,Grand Junction Jackalopes,2022,34,141,116,42,6,0,0,19,6,0,9,36,0.3620689655172414,0.475177304964539,0.41379310344827586,0.8889704084128149,0.05172413793103447,0.1347517730496454,0.06382978723404255,0,6,0.0425531914893617,0.40305975964890695,0.5083610473558481,99
A Fernandes,Glacier Range Riders,2026,28,131,98,36,10,3,2,30,2,0,11,21,0.3673469387755102,0.5230769230769231,0.5918367346938775,1.1149136577708003,0.22448979591836732,0.22900763358778625,0.08396946564885496,0.01526717557251908,15,0.11450381679389313,0.45251877720901307,0.5898564150069476,116
A Figueredo,Billings Mustangs,2023,33,155,129,37,9,0,9,17,8,1,18,19,0.2868217054263566,0.4,0.5658914728682171,0.9658914728682172,0.27906976744186046,0.10967741935483873,0.11612903225806452,0.05806451612903226,18,0.11612903225806452,0.41472050355852796,0.5188064192577733,106
A Figueredo,Yuba-Sutter Freebirds,2024,69,286,234,72,16,0,7,43,1,8,46,49,0.3076923076923077,0.4055944055944056,0.4658119658119658,0.8714063714063713,0.1581196581196581,0.15034965034965034,0.16083916083916083,0.02447552447552447,23,0.08041958041958042,0.4241357590129312,0.5394456289978679,82
A Fogel,Missoula PaddleHeads,2024,89,428,348,135,27,1,35,61,16,3,88,72,0.3879310344827586,0.4953271028037383,0.7729885057471264,1.268315608550865,0.3850574712643678,0.1425233644859813,0.205607476635514,0.08177570093457943,63,0.14719626168224298,0.4241357590129312,0.5394456289978679,160
A Fogel,Missoula PaddleHeads,2025,79,376,320,124,21,2,34,38,12,6,63,67,0.3875,0.4627659574468085,0.784375,1.2471409574468084,0.396875,0.10106382978723404,0.1675531914893617,0.09042553191489362,57,0.15159574468085107,0.4296401965446188,0.5468761663058894,151
A Folds,Boise Hawks,2026,39,178,125,38,7,1,3,39,11,1,23,27,0.304,0.5,0.448,0.948,0.14400000000000002,0.21910112359550565,0.12921348314606745,0.01685393258426966,11,0.06179775280898876,0.45251877720901307,0.5898564150069476,86
A Fritz,Great Falls Voyagers,2025,82,335,286,94,21,2,12,40,1,8,38,59,0.32867132867132864,0.40298507462686567,0.541958041958042,0.9449431165849076,0.21328671328671336,0.11940298507462686,0.11343283582089551,0.03582089552238806,35,0.1044776119402985,0.4296401965446188,0.5468761663058894,93
A Guadalupe,Colorado Springs Sky Sox,2022,35,154,128,51,13,0,6,17,6,2,22,32,0.3984375,0.48366013071895425,0.640625,1.1242851307189543,0.2421875,0.11038961038961038,0.14285714285714285,0.03896103896103896,19,0.12337662337662338,0.40305975964890695,0.5083610473558481,146
A Guadalupe,Colorado Springs Sky Sox,2023,85,366,333,117,21,4,17,23,3,5,39,75,0.35135135135135137,0.3928571428571429,0.5915915915915916,0.9844487344487344,0.2402402402402402,0.06284153005464481,0.10655737704918032,0.04644808743169399,42,0.11475409836065574,0.41472050355852796,0.5188064192577733,109
A Hanson,Rocky Mountain Vibes,2022,63,221,197,58,13,3,4,18,3,2,50,38,0.29441624365482233,0.35909090909090907,0.4517766497461929,0.8108675588371019,0.1573604060913706,0.08144796380090498,0.22624434389140272,0.01809954751131222,20,0.09049773755656108,0.40305975964890695,0.5083610473558481,78
A Herron Jr.,Rocky Mountain Vibes,2023,64,268,235,76,16,1,7,26,4,3,49,52,0.32340425531914896,0.3955223880597014,0.4893617021276595,0.884884090187361,0.1659574468085106,0.09701492537313432,0.1828358208955224,0.02611940298507462,24,0.08955223880597014,0.41472050355852796,0.5188064192577733,90
A Manisero,Great Falls Voyagers,2026,42,145,122,44,10,2,4,15,7,1,25,28,0.3606557377049181,0.4551724137931034,0.5737704918032787,1.028942905596382,0.2131147540983606,0.10344827586206896,0.1724137931034483,0.02758620689655172,16,0.1103448275862069,0.45251877720901307,0.5898564150069476,98
A Mata,Idaho Falls Chukars,2024,35,156,137,42,4,2,3,16,0,1,32,33,0.30656934306569344,0.37662337662337664,0.4306569343065693,0.807280310929946,0.12408759124087589,0.10256410256410256,0.20512820512820512,0.01923076923076923,9,0.05769230769230769,0.4241357590129312,0.5394456289978679,69
A Mata,Idaho Falls Chukars,2025,71,309,280,97,20,4,5,21,3,4,46,68,0.3464285714285714,0.3928571428571429,0.5,0.8928571428571428,0.15357142857142858,0.06796116504854369,0.1488673139158576,0.01618122977346278,29,0.09385113268608414,0.4296401965446188,0.5468761663058894,83
A Meggs,Grand Junction Jackalopes,2023,49,223,192,60,10,0,1,23,1,5,23,49,0.3125,0.38009049773755654,0.3802083333333333,0.7602988310708898,0.06770833333333331,0.1031390134529148,0.1031390134529148,0.00448430493273542,11,0.04932735426008968,0.41472050355852796,0.5188064192577733,65
A Monge,Grand Junction Jackalopes,2021,45,158,142,38,0,0,0,16,0,0,38,38,0.2676056338028169,0.34177215189873417,0.2676056338028169,0.609377785701551,0,0.10126582278481013,0.24050632911392408,0,0,0,0.3907446068197634,0.40841445675282534,53
A Nielsen,Grand Junction Jackalopes,2022,68,295,262,83,13,0,2,22,4,3,36,68,0.31679389312977096,0.3745704467353952,0.3893129770992366,0.7638834238346318,0.07251908396946566,0.07457627118644068,0.12203389830508476,0.00677966101694915,15,0.05084745762711865,0.40305975964890695,0.5083610473558481,70
A Noviello,Missoula PaddleHeads,2022,49,193,162,49,11,0,3,28,1,2,32,35,0.30246913580246915,0.4041450777202073,0.42592592592592593,0.8300710036461332,0.12345679012345678,0.14507772020725387,0.16580310880829016,0.0155440414507772,14,0.07253886010362694,0.40305975964890695,0.5083610473558481,84
A Nunez,Rocky Mountain Vibes,2021,62,233,221,62,0,0,1,12,0,0,49,61,0.28054298642533937,0.31759656652360513,0.29411764705882354,0.6117142135824287,0.01357466063348417,0.05150214592274678,0.21030042918454936,0.00429184549356223,1,0.00429184549356223,0.3907446068197634,0.40841445675282534,53
A Pimentel,Grand Junction Jackalopes,2025,83,394,313,103,29,1,17,61,11,5,68,56,0.329073482428115,0.44871794871794873,0.5910543130990416,1.0397722618169902,0.26198083067092653,0.1548223350253807,0.17258883248730963,0.04314720812182741,47,0.11928934010152284,0.4296401965446188,0.5468761663058894,113
A Ray,Grand Junction Jackalopes,2023,66,250,223,73,12,1,5,22,1,2,38,55,0.3273542600896861,0.3870967741935484,0.45739910313901344,0.8444958773325618,0.13004484304932734,0.088,0.152,0.02,18,0.072,0.41472050355852796,0.5188064192577733,82
A Redahan,Great Falls Voyagers,2026,24,124,111,51,13,1,5,11,0,1,6,32,0.4594594594594595,0.5040650406504065,0.7297297297297297,1.2337947703801362,0.27027027027027023,0.08870967741935484,0.04838709677419355,0.04032258064516129,19,0.1532258064516129,0.45251877720901307,0.5898564150069476,135
A Rios,Grand Junction Jackalopes,2024,87,399,341,120,23,2,16,49,5,2,61,79,0.3519061583577713,0.43828715365239296,0.5718475073313783,1.0101346609837714,0.21994134897360704,0.12280701754385964,0.15288220551378445,0.04010025062656641,41,0.10275689223057644,0.4241357590129312,0.5394456289978679,109
A Sanchez,Missoula PaddleHeads,2024,76,353,306,101,22,2,20,42,2,2,77,57,0.3300653594771242,0.4119318181818182,0.6111111111111112,1.0230429292929293,0.281045751633987,0.1189801699716714,0.21813031161473087,0.05665722379603399,44,0.12464589235127478,0.4241357590129312,0.5394456289978679,110
A Sequera,Boise Hawks,2022,46,225,197,70,25,0,2,26,1,1,28,43,0.3553299492385787,0.4311111111111111,0.5126903553299492,0.9438014664410604,0.15736040609137053,0.11555555555555556,0.12444444444444444,0.00888888888888888,27,0.12,0.40305975964890695,0.5083610473558481,108
A Shaver,Billings Mustangs,2025,75,314,264,79,13,2,10,32,15,2,86,54,0.29924242424242425,0.402555910543131,0.4772727272727273,0.8798286378158583,0.17803030303030304,0.10191082802547773,0.27388535031847133,0.03184713375796178,25,0.07961783439490445,0.4296401965446188,0.5468761663058894,81
A Shaver,Billings Mustangs,2026,63,271,227,100,21,11,15,23,10,5,42,53,0.44052863436123346,0.5018867924528302,0.8281938325991189,1.330080625051949,0.3876651982378855,0.08487084870848709,0.15498154981549817,0.05535055350553505,47,0.17343173431734318,0.45251877720901307,0.5898564150069476,151
A Swenda,Great Falls Voyagers,2025,67,291,234,73,17,3,7,43,7,7,61,46,0.31196581196581197,0.422680412371134,0.5,0.922680412371134,0.18803418803418803,0.147766323024055,0.20962199312714777,0.02405498281786941,27,0.09278350515463918,0.4296401965446188,0.5468761663058894,90
A Swenda,Great Falls Voyagers,2026,60,286,216,68,18,0,5,66,0,4,60,45,0.3148148148148148,0.46853146853146854,0.4675925925925926,0.9361240611240612,0.1527777777777778,0.2307692307692308,0.2097902097902098,0.01748251748251748,23,0.08041958041958042,0.45251877720901307,0.5898564150069476,83
B Barrera,Oakland Ballers,2024,89,407,348,124,22,0,23,53,2,4,63,79,0.3563218390804598,0.4398034398034398,0.617816091954023,1.0576195317574628,0.2614942528735632,0.13022113022113022,0.1547911547911548,0.05651105651105651,45,0.11056511056511056,0.4241357590129312,0.5394456289978679,118
B Bishop,RedPocket Mobiles,2026,36,169,140,44,13,2,8,24,2,3,44,21,0.3142857142857143,0.4142011834319526,0.6071428571428571,1.0213440405748098,0.2928571428571428,0.14201183431952663,0.2603550295857988,0.04733727810650887,23,0.13609467455621302,0.45251877720901307,0.5898564150069476,94
B Blackford,Yuba-Sutter Freebirds,2024,83,343,285,93,26,1,13,44,3,6,78,53,0.3263157894736842,0.4142011834319526,0.5614035087719298,0.9756046922038824,0.23508771929824557,0.1282798833819242,0.2274052478134111,0.03790087463556851,40,0.11661807580174928,0.4241357590129312,0.5394456289978679,102
B Bohning,Idaho Falls Chukars,2022,25,106,85,30,2,1,0,15,4,1,17,27,0.35294117647058826,0.4666666666666667,0.4,0.8666666666666667,0.04705882352941176,0.14150943396226415,0.16037735849056603,0,3,0.02830188679245283,0.40305975964890695,0.5083610473558481,94
B Broussard,Billings Mustangs,2021,70,262,220,46,0,0,4,42,0,0,58,42,0.20909090909090908,0.33587786259541985,0.2636363636363636,0.5995142262317834,0.05454545454545453,0.16030534351145037,0.22137404580152673,0.01526717557251908,4,0.01526717557251908,0.3907446068197634,0.40841445675282534,51
B Brown,Idaho Falls Chukars,2023,59,274,225,79,15,4,3,39,9,0,58,57,0.3511111111111111,0.4652014652014652,0.49333333333333335,0.9585347985347984,0.14222222222222225,0.14233576642335766,0.2116788321167883,0.01094890510948905,22,0.08029197080291971,0.41472050355852796,0.5188064192577733,107
B Cannon,Modesto Roadsters,2026,64,302,230,74,13,2,10,65,3,4,46,49,0.3217391304347826,0.4701986754966888,0.5260869565217391,0.996285632018428,0.2043478260869565,0.2152317880794702,0.152317880794702,0.03311258278145695,25,0.08278145695364239,0.45251877720901307,0.5898564150069476,93
B Carson,Oakland Ballers,2024,87,413,350,111,24,3,13,59,2,1,98,71,0.3171428571428571,0.4174757281553398,0.5142857142857142,0.931761442441054,0.19714285714285712,0.14285714285714285,0.23728813559322037,0.03147699757869249,40,0.09685230024213076,0.4241357590129312,0.5394456289978679,94
B Cermenelli,Missoula PaddleHeads,2026,29,150,126,52,15,1,5,20,1,3,10,31,0.4126984126984127,0.4866666666666667,0.6666666666666666,1.153333333333333,0.25396825396825395,0.13333333333333333,0.06666666666666667,0.03333333333333333,21,0.14,0.45251877720901307,0.5898564150069476,121
B Crosby,Colorado Springs Sky Sox,2022,76,331,295,89,19,6,11,28,8,0,91,53,0.3016949152542373,0.3776435045317221,0.5186440677966102,0.8962875723283323,0.2169491525423729,0.08459214501510574,0.27492447129909364,0.03323262839879154,36,0.10876132930513596,0.40305975964890695,0.5083610473558481,96
B Crosby,Rocky Mountain Vibes,2023,73,334,276,85,16,3,6,43,13,2,76,60,0.3079710144927536,0.4221556886227545,0.4528985507246377,0.8750542393473921,0.1449275362318841,0.12874251497005987,0.2275449101796407,0.01796407185628742,25,0.0748502994011976,0.41472050355852796,0.5188064192577733,89
B Daniel,Great Falls Voyagers,2021,37,154,137,39,0,0,3,17,0,0,36,36,0.2846715328467153,0.3636363636363637,0.35036496350364965,0.7140013271400133,0.06569343065693434,0.11038961038961038,0.23376623376623376,0.01948051948051948,3,0.01948051948051948,0.3907446068197634,0.40841445675282534,79
B Daniel,Great Falls Voyagers,2022,88,410,338,108,20,4,12,59,11,2,81,72,0.31952662721893493,0.43414634146341463,0.5088757396449705,0.9430220811083851,0.18934911242603553,0.14390243902439023,0.1975609756097561,0.02926829268292683,36,0.08780487804878048,0.40305975964890695,0.5083610473558481,108
B Dansereau,Ogden Raptors,2022,86,391,335,115,23,6,12,32,19,5,77,74,0.34328358208955223,0.4245524296675192,0.5552238805970149,0.979776310264534,0.21194029850746263,0.08184143222506395,0.1969309462915601,0.03069053708439897,41,0.10485933503836316,0.40305975964890695,0.5083610473558481,115
B Donovan,Billings Mustangs,2023,62,164,149,43,3,1,4,11,2,1,46,35,0.28859060402684567,0.34355828220858897,0.4026845637583893,0.7462428459669782,0.11409395973154356,0.06707317073170732,0.2804878048780488,0.02439024390243902,8,0.04878048780487805,0.41472050355852796,0.5188064192577733,60
B Evans,Billings Mustangs,2023,30,113,96,29,6,0,2,7,4,4,15,21,0.3020833333333333,0.36036036036036034,0.4270833333333333,0.7874436936936937,0.125,0.06194690265486725,0.13274336283185842,0.01769911504424778,8,0.07079646017699115,0.41472050355852796,0.5188064192577733,69
B Fitzgerald,Glacier Range Riders,2023,77,307,268,82,23,2,13,29,6,4,80,44,0.30597014925373134,0.3811074918566775,0.5522388059701493,0.9333462978268268,0.24626865671641796,0.09446254071661238,0.26058631921824105,0.04234527687296417,38,0.1237785016286645,0.41472050355852796,0.5188064192577733,98
B Fitzgerald,Glacier Range Riders,2024,77,315,254,75,23,1,17,38,18,2,69,34,0.2952755905511811,0.4198717948717949,0.594488188976378,1.014359983848173,0.29921259842519693,0.12063492063492064,0.21904761904761905,0.05396825396825397,41,0.13015873015873017,0.4241357590129312,0.5394456289978679,109
B Hueth,Idaho Falls Chukars,2022,64,291,254,81,21,3,2,33,0,4,32,55,0.3188976377952756,0.3917525773195876,0.44881889763779526,0.8405714749573829,0.12992125984251968,0.1134020618556701,0.1099656357388316,0.00687285223367697,26,0.08934707903780069,0.40305975964890695,0.5083610473558481,85
B Lada,Yuba-Sutter Freebirds,2024,87,388,342,112,25,4,17,22,15,7,80,66,0.32748538011695905,0.3860103626943005,0.5730994152046783,0.9591097778989788,0.24561403508771928,0.05670103092783505,0.20618556701030927,0.04381443298969072,46,0.11855670103092784,0.4241357590129312,0.5394456289978679,97
B Lada,Yuba-Sutter Freebirds,2025,89,433,391,122,19,2,21,31,7,3,81,80,0.31202046035805625,0.3703703703703703,0.5319693094629157,0.902339679833286,0.2199488491048594,0.07159353348729793,0.18706697459584296,0.04849884526558892,42,0.09699769053117784,0.4296401965446188,0.5468761663058894,83
B Marine,Yuba-Sutter Freebirds,2024,84,381,337,129,21,1,9,38,2,3,65,98,0.3827893175074184,0.4447368421052631,0.5311572700296736,0.9758941121349368,0.1483679525222552,0.09973753280839896,0.17060367454068243,0.02362204724409448,31,0.08136482939632546,0.4241357590129312,0.5394456289978679,103
B McConnell,Glacier Range Riders,2022,90,430,375,111,17,1,4,38,6,5,58,89,0.296,0.36556603773584906,0.37866666666666665,0.7442327044025157,0.08266666666666667,0.08837209302325581,0.13488372093023257,0.00930232558139534,22,0.05116279069767442,0.40305975964890695,0.5083610473558481,65
B Nigh,Boise Hawks,2026,24,110,79,27,5,1,5,23,4,3,20,16,0.34177215189873417,0.4954128440366973,0.620253164556962,1.1156660085936592,0.27848101265822783,0.20909090909090908,0.18181818181818185,0.04545454545454545,11,0.1,0.45251877720901307,0.5898564150069476,115
B Norman,Great Falls Voyagers,2021,53,175,158,55,0,0,13,17,0,0,28,42,0.34810126582278483,0.4114285714285714,0.5949367088607594,1.0063652802893308,0.2468354430379746,0.09714285714285714,0.16,0.07428571428571429,13,0.07428571428571429,0.3907446068197634,0.40841445675282534,151
B O'Sullivan,Oakland Ballers,2026,35,114,102,34,5,0,3,10,0,2,23,26,0.3333333333333333,0.38596491228070173,0.4705882352941176,0.8565531475748194,0.13725490196078433,0.08771929824561403,0.20175438596491227,0.02631578947368421,8,0.07017543859649122,0.45251877720901307,0.5898564150069476,65
B Parr,Billings Mustangs,2021,41,124,118,38,0,0,2,6,0,0,20,36,0.3220338983050847,0.3548387096774194,0.3728813559322034,0.7277200656096228,0.05084745762711867,0.04838709677419355,0.16129032258064516,0.01612903225806451,2,0.01612903225806451,0.3907446068197634,0.40841445675282534,82
B Perez,Rocky Mountain Vibes,2021,70,303,290,75,0,0,3,13,0,0,59,72,0.25862068965517243,0.29042904290429045,0.2896551724137931,0.5800842153180836,0.03103448275862069,0.0429042904290429,0.19471947194719472,0.0099009900990099,3,0.0099009900990099,0.3907446068197634,0.40841445675282534,45
B Perez,Rocky Mountain Vibes,2022,54,210,195,56,8,2,0,8,4,2,49,46,0.28717948717948716,0.3253588516746411,0.3487179487179487,0.6740768003925899,0.06153846153846154,0.0380952380952381,0.23333333333333336,0,10,0.04761904761904761,0.40305975964890695,0.5083610473558481,49
B Riley,Missoula PaddleHeads,2021,81,372,323,105,0,0,5,49,0,0,58,100,0.32507739938080493,0.41397849462365593,0.3715170278637771,0.785495522487433,0.04643962848297217,0.13172043010752688,0.15591397849462366,0.01344086021505376,5,0.01344086021505376,0.3907446068197634,0.40841445675282534,97
B Riley,Missoula PaddleHeads,2022,75,368,321,104,21,3,14,42,1,4,64,66,0.32398753894080995,0.3994565217391304,0.5389408099688473,0.9383973317079776,0.21495327102803735,0.11413043478260868,0.17391304347826086,0.03804347826086957,38,0.1032608695652174,0.40305975964890695,0.5083610473558481,105
B Roberts,Colorado Springs Sky Sox,2025,67,317,287,109,22,2,20,27,0,3,41,65,0.3797909407665505,0.42902208201892744,0.6794425087108014,1.1084645907297288,0.29965156794425085,0.08517350157728706,0.12933753943217666,0.06309148264984227,44,0.138801261829653,0.4296401965446188,0.5468761663058894,124
B Rosengard,Idaho Falls Chukars,2024,31,123,104,35,6,1,0,13,4,0,32,28,0.33653846153846156,0.4297520661157025,0.4134615384615384,0.8432136045772409,0.07692307692307687,0.10569105691056913,0.2601626016260163,0,7,0.05691056910569105,0.4241357590129312,0.5394456289978679,78
B Rosengard,Idaho Falls Chukars,2025,66,284,229,106,16,6,10,49,3,2,43,74,0.462882096069869,0.558303886925795,0.7161572052401747,1.2744610921659696,0.25327510917030566,0.17253521126760565,0.15140845070422534,0.0352112676056338,32,0.11267605633802816,0.4296401965446188,0.5468761663058894,161
B Ryan,Billings Mustangs,2023,34,137,116,48,8,0,4,14,4,1,11,36,0.41379310344827586,0.4888888888888889,0.5862068965517241,1.075095785440613,0.17241379310344823,0.1021897810218978,0.08029197080291971,0.0291970802919708,12,0.08759124087591241,0.41472050355852796,0.5188064192577733,131
B Ryan,Billings Mustangs,2024,87,411,332,110,20,6,11,55,21,2,58,73,0.3313253012048193,0.4536585365853658,0.5271084337349398,0.9807669703203056,0.19578313253012047,0.13381995133819952,0.1411192214111922,0.0267639902676399,37,0.09002433090024331,0.4241357590129312,0.5394456289978679,105
B Skinner,Yuba-Sutter Freebirds,2024,90,416,363,108,18,2,8,44,5,2,74,80,0.2975206611570248,0.37922705314009664,0.42424242424242425,0.8034694773825208,0.12672176308539945,0.10576923076923075,0.1778846153846154,0.01923076923076923,28,0.0673076923076923,0.4241357590129312,0.5394456289978679,68
B Smith,Boise Hawks,2021,46,175,154,35,0,0,8,21,0,0,33,27,0.2272727272727273,0.32,0.38311688311688313,0.7031168831168831,0.15584415584415587,0.12,0.18857142857142856,0.04571428571428571,8,0.04571428571428571,0.3907446068197634,0.40841445675282534,76
B Watkins,Great Falls Voyagers,2025,26,121,99,36,7,0,4,15,4,2,26,25,0.3636363636363637,0.4583333333333333,0.5555555555555556,1.0138888888888888,0.19191919191919193,0.12396694214876032,0.21487603305785125,0.03305785123966942,11,0.09090909090909093,0.4296401965446188,0.5468761663058894,108
B West,Idaho Falls Chukars,2021,36,123,112,37,0,0,6,11,0,0,36,31,0.33035714285714285,0.3902439024390244,0.49107142857142855,0.8813153310104529,0.1607142857142857,0.08943089430894309,0.2926829268292683,0.04878048780487805,6,0.04878048780487805,0.3907446068197634,0.40841445675282534,120
B Wilhoite,Great Falls Voyagers,2026,26,131,103,38,9,2,2,16,6,4,18,25,0.36893203883495146,0.46511627906976744,0.5533980582524272,1.0185143373221943,0.1844660194174757,0.12213740458015268,0.13740458015267176,0.01526717557251908,13,0.09923664122137404,0.45251877720901307,0.5898564150069476,97
B Wright,Billings Mustangs,2026,51,198,162,49,7,9,9,25,3,4,50,24,0.30246913580246915,0.39690721649484534,0.6234567901234568,1.0203640066183022,0.32098765432098764,0.12626262626262627,0.25252525252525254,0.04545454545454545,25,0.12626262626262627,0.45251877720901307,0.5898564150069476,93
C Almanza,Oakland Ballers,2025,91,406,352,111,22,2,31,43,6,5,68,56,0.3153409090909091,0.39408866995073893,0.6534090909090909,1.04749776085983,0.3380681818181818,0.10591133004926108,0.16748768472906403,0.07635467980295567,55,0.1354679802955665,0.4296401965446188,0.5468761663058894,111
C Bagnieski,Ogden Raptors,2024,73,322,276,100,16,2,6,36,1,4,35,76,0.36231884057971014,0.43217665615141954,0.5,0.9321766561514196,0.13768115942028986,0.11180124223602483,0.10869565217391304,0.0186335403726708,24,0.07453416149068323,0.4241357590129312,0.5394456289978679,95
C Bagnieski,Ogden Raptors,2025,84,424,339,120,18,0,23,68,8,8,52,79,0.35398230088495575,0.4633569739952718,0.6106194690265486,1.0739764430218206,0.2566371681415929,0.16037735849056603,0.12264150943396226,0.05424528301886792,41,0.09669811320754718,0.4296401965446188,0.5468761663058894,120
C Bess,Long Beach Coast,2026,63,300,262,91,19,0,22,27,5,6,47,50,0.3473282442748092,0.41,0.6717557251908397,1.0817557251908396,0.3244274809160305,0.09,0.15666666666666668,0.07333333333333333,41,0.13666666666666666,0.45251877720901307,0.5898564150069476,104
C Booth,Rocky Mountain Vibes,2025,90,449,381,127,13,6,8,44,18,5,97,100,0.3333333333333333,0.421875,0.46194225721784776,0.8838172572178478,0.12860892388451445,0.09799554565701558,0.21603563474387527,0.01781737193763919,27,0.06013363028953229,0.4296401965446188,0.5468761663058894,83
C Bowen,Billings Mustangs,2025,93,423,393,135,24,3,10,17,7,4,68,98,0.3435114503816794,0.37767220902612825,0.4961832061068702,0.8738554151329985,0.15267175572519082,0.04018912529550828,0.1607565011820331,0.02364066193853428,37,0.08747044917257683,0.4296401965446188,0.5468761663058894,79
C Bowen,Billings Mustangs,2026,65,351,306,105,25,2,16,34,7,4,51,62,0.3431372549019608,0.415954415954416,0.5947712418300654,1.0107256577844814,0.25163398692810457,0.09686609686609686,0.1452991452991453,0.04558404558404558,43,0.1225071225071225,0.45251877720901307,0.5898564150069476,93
C Bufford,Oakland Ballers,2025,88,387,347,121,19,2,21,30,5,5,89,79,0.34870317002881845,0.4031007751937984,0.5965417867435159,0.9996425619373144,0.24783861671469745,0.07751937984496124,0.22997416020671835,0.05426356589147287,42,0.10852713178294572,0.4296401965446188,0.5468761663058894,103
C Castaneda,Grand Junction Jackalopes,2025,74,326,279,96,18,0,11,36,5,5,68,67,0.34408602150537637,0.42153846153846153,0.5268817204301075,0.948420181968569,0.18279569892473113,0.11042944785276074,0.2085889570552147,0.03374233128834356,29,0.08895705521472393,0.4296401965446188,0.5468761663058894,94
C Castillo,Glacier Range Riders,2024,81,376,324,114,36,0,11,35,9,6,66,67,0.35185185185185186,0.4224598930481284,0.5648148148148148,0.9872747078629432,0.2129629629629629,0.09308510638297872,0.17553191489361702,0.02925531914893617,47,0.125,0.4241357590129312,0.5394456289978679,104
C Comer,Billings Mustangs,2021,53,199,176,44,0,0,6,23,0,0,44,38,0.25,0.33668341708542715,0.3522727272727273,0.6889561443581544,0.10227272727272728,0.11557788944723618,0.22110552763819097,0.03015075376884422,6,0.03015075376884422,0.3907446068197634,0.40841445675282534,72
C Denning,Billings Mustangs,2023,79,353,292,98,14,3,16,49,8,3,51,65,0.3356164383561644,0.4403409090909091,0.5684931506849316,1.0088340597758407,0.23287671232876717,0.1388101983002833,0.14447592067988668,0.0453257790368272,33,0.09348441926345608,0.41472050355852796,0.5188064192577733,116
C Denning,Billings Mustangs,2024,55,249,204,65,10,0,9,35,7,3,49,46,0.31862745098039214,0.4297188755020081,0.5,0.929718875502008,0.18137254901960784,0.1405622489959839,0.19678714859437751,0.03614457831325301,19,0.07630522088353414,0.4241357590129312,0.5394456289978679,94
C Dunn,Glacier Range Riders,2022,44,178,166,58,12,1,3,10,0,0,22,42,0.3493975903614458,0.3863636363636363,0.4879518072289157,0.874315443592552,0.13855421686746988,0.05617977528089887,0.12359550561797752,0.01685393258426966,16,0.0898876404494382,0.40305975964890695,0.5083610473558481,92
C Dunn Jr.,Rocky Mountain Vibes,2023,45,187,168,55,17,0,6,14,1,4,46,32,0.3273809523809524,0.37433155080213903,0.5357142857142857,0.9100458365164248,0.20833333333333331,0.0748663101604278,0.24598930481283424,0.03208556149732621,23,0.12299465240641712,0.41472050355852796,0.5188064192577733,94
C Estrada,Idaho Falls Chukars,2022,55,249,208,89,23,0,13,37,1,3,28,53,0.42788461538461536,0.5100401606425703,0.7259615384615384,1.2360016991041087,0.2980769230769231,0.14859437751004015,0.11244979919678716,0.05220883534136546,36,0.14457831325301204,0.40305975964890695,0.5083610473558481,169
C Farmer,Grand Junction Jackalopes,2022,37,169,138,42,10,0,5,28,1,2,36,27,0.30434782608695654,0.42011834319526625,0.4855072463768116,0.9056255895720778,0.18115942028985504,0.16568047337278108,0.21301775147928995,0.02958579881656804,15,0.08875739644970414,0.40305975964890695,0.5083610473558481,100
C Gallardo,Rocky Mountain Vibes,2021,58,194,166,37,0,0,1,28,0,0,43,36,0.22289156626506024,0.33505154639175255,0.24096385542168677,0.5760154018134394,0.01807228915662651,0.14432989690721648,0.2216494845360825,0.00515463917525773,1,0.00515463917525773,0.3907446068197634,0.40841445675282534,45
C Gordon,Missoula PaddleHeads,2023,85,362,313,91,14,5,13,38,10,0,87,59,0.29073482428115016,0.3850415512465374,0.49201277955271566,0.8770543307992531,0.2012779552715655,0.10497237569060772,0.2403314917127072,0.03591160220994475,32,0.08839779005524862,0.41472050355852796,0.5188064192577733,88
C Gordon,Missoula PaddleHeads,2024,71,323,260,82,15,1,11,54,8,1,74,55,0.3153846153846154,0.4458204334365325,0.5076923076923077,0.9535127411288402,0.1923076923076923,0.16718266253869968,0.22910216718266255,0.03405572755417956,27,0.08359133126934984,0.4241357590129312,0.5394456289978679,99
C Gordon,Missoula PaddleHeads,2025,91,431,358,110,26,1,12,67,3,3,84,71,0.30726256983240224,0.4176334106728538,0.4860335195530726,0.9036669302259264,0.17877094972067037,0.1554524361948956,0.19489559164733175,0.02784222737819025,39,0.09048723897911833,0.4296401965446188,0.5468761663058894,86
C Green,Great Falls Voyagers,2024,35,134,117,40,5,3,0,11,2,3,31,32,0.3418803418803419,0.39849624060150374,0.4358974358974359,0.8343936764989397,0.09401709401709402,0.08208955223880597,0.23134328358208955,0,8,0.05970149253731343,0.4241357590129312,0.5394456289978679,75
C Hall,Ogden Raptors,2025,59,268,222,72,10,1,17,43,1,1,59,44,0.32432432432432434,0.4344569288389513,0.6081081081081081,1.0425650369470594,0.28378378378378377,0.16044776119402984,0.22014925373134328,0.06343283582089553,28,0.1044776119402985,0.4296401965446188,0.5468761663058894,112
C Halvorson,Grand Junction Jackalopes,2024,67,274,237,74,16,3,12,28,5,4,36,43,0.31223628691983124,0.3905109489051095,0.5569620253164557,0.9474729742215652,0.24472573839662445,0.1021897810218978,0.13138686131386862,0.0437956204379562,31,0.11313868613138686,0.4241357590129312,0.5394456289978679,95
C Halvorson,Grand Junction Jackalopes,2025,44,200,167,64,11,1,5,16,12,5,15,47,0.38323353293413176,0.46,0.5508982035928144,1.0108982035928145,0.16766467065868262,0.08,0.075,0.025,17,0.085,0.4296401965446188,0.5468761663058894,108
C Hanson,Billings Mustangs,2025,64,164,140,43,7,0,2,20,2,1,26,34,0.30714285714285716,0.3987730061349693,0.4,0.7987730061349694,0.09285714285714286,0.12195121951219512,0.15853658536585366,0.01219512195121951,9,0.0548780487804878,0.4296401965446188,0.5468761663058894,66
C Hext,Yuba-Sutter Freebirds,2025,88,392,343,107,18,2,16,36,7,3,71,71,0.3119533527696793,0.3856041131105398,0.5160349854227405,0.9016390985332804,0.20408163265306123,0.09183673469387756,0.18112244897959184,0.04081632653061224,36,0.09183673469387756,0.4296401965446188,0.5468761663058894,84
C Horner,Ogden Raptors,2023,56,209,184,52,15,1,1,16,5,3,27,35,0.2826086956521739,0.35096153846153844,0.391304347826087,0.7422658862876255,0.10869565217391308,0.07655502392344497,0.1291866028708134,0.00478468899521531,17,0.08133971291866028,0.41472050355852796,0.5188064192577733,60
C Jordan,Ogden Raptors,2024,68,314,258,83,9,3,8,31,14,4,43,63,0.32170542635658916,0.4169381107491857,0.4728682170542636,0.8898063278034493,0.1511627906976744,0.09872611464968152,0.13694267515923567,0.02547770700636942,20,0.06369426751592357,0.4241357590129312,0.5394456289978679,86
C Jordan,Ogden Raptors,2025,91,437,373,129,23,3,12,45,11,6,42,91,0.34584450402144773,0.42528735632183906,0.5201072386058981,0.9453945949277373,0.1742627345844504,0.10297482837528604,0.09610983981693363,0.02745995423340961,38,0.08695652173913043,0.4296401965446188,0.5468761663058894,94
C Jordan,Ogden Raptors,2026,64,318,267,86,16,1,16,33,7,7,44,53,0.32209737827715357,0.4012738853503185,0.5692883895131086,0.970562274863427,0.247191011235955,0.10377358490566038,0.13836477987421383,0.05031446540880503,33,0.10377358490566038,0.45251877720901307,0.5898564150069476,85
C Kirtley,Glacier Range Riders,2023,59,267,228,73,18,1,15,35,2,2,53,39,0.3201754385964912,0.41198501872659177,0.6052631578947368,1.0172481766213286,0.2850877192982456,0.13108614232209737,0.19850187265917604,0.05617977528089887,34,0.12734082397003746,0.41472050355852796,0.5188064192577733,116
C Lane,Ogden Raptors,2025,95,447,395,139,29,1,8,35,10,5,61,101,0.3518987341772152,0.4134831460674157,0.4911392405063291,0.9046223865737448,0.13924050632911394,0.07829977628635347,0.13646532438478748,0.01789709172259507,38,0.08501118568232663,0.4296401965446188,0.5468761663058894,86
C Lane,Ogden Raptors,2026,65,339,287,116,24,3,11,42,6,4,34,78,0.4041811846689896,0.4837758112094395,0.6236933797909407,1.1074691910003802,0.2195121951219512,0.12389380530973453,0.10029498525073746,0.03244837758112094,38,0.112094395280236,0.45251877720901307,0.5898564150069476,113
C Lawrence,Ogden Raptors,2026,66,311,267,105,26,3,20,38,2,2,69,56,0.39325842696629215,0.4692556634304207,0.7378277153558053,1.2070833787862258,0.3445692883895131,0.12218649517684887,0.22186495176848875,0.06430868167202572,49,0.15755627009646303,0.45251877720901307,0.5898564150069476,129
C Lopez,Rocky Mountain Vibes,2022,63,278,244,83,17,0,4,28,1,3,28,62,0.3401639344262295,0.4057971014492754,0.45901639344262296,0.8648134948918984,0.11885245901639346,0.10071942446043164,0.10071942446043164,0.01438848920863309,21,0.07553956834532374,0.40305975964890695,0.5083610473558481,91
C Middleton,Grand Junction Jackalopes,2022,42,176,154,47,9,0,8,13,6,3,36,30,0.3051948051948052,0.375,0.5194805194805194,0.8944805194805194,0.21428571428571425,0.07386363636363637,0.20454545454545456,0.04545454545454545,17,0.09659090909090907,0.40305975964890695,0.5083610473558481,95
C Monroe,Great Falls Voyagers,2022,42,181,165,48,11,0,3,11,2,3,39,34,0.2909090909090909,0.3370165745856354,0.4121212121212121,0.7491377867068475,0.12121212121212122,0.06077348066298342,0.2154696132596685,0.01657458563535911,14,0.07734806629834254,0.40305975964890695,0.5083610473558481,65
C Monroe,Idaho Falls Chukars,2023,27,118,101,34,6,0,4,14,2,1,25,24,0.33663366336633666,0.423728813559322,0.5148514851485149,0.9385802987078368,0.1782178217821782,0.11864406779661016,0.211864406779661,0.03389830508474576,10,0.0847457627118644,0.41472050355852796,0.5188064192577733,101
C Muniz,Billings Mustangs,2026,64,325,259,94,15,2,22,55,9,2,56,55,0.362934362934363,0.48615384615384616,0.6911196911196911,1.1772735372735372,0.32818532818532814,0.16923076923076924,0.1723076923076923,0.06769230769230769,39,0.12,0.45251877720901307,0.5898564150069476,125
C Perez,Missoula PaddleHeads,2024,25,101,88,29,6,0,4,7,5,1,25,19,0.32954545454545453,0.405940594059406,0.5340909090909091,0.940031503150315,0.20454545454545453,0.06930693069306931,0.24752475247524752,0.0396039603960396,10,0.099009900990099,0.4241357590129312,0.5394456289978679,95
C Perez,Missoula PaddleHeads,2025,60,258,228,72,11,0,9,19,6,5,38,52,0.3157894736842105,0.375968992248062,0.4824561403508772,0.8584251325989392,0.16666666666666669,0.07364341085271318,0.14728682170542637,0.03488372093023256,20,0.07751937984496124,0.4296401965446188,0.5468761663058894,76
C Petersen,Grand Junction Jackalopes,2022,74,323,264,95,15,6,14,46,10,2,79,60,0.35984848484848486,0.468944099378882,0.6212121212121212,1.0901562205910031,0.26136363636363635,0.14241486068111456,0.24458204334365324,0.04334365325077399,35,0.108359133126935,0.40305975964890695,0.5083610473558481,139
C Petersen,Rocky Mountain Vibes,2023,54,247,190,66,15,4,6,41,13,3,50,41,0.3473684210526316,0.48582995951417,0.5631578947368421,1.048987854251012,0.21578947368421048,0.1659919028340081,0.20242914979757085,0.0242914979757085,25,0.10121457489878542,0.41472050355852796,0.5188064192577733,126
C Phelts,Colorado Springs Sky Sox,2022,82,354,302,87,12,10,7,34,8,3,100,58,0.28807947019867547,0.37175792507204614,0.4635761589403974,0.8353340840124435,0.17549668874172186,0.096045197740113,0.2824858757062147,0.01977401129943503,29,0.08192090395480225,0.40305975964890695,0.5083610473558481,83
C Phelts,Ogden Raptors,2023,89,392,324,106,17,8,2,49,9,3,52,79,0.3271604938271605,0.4259740259740259,0.44753086419753085,0.8735048901715567,0.12037037037037036,0.125,0.1326530612244898,0.00510204081632653,27,0.06887755102040816,0.41472050355852796,0.5188064192577733,89
C Runge,Great Falls Voyagers,2022,89,396,336,103,16,2,11,48,10,2,64,74,0.30654761904761907,0.4065656565656566,0.4642857142857143,0.8708513708513709,0.15773809523809523,0.12121212121212122,0.16161616161616163,0.02777777777777777,29,0.07323232323232323,0.40305975964890695,0.5083610473558481,92
C Runge,Missoula PaddleHeads,2024,64,286,241,82,16,1,11,33,5,7,39,54,0.34024896265560167,0.4195804195804196,0.5518672199170125,0.971447639497432,0.2116182572614108,0.1153846153846154,0.13636363636363635,0.03846153846153846,28,0.0979020979020979,0.4241357590129312,0.5394456289978679,101
C Sargent,Ogden Raptors,2024,91,401,358,113,20,2,19,34,2,7,75,72,0.31564245810055863,0.371571072319202,0.5418994413407822,0.913470513659984,0.22625698324022353,0.08478802992518704,0.1870324189526185,0.04738154613466334,41,0.10224438902743142,0.4241357590129312,0.5394456289978679,88
C Sargent Jr.,Ogden Raptors,2025,80,398,352,135,21,0,35,36,5,4,57,79,0.3835227272727273,0.4433249370277078,0.7414772727272727,1.1848022097549804,0.3579545454545454,0.09045226130653268,0.14321608040201006,0.08793969849246232,56,0.1407035175879397,0.4296401965446188,0.5468761663058894,139
C Sepulveda,Billings Mustangs,2021,60,210,185,64,0,0,10,25,0,0,31,54,0.34594594594594597,0.4238095238095238,0.5081081081081081,0.931917631917632,0.16216216216216217,0.11904761904761904,0.14761904761904762,0.04761904761904761,10,0.04761904761904761,0.3907446068197634,0.40841445675282534,133
C Taylor,Glacier Range Riders,2023,71,299,244,74,6,3,13,46,7,2,75,52,0.30327868852459017,0.42474916387959866,0.5122950819672131,0.9370442458468118,0.2090163934426229,0.15384615384615383,0.2508361204013378,0.04347826086956521,22,0.07357859531772576,0.41472050355852796,0.5188064192577733,101
C Thompson,Missoula PaddleHeads,2021,78,369,322,115,0,0,12,47,0,0,80,103,0.35714285714285715,0.4390243902439024,0.468944099378882,0.9079684896227844,0.11180124223602483,0.12737127371273713,0.21680216802168023,0.03252032520325203,12,0.03252032520325203,0.3907446068197634,0.40841445675282534,127
C Thompson,Missoula PaddleHeads,2022,95,427,375,120,26,2,12,47,1,4,75,80,0.32,0.39344262295081966,0.496,0.8894426229508197,0.176,0.11007025761124122,0.1756440281030445,0.02810304449648712,40,0.0936768149882904,0.40305975964890695,0.5083610473558481,95
C Thompson,Missoula PaddleHeads,2023,87,371,316,90,21,4,10,45,4,6,62,55,0.2848101265822785,0.3746630727762803,0.47151898734177217,0.8461820601180525,0.18670886075949367,0.12129380053908356,0.16711590296495957,0.02695417789757412,35,0.09433962264150944,0.41472050355852796,0.5188064192577733,81
C Valentine,Ogden Raptors,2026,66,359,303,114,33,4,16,39,11,4,56,61,0.37623762376237624,0.45938375350140054,0.66996699669967,1.1293507502010705,0.29372937293729373,0.1086350974930362,0.15598885793871867,0.04456824512534819,53,0.14763231197771587,0.45251877720901307,0.5898564150069476,115
C Vaughan,Idaho Falls Chukars,2026,48,228,183,61,13,0,6,32,8,1,48,42,0.3333333333333333,0.4508928571428571,0.5027322404371585,0.9536250975800156,0.16939890710382516,0.14035087719298245,0.21052631578947367,0.02631578947368421,19,0.08333333333333333,0.45251877720901307,0.5898564150069476,85
C Vest,Long Beach Coast,2026,66,318,244,80,19,1,12,45,21,8,54,48,0.32786885245901637,0.4591194968553459,0.5614754098360656,1.0205949066914115,0.2336065573770492,0.14150943396226415,0.16981132075471697,0.03773584905660377,32,0.10062893081761008,0.45251877720901307,0.5898564150069476,97
C Wilkerson,Missoula PaddleHeads,2025,90,440,383,125,25,1,7,50,3,2,52,92,0.3263707571801567,0.4063926940639269,0.4516971279373368,0.8580898220012637,0.12532637075718012,0.11363636363636365,0.11818181818181818,0.0159090909090909,33,0.075,0.4296401965446188,0.5468761663058894,77
D Aragon,Yuba-Sutter Freebirds,2026,43,172,143,46,10,0,3,25,3,0,29,33,0.32167832167832167,0.4327485380116959,0.4545454545454546,0.8872939925571504,0.13286713286713286,0.1453488372093023,0.1686046511627907,0.01744186046511628,13,0.0755813953488372,0.45251877720901307,0.5898564150069476,73
D Brutcher,Ogden Raptors,2024,35,152,124,45,12,0,6,26,2,0,26,27,0.3629032258064516,0.4802631578947368,0.6048387096774194,1.0851018675721562,0.24193548387096775,0.17105263157894737,0.17105263157894737,0.03947368421052631,18,0.11842105263157894,0.4241357590129312,0.5394456289978679,125
D Conners,Ogden Raptors,2023,91,402,334,103,21,1,5,44,9,10,55,76,0.3083832335329341,0.3929471032745592,0.4221556886227545,0.8151027918973137,0.11377245508982035,0.10945273631840796,0.13681592039800994,0.01243781094527363,27,0.06716417910447761,0.41472050355852796,0.5188064192577733,76
D Connors,Ogden Raptors,2022,89,379,324,101,25,2,6,46,4,4,61,68,0.3117283950617284,0.3994708994708995,0.4567901234567901,0.8562610229276896,0.1450617283950617,0.12137203166226912,0.16094986807387862,0.0158311345646438,33,0.0870712401055409,0.40305975964890695,0.5083610473558481,89
D Cornett,Billings Mustangs,2021,38,106,97,25,0,0,1,9,0,0,14,24,0.25773195876288657,0.32075471698113206,0.28865979381443296,0.6094145107955651,0.03092783505154639,0.08490566037735849,0.1320754716981132,0.00943396226415094,1,0.00943396226415094,0.3907446068197634,0.40841445675282534,53
D Glancy,Yuba-Sutter Freebirds,2024,34,123,99,31,5,1,4,17,3,4,17,21,0.31313131313131315,0.4146341463414634,0.5050505050505051,0.9196846513919684,0.19191919191919193,0.13821138211382114,0.13821138211382114,0.03252032520325203,10,0.08130081300813008,0.4241357590129312,0.5394456289978679,91
D Gomez,Colorado Springs Sky Sox,2024,88,381,316,109,18,1,30,46,15,2,88,60,0.3449367088607595,0.4485488126649077,0.6930379746835443,1.141586787348452,0.34810126582278483,0.12073490813648294,0.23097112860892388,0.07874015748031496,49,0.12860892388451445,0.4241357590129312,0.5394456289978679,134
D Harris IV,Oakland Ballers,2025,91,413,373,117,20,1,13,32,4,4,69,83,0.3136729222520107,0.3704600484261501,0.4772117962466488,0.8476718446727989,0.16353887399463807,0.0774818401937046,0.16707021791767554,0.03147699757869249,34,0.08232445520581114,0.4296401965446188,0.5468761663058894,73
D Henderson,Ogden Raptors,2023,41,113,97,39,10,0,5,15,1,0,25,24,0.4020618556701031,0.48672566371681414,0.6597938144329897,1.1465194781498038,0.25773195876288657,0.13274336283185842,0.22123893805309736,0.04424778761061947,15,0.13274336283185842,0.41472050355852796,0.5188064192577733,145
D Hernandez,Rocky Mountain Vibes,2022,63,273,246,77,19,3,8,19,6,2,55,47,0.3130081300813008,0.3736263736263736,0.5121951219512195,0.8858214955775932,0.19918699186991873,0.0695970695970696,0.20146520146520147,0.0293040293040293,30,0.10989010989010987,0.40305975964890695,0.5083610473558481,93
D Hubbard,Grand Junction Jackalopes,2021,56,241,217,66,0,0,10,24,0,0,26,56,0.30414746543778803,0.3734439834024896,0.4423963133640553,0.815840296766545,0.1382488479262673,0.0995850622406639,0.1078838174273859,0.04149377593360996,10,0.04149377593360996,0.3907446068197634,0.40841445675282534,104
D Hubbard,Missoula PaddleHeads,2023,69,317,281,111,29,1,11,23,10,2,46,70,0.39501779359430605,0.4556962025316456,0.6227758007117438,1.0784720032433892,0.2277580071174377,0.07255520504731862,0.14511041009463724,0.03470031545741325,41,0.12933753943217666,0.41472050355852796,0.5188064192577733,130
D Hubbard,Oakland Ballers,2024,87,396,346,109,27,0,16,36,9,4,47,66,0.31502890173410403,0.389873417721519,0.5317919075144508,0.92166532523597,0.2167630057803468,0.09090909090909093,0.11868686868686867,0.04040404040404041,43,0.1085858585858586,0.4241357590129312,0.5394456289978679,91
D Jimerson,Oakland Ballers,2026,24,102,92,39,6,2,5,8,1,1,16,26,0.42391304347826086,0.4705882352941176,0.6956521739130435,1.1662404092071612,0.2717391304347826,0.0784313725490196,0.1568627450980392,0.04901960784313725,13,0.12745098039215683,0.45251877720901307,0.5898564150069476,122
D Kolbush,Great Falls Voyagers,2022,73,306,266,82,13,2,5,32,4,4,71,62,0.3082706766917293,0.38562091503267976,0.42857142857142855,0.8141923436041083,0.12030075187969924,0.1045751633986928,0.23202614379084968,0.01633986928104575,20,0.06535947712418301,0.40305975964890695,0.5083610473558481,80
D Leach,Billings Mustangs,2024,39,163,129,39,5,2,8,31,3,0,49,24,0.3023255813953488,0.44785276073619634,0.5581395348837209,1.0059922956199172,0.2558139534883721,0.1901840490797546,0.3006134969325153,0.04907975460122699,15,0.0920245398773006,0.4241357590129312,0.5394456289978679,109
D Maberry,Ogden Raptors,2021,59,214,188,76,0,0,7,26,0,0,42,69,0.40425531914893614,0.4766355140186916,0.5159574468085106,0.9925929608272022,0.11170212765957448,0.12149532710280374,0.19626168224299065,0.03271028037383177,7,0.03271028037383177,0.3907446068197634,0.40841445675282534,148
D Macaluso,Ogden Raptors,2022,50,146,121,37,8,1,5,15,5,3,32,23,0.30578512396694213,0.3958333333333333,0.512396694214876,0.9082300275482094,0.20661157024793383,0.10273972602739724,0.2191780821917808,0.03424657534246575,14,0.0958904109589041,0.40305975964890695,0.5083610473558481,99
D Maiben,Boise Hawks,2023,57,226,193,61,11,2,0,15,11,6,12,48,0.3160621761658031,0.38666666666666666,0.39378238341968913,0.7804490500863558,0.07772020725388601,0.06637168141592921,0.05309734513274336,0,13,0.05752212389380531,0.41472050355852796,0.5188064192577733,69
D Matthews,Colorado Springs Sky Sox,2023,82,347,286,93,17,1,22,53,4,4,81,53,0.32517482517482516,0.4322766570605187,0.6223776223776224,1.054654279438141,0.29720279720279724,0.15273775216138327,0.2334293948126801,0.06340057636887608,40,0.11527377521613832,0.41472050355852796,0.5188064192577733,124
D Matthews,Colorado Springs Sky Sox,2024,88,406,316,112,19,1,19,76,10,4,79,73,0.35443037974683544,0.4876847290640394,0.6012658227848101,1.0889505518488496,0.24683544303797467,0.18719211822660095,0.19458128078817735,0.04679802955665024,39,0.0960591133004926,0.4241357590129312,0.5394456289978679,126
D Maynard,Grand Junction Jackalopes,2025,35,135,105,34,8,0,0,17,11,1,27,26,0.3238095238095238,0.4626865671641791,0.4,0.8626865671641791,0.0761904761904762,0.1259259259259259,0.2,0,8,0.05925925925925926,0.4296401965446188,0.5468761663058894,81
D Miller,Glacier Range Riders,2022,82,354,312,96,23,2,15,30,7,5,62,56,0.3076923076923077,0.3757062146892655,0.5384615384615384,0.914167753150804,0.23076923076923073,0.0847457627118644,0.1751412429378531,0.0423728813559322,40,0.11299435028248588,0.40305975964890695,0.5083610473558481,99
D Miller,Glacier Range Riders,2023,90,431,361,130,27,2,15,56,7,7,77,86,0.3601108033240997,0.44779582366589327,0.5706371191135734,1.0184329427794667,0.21052631578947367,0.12993039443155452,0.17865429234338748,0.03480278422273782,44,0.10208816705336426,0.41472050355852796,0.5188064192577733,118
D Nevarez,Missoula PaddleHeads,2021,46,180,159,50,0,0,11,21,0,0,41,39,0.31446540880503143,0.3944444444444444,0.5220125786163522,0.9164570230607968,0.20754716981132076,0.11666666666666668,0.22777777777777777,0.06111111111111111,11,0.06111111111111111,0.3907446068197634,0.40841445675282534,129
D Perez,Colorado Springs Sky Sox,2023,65,245,193,63,9,0,12,43,5,4,24,42,0.32642487046632124,0.4530612244897959,0.5595854922279793,1.012646716717775,0.23316062176165803,0.17551020408163265,0.09795918367346938,0.04897959183673469,21,0.08571428571428572,0.41472050355852796,0.5188064192577733,117
D Poteet,Boise Hawks,2023,68,292,250,84,24,5,9,38,1,3,62,46,0.336,0.4212328767123288,0.58,1.0012328767123289,0.2439999999999999,0.13013698630136986,0.2123287671232877,0.03082191780821917,38,0.13013698630136986,0.41472050355852796,0.5188064192577733,113
D Poteet,Boise Hawks,2024,40,161,141,43,8,1,1,17,1,2,34,33,0.3049645390070922,0.37888198757763975,0.3971631205673759,0.7760451081450157,0.09219858156028372,0.10559006211180123,0.2111801242236025,0.0062111801242236,10,0.06211180124223602,0.4241357590129312,0.5394456289978679,63
D Ratfield,Glacier Range Riders,2026,52,244,200,74,15,0,6,33,6,4,30,53,0.37,0.4650205761316872,0.535,1.0000205761316874,0.16500000000000004,0.13524590163934427,0.12295081967213116,0.02459016393442623,21,0.0860655737704918,0.45251877720901307,0.5898564150069476,93
D Rivera,Grand Junction Jackalopes,2024,54,245,220,72,15,2,7,15,7,0,40,48,0.32727272727272727,0.3884297520661157,0.509090909090909,0.8975206611570248,0.18181818181818177,0.06122448979591836,0.16326530612244897,0.02857142857142857,24,0.09795918367346938,0.4241357590129312,0.5394456289978679,86
D Smiley,Idaho Falls Chukars,2026,26,111,95,40,5,0,1,14,0,2,22,34,0.42105263157894735,0.4864864864864865,0.5052631578947369,0.9917496443812234,0.08421052631578951,0.12612612612612611,0.1981981981981982,0.009009009009009,6,0.05405405405405406,0.45251877720901307,0.5898564150069476,93
D Stengren,Idaho Falls Chukars,2026,37,164,141,51,9,0,3,21,2,0,17,39,0.3617021276595745,0.4512195121951219,0.4893617021276595,0.9405812143227816,0.12765957446808507,0.12804878048780488,0.10365853658536583,0.01829268292682926,12,0.07317073170731707,0.45251877720901307,0.5898564150069476,83
D Stone,Ogden Raptors,2025,79,382,314,120,24,2,5,48,13,4,42,89,0.3821656050955414,0.47757255936675463,0.5191082802547771,0.9966808396215316,0.13694267515923564,0.1256544502617801,0.1099476439790576,0.01308900523560209,31,0.08115183246073299,0.4296401965446188,0.5468761663058894,106
D Stroup,Idaho Falls Chukars,2022,92,436,386,143,24,3,23,25,12,13,94,93,0.3704663212435233,0.4128440366972478,0.6269430051813472,1.0397870418785948,0.25647668393782386,0.05733944954128441,0.21559633027522937,0.05275229357798165,50,0.1146788990825688,0.40305975964890695,0.5083610473558481,126
D Stroup,Rocky Mountain Vibes,2023,94,450,365,125,25,6,20,68,12,5,77,74,0.3424657534246575,0.45555555555555555,0.6082191780821918,1.0637747336377474,0.2657534246575343,0.1511111111111111,0.1711111111111111,0.04444444444444444,51,0.11333333333333331,0.41472050355852796,0.5188064192577733,127
D Stuart,Oakland Ballers,2024,38,163,140,46,4,1,7,17,5,1,21,34,0.32857142857142857,0.4171779141104294,0.5214285714285715,0.9386064855390008,0.1928571428571429,0.10429447852760736,0.12883435582822086,0.04294478527607362,12,0.0736196319018405,0.4241357590129312,0.5394456289978679,95
D Tatum,Oakland Ballers,2025,68,275,225,76,9,0,23,45,4,1,50,44,0.3377777777777778,0.4545454545454546,0.6844444444444444,1.138989898989899,0.3466666666666666,0.16363636363636364,0.18181818181818185,0.08363636363636363,32,0.11636363636363636,0.4296401965446188,0.5468761663058894,131
D Tofteland,Rocky Mountain Vibes,2024,91,399,316,99,26,1,17,63,15,1,87,55,0.31329113924050633,0.4481012658227848,0.5632911392405063,1.0113924050632912,0.25,0.15789473684210523,0.21804511278195488,0.04260651629072681,44,0.11027568922305764,0.4241357590129312,0.5394456289978679,110
D Tofteland,Rocky Mountain Vibes,2025,91,429,354,122,26,3,15,50,21,4,76,78,0.3446327683615819,0.44988344988344986,0.5621468926553672,1.012030342538817,0.2175141242937853,0.11655011655011654,0.17715617715617715,0.03496503496503497,44,0.10256410256410256,0.4296401965446188,0.5468761663058894,108
D Wilkinson,Ogden Raptors,2025,61,236,183,58,12,1,2,32,12,5,26,43,0.31693989071038253,0.4396551724137931,0.4262295081967213,0.8658846806105144,0.10928961748633877,0.13559322033898305,0.11016949152542373,0.00847457627118644,15,0.0635593220338983,0.4296401965446188,0.5468761663058894,80
D Wilkinson,Ogden Raptors,2026,55,210,157,50,13,2,3,37,6,3,24,32,0.3184713375796178,0.458128078817734,0.4840764331210191,0.9422045119387532,0.1656050955414013,0.1761904761904762,0.11428571428571428,0.01428571428571428,18,0.08571428571428572,0.45251877720901307,0.5898564150069476,83
D Williams,Grand Junction Jackalopes,2023,31,112,101,32,6,0,2,9,0,2,11,24,0.31683168316831684,0.36607142857142855,0.4356435643564357,0.8017149929278642,0.1188118811881188,0.08035714285714286,0.09821428571428573,0.01785714285714285,8,0.07142857142857142,0.41472050355852796,0.5188064192577733,72
D Woodcox,Boise Hawks,2025,46,193,169,52,5,0,9,19,3,2,39,38,0.3076923076923077,0.38341968911917096,0.4970414201183432,0.8804611092375141,0.18934911242603547,0.09844559585492228,0.2020725388601036,0.0466321243523316,14,0.07253886010362694,0.4296401965446188,0.5468761663058894,80
E Acosta,Idaho Falls Chukars,2023,55,260,220,71,12,2,1,34,5,0,24,56,0.32272727272727275,0.4247104247104247,0.4090909090909091,0.8338013338013338,0.08636363636363636,0.13076923076923078,0.09230769230769233,0.00384615384615384,15,0.05769230769230769,0.41472050355852796,0.5188064192577733,81
E Apodaca,Missoula PaddleHeads,2026,64,327,262,93,21,3,7,53,7,5,29,62,0.3549618320610687,0.4678899082568808,0.5381679389312977,1.0060578471881785,0.18320610687022895,0.1620795107033639,0.08868501529051988,0.02140672782874617,31,0.0948012232415902,0.45251877720901307,0.5898564150069476,95
E Berkey,Yuba-Sutter Freebirds,2025,81,354,273,97,17,1,21,48,23,6,68,58,0.3553113553113553,0.48,0.6556776556776557,1.1356776556776556,0.30036630036630035,0.13559322033898305,0.192090395480226,0.05932203389830508,39,0.11016949152542373,0.4296401965446188,0.5468761663058894,132
E Blum,Billings Mustangs,2024,42,142,123,37,7,0,7,14,4,0,39,23,0.3008130081300813,0.3900709219858156,0.5284552845528455,0.9185262065386612,0.2276422764227642,0.09859154929577464,0.2746478873239437,0.04929577464788732,14,0.09859154929577464,0.4241357590129312,0.5394456289978679,90
E Corona,Great Falls Voyagers,2025,69,302,283,94,16,6,11,14,1,4,72,61,0.3321554770318021,0.3609271523178808,0.5477031802120141,0.908630332529895,0.21554770318021205,0.04635761589403973,0.2384105960264901,0.03642384105960265,33,0.10927152317880796,0.4296401965446188,0.5468761663058894,84
E Corona,Long Beach Coast,2026,64,300,260,96,22,6,16,32,5,3,59,52,0.3692307692307693,0.44333333333333336,0.6846153846153846,1.127948717948718,0.3153846153846154,0.10666666666666667,0.19666666666666663,0.05333333333333334,44,0.14666666666666667,0.45251877720901307,0.5898564150069476,114
E Diaz,Colorado Springs Sky Sox,2023,75,323,286,96,23,0,2,34,2,1,64,71,0.3356643356643357,0.4086687306501548,0.4370629370629371,0.8457316677130919,0.1013986013986014,0.10526315789473684,0.19814241486068113,0.00619195046439628,25,0.07739938080495357,0.41472050355852796,0.5188064192577733,83
E Diaz,Colorado Springs Sky Sox,2024,79,311,262,88,14,1,6,37,6,5,53,67,0.33587786259541985,0.42258064516129035,0.46564885496183206,0.8882295001231224,0.1297709923664122,0.1189710610932476,0.17041800643086816,0.01929260450160772,21,0.06752411575562701,0.4241357590129312,0.5394456289978679,86
E Good,Ogden Raptors,2024,45,177,151,45,9,2,5,19,3,1,38,29,0.2980132450331126,0.3850574712643678,0.4834437086092715,0.8685011798736393,0.18543046357615897,0.10734463276836158,0.21468926553672316,0.02824858757062147,16,0.0903954802259887,0.4241357590129312,0.5394456289978679,80
E Good,Ogden Raptors,2025,86,413,331,109,11,1,10,62,10,6,76,87,0.3293051359516616,0.4425427872860635,0.459214501510574,0.9017572887966376,0.12990936555891242,0.15012106537530268,0.18401937046004843,0.02421307506053268,22,0.05326876513317191,0.4296401965446188,0.5468761663058894,87
E Lopez,Rocky Mountain Vibes,2022,64,286,259,87,10,8,10,22,2,3,50,59,0.3359073359073359,0.3881118881118881,0.5521235521235521,0.9402354402354404,0.21621621621621623,0.07692307692307693,0.17482517482517482,0.03496503496503497,28,0.0979020979020979,0.40305975964890695,0.5083610473558481,105
E Lopez,Rocky Mountain Vibes,2023,71,335,288,99,21,2,12,40,4,3,51,64,0.34375,0.42686567164179107,0.5555555555555556,0.9824212271973468,0.2118055555555556,0.11940298507462686,0.15223880597014924,0.03582089552238806,35,0.1044776119402985,0.41472050355852796,0.5188064192577733,110
E McCabe,Glacier Range Riders,2022,88,321,282,93,18,0,3,28,6,4,42,72,0.32978723404255317,0.396875,0.425531914893617,0.8224069148936171,0.09574468085106386,0.08722741433021806,0.1308411214953271,0.00934579439252336,21,0.06542056074766354,0.40305975964890695,0.5083610473558481,82
E McCabe,Rocky Mountain Vibes,2023,66,255,226,69,9,0,4,20,6,3,31,56,0.3053097345132743,0.37254901960784315,0.3982300884955752,0.7707791081034183,0.09292035398230092,0.0784313725490196,0.1215686274509804,0.01568627450980392,13,0.05098039215686274,0.41472050355852796,0.5188064192577733,67
E Ott,Great Falls Voyagers,2026,59,279,234,74,21,2,12,38,5,2,68,39,0.3162393162393162,0.41935483870967744,0.5769230769230769,0.9962779156327544,0.26068376068376065,0.13620071684587814,0.24372759856630824,0.04301075268817204,35,0.12544802867383512,0.45251877720901307,0.5898564150069476,90
E Paton,Glacier Range Riders,2025,31,137,115,38,8,3,4,19,2,0,28,23,0.33043478260869563,0.4338235294117647,0.5565217391304348,0.9903452685421996,0.22608695652173916,0.1386861313868613,0.2043795620437956,0.0291970802919708,15,0.10948905109489052,0.4296401965446188,0.5468761663058894,103
E Pelc,Idaho Falls Chukars,2025,46,234,187,59,6,1,3,39,4,3,34,49,0.3155080213903743,0.43776824034334766,0.40641711229946526,0.8441853526428129,0.09090909090909094,0.16666666666666666,0.1452991452991453,0.01282051282051282,10,0.04273504273504273,0.4296401965446188,0.5468761663058894,76
E Pelc,Long Beach Coast,2026,65,342,244,92,17,2,8,89,2,6,39,65,0.3770491803278688,0.5366568914956011,0.5614754098360656,1.0981323013316668,0.18442622950819676,0.260233918128655,0.11403508771929824,0.02339181286549707,27,0.07894736842105263,0.45251877720901307,0.5898564150069476,114
E Peralta,Rocky Mountain Vibes,2023,82,355,303,97,19,3,6,36,5,6,89,69,0.3201320132013201,0.3942857142857143,0.462046204620462,0.8563319189061763,0.1419141914191419,0.10140845070422536,0.2507042253521127,0.01690140845070422,28,0.07887323943661972,0.41472050355852796,0.5188064192577733,84
E Rosales,Rocky Mountain Vibes,2021,129,303,270,74,0,0,9,33,0,0,73,65,0.2740740740740741,0.35313531353135313,0.37407407407407406,0.7272093876054272,0.09999999999999998,0.10891089108910892,0.24092409240924093,0.0297029702970297,9,0.0297029702970297,0.3907446068197634,0.40841445675282534,82
E Sanchez,Billings Mustangs,2023,36,132,117,35,6,1,1,12,2,1,20,27,0.29914529914529914,0.3712121212121212,0.3931623931623931,0.7643745143745144,0.09401709401709402,0.09090909090909093,0.15151515151515152,0.00757575757575757,8,0.06060606060606061,0.41472050355852796,0.5188064192577733,65
E Scavotto,Grand Junction Jackalopes,2025,95,465,369,132,21,2,22,86,5,5,109,87,0.35772357723577236,0.47956989247311826,0.6043360433604336,1.083905935833552,0.2466124661246612,0.18494623655913975,0.23440860215053763,0.04731182795698924,45,0.0967741935483871,0.4296401965446188,0.5468761663058894,122
E Sleight,Missoula PaddleHeads,2025,76,352,305,102,23,2,16,36,9,2,63,61,0.3344262295081967,0.4176136363636363,0.580327868852459,0.9979415052160954,0.2459016393442623,0.10227272727272728,0.1789772727272727,0.04545454545454545,41,0.11647727272727272,0.4296401965446188,0.5468761663058894,103
E Smith,Grand Junction Jackalopes,2023,39,133,112,36,8,0,5,10,10,1,38,23,0.32142857142857145,0.42105263157894735,0.5267857142857143,0.9478383458646616,0.20535714285714285,0.07518796992481203,0.2857142857142857,0.03759398496240601,13,0.09774436090225563,0.41472050355852796,0.5188064192577733,103
E Underwood,Boise Hawks,2025,88,392,309,104,16,1,6,60,16,4,65,81,0.3365695792880259,0.46272493573264784,0.45307443365695793,0.9157993693896058,0.11650485436893204,0.15306122448979592,0.16581632653061223,0.01530612244897959,23,0.0586734693877551,0.4296401965446188,0.5468761663058894,91
E Underwood,Boise Hawks,2026,59,290,231,75,18,2,3,35,20,1,55,52,0.3246753246753247,0.4529616724738676,0.4588744588744589,0.9118361313483264,0.1341991341991342,0.1206896551724138,0.1896551724137931,0.01034482758620689,23,0.07931034482758621,0.45251877720901307,0.5898564150069476,78
E Yake,Rocky Mountain Vibes,2024,89,405,348,127,21,3,3,42,10,2,48,100,0.3649425287356322,0.4452736318407961,0.4683908045977011,0.9136644364384972,0.10344827586206896,0.1037037037037037,0.11851851851851852,0.0074074074074074,27,0.06666666666666667,0.4241357590129312,0.5394456289978679,92
F Achecar,Billings Mustangs,2021,57,197,178,52,0,0,3,19,0,0,42,49,0.29213483146067415,0.3604060913705584,0.34269662921348315,0.7031027205840416,0.050561797752809,0.0964467005076142,0.2131979695431472,0.01522842639593908,3,0.01522842639593908,0.3907446068197634,0.40841445675282534,76
F Jezioro,Grand Junction Jackalopes,2021,40,135,126,51,0,0,5,9,0,0,36,46,0.4047619047619048,0.4444444444444444,0.5238095238095238,0.9682539682539684,0.11904761904761908,0.06666666666666667,0.26666666666666666,0.03703703703703703,5,0.03703703703703703,0.3907446068197634,0.40841445675282534,142
F Rojas Jr.,Great Falls Voyagers,2024,89,364,294,92,14,2,12,58,9,3,76,64,0.3129251700680272,0.4368131868131868,0.4965986394557823,0.9334118262689692,0.18367346938775508,0.15934065934065933,0.2087912087912088,0.03296703296703297,28,0.07692307692307693,0.4241357590129312,0.5394456289978679,95
G Barnes,Rocky Mountain Vibes,2021,63,249,237,74,0,0,3,12,0,0,47,71,0.31223628691983124,0.3453815261044177,0.350210970464135,0.6955924965685527,0.03797468354430378,0.04819277108433735,0.18875502008032127,0.01204819277108433,3,0.01204819277108433,0.3907446068197634,0.40841445675282534,74
G Bevacqua,Ogden Raptors,2026,39,188,155,57,10,1,2,26,6,1,28,44,0.36774193548387096,0.4734042553191489,0.4838709677419355,0.9572752230610844,0.11612903225806454,0.13829787234042554,0.14893617021276595,0.01063829787234042,13,0.06914893617021277,0.45251877720901307,0.5898564150069476,87
G Brusa,Yuba-Sutter Freebirds,2025,90,407,353,115,21,2,28,48,3,2,87,64,0.32577903682719545,0.4088669950738916,0.6345609065155807,1.0434279015894723,0.3087818696883853,0.11793611793611794,0.21375921375921375,0.0687960687960688,51,0.12530712530712532,0.4296401965446188,0.5468761663058894,111
G DiGiacomo,Missoula PaddleHeads,2023,37,140,109,34,7,0,1,23,5,2,23,26,0.3119266055045872,0.4460431654676259,0.4036697247706422,0.8497128902382681,0.09174311926605504,0.16428571428571428,0.16428571428571428,0.00714285714285714,8,0.05714285714285714,0.41472050355852796,0.5188064192577733,85
G Diaz,Rocky Mountain Vibes,2022,88,419,376,148,16,2,2,32,6,3,26,128,0.39361702127659576,0.4460431654676259,0.4627659574468085,0.9088091229144344,0.06914893617021273,0.07637231503579953,0.06205250596658711,0.00477326968973747,20,0.0477326968973747,0.40305975964890695,0.5083610473558481,102
G Ferraro-Nahr,Ogden Raptors,2026,60,270,221,87,14,1,19,41,6,1,45,53,0.3936651583710407,0.4981412639405205,0.7239819004524887,1.222123164393009,0.33031674208144796,0.15185185185185185,0.16666666666666666,0.07037037037037037,34,0.1259259259259259,0.45251877720901307,0.5898564150069476,133
G Horvat,RedPocket Mobiles,2026,38,176,151,47,12,1,1,19,6,0,23,33,0.31125827814569534,0.4090909090909091,0.423841059602649,0.8329319686935581,0.11258278145695366,0.10795454545454546,0.13068181818181818,0.00568181818181818,14,0.07954545454545454,0.45251877720901307,0.5898564150069476,62
G Howell,Glacier Range Riders,2022,23,101,81,29,7,0,5,16,4,0,18,17,0.35802469135802467,0.48514851485148514,0.6296296296296297,1.114778144481115,0.271604938271605,0.15841584158415842,0.1782178217821782,0.04950495049504951,12,0.1188118811881188,0.40305975964890695,0.5083610473558481,144
G Howell,Glacier Range Riders,2023,94,455,371,111,26,2,17,65,14,5,77,66,0.2991913746630728,0.4175824175824176,0.5175202156334232,0.9351026332158408,0.21832884097035044,0.14285714285714285,0.16923076923076924,0.03736263736263736,45,0.0989010989010989,0.41472050355852796,0.5188064192577733,100
G Howell,Glacier Range Riders,2024,66,307,273,88,16,3,9,27,1,4,64,60,0.32234432234432236,0.380327868852459,0.5018315018315018,0.8821593706839608,0.17948717948717946,0.08794788273615635,0.20846905537459284,0.02931596091205211,28,0.09120521172638436,0.4241357590129312,0.5394456289978679,83
G Kueber,Rocky Mountain Vibes,2025,80,359,296,92,13,1,5,50,6,4,77,73,0.3108108108108108,0.4157303370786517,0.41216216216216217,0.8278924992408139,0.10135135135135136,0.1392757660167131,0.21448467966573817,0.0139275766016713,19,0.05292479108635097,0.4296401965446188,0.5468761663058894,72
G Lora,Billings Mustangs,2024,42,176,142,43,12,0,3,23,8,1,27,28,0.3028169014084507,0.42528735632183906,0.4507042253521127,0.8759915816739517,0.147887323943662,0.13068181818181818,0.1534090909090909,0.01704545454545454,15,0.08522727272727272,0.4241357590129312,0.5394456289978679,84
G Lora Gonzalez,Rocky Mountain Vibes,2025,82,376,325,107,15,0,16,36,8,7,58,76,0.3292307692307692,0.4015957446808511,0.5230769230769231,0.924672667757774,0.1938461538461539,0.09574468085106384,0.15425531914893617,0.0425531914893617,31,0.08244680851063829,0.4296401965446188,0.5468761663058894,89
G Lyttle,Great Falls Voyagers,2021,41,122,99,33,0,0,2,23,0,0,22,31,0.3333333333333333,0.45901639344262296,0.3939393939393939,0.8529557873820168,0.06060606060606061,0.1885245901639344,0.18032786885245905,0.01639344262295082,2,0.01639344262295082,0.3907446068197634,0.40841445675282534,114
G Morgan,Idaho Falls Chukars,2024,30,140,126,44,9,1,2,12,2,0,19,32,0.3492063492063492,0.4142857142857143,0.4841269841269842,0.8984126984126984,0.13492063492063494,0.08571428571428572,0.1357142857142857,0.01428571428571428,12,0.08571428571428572,0.4241357590129312,0.5394456289978679,87
G Morgan,Idaho Falls Chukars,2025,50,222,179,55,9,2,4,38,3,2,39,40,0.30726256983240224,0.43243243243243246,0.4469273743016759,0.8793598067341084,0.1396648044692737,0.17117117117117117,0.17567567567567569,0.01801801801801801,15,0.06756756756756757,0.4296401965446188,0.5468761663058894,82
G Ostrander,Idaho Falls Chukars,2025,81,384,315,117,22,2,9,57,9,2,25,84,0.37142857142857144,0.47780678851174935,0.5396825396825397,1.017489328194289,0.1682539682539682,0.1484375,0.06510416666666667,0.0234375,33,0.0859375,0.4296401965446188,0.5468761663058894,110
G Ostrander,Idaho Falls Chukars,2026,49,242,201,77,17,2,2,36,3,1,20,56,0.38308457711442784,0.48132780082987553,0.5174129353233831,0.9987407361532584,0.13432835820895522,0.1487603305785124,0.08264462809917356,0.00826446280991735,21,0.08677685950413223,0.45251877720901307,0.5898564150069476,94
G White,Boise Hawks,2021,62,127,118,32,0,0,0,9,0,0,33,32,0.2711864406779661,0.3228346456692913,0.2711864406779661,0.5940210863472575,0,0.07086614173228346,0.25984251968503935,0,0,0,0.3907446068197634,0.40841445675282534,49
G Wurtz,Billings Mustangs,2022,91,394,355,108,24,4,20,33,2,4,103,60,0.30422535211267604,0.3629441624365482,0.5633802816901409,0.9263244441266892,0.25915492957746483,0.08375634517766498,0.2614213197969543,0.05076142131979695,48,0.1218274111675127,0.40305975964890695,0.5083610473558481,101
G Wurtz,Billings Mustangs,2023,90,402,355,122,22,3,19,35,9,3,71,78,0.3436619718309859,0.4129353233830846,0.5830985915492958,0.9960339149323804,0.23943661971830987,0.08706467661691543,0.17661691542288557,0.0472636815920398,44,0.10945273631840796,0.41472050355852796,0.5188064192577733,112
H George,Colorado Springs Sky Sox,2023,88,410,348,123,23,8,16,53,6,2,36,76,0.35344827586206895,0.4449877750611247,0.603448275862069,1.0484360509231936,0.25,0.12926829268292683,0.08780487804878048,0.03902439024390244,47,0.11463414634146342,0.41472050355852796,0.5188064192577733,124
H George,Colorado Springs Sky Sox,2024,89,410,333,106,34,4,12,69,3,5,57,56,0.3183183183183183,0.43414634146341463,0.5525525525525525,0.9866988940159672,0.23423423423423423,0.16829268292682928,0.13902439024390245,0.02926829268292683,50,0.12195121951219512,0.4241357590129312,0.5394456289978679,105
H Hall,Great Falls Voyagers,2024,73,271,243,78,16,2,8,19,8,1,58,52,0.32098765432098764,0.3874538745387454,0.5020576131687243,0.8895114877074697,0.1810699588477367,0.07011070110701106,0.2140221402214022,0.02952029520295203,26,0.0959409594095941,0.4241357590129312,0.5394456289978679,84
H Himrich,Rocky Mountain Vibes,2025,30,119,104,33,7,1,1,7,5,2,35,24,0.3173076923076923,0.3813559322033898,0.4326923076923077,0.8140482398956975,0.11538461538461542,0.0588235294117647,0.29411764705882354,0.00840336134453781,9,0.07563025210084033,0.4296401965446188,0.5468761663058894,68
H Hisky,Idaho Falls Chukars,2021,52,226,195,67,0,0,4,31,0,0,35,63,0.3435897435897436,0.4336283185840708,0.40512820512820513,0.8387565237122759,0.06153846153846154,0.13716814159292037,0.15486725663716813,0.01769911504424778,4,0.01769911504424778,0.3907446068197634,0.40841445675282534,110
H Hisky,Idaho Falls Chukars,2022,93,450,388,124,32,4,7,50,4,8,41,81,0.31958762886597936,0.3955555555555555,0.47680412371134023,0.8723596792668957,0.15721649484536088,0.1111111111111111,0.09111111111111111,0.01555555555555555,43,0.09555555555555556,0.40305975964890695,0.5083610473558481,92
H Nieves,RedPocket Mobiles,2026,24,115,99,30,5,1,7,12,1,3,27,17,0.30303030303030304,0.3739130434782609,0.5858585858585859,0.9597716293368468,0.2828282828282828,0.10434782608695652,0.23478260869565215,0.06086956521739131,13,0.11304347826086956,0.45251877720901307,0.5898564150069476,82
H Yanez,Great Falls Voyagers,2024,38,170,147,48,12,0,3,17,2,2,31,33,0.32653061224489793,0.39880952380952384,0.4693877551020408,0.8681972789115646,0.1428571428571429,0.1,0.18235294117647055,0.01764705882352941,15,0.08823529411764706,0.4241357590129312,0.5394456289978679,81
I Nunez,Grand Junction Jackalopes,2025,90,415,326,112,14,0,17,63,13,4,69,81,0.34355828220858897,0.4630541871921182,0.5429447852760736,1.0059989724681917,0.19938650306748465,0.15180722891566265,0.16626506024096385,0.04096385542168675,31,0.0746987951807229,0.4296401965446188,0.5468761663058894,107
J Akins,Missoula PaddleHeads,2021,80,291,253,78,0,0,13,38,0,0,62,65,0.308300395256917,0.39862542955326463,0.4624505928853755,0.8610760224386401,0.1541501976284585,0.13058419243986255,0.21305841924398625,0.04467353951890034,13,0.04467353951890034,0.3907446068197634,0.40841445675282534,115
J Akins,Missoula PaddleHeads,2022,68,226,197,61,12,2,7,25,3,1,53,40,0.3096446700507614,0.3938053097345133,0.49746192893401014,0.8912672386685234,0.1878172588832487,0.11061946902654868,0.2345132743362832,0.03097345132743362,21,0.09292035398230088,0.40305975964890695,0.5083610473558481,96
J Allgeyer,Oakland Ballers,2025,40,169,146,47,11,1,2,19,3,1,23,33,0.3219178082191781,0.40828402366863903,0.4520547945205479,0.8603388181891869,0.13013698630136983,0.1124260355029586,0.13609467455621302,0.01183431952662721,14,0.08284023668639054,0.4296401965446188,0.5468761663058894,78
J Allgeyer,Oakland Ballers,2026,60,270,216,71,14,0,12,45,7,2,40,45,0.3287037037037037,0.45555555555555555,0.5601851851851852,1.0157407407407408,0.2314814814814815,0.16666666666666666,0.14814814814814814,0.04444444444444444,26,0.0962962962962963,0.45251877720901307,0.5898564150069476,96
J Anderson,Grand Junction Jackalopes,2021,47,188,166,49,0,0,2,22,0,0,36,47,0.29518072289156627,0.3776595744680851,0.3313253012048193,0.7089848756729045,0.03614457831325302,0.11702127659574468,0.1914893617021277,0.01063829787234042,2,0.01063829787234042,0.3907446068197634,0.40841445675282534,78
J Azuaje,Billings Mustangs,2021,71,264,228,65,0,0,2,36,0,0,25,63,0.2850877192982456,0.3825757575757576,0.31140350877192985,0.6939792663476874,0.02631578947368423,0.13636363636363635,0.0946969696969697,0.00757575757575757,2,0.00757575757575757,0.3907446068197634,0.40841445675282534,74
J Barfield,Rocky Mountain Vibes,2021,74,291,260,88,0,0,18,31,0,0,64,70,0.3384615384615385,0.40893470790378006,0.5461538461538461,0.9550885540576262,0.2076923076923076,0.10652920962199312,0.21993127147766325,0.06185567010309278,18,0.06185567010309278,0.3907446068197634,0.40841445675282534,138
J Barfield,Rocky Mountain Vibes,2023,77,349,286,102,27,0,22,44,9,6,67,53,0.35664335664335667,0.4492753623188406,0.6818181818181818,1.1310935441370225,0.3251748251748251,0.12607449856733524,0.19197707736389685,0.06303724928366762,49,0.14040114613180515,0.41472050355852796,0.5188064192577733,140
J Barth,Billings Mustangs,2022,77,274,250,72,11,1,5,10,12,1,23,55,0.288,0.3443223443223443,0.4,0.7443223443223443,0.11200000000000004,0.0364963503649635,0.08394160583941605,0.01824817518248175,17,0.06204379562043796,0.40305975964890695,0.5083610473558481,64
J Begora,Boise Hawks,2025,78,349,305,96,14,1,14,24,18,2,92,67,0.31475409836065577,0.3954154727793696,0.5049180327868853,0.9003335055662549,0.19016393442622953,0.06876790830945559,0.2636103151862464,0.04011461318051576,29,0.0830945558739255,0.4296401965446188,0.5468761663058894,84
J Begora,Boise Hawks,2026,54,258,210,70,18,1,6,29,15,2,55,45,0.3333333333333333,0.4453125,0.5142857142857142,0.9595982142857142,0.18095238095238092,0.1124031007751938,0.2131782945736434,0.02325581395348837,25,0.09689922480620156,0.45251877720901307,0.5898564150069476,86
J Boyd,Modesto Roadsters,2026,51,224,174,53,9,4,5,42,2,4,52,35,0.3045977011494253,0.4369369369369369,0.4885057471264368,0.9254426840633736,0.1839080459770115,0.1875,0.23214285714285715,0.02232142857142857,18,0.08035714285714286,0.45251877720901307,0.5898564150069476,79
J Broughton,Ogden Raptors,2021,75,319,297,118,0,0,8,22,0,0,49,110,0.3973063973063974,0.438871473354232,0.4781144781144781,0.91698595146871,0.08080808080808077,0.06896551724137931,0.1536050156739812,0.02507836990595611,8,0.02507836990595611,0.3907446068197634,0.40841445675282534,129
J Broughton,Ogden Raptors,2022,88,412,365,139,25,8,14,39,2,6,56,92,0.3808219178082192,0.4368932038834951,0.6082191780821918,1.045112381965687,0.22739726027397267,0.09466019417475728,0.13592233009708737,0.03398058252427184,47,0.11407766990291264,0.40305975964890695,0.5083610473558481,128
J Broughton,Ogden Raptors,2023,21,103,93,35,6,1,0,7,1,2,9,28,0.3763440860215054,0.4174757281553398,0.46236559139784944,0.8798413195531892,0.08602150537634407,0.06796116504854369,0.08737864077669903,0,7,0.06796116504854369,0.41472050355852796,0.5188064192577733,90
J Chavez,RedPocket Mobiles,2026,50,221,179,55,11,1,8,38,3,1,52,35,0.30726256983240224,0.4343891402714932,0.5139664804469274,0.9483556207184206,0.20670391061452512,0.17194570135746606,0.2352941176470588,0.03619909502262444,20,0.09049773755656108,0.45251877720901307,0.5898564150069476,83
J Collura,Oakland Ballers,2026,57,239,197,63,14,1,6,39,1,2,29,42,0.3197969543147208,0.4309623430962343,0.4923857868020304,0.9233481298982648,0.1725888324873096,0.16317991631799164,0.1213389121338912,0.02510460251046025,21,0.08786610878661087,0.45251877720901307,0.5898564150069476,79
J Cone,Ogden Raptors,2024,92,422,352,121,26,2,12,42,15,8,54,81,0.34375,0.4268585131894485,0.53125,0.9581085131894485,0.1875,0.0995260663507109,0.12796208530805686,0.02843601895734597,40,0.0947867298578199,0.4241357590129312,0.5394456289978679,99
J Coutts,Colorado Springs Sky Sox,2023,85,384,331,126,25,4,18,40,8,5,52,79,0.3806646525679758,0.453125,0.6435045317220544,1.0966295317220545,0.2628398791540785,0.10416666666666669,0.13541666666666666,0.046875,47,0.12239583333333331,0.41472050355852796,0.5188064192577733,133
J Coutts,Colorado Springs Sky Sox,2024,90,412,356,130,25,2,20,40,10,6,68,83,0.3651685393258427,0.4368932038834951,0.6151685393258427,1.0520617432093378,0.25,0.0970873786407767,0.1650485436893204,0.04854368932038835,47,0.11407766990291264,0.4241357590129312,0.5394456289978679,117
J Cruce,Grand Junction Jackalopes,2022,92,412,366,117,23,0,19,38,5,3,86,75,0.319672131147541,0.3883495145631068,0.5382513661202186,0.9266008806833256,0.2185792349726776,0.09223300970873786,0.2087378640776699,0.04611650485436893,42,0.10194174757281552,0.40305975964890695,0.5083610473558481,102
J Cruce,Grand Junction Jackalopes,2023,90,437,387,146,25,0,23,41,7,2,75,98,0.3772609819121447,0.4439359267734554,0.6201550387596899,1.0640909655331452,0.24289405684754525,0.09382151029748284,0.17162471395881007,0.05263157894736842,48,0.10983981693363844,0.41472050355852796,0.5188064192577733,127
J Day,Rocky Mountain Vibes,2024,90,425,363,127,22,5,18,49,9,3,71,82,0.349862258953168,0.4363207547169811,0.5867768595041323,1.0230976142211134,0.23691460055096425,0.11529411764705882,0.16705882352941176,0.04235294117647058,45,0.10588235294117648,0.4241357590129312,0.5394456289978679,112
J Duarte,Yuba-Sutter Freebirds,2025,49,171,145,46,3,0,2,17,5,2,9,41,0.31724137931034485,0.40236686390532544,0.3793103448275862,0.7816772087329116,0.06206896551724134,0.09941520467836255,0.05263157894736842,0.01169590643274853,5,0.02923976608187134,0.4296401965446188,0.5468761663058894,63
J Duarte,Yuba-Sutter Freebirds,2026,45,214,175,61,10,0,1,30,6,1,17,50,0.3485714285714286,0.4575471698113208,0.4228571428571429,0.8804043126684636,0.07428571428571429,0.14018691588785046,0.0794392523364486,0.00467289719626168,11,0.0514018691588785,0.45251877720901307,0.5898564150069476,73
J Elvir,Grand Junction Jackalopes,2021,47,203,164,59,0,0,10,39,0,0,56,49,0.3597560975609756,0.4827586206896552,0.5426829268292683,1.0254415475189236,0.1829268292682927,0.1921182266009852,0.27586206896551724,0.04926108374384237,10,0.04926108374384237,0.3907446068197634,0.40841445675282534,156
J Elvir,Grand Junction Jackalopes,2022,84,354,308,96,17,1,19,34,8,4,89,59,0.3116883116883117,0.3898305084745763,0.5584415584415584,0.9482720669161346,0.24675324675324672,0.096045197740113,0.2514124293785311,0.05367231638418079,37,0.10451977401129944,0.40305975964890695,0.5083610473558481,107
J Elvir,Missoula PaddleHeads,2023,27,119,104,32,8,0,6,14,1,0,28,18,0.3076923076923077,0.3949579831932773,0.5576923076923077,0.952650290885585,0.25,0.1176470588235294,0.2352941176470588,0.05042016806722689,14,0.1176470588235294,0.41472050355852796,0.5188064192577733,103
J Esparza,Rocky Mountain Vibes,2021,73,259,253,65,0,0,5,6,0,0,70,60,0.25691699604743085,0.27413127413127414,0.31620553359683795,0.5903368077281121,0.0592885375494071,0.02316602316602316,0.2702702702702703,0.0193050193050193,5,0.0193050193050193,0.3907446068197634,0.40841445675282534,48
J Faile,Billings Mustangs,2023,54,227,201,71,19,0,21,20,3,3,58,31,0.35323383084577115,0.4140969162995594,0.7611940298507462,1.1752909461503056,0.4079601990049751,0.0881057268722467,0.2555066079295154,0.09251101321585904,40,0.1762114537444934,0.41472050355852796,0.5188064192577733,147
J Feliciano,Missoula PaddleHeads,2026,25,113,87,28,6,0,1,20,6,0,17,21,0.3218390804597701,0.4778761061946903,0.42528735632183906,0.9031634625165292,0.10344827586206896,0.17699115044247787,0.1504424778761062,0.00884955752212389,7,0.06194690265486725,0.45251877720901307,0.5898564150069476,78
J Fitzpatrick,Grand Junction Jackalopes,2022,42,177,160,55,11,0,7,13,2,1,35,37,0.34375,0.3977272727272727,0.54375,0.9414772727272728,0.19999999999999996,0.07344632768361582,0.1977401129943503,0.03954802259887006,18,0.1016949152542373,0.40305975964890695,0.5083610473558481,106
J Garcia,Billings Mustangs,2021,84,381,349,120,0,0,13,32,0,0,82,107,0.3438395415472779,0.3989501312335958,0.4555873925501432,0.854537523783739,0.11174785100286531,0.08398950131233596,0.2152230971128609,0.03412073490813648,13,0.03412073490813648,0.3907446068197634,0.40841445675282534,114
J Garcia,Billings Mustangs,2022,76,341,308,97,11,9,11,22,7,4,91,66,0.31493506493506496,0.36950146627565983,0.5162337662337663,0.8857352325094261,0.2012987012987013,0.06451612903225806,0.2668621700879765,0.03225806451612903,31,0.09090909090909093,0.40305975964890695,0.5083610473558481,93
J Goldfarb,Ogden Raptors,2021,70,320,275,91,0,0,16,45,0,0,68,75,0.33090909090909093,0.425,0.5054545454545455,0.9304545454545454,0.17454545454545456,0.140625,0.2125,0.05,16,0.05,0.3907446068197634,0.40841445675282534,133
J Gonzalez,Yuba-Sutter Freebirds,2024,88,392,322,119,22,4,19,57,9,3,75,74,0.3695652173913043,0.4731457800511509,0.639751552795031,1.112897332846182,0.2701863354037267,0.14540816326530612,0.1913265306122449,0.04846938775510204,45,0.11479591836734694,0.4241357590129312,0.5394456289978679,130
J Guenther,Missoula PaddleHeads,2023,84,393,326,112,13,1,8,50,9,8,31,90,0.34355828220858897,0.4351145038167939,0.46319018404907975,0.8983046878658736,0.11963190184049076,0.1272264631043257,0.07888040712468193,0.02035623409669211,22,0.05597964376590331,0.41472050355852796,0.5188064192577733,94
J Gutierrez,Billings Mustangs,2026,40,188,168,71,15,0,5,9,6,5,7,51,0.4226190476190476,0.4574468085106383,0.6011904761904762,1.0586372847011143,0.17857142857142855,0.04787234042553191,0.03723404255319149,0.02659574468085106,20,0.10638297872340426,0.45251877720901307,0.5898564150069476,103
J Gutierrez,Grand Junction Jackalopes,2021,58,240,219,68,0,0,7,21,0,0,51,61,0.3105022831050228,0.37083333333333335,0.4063926940639269,0.7772260273972602,0.0958904109589041,0.0875,0.2125,0.02916666666666666,7,0.02916666666666666,0.3907446068197634,0.40841445675282534,94
J Harrison-Dudley,RedPocket Mobiles,2026,55,248,210,67,13,1,22,35,2,1,70,31,0.319047619047619,0.41935483870967744,0.7047619047619048,1.1241167434715822,0.3857142857142858,0.14112903225806453,0.28225806451612906,0.08870967741935484,36,0.14516129032258066,0.45251877720901307,0.5898564150069476,112
J Hjelle,Boise Hawks,2025,92,428,394,133,35,2,26,22,8,4,92,70,0.33756345177664976,0.3808411214953271,0.6345177664974619,1.015358887992789,0.2969543147208122,0.0514018691588785,0.21495327102803735,0.06074766355140187,63,0.14719626168224298,0.4296401965446188,0.5468761663058894,105
J Hubbard,Grand Junction Jackalopes,2022,60,254,233,78,11,3,6,14,4,3,52,58,0.33476394849785407,0.3779527559055118,0.48497854077253216,0.862931296678044,0.1502145922746781,0.05511811023622047,0.2047244094488189,0.02362204724409448,20,0.07874015748031496,0.40305975964890695,0.5083610473558481,89
J Hubbard,Grand Junction Jackalopes,2023,94,460,392,124,20,8,25,45,18,4,84,71,0.3163265306122449,0.4074074074074074,0.5994897959183674,1.0068972033257748,0.28316326530612246,0.09782608695652174,0.1826086956521739,0.05434782608695652,53,0.11521739130434784,0.41472050355852796,0.5188064192577733,114
J Jablonski,Idaho Falls Chukars,2025,68,299,242,76,14,1,18,49,5,2,72,43,0.3140495867768595,0.436241610738255,0.6033057851239669,1.039547395862222,0.2892561983471074,0.16387959866220736,0.2408026755852843,0.06020066889632107,33,0.11036789297658862,0.4296401965446188,0.5468761663058894,112
J Jablonski,Long Beach Coast,2026,61,271,225,72,18,1,19,37,5,4,53,34,0.32,0.4206642066420664,0.6622222222222223,1.0828864288642888,0.34222222222222226,0.13653136531365315,0.1955719557195572,0.07011070110701106,38,0.14022140221402213,0.45251877720901307,0.5898564150069476,105
J Johnson,Grand Junction Jackalopes,2022,62,274,250,80,16,2,10,21,0,3,61,52,0.32,0.3686131386861314,0.52,0.8886131386861313,0.2,0.07664233576642336,0.22262773722627735,0.0364963503649635,28,0.1021897810218978,0.40305975964890695,0.5083610473558481,94
J Johnson,Grand Junction Jackalopes,2023,96,490,419,155,35,5,22,64,4,2,79,93,0.3699284009546539,0.4560327198364008,0.6348448687350835,1.0908775885714843,0.26491646778042954,0.1306122448979592,0.16122448979591836,0.04489795918367346,62,0.12653061224489795,0.41472050355852796,0.5188064192577733,132
J Johnson,RedPocket Mobiles,2026,59,264,231,74,12,3,17,29,3,0,61,42,0.3203463203463203,0.40304182509505704,0.6190476190476191,1.0220894441426762,0.29870129870129875,0.10984848484848483,0.23106060606060605,0.06439393939393939,32,0.12121212121212122,0.45251877720901307,0.5898564150069476,94
J Kalafut,Boise Hawks,2026,57,266,211,81,11,2,6,46,7,2,29,62,0.38388625592417064,0.5037593984962406,0.5402843601895735,1.044043758685814,0.15639810426540285,0.17293233082706766,0.10902255639097744,0.0225563909774436,19,0.07142857142857142,0.45251877720901307,0.5898564150069476,103
J Kirby,Yuba-Sutter Freebirds,2024,31,117,96,29,2,3,6,15,1,5,27,18,0.3020833333333333,0.38461538461538464,0.5729166666666666,0.9575320512820512,0.2708333333333333,0.1282051282051282,0.2307692307692308,0.05128205128205128,11,0.09401709401709402,0.4241357590129312,0.5394456289978679,97
J Kline,Billings Mustangs,2022,68,248,223,73,11,7,9,15,5,5,69,46,0.3273542600896861,0.375,0.5605381165919282,0.9355381165919282,0.2331838565022421,0.06048387096774194,0.2782258064516129,0.03629032258064516,27,0.10887096774193548,0.40305975964890695,0.5083610473558481,103
J Lee,Boise Hawks,2025,32,124,115,37,5,4,1,5,2,0,22,27,0.3217391304347826,0.3606557377049181,0.4608695652173913,0.8215253029223093,0.13913043478260873,0.04032258064516129,0.1774193548387097,0.00806451612903225,10,0.08064516129032258,0.4296401965446188,0.5468761663058894,68
J Lojewski,Modesto Roadsters,2026,66,336,278,95,20,1,12,39,13,4,33,62,0.34172661870503596,0.44011976047904194,0.5503597122302158,0.9904794727092578,0.2086330935251799,0.11607142857142858,0.09821428571428573,0.03571428571428571,33,0.09821428571428573,0.45251877720901307,0.5898564150069476,91
J Mabry,Glacier Range Riders,2025,51,205,189,62,5,0,0,11,1,3,21,57,0.328042328042328,0.3627450980392157,0.3544973544973545,0.7172424525365702,0.02645502645502645,0.05365853658536585,0.1024390243902439,0,5,0.02439024390243902,0.4296401965446188,0.5468761663058894,49
J Malec,Great Falls Voyagers,2021,45,152,128,29,0,0,1,24,0,0,51,28,0.2265625,0.34868421052631576,0.25,0.5986842105263157,0.0234375,0.15789473684210523,0.3355263157894737,0.00657894736842105,1,0.00657894736842105,0.3907446068197634,0.40841445675282534,50
J Malec,Great Falls Voyagers,2022,84,396,353,101,12,2,6,27,12,4,104,81,0.28611898016997167,0.35353535353535354,0.38243626062322944,0.735971614158583,0.09631728045325776,0.06818181818181818,0.26262626262626265,0.01515151515151515,20,0.0505050505050505,0.40305975964890695,0.5083610473558481,63
J Matthews,Great Falls Voyagers,2021,68,268,233,80,0,0,7,35,0,0,44,73,0.34334763948497854,0.4291044776119403,0.4334763948497854,0.8625808724617257,0.09012875536480686,0.13059701492537312,0.16417910447761194,0.02611940298507462,7,0.02611940298507462,0.3907446068197634,0.40841445675282534,116
J McHenry,Billings Mustangs,2025,45,214,182,58,9,2,3,26,3,2,40,44,0.31868131868131866,0.4084507042253521,0.4395604395604395,0.8480111437857917,0.1208791208791209,0.12149532710280374,0.18691588785046728,0.01401869158878504,14,0.06542056074766354,0.4296401965446188,0.5468761663058894,75
J McMurray,Rocky Mountain Vibes,2023,55,239,205,92,11,0,1,29,2,3,10,80,0.44878048780487806,0.5146443514644351,0.5170731707317073,1.0317175221961423,0.06829268292682927,0.1213389121338912,0.04184100418410042,0.00418410041841004,12,0.0502092050209205,0.41472050355852796,0.5188064192577733,124
J Newman,Missoula PaddleHeads,2022,88,410,355,131,19,2,32,43,7,5,63,78,0.36901408450704226,0.44146341463414634,0.704225352112676,1.1456887667468223,0.33521126760563374,0.1048780487804878,0.15365853658536585,0.07804878048780488,53,0.12926829268292683,0.40305975964890695,0.5083610473558481,148
J O'Dowd,Billings Mustangs,2025,84,395,324,108,28,3,22,63,6,1,78,55,0.3333333333333333,0.44923857868020306,0.6419753086419753,1.0912138873221784,0.30864197530864196,0.15949367088607594,0.19746835443037977,0.05569620253164557,53,0.1341772151898734,0.4296401965446188,0.5468761663058894,122
J Olson,Great Falls Voyagers,2021,68,299,277,94,0,0,9,22,0,0,55,85,0.33935018050541516,0.3879598662207358,0.4368231046931408,0.8247829709138765,0.09747292418772564,0.07357859531772576,0.18394648829431437,0.03010033444816053,9,0.03010033444816053,0.3907446068197634,0.40841445675282534,106
J Pappas,Idaho Falls Chukars,2025,60,283,224,83,8,0,13,42,12,5,33,62,0.3705357142857143,0.4840989399293286,0.5803571428571429,1.0644560827864715,0.2098214285714286,0.14840989399293286,0.1166077738515901,0.04593639575971731,21,0.07420494699646643,0.4296401965446188,0.5468761663058894,119
J Raper,Billings Mustangs,2022,92,381,337,103,27,7,11,36,4,2,75,58,0.3056379821958457,0.37730870712401055,0.5252225519287834,0.902531259052794,0.21958456973293772,0.09448818897637797,0.1968503937007874,0.02887139107611548,45,0.11811023622047244,0.40305975964890695,0.5083610473558481,97
J Raper,Glacier Range Riders,2023,90,407,351,105,23,3,11,42,8,6,79,68,0.29914529914529914,0.3808353808353808,0.4757834757834758,0.8566188566188566,0.17663817663817666,0.1031941031941032,0.1941031941031941,0.02702702702702703,37,0.09090909090909093,0.41472050355852796,0.5188064192577733,84
J Raper,Great Falls Voyagers,2021,55,199,179,56,0,0,10,20,0,0,47,46,0.3128491620111732,0.38190954773869346,0.48044692737430167,0.8623564751129951,0.16759776536312848,0.10050251256281408,0.23618090452261303,0.05025125628140704,10,0.05025125628140704,0.3907446068197634,0.40841445675282534,115
J Reyes,Idaho Falls Chukars,2022,69,308,281,102,20,3,6,24,0,1,39,73,0.3629893238434164,0.4117647058823529,0.5195729537366548,0.9313376596190076,0.15658362989323843,0.07792207792207792,0.1266233766233766,0.01948051948051948,29,0.09415584415584416,0.40305975964890695,0.5083610473558481,104
J Rooks,Billings Mustangs,2024,34,131,95,28,7,1,3,27,7,2,35,17,0.29473684210526313,0.4732824427480916,0.4842105263157895,0.9574929690638811,0.18947368421052635,0.20610687022900764,0.26717557251908397,0.02290076335877862,11,0.08396946564885496,0.4241357590129312,0.5394456289978679,101
J Shanks,Idaho Falls Chukars,2024,45,196,160,47,12,1,4,17,17,2,43,30,0.29375,0.413265306122449,0.45625,0.869515306122449,0.16249999999999998,0.08673469387755102,0.2193877551020408,0.02040816326530612,17,0.08673469387755102,0.4241357590129312,0.5394456289978679,82
J Shanks,Idaho Falls Chukars,2025,47,177,140,42,7,0,10,17,18,2,29,25,0.3,0.4350282485875706,0.5642857142857143,0.9993139628732848,0.2642857142857143,0.096045197740113,0.1638418079096045,0.05649717514124294,17,0.096045197740113,0.4296401965446188,0.5468761663058894,104
J Steele,Glacier Range Riders,2026,54,232,182,56,15,0,6,40,2,6,57,35,0.3076923076923077,0.4260869565217391,0.489010989010989,0.9150979455327282,0.18131868131868129,0.1724137931034483,0.24568965517241376,0.02586206896551724,21,0.09051724137931036,0.45251877720901307,0.5898564150069476,77
J Teixeira,Boise Hawks,2022,90,406,352,120,28,3,15,37,10,7,31,74,0.3409090909090909,0.41133004926108374,0.5653409090909091,0.9766709583519928,0.22443181818181815,0.09113300492610836,0.07635467980295567,0.03694581280788178,46,0.11330049261083744,0.40305975964890695,0.5083610473558481,113
J Teixeira,Ogden Raptors,2023,86,390,350,123,32,0,11,28,7,5,45,80,0.3514285714285714,0.40512820512820513,0.5371428571428571,0.9422710622710624,0.18571428571428572,0.07179487179487179,0.1153846153846154,0.0282051282051282,43,0.11025641025641024,0.41472050355852796,0.5188064192577733,101
J Trimble,Idaho Falls Chukars,2026,54,270,234,95,25,2,24,33,2,1,65,44,0.405982905982906,0.48148148148148145,0.8376068376068376,1.3190883190883191,0.4316239316239317,0.12222222222222222,0.24074074074074073,0.08888888888888889,51,0.18888888888888888,0.45251877720901307,0.5898564150069476,148
J Valdez,Ogden Raptors,2022,94,437,379,140,25,2,21,33,14,6,55,92,0.36939313984168864,0.4328703703703703,0.6121372031662269,1.0450075735365971,0.24274406332453824,0.07551487414187644,0.12585812356979406,0.04805491990846682,48,0.10983981693363844,0.40305975964890695,0.5083610473558481,128
J Williams,Great Falls Voyagers,2023,83,349,304,103,16,0,12,30,9,6,54,75,0.33881578947368424,0.4068767908309456,0.5098684210526315,0.916745211883577,0.1710526315789473,0.08595988538681948,0.15472779369627507,0.03438395415472779,28,0.08022922636103152,0.41472050355852796,0.5188064192577733,96
J Ybarra,Oakland Ballers,2026,65,307,273,96,20,0,29,32,1,1,54,47,0.3516483516483517,0.4201954397394137,0.7435897435897436,1.1637851833291573,0.39194139194139194,0.10423452768729642,0.1758957654723127,0.09446254071661238,49,0.15960912052117265,0.45251877720901307,0.5898564150069476,119
K Ashworth,Glacier Range Riders,2026,61,280,191,67,15,1,3,77,3,2,31,48,0.3507853403141361,0.5384615384615384,0.4869109947643979,1.0253725332259362,0.1361256544502618,0.275,0.11071428571428572,0.01071428571428571,19,0.06785714285714285,0.45251877720901307,0.5898564150069476,102
K Clark,Rocky Mountain Vibes,2025,58,289,239,90,24,0,12,45,1,4,63,54,0.37656903765690375,0.4705882352941176,0.6276150627615062,1.098203298055624,0.2510460251046025,0.15570934256055363,0.2179930795847751,0.04152249134948097,36,0.1245674740484429,0.4296401965446188,0.5468761663058894,124
K Crowl,Great Falls Voyagers,2021,76,315,272,101,0,0,8,43,0,0,42,93,0.3713235294117647,0.45714285714285713,0.45955882352941174,0.9167016806722688,0.08823529411764702,0.1365079365079365,0.13333333333333333,0.02539682539682539,8,0.02539682539682539,0.3907446068197634,0.40841445675282534,130
K Dugan,Grand Junction Jackalopes,2024,63,277,225,83,11,0,22,37,10,5,48,50,0.3688888888888889,0.4693140794223827,0.7111111111111111,1.180425190533494,0.34222222222222226,0.13357400722021662,0.17328519855595667,0.07942238267148015,33,0.11913357400722022,0.4241357590129312,0.5394456289978679,142
K Figueiredo,Grand Junction Jackalopes,2023,40,200,151,53,17,0,9,37,8,3,27,27,0.3509933774834437,0.49246231155778897,0.6423841059602649,1.134846417518054,0.2913907284768211,0.185,0.135,0.045,26,0.13,0.41472050355852796,0.5188064192577733,143
K Greenwalt,Missoula PaddleHeads,2022,89,393,348,106,26,4,8,30,7,7,58,68,0.3045977011494253,0.3647959183673469,0.47126436781609193,0.8360602861834389,0.16666666666666663,0.07633587786259542,0.1475826972010178,0.02035623409669211,38,0.09669211195928754,0.40305975964890695,0.5083610473558481,83
K Greenwalt,Missoula PaddleHeads,2023,88,420,365,126,23,4,21,35,13,7,44,78,0.3452054794520548,0.4142857142857143,0.6027397260273972,1.0170254403131116,0.2575342465753424,0.08333333333333333,0.10476190476190476,0.05,48,0.11428571428571428,0.41472050355852796,0.5188064192577733,116
K Higgins,Colorado Springs Sky Sox,2022,85,352,335,118,13,3,3,13,2,1,62,99,0.3522388059701492,0.3789173789173789,0.43582089552238806,0.814738274439767,0.08358208955223884,0.03693181818181818,0.17613636363636365,0.00852272727272727,19,0.05397727272727273,0.40305975964890695,0.5083610473558481,80
K Jimenez,Colorado Springs Sky Sox,2023,65,243,212,61,11,2,6,24,2,2,35,42,0.28773584905660377,0.3625,0.4433962264150943,0.8058962264150944,0.1556603773584906,0.09876543209876544,0.1440329218106996,0.02469135802469135,19,0.07818930041152264,0.41472050355852796,0.5188064192577733,73
K Jimenez,Colorado Springs Sky Sox,2024,90,392,338,110,24,0,6,40,4,6,68,80,0.3254437869822485,0.39690721649484534,0.44970414201183434,0.8466113585066797,0.12426035502958582,0.1020408163265306,0.17346938775510204,0.01530612244897959,30,0.07653061224489796,0.4241357590129312,0.5394456289978679,77
K Johnson,Idaho Falls Chukars,2024,30,118,95,30,8,1,0,13,10,0,19,21,0.3157894736842105,0.4491525423728814,0.42105263157894735,0.8702051739518287,0.10526315789473684,0.11016949152542373,0.16101694915254236,0,9,0.07627118644067797,0.4241357590129312,0.5394456289978679,84
K Kaler,Boise Hawks,2024,43,210,172,57,8,3,3,34,2,1,25,43,0.3313953488372093,0.4449760765550239,0.46511627906976744,0.9100923556247912,0.13372093023255816,0.1619047619047619,0.11904761904761904,0.01428571428571428,14,0.06666666666666667,0.4241357590129312,0.5394456289978679,91
K Liniak,Glacier Range Riders,2024,26,115,98,34,13,0,8,10,5,2,21,13,0.3469387755102041,0.4260869565217391,0.7244897959183674,1.1505767524401065,0.3775510204081633,0.08695652173913043,0.1826086956521739,0.06956521739130435,21,0.1826086956521739,0.4241357590129312,0.5394456289978679,135
K Liniak,Modesto Roadsters,2026,52,237,198,62,13,1,10,33,3,2,35,38,0.31313131313131315,0.4152542372881356,0.5404040404040404,0.955658277692176,0.2272727272727273,0.13924050632911392,0.14767932489451477,0.04219409282700422,24,0.10126582278481013,0.45251877720901307,0.5898564150069476,83
K Maldonado,Grand Junction Jackalopes,2021,370,1108,1014,319,0,0,30,94,0,0,192,289,0.3145956607495069,0.37274368231046934,0.40335305719921105,0.7760967395096804,0.08875739644970415,0.08483754512635379,0.17328519855595667,0.02707581227436823,30,0.02707581227436823,0.3907446068197634,0.40841445675282534,94
K Micklus,Billings Mustangs,2026,39,172,144,51,15,1,8,22,5,0,16,27,0.3541666666666667,0.45614035087719296,0.6388888888888888,1.095029239766082,0.28472222222222215,0.12790697674418605,0.09302325581395347,0.04651162790697674,24,0.13953488372093023,0.45251877720901307,0.5898564150069476,109
K Moody,Colorado Springs Sky Sox,2025,76,335,274,92,21,4,8,55,1,5,41,59,0.3357664233576642,0.4417910447761194,0.5291970802919708,0.9709881250680902,0.19343065693430656,0.16417910447761194,0.12238805970149254,0.02388059701492537,33,0.09850746268656715,0.4296401965446188,0.5468761663058894,100
K Oyama,Boise Hawks,2023,72,309,269,80,15,1,1,30,4,4,35,63,0.29739776951672864,0.3713355048859935,0.3717472118959107,0.7430827167819043,0.07434944237918212,0.0970873786407767,0.11326860841423948,0.00323624595469255,17,0.05501618122977346,0.41472050355852796,0.5188064192577733,61
K Oyama,Ogden Raptors,2025,90,431,350,123,16,2,0,47,15,10,33,105,0.3514285714285714,0.43838862559241704,0.4085714285714286,0.8469600541638456,0.05714285714285716,0.10904872389791184,0.0765661252900232,0,18,0.04176334106728538,0.4296401965446188,0.5468761663058894,77
K Quiggle,Idaho Falls Chukars,2021,58,261,237,89,0,0,13,24,0,0,54,76,0.3755274261603376,0.4329501915708812,0.540084388185654,0.9730345797565352,0.1645569620253164,0.09195402298850576,0.20689655172413793,0.04980842911877394,13,0.04980842911877394,0.3907446068197634,0.40841445675282534,143
K Schmack,Great Falls Voyagers,2025,38,168,128,43,8,1,6,21,17,2,48,28,0.3359375,0.4821428571428571,0.5546875,1.0368303571428572,0.21875,0.125,0.2857142857142857,0.03571428571428571,15,0.08928571428571429,0.4296401965446188,0.5468761663058894,114
K Schmack,Great Falls Voyagers,2026,62,312,248,89,18,1,19,42,15,7,59,51,0.3588709677419355,0.4679487179487179,0.6693548387096774,1.137303556658395,0.3104838709677419,0.1346153846153846,0.1891025641025641,0.06089743589743589,38,0.1217948717948718,0.45251877720901307,0.5898564150069476,117
K Stancato,Ogden Raptors,2025,57,188,157,49,11,0,6,21,8,1,19,32,0.31210191082802546,0.41711229946524064,0.4968152866242038,0.9139275860894444,0.18471337579617836,0.11170212765957446,0.10106382978723404,0.03191489361702127,17,0.09042553191489362,0.4296401965446188,0.5468761663058894,88
K Stancato,Ogden Raptors,2026,45,166,147,63,10,1,2,15,4,0,18,50,0.42857142857142855,0.4939759036144578,0.5510204081632653,1.044996311777723,0.1224489795918367,0.09036144578313252,0.10843373493975904,0.01204819277108433,13,0.0783132530120482,0.45251877720901307,0.5898564150069476,103
K Whatley,Missoula PaddleHeads,2022,34,149,125,37,9,1,2,10,8,1,34,25,0.296,0.3819444444444444,0.432,0.8139444444444444,0.136,0.06711409395973154,0.22818791946308725,0.0134228187919463,12,0.08053691275167785,0.40305975964890695,0.5083610473558481,80
K Willman,Missoula PaddleHeads,2022,65,298,258,83,14,3,6,34,2,4,64,60,0.32170542635658916,0.39932885906040266,0.4689922480620155,0.8683211071224182,0.14728682170542634,0.11409395973154364,0.2147651006711409,0.02013422818791946,23,0.07718120805369127,0.40305975964890695,0.5083610473558481,91
K Willman,Missoula PaddleHeads,2024,53,220,192,69,12,1,10,23,1,4,38,46,0.359375,0.42272727272727273,0.5885416666666666,1.0112689393939394,0.22916666666666663,0.10454545454545454,0.17272727272727273,0.04545454545454545,23,0.10454545454545454,0.4241357590129312,0.5394456289978679,109
L Barns,Ogden Raptors,2023,53,200,172,54,7,0,2,12,12,4,24,45,0.313953488372093,0.39,0.38953488372093026,0.7795348837209303,0.07558139534883723,0.06,0.12,0.01,9,0.045,0.41472050355852796,0.5188064192577733,69
L Barns,Ogden Raptors,2024,84,360,315,97,14,2,2,21,14,2,51,79,0.30793650793650795,0.375,0.38412698412698415,0.7591269841269841,0.0761904761904762,0.05833333333333333,0.14166666666666666,0.00555555555555555,18,0.05,0.4241357590129312,0.5394456289978679,60
L Helmig,Oakland Ballers,2025,80,314,273,89,14,1,8,38,2,1,56,66,0.326007326007326,0.410828025477707,0.4725274725274725,0.8833554980051795,0.1465201465201465,0.12101910828025478,0.17834394904458598,0.02547770700636942,23,0.0732484076433121,0.4296401965446188,0.5468761663058894,82
L Meyer,Boise Hawks,2026,56,271,223,79,13,2,4,35,9,3,44,60,0.3542600896860987,0.45555555555555555,0.484304932735426,0.9398604882909816,0.13004484304932734,0.12915129151291513,0.16236162361623616,0.01476014760147601,19,0.07011070110701106,0.45251877720901307,0.5898564150069476,83
L Navarro,Missoula PaddleHeads,2023,67,300,247,88,17,0,10,45,5,3,44,61,0.3562753036437247,0.46,0.5465587044534413,1.0065587044534414,0.19028340080971667,0.15,0.14666666666666667,0.03333333333333333,27,0.09,0.41472050355852796,0.5188064192577733,116
L Navarro,Missoula PaddleHeads,2024,24,105,93,35,6,0,4,12,0,0,13,25,0.3763440860215054,0.4476190476190477,0.5698924731182796,1.017511520737327,0.19354838709677424,0.11428571428571428,0.1238095238095238,0.0380952380952381,10,0.09523809523809525,0.4241357590129312,0.5394456289978679,111
L Navarro,Rocky Mountain Vibes,2022,60,263,211,79,19,2,6,46,4,2,25,52,0.3744075829383886,0.49049429657794674,0.5687203791469194,1.0592146757248662,0.1943127962085308,0.17490494296577946,0.09505703422053231,0.02281368821292775,27,0.10266159695817492,0.40305975964890695,0.5083610473558481,134
L Navigato,Missoula PaddleHeads,2021,38,159,135,45,0,0,6,24,0,0,19,39,0.3333333333333333,0.4339622641509434,0.4666666666666667,0.9006289308176101,0.13333333333333336,0.1509433962264151,0.11949685534591196,0.03773584905660377,6,0.03773584905660377,0.3907446068197634,0.40841445675282534,125
L Roskam,Grand Junction Jackalopes,2021,57,252,222,73,0,0,8,30,0,0,41,65,0.32882882882882886,0.4087301587301587,0.4369369369369369,0.8456670956670956,0.10810810810810806,0.11904761904761904,0.1626984126984127,0.03174603174603174,8,0.03174603174603174,0.3907446068197634,0.40841445675282534,112
L Sparks,Missoula PaddleHeads,2022,88,406,346,138,28,5,18,49,0,11,60,87,0.3988439306358382,0.4605911330049261,0.6647398843930635,1.1253310173979896,0.26589595375722536,0.1206896551724138,0.1477832512315271,0.04433497536945813,51,0.12561576354679804,0.40305975964890695,0.5083610473558481,145
L Williams,Ogden Raptors,2023,80,360,299,94,24,1,13,56,3,2,86,56,0.31438127090301005,0.425,0.5317725752508361,0.956772575250836,0.21739130434782605,0.15555555555555556,0.2388888888888889,0.03611111111111111,38,0.10555555555555556,0.41472050355852796,0.5188064192577733,105
M Annone,Rocky Mountain Vibes,2021,57,209,189,50,0,0,4,20,0,0,46,46,0.26455026455026454,0.3349282296650718,0.328042328042328,0.6629705577073999,0.06349206349206349,0.09569377990430622,0.22009569377990432,0.01913875598086124,4,0.01913875598086124,0.3907446068197634,0.40841445675282534,66
M Annone,Rocky Mountain Vibes,2022,60,252,220,69,19,0,3,21,8,2,31,47,0.31363636363636366,0.3904382470119522,0.4409090909090909,0.8313473379210431,0.12727272727272726,0.08333333333333333,0.123015873015873,0.0119047619047619,22,0.0873015873015873,0.40305975964890695,0.5083610473558481,84
M Backstrom,Great Falls Voyagers,2024,45,202,177,62,15,6,12,20,4,1,65,29,0.3502824858757062,0.4257425742574258,0.7062146892655368,1.1319572635229624,0.35593220338983056,0.099009900990099,0.3217821782178218,0.0594059405940594,33,0.16336633663366337,0.4241357590129312,0.5394456289978679,131
M Bardowell,Long Beach Coast,2026,55,264,213,76,17,2,12,34,12,5,56,45,0.3568075117370892,0.4621212121212121,0.6244131455399061,1.0865343576611182,0.26760563380281693,0.12878787878787878,0.21212121212121213,0.04545454545454545,31,0.11742424242424244,0.45251877720901307,0.5898564150069476,108
M Clayton,Glacier Range Riders,2023,75,320,271,84,18,0,13,34,12,3,44,53,0.30996309963099633,0.40625,0.5202952029520295,0.9265452029520296,0.2103321033210331,0.10625,0.1375,0.040625,31,0.096875,0.41472050355852796,0.5188064192577733,98
M Deeb,Great Falls Voyagers,2021,81,339,311,95,0,0,10,28,0,0,67,85,0.3054662379421222,0.36283185840707965,0.4019292604501607,0.7647611188572404,0.09646302250803857,0.08259587020648967,0.1976401179941003,0.02949852507374631,10,0.02949852507374631,0.3907446068197634,0.40841445675282534,91
M Dinesen,Glacier Range Riders,2023,86,335,310,97,24,2,7,18,1,4,77,64,0.31290322580645163,0.3483483483483483,0.47096774193548385,0.8193160902838321,0.15806451612903222,0.05373134328358209,0.2298507462686567,0.0208955223880597,33,0.09850746268656715,0.41472050355852796,0.5188064192577733,75
M Dinesen,Glacier Range Riders,2024,35,165,140,52,11,0,8,20,3,0,38,33,0.37142857142857144,0.4601226993865031,0.6214285714285714,1.0815512708150743,0.25,0.12121212121212122,0.23030303030303031,0.04848484848484848,19,0.11515151515151516,0.4241357590129312,0.5394456289978679,124
M Edie,Billings Mustangs,2023,67,283,251,82,16,6,2,19,7,1,57,58,0.32669322709163345,0.3884892086330935,0.46215139442231074,0.8506406030554043,0.13545816733067728,0.06713780918727916,0.20141342756183744,0.00706713780918727,24,0.08480565371024736,0.41472050355852796,0.5188064192577733,83
M Feinstein,Idaho Falls Chukars,2021,73,348,284,100,0,0,20,64,0,0,66,80,0.352112676056338,0.47126436781609193,0.5633802816901409,1.034644649506233,0.21126760563380287,0.1839080459770115,0.1896551724137931,0.05747126436781609,20,0.05747126436781609,0.3907446068197634,0.40841445675282534,159
M Feinstein,Idaho Falls Chukars,2022,28,144,113,40,7,0,7,26,4,1,29,26,0.35398230088495575,0.4861111111111111,0.6017699115044248,1.087881022615536,0.24778761061946908,0.18055555555555555,0.2013888888888889,0.04861111111111111,14,0.09722222222222222,0.40305975964890695,0.5083610473558481,139
M Golda,Grand Junction Jackalopes,2023,50,199,165,50,7,2,2,21,5,3,30,39,0.30303030303030304,0.3917525773195876,0.40606060606060607,0.7978131833801937,0.10303030303030304,0.10552763819095476,0.1507537688442211,0.0100502512562814,11,0.05527638190954774,0.41472050355852796,0.5188064192577733,73
M Handron,Modesto Roadsters,2026,50,248,206,79,24,1,10,40,1,1,31,44,0.383495145631068,0.4838709677419355,0.6553398058252428,1.139210773567178,0.2718446601941748,0.16129032258064516,0.125,0.04032258064516129,35,0.14112903225806453,0.45251877720901307,0.5898564150069476,118
M Harris,Boise Hawks,2021,57,185,160,38,0,0,6,25,0,0,60,32,0.2375,0.34054054054054056,0.35,0.6905405405405405,0.1125,0.13513513513513514,0.32432432432432434,0.03243243243243243,6,0.03243243243243243,0.3907446068197634,0.40841445675282534,73
M Herron Jr.,Rocky Mountain Vibes,2023,83,352,323,98,14,3,13,21,4,2,88,68,0.30340557275541796,0.3514285714285714,0.4860681114551083,0.8374966828836798,0.1826625386996904,0.05965909090909091,0.25,0.03693181818181818,30,0.08522727272727272,0.41472050355852796,0.5188064192577733,78
M Hogan,Rocky Mountain Vibes,2023,45,187,152,44,6,3,10,27,5,2,46,25,0.2894736842105263,0.4086021505376344,0.5657894736842105,0.9743916242218448,0.2763157894736842,0.1443850267379679,0.24598930481283424,0.053475935828877,19,0.10160427807486631,0.41472050355852796,0.5188064192577733,108
M Jefferson,Oakland Ballers,2024,39,168,147,47,6,1,3,17,4,0,26,37,0.3197278911564626,0.4047619047619048,0.43537414965986393,0.8401360544217686,0.11564625850340132,0.1011904761904762,0.15476190476190477,0.01785714285714285,10,0.05952380952380952,0.4241357590129312,0.5394456289978679,76
M Jung-Goldberg,Boise Hawks,2025,94,447,360,130,28,4,26,65,17,3,61,72,0.3611111111111111,0.4764044943820225,0.6777777777777778,1.1541822721598003,0.3166666666666667,0.145413870246085,0.13646532438478748,0.058165548098434,58,0.1297539149888143,0.4296401965446188,0.5468761663058894,135
M Koszewski,Missoula PaddleHeads,2026,62,324,249,82,16,3,4,64,2,9,26,59,0.3293172690763052,0.4567901234567901,0.46586345381526106,0.9226535772720512,0.13654618473895586,0.19753086419753085,0.08024691358024691,0.01234567901234567,23,0.07098765432098765,0.45251877720901307,0.5898564150069476,80
M Miller,Boise Hawks,2021,79,367,330,108,0,0,6,37,0,0,66,102,0.32727272727272727,0.39509536784741145,0.38181818181818183,0.7769135496655932,0.05454545454545456,0.1008174386920981,0.17983651226158037,0.01634877384196185,6,0.01634877384196185,0.3907446068197634,0.40841445675282534,95
M Minzey,Grand Junction Jackalopes,2025,84,396,324,106,24,2,24,63,4,3,88,56,0.3271604938271605,0.4390862944162437,0.6358024691358025,1.074888763552046,0.308641975308642,0.1590909090909091,0.2222222222222222,0.06060606060606061,50,0.12626262626262627,0.4296401965446188,0.5468761663058894,118
M O'Connor,Missoula PaddleHeads,2022,67,301,266,77,18,2,14,21,11,3,68,43,0.2894736842105263,0.36212624584717606,0.5300751879699248,0.8922014338171009,0.24060150375939848,0.06976744186046512,0.22591362126245848,0.04651162790697674,34,0.11295681063122924,0.40305975964890695,0.5083610473558481,94
M O'Connor,Missoula PaddleHeads,2023,87,391,334,101,21,6,18,42,12,3,78,56,0.3023952095808383,0.39641943734015345,0.562874251497006,0.9592936888371596,0.26047904191616766,0.10741687979539642,0.19948849104859337,0.04603580562659847,45,0.11508951406649616,0.41472050355852796,0.5188064192577733,104
M O'Hara,Oakland Ballers,2025,37,121,110,37,8,0,1,6,4,1,27,28,0.33636363636363636,0.3884297520661157,0.43636363636363634,0.824793388429752,0.09999999999999998,0.04958677685950413,0.2231404958677686,0.00826446280991735,9,0.0743801652892562,0.4296401965446188,0.5468761663058894,70
M OConnor,Missoula PaddleHeads,2021,58,241,223,69,0,0,11,18,0,0,50,58,0.3094170403587444,0.36099585062240663,0.45739910313901344,0.8183949537614201,0.14798206278026904,0.07468879668049792,0.2074688796680498,0.04564315352697095,11,0.04564315352697095,0.3907446068197634,0.40841445675282534,104
M O’Hara,Boise Hawks,2026,36,159,129,49,7,2,4,26,1,3,23,36,0.3798449612403101,0.4779874213836478,0.5581395348837209,1.0361269562673687,0.17829457364341084,0.16352201257861634,0.14465408805031446,0.02515723270440251,13,0.08176100628930817,0.45251877720901307,0.5898564150069476,100
M Rich,Colorado Springs Sky Sox,2022,58,185,163,47,2,2,0,13,1,6,34,43,0.2883435582822086,0.3333333333333333,0.32515337423312884,0.6584867075664622,0.03680981595092025,0.07027027027027027,0.1837837837837838,0,4,0.02162162162162162,0.40305975964890695,0.5083610473558481,47
M Rosario,Missoula PaddleHeads,2024,81,402,344,133,18,3,10,47,8,2,62,102,0.3866279069767442,0.4688279301745636,0.5436046511627907,1.0124325813373545,0.15697674418604646,0.11691542288557212,0.15422885572139303,0.02487562189054726,31,0.07711442786069651,0.4241357590129312,0.5394456289978679,111
M Rosario,Missoula PaddleHeads,2025,87,415,374,143,28,4,13,29,7,5,41,98,0.38235294117647056,0.43132530120481927,0.5828877005347594,1.0142130017395783,0.2005347593582888,0.06987951807228916,0.09879518072289156,0.03132530120481928,45,0.10843373493975904,0.4296401965446188,0.5468761663058894,107
M Skundrich,Billings Mustangs,2021,67,248,221,56,0,0,3,27,0,0,60,53,0.25339366515837103,0.3346774193548387,0.29411764705882354,0.6287950664136622,0.04072398190045251,0.10887096774193548,0.24193548387096775,0.01209677419354838,3,0.01209677419354838,0.3907446068197634,0.40841445675282534,58
M Soper,Billings Mustangs,2026,60,312,254,80,16,3,10,48,2,5,49,51,0.31496062992125984,0.4207119741100323,0.5196850393700787,0.9403970134801112,0.20472440944881887,0.15384615384615383,0.15705128205128205,0.03205128205128205,29,0.09294871794871797,0.45251877720901307,0.5898564150069476,81
M Sykes,Rocky Mountain Vibes,2024,45,181,158,48,8,1,3,11,8,2,38,36,0.3037974683544304,0.3743016759776536,0.4240506329113924,0.7983523088890461,0.120253164556962,0.06077348066298342,0.20994475138121543,0.01657458563535911,12,0.06629834254143646,0.4241357590129312,0.5394456289978679,67
M Wong,Grand Junction Jackalopes,2023,59,248,216,70,15,1,5,27,2,1,36,49,0.32407407407407407,0.4024390243902439,0.4722222222222222,0.8746612466124661,0.14814814814814814,0.10887096774193548,0.14516129032258066,0.02016129032258064,21,0.0846774193548387,0.41472050355852796,0.5188064192577733,88
M Yonamine,Boise Hawks,2024,96,467,411,139,21,2,24,40,10,6,95,92,0.3381995133819951,0.40471092077087795,0.5742092457420924,0.9789201665129704,0.2360097323600973,0.08565310492505353,0.20342612419700215,0.05139186295503212,47,0.1006423982869379,0.4241357590129312,0.5394456289978679,102
N Blythe,Oakland Ballers,2026,59,241,213,67,12,0,10,24,2,2,40,45,0.3145539906103286,0.38589211618257263,0.5117370892018779,0.8976292053844506,0.19718309859154928,0.0995850622406639,0.16597510373443983,0.04149377593360996,22,0.0912863070539419,0.45251877720901307,0.5898564150069476,72
N Emanuel,Great Falls Voyagers,2021,41,121,101,27,0,0,0,20,0,0,23,27,0.26732673267326734,0.3884297520661157,0.26732673267326734,0.6557564847393831,0,0.1652892561983471,0.1900826446280992,0,0,0,0.3907446068197634,0.40841445675282534,65
N Gatewood,Missoula PaddleHeads,2021,83,349,320,111,0,0,18,29,0,0,66,93,0.346875,0.4011461318051576,0.515625,0.9167711318051576,0.16875,0.0830945558739255,0.18911174785100288,0.05157593123209169,18,0.05157593123209169,0.3907446068197634,0.40841445675282534,129
N Gatewood,Missoula PaddleHeads,2022,94,436,403,136,36,2,14,20,5,8,67,84,0.337468982630273,0.3692660550458716,0.5409429280397022,0.9102089830855736,0.20347394540942929,0.04587155963302752,0.1536697247706422,0.03211009174311927,52,0.11926605504587157,0.40305975964890695,0.5083610473558481,98
N Klemp,Boise Hawks,2024,69,294,255,75,18,1,5,32,5,2,38,51,0.29411764705882354,0.380952380952381,0.43137254901960786,0.8123249299719888,0.13725490196078433,0.10884353741496598,0.1292517006802721,0.01700680272108843,24,0.08163265306122448,0.4241357590129312,0.5394456289978679,70
N Klemp,Missoula PaddleHeads,2025,53,247,212,72,14,4,14,32,3,0,39,40,0.33962264150943394,0.4331983805668016,0.6415094339622641,1.0747078145290656,0.3018867924528302,0.12955465587044537,0.15789473684210523,0.05668016194331984,32,0.12955465587044537,0.4296401965446188,0.5468761663058894,118
N Klemp,Missoula PaddleHeads,2026,64,345,295,97,23,1,19,41,3,6,31,54,0.3288135593220339,0.408695652173913,0.6067796610169491,1.0154753131908625,0.27796610169491526,0.11884057971014492,0.08985507246376812,0.05507246376811594,43,0.1246376811594203,0.45251877720901307,0.5898564150069476,93
N Marcelo,Boise Hawks,2023,40,109,96,28,6,0,0,12,0,0,28,22,0.2916666666666667,0.3703703703703703,0.3541666666666667,0.724537037037037,0.0625,0.11009174311926606,0.25688073394495414,0,6,0.05504587155963303,0.41472050355852796,0.5188064192577733,58
N Marcelo,Boise Hawks,2025,96,486,424,149,31,9,12,45,9,4,60,97,0.35141509433962265,0.4211618257261411,0.5518867924528302,0.9730486181789711,0.2004716981132076,0.0925925925925926,0.12345679012345678,0.02469135802469135,52,0.10699588477366256,0.4296401965446188,0.5468761663058894,99
N Martinez,Oakland Ballers,2024,88,400,325,103,20,0,21,72,3,0,90,62,0.3169230769230769,0.445,0.5723076923076923,1.0173076923076922,0.2553846153846154,0.18,0.225,0.0525,41,0.1025,0.4241357590129312,0.5394456289978679,111
N Michaels,Colorado Springs Sky Sox,2023,44,165,140,40,6,1,3,18,2,4,40,30,0.2857142857142857,0.36585365853658536,0.40714285714285714,0.7729965156794425,0.12142857142857144,0.10909090909090909,0.24242424242424243,0.01818181818181818,10,0.06060606060606061,0.41472050355852796,0.5188064192577733,67
N Michaels,Ogden Raptors,2021,75,284,259,90,0,0,5,25,0,0,64,85,0.3474903474903475,0.4049295774647887,0.40540540540540543,0.8103349828701942,0.05791505791505791,0.0880281690140845,0.22535211267605632,0.0176056338028169,5,0.0176056338028169,0.3907446068197634,0.40841445675282534,103
N Michaels,Rocky Mountain Vibes,2022,45,189,171,55,15,0,5,15,2,1,47,35,0.3216374269005848,0.380952380952381,0.4970760233918128,0.8780284043441937,0.17543859649122806,0.07936507936507936,0.24867724867724864,0.02645502645502645,20,0.1058201058201058,0.40305975964890695,0.5083610473558481,92
N Pacheco,Ogden Raptors,2021,45,108,94,27,0,0,1,14,0,0,35,26,0.2872340425531915,0.3796296296296297,0.3191489361702128,0.6987785657998424,0.03191489361702127,0.12962962962962962,0.32407407407407407,0.00925925925925925,1,0.00925925925925925,0.3907446068197634,0.40841445675282534,75
N Popa,Grand Junction Jackalopes,2022,93,433,392,159,19,5,6,23,12,5,58,129,0.4056122448979592,0.44907407407407407,0.5255102040816326,0.9745842781557068,0.11989795918367346,0.05311778290993071,0.13394919168591224,0.0138568129330254,30,0.06928406466512702,0.40305975964890695,0.5083610473558481,115
N Scantlin,Grand Junction Jackalopes,2021,57,275,237,84,0,0,5,38,0,0,62,79,0.35443037974683544,0.44363636363636366,0.4177215189873418,0.8613578826237054,0.06329113924050633,0.13818181818181818,0.22545454545454544,0.01818181818181818,5,0.01818181818181818,0.3907446068197634,0.40841445675282534,116
N Scantlin,Grand Junction Jackalopes,2022,26,131,113,40,7,1,0,15,3,0,17,32,0.35398230088495575,0.44274809160305345,0.4336283185840708,0.8763764101871243,0.07964601769911506,0.11450381679389313,0.1297709923664122,0,8,0.06106870229007633,0.40305975964890695,0.5083610473558481,95
N Ultsch,Boise Hawks,2024,90,414,361,126,21,7,10,36,11,6,66,88,0.3490304709141274,0.4178743961352657,0.5290858725761773,0.9469602687114432,0.18005540166204992,0.08695652173913043,0.15942028985507245,0.02415458937198067,38,0.09178743961352658,0.4241357590129312,0.5394456289978679,97
N Ultsch,Ogden Raptors,2023,89,388,343,128,27,5,7,35,8,2,67,89,0.37317784256559766,0.44072164948453607,0.5422740524781341,0.9829957019626702,0.16909620991253643,0.09020618556701032,0.17268041237113402,0.01804123711340206,39,0.10051546391752578,0.41472050355852796,0.5188064192577733,111
O Johnson,Modesto Roadsters,2026,60,290,251,104,15,4,20,34,3,2,41,65,0.41434262948207173,0.4862068965517241,0.7450199203187251,1.2312268168704492,0.33067729083665337,0.11724137931034484,0.1413793103448276,0.06896551724137931,39,0.13448275862068965,0.45251877720901307,0.5898564150069476,134
O Serratos Jr.,Great Falls Voyagers,2024,59,243,209,68,11,4,4,20,7,5,53,49,0.3253588516746411,0.3941908713692946,0.47368421052631576,0.8678750818956104,0.14832535885167464,0.0823045267489712,0.21810699588477367,0.01646090534979424,19,0.07818930041152264,0.4241357590129312,0.5394456289978679,81
O Taylor,Ogden Raptors,2021,65,217,182,54,0,0,4,35,0,0,58,50,0.2967032967032967,0.4101382488479262,0.3626373626373626,0.7727756114852888,0.06593406593406592,0.16129032258064516,0.2672811059907834,0.0184331797235023,4,0.0184331797235023,0.3907446068197634,0.40841445675282534,94
P Adams,Ogden Raptors,2022,84,393,316,103,9,2,5,62,3,4,68,87,0.3259493670886076,0.43636363636363634,0.4145569620253165,0.8509205983889527,0.08860759493670883,0.15776081424936386,0.17302798982188294,0.01272264631043257,16,0.04071246819338423,0.40305975964890695,0.5083610473558481,90
P Chung,Missoula PaddleHeads,2022,33,105,95,37,5,3,2,6,1,3,5,27,0.3894736842105263,0.41904761904761906,0.5684210526315789,0.987468671679198,0.17894736842105263,0.05714285714285714,0.04761904761904761,0.01904761904761905,10,0.09523809523809525,0.40305975964890695,0.5083610473558481,116
P Chung,Missoula PaddleHeads,2023,79,353,316,110,17,2,6,22,9,6,32,85,0.34810126582278483,0.39943342776203966,0.47151898734177217,0.8709524151038118,0.12341772151898732,0.06232294617563739,0.0906515580736544,0.0169971671388102,25,0.0708215297450425,0.41472050355852796,0.5188064192577733,87
P Chung,Missoula PaddleHeads,2024,87,434,358,134,32,5,11,62,10,2,46,86,0.3743016759776536,0.47685185185185186,0.5837988826815642,1.0606507345334162,0.2094972067039106,0.14285714285714285,0.10599078341013823,0.02534562211981567,48,0.11059907834101385,0.4241357590129312,0.5394456289978679,121
P Coddou,Yuba-Sutter Freebirds,2025,64,306,242,77,7,1,6,59,2,3,67,63,0.3181818181818182,0.4509803921568627,0.4297520661157025,0.8807324582725653,0.11157024793388431,0.19281045751633988,0.21895424836601307,0.0196078431372549,14,0.0457516339869281,0.4296401965446188,0.5468761663058894,84
P Depasquale,Boise Hawks,2026,32,155,132,41,7,0,0,9,7,3,28,34,0.3106060606060606,0.37748344370860926,0.3636363636363637,0.741119807344973,0.05303030303030304,0.05806451612903226,0.18064516129032257,0,7,0.04516129032258064,0.45251877720901307,0.5898564150069476,45
P Harden,Oakland Ballers,2024,82,365,310,99,10,4,4,47,2,3,80,81,0.3193548387096774,0.4088397790055249,0.4161290322580645,0.8249688112635893,0.09677419354838712,0.12876712328767123,0.2191780821917808,0.01095890410958904,18,0.04931506849315068,0.4241357590129312,0.5394456289978679,74
P Howard,Ogden Raptors,2024,95,426,389,140,25,3,4,22,10,4,60,108,0.35989717223650386,0.4047058823529412,0.4704370179948586,0.8751429003477997,0.11053984575835474,0.05164319248826291,0.14084507042253522,0.00938967136150234,32,0.07511737089201878,0.4241357590129312,0.5394456289978679,83
P Lester,Idaho Falls Chukars,2026,38,180,152,56,14,0,12,25,1,1,34,30,0.3684210526315789,0.4581005586592179,0.6973684210526315,1.1554689797118494,0.3289473684210526,0.1388888888888889,0.18888888888888888,0.06666666666666667,26,0.14444444444444443,0.45251877720901307,0.5898564150069476,119
P Mills,Billings Mustangs,2024,46,217,167,51,12,2,12,45,2,3,49,25,0.30538922155688625,0.4516129032258064,0.6167664670658682,1.0683793702916746,0.311377245508982,0.2073732718894009,0.2258064516129032,0.05529953917050691,26,0.11981566820276496,0.4241357590129312,0.5394456289978679,121
P Mills,Billings Mustangs,2025,76,331,279,88,16,1,9,40,8,4,64,62,0.3154121863799283,0.4108761329305136,0.4767025089605735,0.88757864189108715,0.16129032258064518,0.12084592145015106,0.1933534743202417,0.02719033232628398,26,0.07854984894259819,0.4296401965446188,0.5468761663058894,83
P Myro IV,Boise Hawks,2025,84,402,325,112,23,5,2,51,17,8,75,82,0.3446153846153846,0.4488778054862843,0.4646153846153846,0.913493190101669,0.12,0.12686567164179105,0.1865671641791045,0.00497512437810945,30,0.07462686567164178,0.4296401965446188,0.5468761663058894,89
P Parks,Ogden Raptors,2021,76,348,294,98,0,0,12,54,0,0,78,86,0.3333333333333333,0.4367816091954023,0.4557823129251701,0.8925639221205723,0.12244897959183676,0.15517241379310345,0.22413793103448276,0.03448275862068965,12,0.03448275862068965,0.3907446068197634,0.40841445675282534,123
P Robertson,Colorado Springs Sky Sox,2023,92,408,320,106,21,8,11,70,11,4,70,66,0.33125,0.4617283950617284,0.55,1.0117283950617284,0.21875000000000008,0.1715686274509804,0.1715686274509804,0.02696078431372549,40,0.09803921568627452,0.41472050355852796,0.5188064192577733,117
P Shelton,Grand Junction Jackalopes,2025,57,158,138,43,8,0,2,14,4,0,21,33,0.3115942028985507,0.391025641025641,0.4130434782608696,0.8040691192865106,0.10144927536231883,0.08860759493670886,0.13291139240506328,0.01265822784810126,10,0.06329113924050633,0.4296401965446188,0.5468761663058894,67
Q Alexander,Great Falls Voyagers,2021,56,239,217,62,0,0,0,22,0,0,49,62,0.2857142857142857,0.3514644351464435,0.2857142857142857,0.6371787208607291,0,0.09205020920502092,0.20502092050209209,0,0,0,0.3907446068197634,0.40841445675282534,60
Q Landis,Colorado Springs Sky Sox,2025,75,323,255,85,13,2,8,54,11,3,34,62,0.3333333333333333,0.46439628482972134,0.4941176470588235,0.958513931888545,0.16078431372549024,0.16718266253869968,0.10526315789473684,0.02476780185758514,23,0.07120743034055728,0.4296401965446188,0.5468761663058894,98
R Alexiades,Ogden Raptors,2021,51,112,99,32,0,0,2,13,0,0,24,30,0.32323232323232326,0.4017857142857143,0.3838383838383838,0.7856240981240981,0.06060606060606055,0.11607142857142858,0.21428571428571427,0.01785714285714285,2,0.01785714285714285,0.3907446068197634,0.40841445675282534,97
R Alexiades,Ogden Raptors,2022,91,422,352,116,23,6,14,62,1,6,83,73,0.32954545454545453,0.4251781472684085,0.5482954545454546,0.9734736018138632,0.21875000000000008,0.14691943127962084,0.1966824644549763,0.03317535545023697,43,0.1018957345971564,0.40305975964890695,0.5083610473558481,113
R Alexiades,Ogden Raptors,2023,94,443,365,119,31,4,29,73,0,5,81,55,0.32602739726027397,0.43340857787810383,0.6712328767123288,1.1046414545904326,0.3452054794520548,0.16478555304740403,0.18284424379232503,0.0654627539503386,64,0.14446952595936793,0.41472050355852796,0.5188064192577733,134
R Cash,Glacier Range Riders,2022,90,386,331,108,11,2,3,47,0,6,41,92,0.32628398791540786,0.4036458333333333,0.3987915407854985,0.8024373741188318,0.07250755287009064,0.12176165803108809,0.10621761658031088,0.0077720207253886,16,0.04145077720207254,0.40305975964890695,0.5083610473558481,79
R Cash,Missoula PaddleHeads,2023,69,298,264,78,8,4,3,26,3,3,32,63,0.29545454545454547,0.3614864864864865,0.39015151515151514,0.7516380016380017,0.09469696969696968,0.087248322147651,0.10738255033557048,0.01006711409395973,15,0.05033557046979865,0.41472050355852796,0.5188064192577733,62
R Gil,Boise Hawks,2022,84,373,331,97,22,2,17,33,3,6,89,56,0.2930513595166163,0.35656836461126007,0.525679758308157,0.8822481229194171,0.2326283987915407,0.08847184986595175,0.2386058981233244,0.04557640750670241,41,0.1099195710455764,0.40305975964890695,0.5083610473558481,92
R Gil,Ogden Raptors,2024,67,253,215,65,15,0,18,27,8,3,83,32,0.3023255813953488,0.3952569169960474,0.6232558139534884,1.018512730949536,0.32093023255813957,0.1067193675889328,0.32806324110671936,0.07114624505928854,33,0.13043478260869565,0.4241357590129312,0.5394456289978679,109
R Gonzalez,Idaho Falls Chukars,2024,31,151,132,61,11,1,2,13,1,5,11,47,0.4621212121212121,0.4966887417218543,0.6060606060606061,1.1027493477824604,0.14393939393939398,0.08609271523178808,0.0728476821192053,0.01324503311258278,14,0.09271523178807949,0.4241357590129312,0.5394456289978679,129
R Jepson,Great Falls Voyagers,2021,73,287,254,84,0,0,4,33,0,0,50,80,0.33070866141732286,0.4076655052264808,0.3779527559055118,0.7856182611319926,0.04724409448818895,0.11498257839721254,0.17421602787456447,0.01393728222996515,4,0.01393728222996515,0.3907446068197634,0.40841445675282534,97
R Jepson,Great Falls Voyagers,2022,66,309,243,99,17,4,12,61,2,3,32,66,0.4074074074074074,0.5242718446601942,0.6584362139917695,1.1827080586519636,0.25102880658436216,0.1974110032362459,0.10355987055016182,0.03883495145631067,33,0.10679611650485436,0.40305975964890695,0.5083610473558481,160
R Jepson,Great Falls Voyagers,2023,82,385,321,120,24,5,1,54,5,5,27,90,0.37383177570093457,0.4649350649350649,0.48909657320872274,0.9540316381437876,0.11526479750778816,0.14025974025974025,0.07012987012987013,0.00259740259740259,30,0.07792207792207792,0.41472050355852796,0.5188064192577733,106
R Major,Great Falls Voyagers,2024,92,383,340,113,21,9,7,33,4,5,62,76,0.3323529411764706,0.39267015706806285,0.5088235294117647,0.9014936864798276,0.1764705882352941,0.08616187989556136,0.1618798955613577,0.01827676240208877,37,0.09660574412532635,0.4241357590129312,0.5394456289978679,87
R Martinez,Grand Junction Jackalopes,2021,45,168,142,43,0,0,6,26,0,0,27,37,0.3028169014084507,0.4107142857142857,0.4295774647887324,0.8402917505030181,0.1267605633802817,0.15476190476190477,0.16071428571428573,0.03571428571428571,6,0.03571428571428571,0.3907446068197634,0.40841445675282534,110
R McCarthy,Glacier Range Riders,2024,29,144,125,50,8,2,8,16,2,1,24,32,0.4,0.4722222222222222,0.688,1.160222222222222,0.2879999999999999,0.1111111111111111,0.16666666666666666,0.05555555555555555,18,0.125,0.4241357590129312,0.5394456289978679,139
R McCarthy,Great Falls Voyagers,2023,22,103,86,32,7,2,6,15,1,1,19,17,0.3720930232558139,0.46601941747572817,0.7093023255813954,1.1753217430571237,0.33720930232558144,0.14563106796116504,0.18446601941747573,0.05825242718446602,15,0.14563106796116504,0.41472050355852796,0.5188064192577733,149
R Mccarthy,Idaho Falls Chukars,2024,55,237,181,57,11,0,4,40,10,2,41,42,0.3149171270718232,0.4592274678111588,0.4419889502762431,0.9012164180874018,0.1270718232044199,0.16877637130801687,0.1729957805907173,0.01687763713080168,15,0.06329113924050633,0.4241357590129312,0.5394456289978679,90
R Narea,Ogden Raptors,2023,86,359,301,94,15,0,9,35,9,4,50,70,0.3122923588039867,0.3954154727793696,0.45182724252491696,0.8472427153042865,0.13953488372093026,0.09749303621169916,0.1392757660167131,0.02506963788300835,24,0.06685236768802229,0.41472050355852796,0.5188064192577733,82
R Orsak,Yuba-Sutter Freebirds,2025,88,426,372,130,22,0,19,44,6,3,52,89,0.34946236559139787,0.4235294117647059,0.5618279569892473,0.9853573687539532,0.21236559139784936,0.10328638497652584,0.12206572769953052,0.04460093896713615,41,0.09624413145539906,0.4296401965446188,0.5468761663058894,101
R Paller,Idaho Falls Chukars,2023,34,126,99,29,8,0,4,23,2,0,30,17,0.29292929292929293,0.43548387096774194,0.494949494949495,0.9304333659172368,0.20202020202020204,0.18253968253968253,0.23809523809523808,0.03174603174603174,12,0.09523809523809525,0.41472050355852796,0.5188064192577733,100
R Pena,Missoula PaddleHeads,2024,91,450,389,127,27,1,24,46,11,3,126,75,0.3264781491002571,0.4097995545657015,0.5861182519280206,0.9959178064937222,0.2596401028277635,0.10222222222222224,0.28,0.05333333333333334,52,0.11555555555555556,0.4241357590129312,0.5394456289978679,105
R Pena,Missoula PaddleHeads,2025,95,460,388,139,27,1,46,58,11,3,88,65,0.3582474226804124,0.45217391304347826,0.788659793814433,1.2408337068579112,0.4304123711340206,0.12608695652173912,0.19130434782608696,0.1,74,0.1608695652173913,0.4296401965446188,0.5468761663058894,149
R Shah,Ogden Raptors,2021,70,243,211,74,0,0,7,32,0,0,50,67,0.35071090047393366,0.43621399176954734,0.45023696682464454,0.8864509585941919,0.09952606635071087,0.13168724279835392,0.205761316872428,0.02880658436213992,7,0.02880658436213992,0.3907446068197634,0.40841445675282534,122
R Washington Jr.,Grand Junction Jackalopes,2023,90,420,357,125,19,2,24,54,6,3,67,80,0.35014005602240894,0.44047619047619047,0.6162464985994398,1.0567226890756305,0.26610644257703087,0.12857142857142856,0.1595238095238095,0.05714285714285714,45,0.10714285714285714,0.41472050355852796,0.5188064192577733,125
S Barmakian,Idaho Falls Chukars,2021,66,312,269,85,0,0,3,43,0,0,43,82,0.3159851301115242,0.41025641025641024,0.34944237918215615,0.7596987894385664,0.03345724907063197,0.13782051282051283,0.13782051282051283,0.00961538461538461,3,0.00961538461538461,0.3907446068197634,0.40841445675282534,91
S Barmakian,Idaho Falls Chukars,2022,91,448,384,126,32,3,4,53,9,2,61,87,0.328125,0.4196428571428571,0.4583333333333333,0.8779761904761905,0.13020833333333331,0.11830357142857142,0.13616071428571427,0.00892857142857142,39,0.08705357142857142,0.40305975964890695,0.5083610473558481,94
S Barmakian,Rocky Mountain Vibes,2023,40,162,137,40,6,4,4,23,0,2,26,26,0.291970802919708,0.3888888888888889,0.4817518248175182,0.8706407137064072,0.18978102189781024,0.1419753086419753,0.16049382716049382,0.02469135802469135,14,0.08641975308641975,0.41472050355852796,0.5188064192577733,87
S Baumgardt,Idaho Falls Chukars,2025,74,341,285,103,24,1,19,39,9,7,54,59,0.36140350877192984,0.4441176470588235,0.6526315789473685,1.096749226006192,0.2912280701754386,0.11436950146627566,0.1583577712609971,0.05571847507331378,44,0.12903225806451613,0.4296401965446188,0.5468761663058894,123
S Canton,Idaho Falls Chukars,2026,64,330,285,114,24,4,20,31,8,5,38,66,0.4,0.4650455927051671,0.7228070175438597,1.1878526102490268,0.32280701754385965,0.09393939393939392,0.11515151515151516,0.06060606060606061,48,0.14545454545454545,0.45251877720901307,0.5898564150069476,125
S Coffman,Grand Junction Jackalopes,2025,77,378,333,127,23,2,12,33,3,5,37,90,0.3813813813813814,0.4358288770053476,0.5705705705705706,1.006399447575918,0.1891891891891892,0.0873015873015873,0.09788359788359788,0.03174603174603174,37,0.09788359788359788,0.4296401965446188,0.5468761663058894,106
S Coffman,RedPocket Mobiles,2026,59,285,258,81,10,1,4,20,0,2,45,66,0.313953488372093,0.3607142857142857,0.4069767441860465,0.7676910299003322,0.09302325581395347,0.07017543859649122,0.15789473684210523,0.01403508771929824,15,0.05263157894736842,0.45251877720901307,0.5898564150069476,49
S Cullen,Idaho Falls Chukars,2023,48,206,182,52,9,1,6,20,3,0,49,36,0.2857142857142857,0.36585365853658536,0.44505494505494503,0.8109086035915304,0.15934065934065933,0.0970873786407767,0.23786407766990292,0.02912621359223301,16,0.07766990291262135,0.41472050355852796,0.5188064192577733,74
S Gozzo,Ogden Raptors,2023,59,253,197,63,10,2,4,44,4,4,39,47,0.3197969543147208,0.4457831325301205,0.4517766497461929,0.8975597822763134,0.1319796954314721,0.17391304347826086,0.1541501976284585,0.01581027667984189,16,0.06324110671936758,0.41472050355852796,0.5188064192577733,95
S Greico,Ogden Raptors,2026,42,204,176,63,14,2,16,21,5,2,54,31,0.35795454545454547,0.4362745098039216,0.7329545454545454,1.169229055258467,0.37499999999999994,0.10294117647058824,0.2647058823529412,0.0784313725490196,32,0.1568627450980392,0.45251877720901307,0.5898564150069476,121
S Jabusch,Great Falls Voyagers,2021,126,425,359,99,0,0,9,66,0,0,98,90,0.2757660167130919,0.38823529411764707,0.35097493036211697,0.739210224479764,0.07520891364902504,0.15529411764705883,0.23058823529411765,0.02117647058823529,9,0.02117647058823529,0.3907446068197634,0.40841445675282534,85
S Kuchinski,Grand Junction Jackalopes,2024,52,224,187,57,9,0,15,32,4,0,54,33,0.3048128342245989,0.4170403587443946,0.5935828877005348,1.0106232464449294,0.2887700534759359,0.14285714285714285,0.24107142857142855,0.06696428571428571,24,0.10714285714285714,0.4241357590129312,0.5394456289978679,108
S Linscott,Glacier Range Riders,2022,50,224,206,67,15,3,4,14,2,2,26,45,0.32524271844660196,0.3705357142857143,0.4854368932038835,0.8559726074895978,0.16019417475728154,0.0625,0.11607142857142858,0.01785714285714285,22,0.09821428571428573,0.40305975964890695,0.5083610473558481,87
S Linscott,Rocky Mountain Vibes,2025,90,423,382,151,23,4,14,31,7,3,36,110,0.3952879581151833,0.44680851063829785,0.5863874345549738,1.0331959451932715,0.19109947643979053,0.07328605200945626,0.0851063829787234,0.03309692671394799,41,0.09692671394799054,0.4296401965446188,0.5468761663058894,111
S Macias,Rocky Mountain Vibes,2021,36,125,113,38,0,0,8,12,0,0,26,30,0.336283185840708,0.4,0.5486725663716814,0.9486725663716814,0.2123893805309734,0.096,0.208,0.064,8,0.064,0.3907446068197634,0.40841445675282534,137
S Olsson,Boise Hawks,2023,28,134,108,42,7,0,1,15,7,4,13,34,0.3888888888888889,0.47761194029850745,0.48148148148148145,0.9590934217799888,0.09259259259259256,0.11194029850746268,0.09701492537313432,0.00746268656716417,8,0.05970149253731343,0.41472050355852796,0.5188064192577733,108
S Rich,Idaho Falls Chukars,2025,51,221,192,74,8,0,13,22,4,2,47,53,0.3854166666666667,0.4545454545454546,0.6302083333333334,1.0847537878787878,0.24479166666666669,0.0995475113122172,0.21266968325791857,0.0588235294117647,21,0.09502262443438914,0.4296401965446188,0.5468761663058894,121
S Rivas,Rocky Mountain Vibes,2024,93,443,404,138,31,5,31,30,5,4,95,71,0.3415841584158416,0.3905191873589165,0.6732673267326733,1.06378651409159,0.3316831683168317,0.06772009029345373,0.2144469525959368,0.06997742663656885,67,0.15124153498871332,0.4241357590129312,0.5394456289978679,117
S Troyer,Idaho Falls Chukars,2022,26,128,112,40,14,2,0,7,9,0,26,24,0.35714285714285715,0.4375,0.5178571428571429,0.9553571428571428,0.16071428571428575,0.0546875,0.203125,0,16,0.125,0.40305975964890695,0.5083610473558481,110
S Troyer,Idaho Falls Chukars,2023,57,263,226,68,14,0,1,26,8,1,58,53,0.3008849557522124,0.39080459770114945,0.37610619469026546,0.7669107923914149,0.07522123893805305,0.0988593155893536,0.22053231939163495,0.00380228136882129,15,0.05703422053231939,0.41472050355852796,0.5188064192577733,67
S Ullian,Ogden Raptors,2022,60,233,204,68,20,1,10,22,4,3,55,37,0.3333333333333333,0.4034334763948498,0.5882352941176471,0.9916687705124968,0.25490196078431376,0.0944206008583691,0.23605150214592271,0.04291845493562232,31,0.13304721030042918,0.40305975964890695,0.5083610473558481,116
S Wilmer,Oakland Ballers,2024,83,357,290,90,24,0,9,49,8,3,85,57,0.3103448275862069,0.42,0.4862068965517241,0.906206896551724,0.1758620689655172,0.13725490196078433,0.23809523809523808,0.02521008403361344,33,0.09243697478991596,0.4241357590129312,0.5394456289978679,89
S Wilmer,Rocky Mountain Vibes,2023,52,180,130,46,7,1,10,35,12,1,44,28,0.35384615384615387,0.5224719101123596,0.6538461538461539,1.1763180639585131,0.3,0.19444444444444445,0.24444444444444444,0.05555555555555555,18,0.1,0.41472050355852796,0.5188064192577733,152
T Bouchard,Colorado Springs Sky Sox,2022,67,292,257,94,21,5,12,32,2,1,76,56,0.3657587548638132,0.4383561643835616,0.6264591439688716,1.0648153083524332,0.2607003891050584,0.1095890410958904,0.2602739726027397,0.0410958904109589,38,0.13013698630136986,0.40305975964890695,0.5083610473558481,132
T Bouchard,Colorado Springs Sky Sox,2023,71,316,270,83,18,1,10,43,1,2,82,54,0.3074074074074074,0.4018987341772152,0.4925925925925926,0.8944913267698078,0.18518518518518515,0.1360759493670886,0.25949367088607594,0.03164556962025317,29,0.09177215189873418,0.41472050355852796,0.5188064192577733,92
T Brunson,Great Falls Voyagers,2021,33,127,116,33,0,0,2,11,0,0,34,31,0.28448275862068967,0.3464566929133858,0.33620689655172414,0.68266358946511,0.05172413793103447,0.08661417322834646,0.2677165354330709,0.01574803149606299,2,0.01574803149606299,0.3907446068197634,0.40841445675282534,71
T Carranza,Billings Mustangs,2021,76,317,258,70,0,0,13,59,0,0,83,57,0.2713178294573643,0.4069400630914827,0.42248062015503873,0.8294206832465214,0.1511627906976744,0.1861198738170347,0.2618296529968454,0.04100946372239748,13,0.04100946372239748,0.3907446068197634,0.40841445675282534,108
T Clark,Oakland Ballers,2024,38,160,138,43,8,0,4,11,11,0,26,31,0.3115942028985507,0.40625,0.4565217391304347,0.8627717391304348,0.14492753623188404,0.06875,0.1625,0.025,12,0.075,0.4241357590129312,0.5394456289978679,80
T Clarkson,Glacier Range Riders,2025,94,435,364,109,22,2,14,58,9,4,66,71,0.29945054945054944,0.4045977011494253,0.48626373626373626,0.8908614374131616,0.1868131868131868,0.13333333333333333,0.15172413793103448,0.03218390804597701,38,0.08735632183908046,0.4296401965446188,0.5468761663058894,83
T Cobb,Oakland Ballers,2026,53,252,219,75,12,0,12,32,0,1,44,51,0.3424657534246575,0.4246031746031746,0.5616438356164384,0.986247010219613,0.2191780821917809,0.12698412698412698,0.1746031746031746,0.04761904761904761,24,0.09523809523809525,0.45251877720901307,0.5898564150069476,89
T Cruz,Great Falls Voyagers,2025,56,249,219,73,10,5,6,29,0,1,47,52,0.3333333333333333,0.40963855421686746,0.5068493150684932,0.9164878692853606,0.17351598173515986,0.11646586345381528,0.18875502008032127,0.02409638554216867,21,0.08433734939759036,0.4296401965446188,0.5468761663058894,88
T Cruz,Great Falls Voyagers,2026,58,285,234,88,19,2,18,43,3,3,48,49,0.37606837606837606,0.4734982332155477,0.7051282051282052,1.1786264383437528,0.3290598290598291,0.15087719298245614,0.16842105263157894,0.06315789473684211,39,0.1368421052631579,0.45251877720901307,0.5898564150069476,124
T Darden,Boise Hawks,2025,95,452,371,159,25,8,18,68,10,3,58,108,0.42857142857142855,0.5243362831858407,0.6846361185983828,1.2089724017842234,0.25606469002695426,0.1504424778761062,0.1283185840707965,0.03982300884955752,51,0.11283185840707964,0.4296401965446188,0.5468761663058894,147
T DeBonville,Idaho Falls Chukars,2021,51,236,214,69,0,0,8,22,0,0,47,61,0.32242990654205606,0.3855932203389831,0.4345794392523365,0.8201726595913195,0.1121495327102804,0.093220338983050835,0.19915254237288135,0.03389830508474576,8,0.03389830508474576,0.3907446068197634,0.40841445675282534,105
T DeBonville,Idaho Falls Chukars,2022,31,128,119,40,7,2,4,8,0,1,34,27,0.33613445378151263,0.375,0.5294117647058824,0.9044117647058824,0.19327731092436973,0.0625,0.265625,0.03125,13,0.1015625,0.40305975964890695,0.5083610473558481,97
T DeBonville,Missoula PaddleHeads,2023,68,256,233,74,12,3,11,19,1,3,70,48,0.31759656652360513,0.3671875,0.5364806866952789,0.9036681866952788,0.2188841201716738,0.07421875,0.2734375,0.04296875,26,0.1015625,0.41472050355852796,0.5188064192577733,92
T Dooley,Idaho Falls Chukars,2026,56,276,229,72,11,4,9,31,12,0,53,48,0.314410480349345,0.4227941176470588,0.5152838427947598,0.9380779604418186,0.2008733624454148,0.11231884057971014,0.19202898550724637,0.03260869565217391,24,0.08695652173913043,0.45251877720901307,0.5898564150069476,81
T Dooley,Rocky Mountain Vibes,2025,43,204,164,56,13,0,0,31,5,2,34,43,0.34146341463414637,0.45544554455445546,0.4207317073170731,0.8761772518715286,0.07926829268292679,0.15196078431372548,0.16666666666666666,0,13,0.06372549019607843,0.4296401965446188,0.5468761663058894,83
T Fontenot,Ogden Raptors,2025,93,426,370,126,36,1,7,32,12,4,80,82,0.34054054054054056,0.40669856459330145,0.5,0.9066985645933014,0.15945945945945944,0.07511737089201878,0.18779342723004697,0.01643192488262911,44,0.10328638497652584,0.4296401965446188,0.5468761663058894,86
T Ganus,Ogden Raptors,2026,48,126,103,34,6,0,1,15,4,2,13,27,0.3300970873786408,0.4274193548387097,0.4174757281553398,0.8448950829940495,0.08737864077669899,0.11904761904761904,0.10317460317460315,0.0079365079365079309,7,0.05555555555555555,0.45251877720901307,0.5898564150069476,65
T Garcia,Rocky Mountain Vibes,2025,77,335,287,108,16,3,4,31,9,6,32,85,0.3763066202090593,0.4444444444444444,0.49477351916376305,0.9392179636082074,0.1184668989547038,0.09253731343283582,0.0955223880597015,0.01194029850746268,23,0.06865671641791045,0.4296401965446188,0.5468761663058894,94
T Halsema,Idaho Falls Chukars,2023,92,405,345,107,25,4,6,52,3,5,71,72,0.3101449275362319,0.4,0.4579710144927536,0.8579710144927537,0.14782608695652172,0.12839506172839507,0.17530864197530863,0.01481481481481481,35,0.08641975308641975,0.41472050355852796,0.5188064192577733,85
T Halsema,Rocky Mountain Vibes,2024,86,384,339,112,19,4,10,38,3,4,62,79,0.3303834808259587,0.3984375,0.49852507374631266,0.8969625737463127,0.16814159292035397,0.09895833333333331,0.16145833333333334,0.02604166666666666,33,0.0859375,0.4241357590129312,0.5394456289978679,86
T Hardy,Idaho Falls Chukars,2024,21,101,84,30,5,2,1,12,3,1,16,22,0.35714285714285715,0.45,0.5,0.95,0.14285714285714285,0.1188118811881188,0.15841584158415842,0.0099009900990099,8,0.07920792079207921,0.4241357590129312,0.5394456289978679,99
T Jorgensen,Boise Hawks,2021,70,279,260,81,0,0,4,19,0,0,35,77,0.31153846153846154,0.35842293906810035,0.3576923076923077,0.716115246760408,0.04615384615384615,0.06810035842293907,0.12544802867383512,0.01433691756272401,4,0.01433691756272401,0.3907446068197634,0.40841445675282534,79
T Jorgensen,Boise Hawks,2022,95,460,401,116,21,4,4,36,18,5,69,87,0.2892768079800499,0.3695652173913043,0.3915211970074813,0.7610864143987857,0.10224438902743138,0.0782608695652174,0.15,0.00869565217391304,29,0.06304347826086956,0.40305975964890695,0.5083610473558481,69
T Kelly,Idaho Falls Chukars,2021,36,136,122,44,0,0,5,14,0,0,22,39,0.3606557377049181,0.4264705882352941,0.4836065573770491,0.9100771456123432,0.12295081967213112,0.10294117647058824,0.16176470588235295,0.03676470588235294,5,0.03676470588235294,0.3907446068197634,0.40841445675282534,128
T Kelly,Idaho Falls Chukars,2022,38,161,133,45,12,1,4,22,5,1,13,28,0.3383458646616541,0.4472049689440994,0.5338345864661654,0.9810395554102648,0.19548872180451132,0.13664596273291926,0.08074534161490683,0.0248447204968944,17,0.10559006211180123,0.40305975964890695,0.5083610473558481,116
T Lewis,Ogden Raptors,2022,77,289,247,72,20,1,5,26,9,5,75,46,0.291497975708502,0.37282229965156793,0.44129554655870445,0.8141178462102724,0.14979757085020243,0.08996539792387544,0.25951557093425603,0.01730103806228374,26,0.08996539792387544,0.40305975964890695,0.5083610473558481,79
T Lomack,Billings Mustangs,2023,89,400,351,113,14,4,10,33,3,10,74,85,0.32193732193732194,0.3753148614609571,0.4700854700854701,0.8454003315464272,0.14814814814814814,0.0825,0.185,0.025,28,0.07,0.41472050355852796,0.5188064192577733,81
T Lomack,Yuba-Sutter Freebirds,2024,80,337,281,94,9,3,2,54,2,0,57,80,0.33451957295373663,0.4451038575667656,0.4092526690391459,0.8543565266059114,0.07473309608540929,0.16023738872403562,0.16913946587537093,0.0059347181008902,14,0.04154302670623145,0.4241357590129312,0.5394456289978679,81
T Lozano,Oakland Ballers,2025,46,188,173,53,9,2,5,11,1,2,26,37,0.3063583815028902,0.34759358288770054,0.4682080924855491,0.8158016753732497,0.1618497109826589,0.05851063829787234,0.13829787234042554,0.02659574468085106,16,0.0851063829787234,0.4296401965446188,0.5468761663058894,67
T McCaffrey,Idaho Falls Chukars,2025,54,240,208,69,16,0,8,19,6,6,38,45,0.3317307692307692,0.393305439330544,0.5240384615384616,0.9173439008690056,0.19230769230769235,0.07916666666666666,0.15833333333333333,0.03333333333333333,24,0.1,0.4296401965446188,0.5468761663058894,87
T McKenzie,Oakland Ballers,2025,89,389,331,99,14,4,16,44,9,3,88,65,0.2990936555891239,0.39276485788113696,0.5105740181268882,0.9033388760080252,0.2114803625377643,0.11311053984575836,0.2262210796915167,0.04113110539845758,34,0.08740359897172237,0.4296401965446188,0.5468761663058894,85
T Minder,Boise Hawks,2023,91,381,330,102,17,3,8,31,10,8,52,74,0.3090909090909091,0.37730870712401055,0.45151515151515154,0.8288238586391621,0.14242424242424245,0.08136482939632546,0.13648293963254593,0.02099737532808399,28,0.07349081364829396,0.41472050355852796,0.5188064192577733,78
T Rogers,Idaho Falls Chukars,2024,88,406,322,100,23,0,14,65,13,6,77,63,0.3105590062111801,0.43842364532019706,0.5124223602484472,0.9508460055686444,0.20186335403726713,0.16009852216748768,0.1896551724137931,0.03448275862068965,37,0.09113300492610836,0.4241357590129312,0.5394456289978679,98
T Rogers,Idaho Falls Chukars,2025,92,460,383,145,37,2,28,61,14,2,68,78,0.3785900783289817,0.4782608695652174,0.7049608355091384,1.183221705074356,0.3263707571801566,0.13260869565217392,0.14782608695652175,0.06086956521739131,67,0.14565217391304347,0.4296401965446188,0.5468761663058894,140
T Specht,Great Falls Voyagers,2025,93,419,372,114,21,6,9,37,3,7,74,78,0.3064516129032258,0.3675417661097852,0.46774193548387094,0.8352837015936562,0.16129032258064513,0.0883054892601432,0.1766109785202864,0.02147971360381861,36,0.08591885441527446,0.4296401965446188,0.5468761663058894,71
T Specht,Great Falls Voyagers,2026,66,349,293,89,19,12,11,53,1,2,43,47,0.3037542662116041,0.4097421203438395,0.5631399317406144,0.972882052084454,0.25938566552901027,0.1518624641833811,0.12320916905444126,0.03151862464183381,42,0.12034383954154727,0.45251877720901307,0.5898564150069476,86
T Van Marter,Idaho Falls Chukars,2021,49,208,189,60,0,0,1,19,0,0,28,59,0.31746031746031744,0.3798076923076923,0.3333333333333333,0.71314102564102555,0.01587301587301587,0.09134615384615384,0.1346153846153846,0.0048076923076923,1,0.0048076923076923,0.3907446068197634,0.40841445675282534,79
T Viola,Boise Hawks,2024,94,445,385,132,30,0,28,38,20,2,83,74,0.34285714285714286,0.42696629213483145,0.638961038961039,1.0659273310958703,0.2961038961038961,0.0853932584269663,0.18651685393258427,0.06292134831460675,58,0.1303370786516854,0.4241357590129312,0.5394456289978679,119
T Williams,Modesto Roadsters,2026,38,175,145,55,8,2,7,22,5,3,32,38,0.3793103448275862,0.4685714285714286,0.6068965517241379,1.0754679802955665,0.2275862068965517,0.12571428571428572,0.18285714285714288,0.04,17,0.09714285714285714,0.45251877720901307,0.5898564150069476,106
T Wyatt,Idaho Falls Chukars,2021,42,171,149,44,0,0,6,22,0,0,39,38,0.2953020134228188,0.38596491228070173,0.4161073825503356,0.8020722948310373,0.12080536912751676,0.1286549707602339,0.22807017543859648,0.03508771929824561,6,0.03508771929824561,0.3907446068197634,0.40841445675282534,101
T Wyatt,Idaho Falls Chukars,2023,83,304,267,78,17,0,14,32,2,3,49,47,0.29213483146067415,0.3684210526315789,0.5131086142322098,0.8815296668637886,0.2209737827715356,0.10526315789473684,0.1611842105263158,0.04605263157894736,31,0.10197368421052631,0.41472050355852796,0.5188064192577733,88
T Wyatt,Idaho Falls Chukars,2024,93,431,373,123,27,2,17,49,7,0,74,77,0.3297587131367292,0.4172494172494173,0.5495978552278821,0.9668472724772994,0.21983914209115285,0.1136890951276102,0.1716937354988399,0.03944315545243619,46,0.10672853828306264,0.4241357590129312,0.5394456289978679,100
T Wyatt,Idaho Falls Chukars,2025,81,382,331,111,28,1,15,42,6,3,73,67,0.33534743202416917,0.4162303664921466,0.5619335347432024,0.978163901235349,0.22658610271903323,0.1099476439790576,0.19109947643979056,0.03926701570680628,44,0.11518324607329844,0.4296401965446188,0.5468761663058894,100
T Wyatt,Idaho Falls Chukars,2026,45,223,192,71,17,3,16,24,2,5,28,35,0.3697916666666667,0.4349775784753363,0.7395833333333334,1.1745609118086695,0.3697916666666667,0.10762331838565024,0.12556053811659193,0.07174887892376682,36,0.16143497757847533,0.45251877720901307,0.5898564150069476,122
T Yukumoto,Missoula PaddleHeads,2026,48,226,169,57,14,0,2,47,3,6,17,41,0.33727810650887574,0.4755555555555555,0.4556213017751479,0.9311768573307035,0.11834319526627218,0.2079646017699115,0.0752212389380531,0.00884955752212389,16,0.07079646017699115,0.45251877720901307,0.5898564150069476,82
U Cantu,Rocky Mountain Vibes,2022,83,386,337,116,21,1,14,41,4,4,71,80,0.34421364985163205,0.4170984455958549,0.5370919881305638,0.9541904337264188,0.19287833827893175,0.10621761658031088,0.18393782383419688,0.03626943005181347,36,0.0932642487046632,0.40305975964890695,0.5083610473558481,109
V Esposito,Grand Junction Jackalopes,2021,67,306,267,80,0,0,15,39,0,0,72,65,0.299625468164794,0.3888888888888889,0.4681647940074906,0.8570536828963795,0.1685393258426966,0.12745098039215683,0.2352941176470588,0.04901960784313725,15,0.04901960784313725,0.3907446068197634,0.40841445675282534,114
V Temesvary,Great Falls Voyagers,2026,58,270,204,75,23,2,13,39,19,7,39,37,0.36764705882352944,0.4944237918215613,0.6911764705882353,1.1856002624097963,0.32352941176470584,0.14444444444444443,0.14444444444444443,0.04814814814814815,38,0.14074074074074075,0.45251877720901307,0.5898564150069476,126
W Bermudez,Missoula PaddleHeads,2026,50,252,196,62,7,0,15,39,14,2,52,40,0.3163265306122449,0.4581673306772908,0.5816326530612245,1.0397999837385152,0.26530612244897955,0.15476190476190477,0.2063492063492063,0.05952380952380952,22,0.0873015873015873,0.45251877720901307,0.5898564150069476,100
W Grant,Boise Hawks,2026,41,191,158,52,11,2,6,28,0,2,32,33,0.3291139240506329,0.425531914893617,0.5379746835443038,0.9635065984379207,0.2088607594936709,0.14659685863874344,0.16753926701570682,0.03141361256544502,19,0.09947643979057592,0.45251877720901307,0.5898564150069476,85
W Little,Idaho Falls Chukars,2021,67,328,287,98,0,0,11,41,0,0,49,87,0.34146341463414637,0.4237804878048781,0.4564459930313589,0.880226480836237,0.11498257839721254,0.125,0.14939024390243902,0.03353658536585366,11,0.03353658536585366,0.3907446068197634,0.40841445675282534,120
W Rogers,Great Falls Voyagers,2026,38,123,113,37,9,1,5,7,1,2,24,22,0.3274336283185841,0.36585365853658536,0.5575221238938053,0.9233757824303906,0.2300884955752212,0.05691056910569105,0.1951219512195122,0.04065040650406504,15,0.12195121951219512,0.45251877720901307,0.5898564150069476,75
X Casserilla,Missoula PaddleHeads,2026,61,309,256,104,21,1,22,38,14,1,42,60,0.40625,0.5048543689320388,0.75390625,1.2587606189320388,0.34765625,0.12297734627831716,0.13592233009708737,0.07119741100323625,44,0.1423948220064725,0.45251877720901307,0.5898564150069476,139
X Washington,Great Falls Voyagers,2023,65,303,275,105,17,1,4,17,4,5,43,83,0.38181818181818183,0.4186046511627907,0.49454545454545457,0.9131501057082452,0.11272727272727272,0.0561056105610561,0.1419141914191419,0.0132013201320132,22,0.07260726072607261,0.41472050355852796,0.5188064192577733,96
X Washington,Great Falls Voyagers,2024,94,438,374,139,30,5,13,53,6,4,87,91,0.3716577540106952,0.45308924485125857,0.5828877005347594,1.035976945386018,0.21122994652406415,0.12100456621004566,0.19863013698630136,0.02968036529680365,48,0.1095890410958904,0.4241357590129312,0.5394456289978679,115
Z Almond,Missoula PaddleHeads,2021,79,355,308,109,0,0,25,47,0,0,47,84,0.3538961038961039,0.4394366197183099,0.5974025974025974,1.036839217120907,0.2435064935064935,0.1323943661971831,0.1323943661971831,0.07042253521126761,25,0.07042253521126761,0.3907446068197634,0.40841445675282534,159
Z Chamizo,Yuba-Sutter Freebirds,2026,63,291,246,88,20,1,12,37,5,3,39,55,0.35772357723577236,0.44673539518900346,0.5934959349593496,1.040231330148353,0.23577235772357724,0.12714776632302405,0.13402061855670103,0.04123711340206185,33,0.1134020618556701,0.45251877720901307,0.5898564150069476,99
Z Denton,Colorado Springs Sky Sox,2025,49,228,188,60,15,0,9,31,7,2,56,36,0.3191489361702128,0.4298245614035088,0.5425531914893617,0.9723777528928704,0.22340425531914887,0.13596491228070176,0.24561403508771928,0.03947368421052631,24,0.10526315789473684,0.4296401965446188,0.5468761663058894,99
Z Roos,Grand Junction Jackalopes,2025,89,446,355,121,32,4,14,65,22,4,64,71,0.3408450704225352,0.4663677130044843,0.571830985915493,1.0381986989199774,0.23098591549295777,0.14573991031390135,0.14349775784753363,0.03139013452914798,50,0.11210762331838564,0.4296401965446188,0.5468761663058894,113
Z Zurbrugg,Great Falls Voyagers,2021,34,105,89,26,0,0,0,16,0,0,14,26,0.29213483146067415,0.4,0.29213483146067415,0.6921348314606741,0,0.1523809523809524,0.13333333333333333,0,0,0,0.3907446068197634,0.40841445675282534,74
