rk,name,team,gp,ab,h,rbi,bb,x2b,x3b,hr,xbh,k,avg,obp,slg,hbp,sf,sh,hdp,go,fo,go_fo,pa,season,player_type,total_bases,non_hr_xbh,x3b_from_slg,x2b_from_slg,player_name,x1b,ops,iso,bb_rate,k_rate,hr_rate,xbh_rate,woba
1,J Agnew,Grand Junction Jackalopes,18,1,1,0,0,0,0,0,0,0,1,1,1,0,0,NA,NA,NA,NA,NA,1,2021,hitter,1,0,0,0,J Agnew,1,2,0,0,0,0,0,0.888
1,K De La Cruz,Ogden Raptors,9,1,1,0,0,0,0,0,0,0,1,1,1,0,0,NA,NA,NA,NA,NA,1,2021,hitter,1,0,0,0,K De La Cruz,1,2,0,0,0,0,0,0.888
3,C Estrada,Idaho Falls Chukars,25,33,15,12,1,0,0,2,2,9,0.455,0.471,0.636,0,0,NA,NA,NA,NA,NA,34,2021,hitter,21,0,0,0,C Estrada,13,1.107,0.181,0.029411764705882353,0.2647058823529412,0.058823529411764705,0.058823529411764705,0.4834117647058824
4,S Davis,Rocky Mountain Vibes,18,9,4,3,2,0,0,1,1,2,0.444,0.545,0.778,0,0,NA,NA,NA,NA,NA,11,2021,hitter,7,0,0,0,S Davis,3,1.323,0.334,0.18181818181818182,0.18181818181818182,0.09090909090909091,0.09090909090909091,0.5586363636363637
5,F Jezioro,Grand Junction Jackalopes,40,126,51,25,9,0,0,5,5,36,0.405,0.444,0.524,0,0,NA,NA,NA,NA,NA,135,2021,hitter,66,0,0,0,F Jezioro,46,0.968,0.119,0.06666666666666667,0.26666666666666666,0.037037037037037035,0.037037037037037035,0.4263925925925926
6,D Maberry,Ogden Raptors,59,188,76,52,26,0,0,7,7,42,0.404,0.477,0.516,0,0,NA,NA,NA,NA,NA,214,2021,hitter,97,0,0,0,D Maberry,69,0.993,0.11199999999999999,0.12149532710280374,0.19626168224299065,0.03271028037383177,0.03271028037383177,0.43887383177570083
7,J Broughton,Ogden Raptors,75,297,118,66,22,0,0,8,8,49,0.397,0.439,0.478,0,0,NA,NA,NA,NA,NA,319,2021,hitter,142,0,0,0,J Broughton,110,0.917,0.08099999999999996,0.06896551724137931,0.1536050156739812,0.025078369905956112,0.025078369905956112,0.40648275862068967
8,E Lopez,Rocky Mountain Vibes,21,68,27,14,7,0,0,5,5,7,0.397,0.453,0.618,0,0,NA,NA,NA,NA,NA,75,2021,hitter,42,0,0,0,E Lopez,22,1.071,0.22099999999999997,0.09333333333333334,0.09333333333333334,0.06666666666666667,0.06666666666666667,0.4649466666666666
9,A Amicangelo,Billings Mustangs,73,275,105,83,29,0,0,5,5,39,0.382,0.441,0.436,0,0,NA,NA,NA,NA,NA,304,2021,hitter,120,0,0,0,A Amicangelo,100,0.877,0.05399999999999999,0.09539473684210527,0.12828947368421054,0.01644736842105263,0.01644736842105263,0.3924835526315789
10,K Quiggle,Idaho Falls Chukars,58,237,89,73,24,0,0,13,13,54,0.376,0.433,0.54,0,0,NA,NA,NA,NA,NA,261,2021,hitter,128,0,0,0,K Quiggle,76,0.9730000000000001,0.16400000000000003,0.09195402298850575,0.20689655172413793,0.04980842911877394,0.04980842911877394,0.4266704980842912
11,D Ellis,Idaho Falls Chukars,16,35,13,8,4,0,0,1,1,8,0.371,0.436,0.457,0,0,NA,NA,NA,NA,NA,39,2021,hitter,16,0,0,0,D Ellis,12,0.893,0.08600000000000002,0.10256410256410256,0.20512820512820512,0.02564102564102564,0.02564102564102564,0.39787179487179486
12,K Crowl,Great Falls Voyagers,76,272,101,65,43,0,0,8,8,42,0.371,0.457,0.46,0,0,NA,NA,NA,NA,NA,315,2021,hitter,125,0,0,0,K Crowl,93,0.917,0.08900000000000002,0.1365079365079365,0.13333333333333333,0.025396825396825397,0.025396825396825397,0.409720634920635
13,G Horton,Missoula PaddleHeads,11,38,14,6,2,0,0,2,2,9,0.368,0.4,0.526,0,0,NA,NA,NA,NA,NA,40,2021,hitter,20,0,0,0,G Horton,12,0.926,0.15800000000000003,0.05,0.225,0.05,0.05,0.40595
14,M Schwellenbach,Missoula PaddleHeads,25,11,4,0,2,0,0,0,0,3,0.364,0.462,0.364,0,0,NA,NA,NA,NA,NA,13,2021,hitter,4,0,0,0,M Schwellenbach,4,0.8260000000000001,0,0.15384615384615385,0.23076923076923078,0,0,0.37938461538461543
15,T Kelly,Idaho Falls Chukars,36,122,44,25,14,0,0,5,5,22,0.361,0.426,0.484,0,0,NA,NA,NA,NA,NA,136,2021,hitter,59,0,0,0,T Kelly,39,0.9099999999999999,0.123,0.10294117647058823,0.16176470588235295,0.03676470588235294,0.03676470588235294,0.4029191176470588
16,J Elvir,Grand Junction Jackalopes,47,164,59,44,39,0,0,10,10,56,0.36,0.483,0.543,0,0,NA,NA,NA,NA,NA,203,2021,hitter,89,0,0,0,J Elvir,49,1.026,0.18300000000000005,0.1921182266009852,0.27586206896551724,0.04926108374384237,0.04926108374384237,0.45040394088669944
17,C Thompson,Missoula PaddleHeads,78,322,115,59,47,0,0,12,12,80,0.357,0.439,0.469,0,0,NA,NA,NA,NA,NA,369,2021,hitter,151,0,0,0,C Thompson,103,0.9079999999999999,0.11199999999999999,0.12737127371273713,0.21680216802168023,0.032520325203252036,0.032520325203252036,0.40408130081300814
18,A Fishberg,Idaho Falls Chukars,33,79,28,21,7,0,0,3,3,11,0.354,0.407,0.468,0,0,NA,NA,NA,NA,NA,86,2021,hitter,37,0,0,0,A Fishberg,25,0.875,0.11400000000000005,0.08139534883720931,0.12790697674418605,0.03488372093023256,0.03488372093023256,0.38759302325581396
18,N Scantlin,Grand Junction Jackalopes,57,237,84,39,38,0,0,5,5,62,0.354,0.444,0.418,0,0,NA,NA,NA,NA,NA,275,2021,hitter,99,0,0,0,N Scantlin,79,0.862,0.064,0.13818181818181818,0.22545454545454546,0.01818181818181818,0.01818181818181818,0.38864363636363636
20,Z Almond,Missoula PaddleHeads,79,308,109,84,47,0,0,25,25,47,0.354,0.439,0.597,0,0,NA,NA,NA,NA,NA,355,2021,hitter,184,0,0,0,Z Almond,84,1.036,0.243,0.1323943661971831,0.1323943661971831,0.07042253521126761,0.07042253521126761,0.4494281690140845
21,D Mervis,Billings Mustangs,8,17,6,3,4,0,0,0,0,5,0.353,0.476,0.353,0,0,NA,NA,NA,NA,NA,21,2021,hitter,6,0,0,0,D Mervis,6,0.829,0,0.19047619047619047,0.23809523809523808,0,0,0.3851428571428572
22,M Feinstein,Idaho Falls Chukars,73,284,100,100,64,0,0,20,20,66,0.352,0.471,0.563,0,0,NA,NA,NA,NA,NA,348,2021,hitter,160,0,0,0,M Feinstein,80,1.0339999999999998,0.21099999999999997,0.1839080459770115,0.1896551724137931,0.05747126436781609,0.05747126436781609,0.4517816091954023
23,R Shah,Ogden Raptors,70,211,74,56,32,0,0,7,7,50,0.351,0.436,0.45,0,0,NA,NA,NA,NA,NA,243,2021,hitter,95,0,0,0,R Shah,67,0.886,0.09900000000000003,0.13168724279835392,0.205761316872428,0.02880658436213992,0.02880658436213992,0.3962263374485596
24,B Norman,Great Falls Voyagers,53,158,55,57,17,0,0,13,13,28,0.348,0.411,0.595,0,0,NA,NA,NA,NA,NA,175,2021,hitter,94,0,0,0,B Norman,42,1.006,0.247,0.09714285714285714,0.16,0.07428571428571429,0.07428571428571429,0.43622285714285713
25,N Michaels,Ogden Raptors,75,259,90,51,25,0,0,5,5,64,0.347,0.405,0.405,0,0,NA,NA,NA,NA,NA,284,2021,hitter,105,0,0,0,N Michaels,85,0.81,0.05800000000000005,0.0880281690140845,0.22535211267605634,0.017605633802816902,0.017605633802816902,0.36350352112676054
26,N Gatewood,Missoula PaddleHeads,83,320,111,85,29,0,0,18,18,66,0.347,0.401,0.516,0,0,NA,NA,NA,NA,NA,349,2021,hitter,165,0,0,0,N Gatewood,93,0.917,0.16900000000000004,0.0830945558739255,0.18911174785100288,0.05157593123209169,0.05157593123209169,0.40232664756446984
27,C Sepulveda,Billings Mustangs,60,185,64,49,25,0,0,10,10,31,0.346,0.424,0.508,0,0,NA,NA,NA,NA,NA,210,2021,hitter,94,0,0,0,C Sepulveda,54,0.9319999999999999,0.16200000000000003,0.11904761904761904,0.14761904761904762,0.047619047619047616,0.047619047619047616,0.4105333333333333
28,J Garcia,Billings Mustangs,84,349,120,70,32,0,0,13,13,82,0.344,0.399,0.456,0,0,NA,NA,NA,NA,NA,381,2021,hitter,159,0,0,0,J Garcia,107,0.855,0.11200000000000004,0.08398950131233596,0.2152230971128609,0.03412073490813648,0.03412073490813648,0.3790262467191601
29,H Hisky,Idaho Falls Chukars,52,195,67,48,31,0,0,4,4,35,0.344,0.434,0.405,0,0,NA,NA,NA,NA,NA,226,2021,hitter,79,0,0,0,H Hisky,63,0.839,0.061000000000000054,0.13716814159292035,0.15486725663716813,0.017699115044247787,0.017699115044247787,0.3793716814159292
30,J Matthews,Great Falls Voyagers,68,233,80,55,35,0,0,7,7,44,0.343,0.429,0.433,0,0,NA,NA,NA,NA,NA,268,2021,hitter,101,0,0,0,J Matthews,73,0.862,0.08999999999999997,0.13059701492537312,0.16417910447761194,0.026119402985074626,0.026119402985074626,0.38686940298507455
31,W Little,Idaho Falls Chukars,67,287,98,77,41,0,0,11,11,49,0.341,0.424,0.456,0,0,NA,NA,NA,NA,NA,328,2021,hitter,131,0,0,0,W Little,87,0.88,0.11499999999999999,0.125,0.14939024390243902,0.03353658536585366,0.03353658536585366,0.39224695121951214
31,J Newman,Missoula PaddleHeads,21,82,28,25,9,0,0,8,8,12,0.341,0.407,0.634,0,0,NA,NA,NA,NA,NA,91,2021,hitter,52,0,0,0,J Newman,20,1.041,0.293,0.0989010989010989,0.13186813186813187,0.08791208791208792,0.08791208791208792,0.4481098901098901
33,J Olson,Great Falls Voyagers,68,277,94,56,22,0,0,9,9,55,0.339,0.388,0.437,0,0,NA,NA,NA,NA,NA,299,2021,hitter,121,0,0,0,J Olson,85,0.825,0.09799999999999998,0.07357859531772576,0.18394648829431437,0.030100334448160536,0.030100334448160536,0.36645150501672236
34,J Barfield,Rocky Mountain Vibes,74,260,88,63,31,0,0,18,18,64,0.338,0.409,0.546,0,0,NA,NA,NA,NA,NA,291,2021,hitter,142,0,0,0,J Barfield,70,0.9550000000000001,0.20800000000000002,0.10652920962199312,0.21993127147766323,0.061855670103092786,0.061855670103092786,0.4170721649484536
35,S Macias,Rocky Mountain Vibes,36,113,38,27,12,0,0,8,8,26,0.336,0.4,0.549,0,0,NA,NA,NA,NA,NA,125,2021,hitter,62,0,0,0,S Macias,30,0.9490000000000001,0.21300000000000002,0.096,0.208,0.064,0.064,0.413824
36,J Cunningham,Ogden Raptors,22,3,1,2,1,0,0,1,1,2,0.333,0.5,1.333,0,0,NA,NA,NA,NA,NA,4,2021,hitter,4,0,0,0,J Cunningham,0,1.833,1,0.25,0.5,0.25,0.25,0.69775
36,G Lyttle,Great Falls Voyagers,41,99,33,17,23,0,0,2,2,22,0.333,0.459,0.394,0,0,NA,NA,NA,NA,NA,122,2021,hitter,39,0,0,0,G Lyttle,31,0.853,0.061,0.1885245901639344,0.18032786885245902,0.01639344262295082,0.01639344262295082,0.3901639344262295
36,L Navigato,Missoula PaddleHeads,38,135,45,37,24,0,0,6,6,19,0.333,0.434,0.467,0,0,NA,NA,NA,NA,NA,159,2021,hitter,63,0,0,0,L Navigato,39,0.901,0.134,0.1509433962264151,0.11949685534591195,0.03773584905660377,0.03773584905660377,0.4012452830188679
36,P Parks,Ogden Raptors,76,294,98,79,54,0,0,12,12,78,0.333,0.437,0.456,0,0,NA,NA,NA,NA,NA,348,2021,hitter,134,0,0,0,P Parks,86,0.893,0.123,0.15517241379310345,0.22413793103448276,0.034482758620689655,0.034482758620689655,0.39896551724137924
40,J Goldfarb,Ogden Raptors,70,275,91,68,45,0,0,16,16,68,0.331,0.425,0.505,0,0,NA,NA,NA,NA,NA,320,2021,hitter,139,0,0,0,J Goldfarb,75,0.9299999999999999,0.174,0.140625,0.2125,0.05,0.05,0.41020625
41,R Jepson,Great Falls Voyagers,73,254,84,52,33,0,0,4,4,50,0.331,0.408,0.378,0,0,NA,NA,NA,NA,NA,287,2021,hitter,96,0,0,0,R Jepson,80,0.786,0.046999999999999986,0.11498257839721254,0.17421602787456447,0.013937282229965157,0.013937282229965157,0.3561463414634146
42,B West,Idaho Falls Chukars,36,112,37,34,11,0,0,6,6,36,0.33,0.39,0.491,0,0,NA,NA,NA,NA,NA,123,2021,hitter,55,0,0,0,B West,31,0.881,0.16099999999999998,0.08943089430894309,0.2926829268292683,0.04878048780487805,0.04878048780487805,0.38799999999999996
43,L Roskam,Grand Junction Jackalopes,57,222,73,50,30,0,0,8,8,41,0.329,0.409,0.437,0,0,NA,NA,NA,NA,NA,252,2021,hitter,97,0,0,0,L Roskam,65,0.846,0.10799999999999998,0.11904761904761904,0.1626984126984127,0.031746031746031744,0.031746031746031744,0.37788888888888894
44,M Miller,Boise Hawks,79,330,108,43,37,0,0,6,6,66,0.327,0.395,0.382,0,0,NA,NA,NA,NA,NA,367,2021,hitter,126,0,0,0,M Miller,102,0.777,0.05499999999999999,0.1008174386920981,0.17983651226158037,0.01634877384196185,0.01634877384196185,0.35071389645776574
45,B Riley,Missoula PaddleHeads,81,323,105,46,49,0,0,5,5,58,0.325,0.414,0.372,0,0,NA,NA,NA,NA,NA,372,2021,hitter,120,0,0,0,B Riley,100,0.786,0.046999999999999986,0.13172043010752688,0.15591397849462366,0.013440860215053764,0.013440860215053764,0.3578360215053763
46,R Alexiades,Ogden Raptors,51,99,32,20,13,0,0,2,2,24,0.323,0.402,0.384,0,0,NA,NA,NA,NA,NA,112,2021,hitter,38,0,0,0,R Alexiades,30,0.786,0.061,0.11607142857142858,0.21428571428571427,0.017857142857142856,0.017857142857142856,0.3554642857142857
47,T DeBonville,Idaho Falls Chukars,51,214,69,49,22,0,0,8,8,47,0.322,0.386,0.435,0,0,NA,NA,NA,NA,NA,236,2021,hitter,93,0,0,0,T DeBonville,61,0.821,0.11299999999999999,0.09322033898305085,0.19915254237288135,0.03389830508474576,0.03389830508474576,0.3650677966101695
48,B Parr,Billings Mustangs,41,118,38,15,6,0,0,2,2,20,0.322,0.355,0.373,0,0,NA,NA,NA,NA,NA,124,2021,hitter,44,0,0,0,B Parr,36,0.728,0.05099999999999999,0.04838709677419355,0.16129032258064516,0.016129032258064516,0.016129032258064516,0.32508064516129026
49,T Van Marter,Idaho Falls Chukars,49,189,60,38,19,0,0,1,1,28,0.317,0.38,0.333,0,0,NA,NA,NA,NA,NA,208,2021,hitter,63,0,0,0,T Van Marter,59,0.7130000000000001,0.016000000000000014,0.09134615384615384,0.1346153846153846,0.004807692307692308,0.004807692307692308,0.32501442307692313
50,S Barmakian,Idaho Falls Chukars,66,269,85,36,43,0,0,3,3,43,0.316,0.41,0.349,0,0,NA,NA,NA,NA,NA,312,2021,hitter,94,0,0,0,S Barmakian,82,0.7589999999999999,0.032999999999999974,0.13782051282051283,0.13782051282051283,0.009615384615384616,0.009615384615384616,0.34868269230769233
51,K Maldonado,Grand Junction Jackalopes,370,1014,319,182,94,0,0,30,30,192,0.315,0.373,0.403,0,0,NA,NA,NA,NA,NA,1108,2021,hitter,409,0,0,0,K Maldonado,289,0.776,0.08800000000000002,0.08483754512635379,0.17328519855595667,0.02707581227436823,0.02707581227436823,0.3470415162454874
52,D Nevarez,Missoula PaddleHeads,46,159,50,34,21,0,0,11,11,41,0.314,0.394,0.522,0,0,NA,NA,NA,NA,NA,180,2021,hitter,83,0,0,0,D Nevarez,39,0.916,0.20800000000000002,0.11666666666666667,0.22777777777777777,0.06111111111111111,0.06111111111111111,0.40129444444444445
53,J Raper,Great Falls Voyagers,55,179,56,40,20,0,0,10,10,47,0.313,0.382,0.48,0,0,NA,NA,NA,NA,NA,199,2021,hitter,86,0,0,0,J Raper,46,0.862,0.16699999999999998,0.10050251256281408,0.23618090452261306,0.05025125628140704,0.05025125628140704,0.38019095477386927
54,G Barnes,Rocky Mountain Vibes,63,237,74,43,12,0,0,3,3,47,0.312,0.345,0.35,0,0,NA,NA,NA,NA,NA,249,2021,hitter,83,0,0,0,G Barnes,71,0.695,0.03799999999999998,0.04819277108433735,0.18875502008032127,0.012048192771084338,0.012048192771084338,0.3117710843373494
55,T Jorgensen,Boise Hawks,70,260,81,40,19,0,0,4,4,35,0.312,0.358,0.358,0,0,NA,NA,NA,NA,NA,279,2021,hitter,93,0,0,0,T Jorgensen,77,0.716,0.045999999999999985,0.06810035842293907,0.12544802867383512,0.014336917562724014,0.014336917562724014,0.3221863799283154
56,A Buendia,Rocky Mountain Vibes,32,106,33,6,6,0,0,1,1,15,0.311,0.348,0.34,0,0,NA,NA,NA,NA,NA,112,2021,hitter,36,0,0,0,A Buendia,32,0.688,0.029000000000000026,0.05357142857142857,0.13392857142857142,0.008928571428571428,0.008928571428571428,0.3094375
57,J Gutierrez,Grand Junction Jackalopes,58,219,68,40,21,0,0,7,7,51,0.311,0.371,0.406,0,0,NA,NA,NA,NA,NA,240,2021,hitter,89,0,0,0,J Gutierrez,61,0.777,0.09500000000000003,0.0875,0.2125,0.029166666666666667,0.029166666666666667,0.3473541666666667
58,M OConnor,Missoula PaddleHeads,58,223,69,35,18,0,0,11,11,50,0.309,0.361,0.457,0,0,NA,NA,NA,NA,NA,241,2021,hitter,102,0,0,0,M OConnor,58,0.8180000000000001,0.14800000000000002,0.07468879668049792,0.2074688796680498,0.04564315352697095,0.04564315352697095,0.36114107883817426
59,J Akins,Missoula PaddleHeads,80,253,78,54,38,0,0,13,13,62,0.308,0.399,0.462,0,0,NA,NA,NA,NA,NA,291,2021,hitter,117,0,0,0,J Akins,65,0.861,0.15400000000000003,0.13058419243986255,0.21305841924398625,0.044673539518900345,0.044673539518900345,0.3823127147766323
60,M Deeb,Great Falls Voyagers,81,311,95,44,28,0,0,10,10,67,0.305,0.363,0.402,0,0,NA,NA,NA,NA,NA,339,2021,hitter,125,0,0,0,M Deeb,85,0.765,0.09700000000000003,0.08259587020648967,0.1976401179941003,0.029498525073746312,0.029498525073746312,0.34162241887905603
61,D Hubbard,Grand Junction Jackalopes,56,217,66,49,24,0,0,10,10,26,0.304,0.373,0.442,0,0,NA,NA,NA,NA,NA,241,2021,hitter,96,0,0,0,D Hubbard,56,0.815,0.138,0.0995850622406639,0.1078838174273859,0.04149377593360996,0.04149377593360996,0.3622323651452282
62,D Abbadessa,Ogden Raptors,30,89,27,14,10,0,0,0,0,23,0.303,0.374,0.303,0,0,NA,NA,NA,NA,NA,99,2021,hitter,27,0,0,0,D Abbadessa,27,0.677,0,0.10101010101010101,0.23232323232323232,0,0,0.31187878787878787
63,R Martinez,Grand Junction Jackalopes,45,142,43,29,26,0,0,6,6,27,0.303,0.411,0.43,0,0,NA,NA,NA,NA,NA,168,2021,hitter,61,0,0,0,R Martinez,37,0.841,0.127,0.15476190476190477,0.16071428571428573,0.03571428571428571,0.03571428571428571,0.37739285714285714
64,T Tomaka,Boise Hawks,25,43,13,5,1,0,0,2,2,7,0.302,0.318,0.442,0,0,NA,NA,NA,NA,NA,44,2021,hitter,19,0,0,0,T Tomaka,11,0.76,0.14,0.022727272727272728,0.1590909090909091,0.045454545454545456,0.045454545454545456,0.3331818181818182
65,C Caffrey,Ogden Raptors,36,53,16,9,7,0,0,1,1,12,0.302,0.383,0.358,0,0,NA,NA,NA,NA,NA,60,2021,hitter,19,0,0,0,C Caffrey,15,0.741,0.055999999999999994,0.11666666666666667,0.2,0.016666666666666666,0.016666666666666666,0.33751666666666663
66,K Stone,Billings Mustangs,31,10,3,0,1,0,0,0,0,4,0.3,0.364,0.3,0,0,NA,NA,NA,NA,NA,11,2021,hitter,3,0,0,0,K Stone,3,0.6639999999999999,0,0.09090909090909091,0.36363636363636365,0,0,0.3049090909090909
67,V Esposito,Grand Junction Jackalopes,67,267,80,56,39,0,0,15,15,72,0.3,0.389,0.468,0,0,NA,NA,NA,NA,NA,306,2021,hitter,125,0,0,0,V Esposito,65,0.857,0.16800000000000004,0.12745098039215685,0.23529411764705882,0.049019607843137254,0.049019607843137254,0.3795588235294117
68,O Taylor,Ogden Raptors,65,182,54,37,35,0,0,4,4,58,0.297,0.41,0.363,0,0,NA,NA,NA,NA,NA,217,2021,hitter,66,0,0,0,O Taylor,50,0.7729999999999999,0.066,0.16129032258064516,0.2672811059907834,0.018433179723502304,0.018433179723502304,0.35462672811059903
69,T Dixon,Ogden Raptors,50,81,24,20,9,0,0,2,2,19,0.296,0.367,0.37,0,0,NA,NA,NA,NA,NA,90,2021,hitter,30,0,0,0,T Dixon,22,0.737,0.07400000000000001,0.1,0.2111111111111111,0.022222222222222223,0.022222222222222223,0.3327555555555556
70,A Atwood,Great Falls Voyagers,27,88,26,12,7,0,0,0,0,22,0.295,0.347,0.295,0,0,NA,NA,NA,NA,NA,95,2021,hitter,26,0,0,0,A Atwood,26,0.6419999999999999,0,0.07368421052631578,0.23157894736842105,0,0,0.2938736842105263
71,T Wyatt,Idaho Falls Chukars,42,149,44,36,22,0,0,6,6,39,0.295,0.386,0.416,0,0,NA,NA,NA,NA,NA,171,2021,hitter,62,0,0,0,T Wyatt,38,0.802,0.121,0.1286549707602339,0.22807017543859648,0.03508771929824561,0.03508771929824561,0.35982456140350877
72,J Anderson,Grand Junction Jackalopes,47,166,49,27,22,0,0,2,2,36,0.295,0.378,0.331,0,0,NA,NA,NA,NA,NA,188,2021,hitter,55,0,0,0,J Anderson,47,0.7090000000000001,0.03600000000000003,0.11702127659574468,0.19148936170212766,0.010638297872340425,0.010638297872340425,0.32509574468085106
73,T Reynolds,Grand Junction Jackalopes,21,41,12,5,5,0,0,0,0,11,0.293,0.37,0.293,0,0,NA,NA,NA,NA,NA,46,2021,hitter,12,0,0,0,T Reynolds,12,0.663,0,0.10869565217391304,0.2391304347826087,0,0,0.3066521739130435
74,C Silber,Missoula PaddleHeads,32,65,19,7,6,0,0,1,1,13,0.292,0.352,0.338,0,0,NA,NA,NA,NA,NA,71,2021,hitter,22,0,0,0,C Silber,18,0.69,0.04600000000000004,0.08450704225352113,0.18309859154929578,0.014084507042253521,0.014084507042253521,0.3130281690140845
75,F Achecar,Billings Mustangs,57,178,52,31,19,0,0,3,3,42,0.292,0.36,0.343,0,0,NA,NA,NA,NA,NA,197,2021,hitter,61,0,0,0,F Achecar,49,0.7030000000000001,0.051000000000000045,0.09644670050761421,0.2131979695431472,0.015228426395939087,0.015228426395939087,0.3194162436548223
75,Z Zurbrugg,Great Falls Voyagers,34,89,26,15,16,0,0,0,0,14,0.292,0.4,0.292,0,0,NA,NA,NA,NA,NA,105,2021,hitter,26,0,0,0,Z Zurbrugg,26,0.692,0,0.1523809523809524,0.13333333333333333,0,0,0.32502857142857144
77,C Crader,Grand Junction Jackalopes,15,24,7,8,3,0,0,2,2,8,0.292,0.37,0.542,0,0,NA,NA,NA,NA,NA,27,2021,hitter,13,0,0,0,C Crader,5,0.912,0.25000000000000006,0.1111111111111111,0.2962962962962963,0.07407407407407407,0.07407407407407407,0.3967407407407407
78,N Pacheco,Ogden Raptors,45,94,27,17,14,0,0,1,1,35,0.287,0.38,0.319,0,0,NA,NA,NA,NA,NA,108,2021,hitter,30,0,0,0,N Pacheco,26,0.6990000000000001,0.03200000000000003,0.12962962962962962,0.32407407407407407,0.009259259259259259,0.009259259259259259,0.322675925925926
79,Q Alexander,Great Falls Voyagers,56,217,62,23,22,0,0,0,0,49,0.286,0.351,0.286,0,0,NA,NA,NA,NA,NA,239,2021,hitter,62,0,0,0,Q Alexander,62,0.637,0,0.09205020920502092,0.20502092050209206,0,0,0.2938744769874477
79,D Delorefice,Missoula PaddleHeads,27,70,20,9,12,0,0,1,1,15,0.286,0.39,0.329,0,0,NA,NA,NA,NA,NA,82,2021,hitter,23,0,0,0,D Delorefice,19,0.7190000000000001,0.04300000000000004,0.14634146341463414,0.18292682926829268,0.012195121951219513,0.012195121951219513,0.3323536585365854
79,K Hayes,Great Falls Voyagers,34,77,22,15,10,0,0,4,4,21,0.286,0.368,0.442,0,0,NA,NA,NA,NA,NA,87,2021,hitter,34,0,0,0,K Hayes,18,0.81,0.15600000000000003,0.11494252873563218,0.2413793103448276,0.04597701149425287,0.04597701149425287,0.35963218390804597
82,J Azuaje,Billings Mustangs,71,228,65,24,36,0,0,2,2,25,0.285,0.383,0.311,0,0,NA,NA,NA,NA,NA,264,2021,hitter,71,0,0,0,J Azuaje,63,0.694,0.026000000000000023,0.13636363636363635,0.0946969696969697,0.007575757575757576,0.007575757575757576,0.32191666666666663
83,B Daniel,Great Falls Voyagers,37,137,39,24,17,0,0,3,3,36,0.285,0.364,0.35,0,0,NA,NA,NA,NA,NA,154,2021,hitter,48,0,0,0,B Daniel,36,0.714,0.065,0.11038961038961038,0.23376623376623376,0.01948051948051948,0.01948051948051948,0.3246818181818182
84,T Brunson,Great Falls Voyagers,33,116,33,20,11,0,0,2,2,34,0.284,0.346,0.336,0,0,NA,NA,NA,NA,NA,127,2021,hitter,39,0,0,0,T Brunson,31,0.6819999999999999,0.052000000000000046,0.08661417322834646,0.2677165354330709,0.015748031496062992,0.015748031496062992,0.30960629921259836
85,A Don,Idaho Falls Chukars,62,255,72,40,32,0,0,4,4,72,0.282,0.362,0.329,0,0,NA,NA,NA,NA,NA,287,2021,hitter,84,0,0,0,A Don,68,0.6910000000000001,0.04700000000000004,0.11149825783972125,0.2508710801393728,0.013937282229965157,0.013937282229965157,0.31661324041811845
86,A Nunez,Rocky Mountain Vibes,62,221,62,18,12,0,0,1,1,49,0.281,0.318,0.294,0,0,NA,NA,NA,NA,NA,233,2021,hitter,65,0,0,0,A Nunez,61,0.612,0.012999999999999956,0.05150214592274678,0.21030042918454936,0.004291845493562232,0.004291845493562232,0.2770343347639485
87,A Armstrong,Ogden Raptors,62,174,48,22,18,0,0,1,1,30,0.276,0.344,0.293,0,0,NA,NA,NA,NA,NA,192,2021,hitter,51,0,0,0,A Armstrong,47,0.637,0.01699999999999996,0.09375,0.15625,0.005208333333333333,0.005208333333333333,0.29300520833333327
88,S Jabusch,Great Falls Voyagers,126,359,99,65,66,0,0,9,9,98,0.276,0.388,0.351,0,0,NA,NA,NA,NA,NA,425,2021,hitter,126,0,0,0,S Jabusch,90,0.739,0.07499999999999996,0.15529411764705883,0.23058823529411765,0.021176470588235293,0.021176470588235293,0.33969176470588236
89,E Rosales,Rocky Mountain Vibes,129,270,74,38,33,0,0,9,9,73,0.274,0.353,0.374,0,0,NA,NA,NA,NA,NA,303,2021,hitter,101,0,0,0,E Rosales,65,0.727,0.09999999999999998,0.10891089108910891,0.24092409240924093,0.0297029702970297,0.0297029702970297,0.32804950495049506
90,T Carranza,Billings Mustangs,76,258,70,41,59,0,0,13,13,83,0.271,0.407,0.422,0,0,NA,NA,NA,NA,NA,317,2021,hitter,109,0,0,0,T Carranza,57,0.829,0.15099999999999997,0.1861198738170347,0.2618296529968454,0.04100946372239748,0.04100946372239748,0.3742555205047319
91,G White,Boise Hawks,62,118,32,18,9,0,0,0,0,33,0.271,0.323,0.271,0,0,NA,NA,NA,NA,NA,127,2021,hitter,32,0,0,0,G White,32,0.5940000000000001,0,0.07086614173228346,0.25984251968503935,0,0,0.27264566929133854
92,A Monge,Grand Junction Jackalopes,45,142,38,19,16,0,0,0,0,38,0.268,0.342,0.268,0,0,NA,NA,NA,NA,NA,158,2021,hitter,38,0,0,0,A Monge,38,0.6100000000000001,0,0.10126582278481013,0.24050632911392406,0,0,0.28344303797468356
93,N Emanuel,Great Falls Voyagers,41,101,27,17,20,0,0,0,0,23,0.267,0.388,0.267,0,0,NA,NA,NA,NA,NA,121,2021,hitter,27,0,0,0,N Emanuel,27,0.655,0,0.1652892561983471,0.19008264462809918,0,0,0.312198347107438
94,C Mink,Ogden Raptors,32,64,17,8,7,0,0,1,1,22,0.266,0.338,0.313,0,0,NA,NA,NA,NA,NA,71,2021,hitter,20,0,0,0,C Mink,16,0.651,0.046999999999999986,0.09859154929577464,0.30985915492957744,0.014084507042253521,0.014084507042253521,0.2977323943661972
95,M Annone,Rocky Mountain Vibes,57,189,50,31,20,0,0,4,4,46,0.265,0.335,0.328,0,0,NA,NA,NA,NA,NA,209,2021,hitter,62,0,0,0,M Annone,46,0.663,0.063,0.09569377990430622,0.22009569377990432,0.019138755980861243,0.019138755980861243,0.3016842105263158
96,C Eusay,Missoula PaddleHeads,33,53,14,10,16,0,0,2,2,16,0.264,0.435,0.377,0,0,NA,NA,NA,NA,NA,69,2021,hitter,20,0,0,0,C Eusay,12,0.812,0.11299999999999999,0.2318840579710145,0.2318840579710145,0.028985507246376812,0.028985507246376812,0.3753333333333333
97,A Elder,Grand Junction Jackalopes,47,167,44,22,18,0,0,1,1,25,0.263,0.335,0.281,0,0,NA,NA,NA,NA,NA,185,2021,hitter,47,0,0,0,A Elder,43,0.6160000000000001,0.018000000000000016,0.0972972972972973,0.13513513513513514,0.005405405405405406,0.005405405405405406,0.2848918918918919
98,H Brown,Idaho Falls Chukars,24,80,21,18,10,0,0,2,2,20,0.263,0.344,0.338,0,0,NA,NA,NA,NA,NA,90,2021,hitter,27,0,0,0,H Brown,19,0.6819999999999999,0.07500000000000001,0.1111111111111111,0.2222222222222222,0.022222222222222223,0.022222222222222223,0.31082222222222217
99,T Sandoval,Grand Junction Jackalopes,18,54,14,9,4,0,0,2,2,22,0.259,0.31,0.37,0,0,NA,NA,NA,NA,NA,58,2021,hitter,20,0,0,0,T Sandoval,12,0.6799999999999999,0.11099999999999999,0.06896551724137931,0.3793103448275862,0.034482758620689655,0.034482758620689655,0.3037586206896552
100,B Perez,Rocky Mountain Vibes,70,290,75,25,13,0,0,3,3,59,0.259,0.29,0.29,0,0,NA,NA,NA,NA,NA,303,2021,hitter,84,0,0,0,B Perez,72,0.58,0.030999999999999972,0.0429042904290429,0.19471947194719472,0.009900990099009901,0.009900990099009901,0.2614158415841584
101,D Cornett,Billings Mustangs,38,97,25,18,9,0,0,1,1,14,0.258,0.321,0.289,0,0,NA,NA,NA,NA,NA,106,2021,hitter,28,0,0,0,D Cornett,24,0.61,0.030999999999999972,0.08490566037735849,0.1320754716981132,0.009433962264150943,0.009433962264150943,0.2794622641509434
102,J Esparza,Rocky Mountain Vibes,73,253,65,38,6,0,0,5,5,70,0.257,0.274,0.316,0,0,NA,NA,NA,NA,NA,259,2021,hitter,80,0,0,0,J Esparza,60,0.5900000000000001,0.059,0.023166023166023165,0.2702702702702703,0.019305019305019305,0.019305019305019305,0.26225868725868723
103,S Skelly,Boise Hawks,16,47,12,7,8,0,0,2,2,14,0.255,0.364,0.383,0,0,NA,NA,NA,NA,NA,55,2021,hitter,18,0,0,0,S Skelly,10,0.747,0.128,0.14545454545454545,0.2545454545454545,0.03636363636363636,0.03636363636363636,0.3382181818181818
104,M Skundrich,Billings Mustangs,67,221,56,34,27,0,0,3,3,60,0.253,0.335,0.294,0,0,NA,NA,NA,NA,NA,248,2021,hitter,65,0,0,0,M Skundrich,53,0.629,0.04099999999999998,0.10887096774193548,0.24193548387096775,0.012096774193548387,0.012096774193548387,0.29031048387096775
105,C Tirado,Rocky Mountain Vibes,30,87,22,7,6,0,0,3,3,27,0.253,0.301,0.356,0,0,NA,NA,NA,NA,NA,93,2021,hitter,31,0,0,0,C Tirado,19,0.657,0.10299999999999998,0.06451612903225806,0.2903225806451613,0.03225806451612903,0.03225806451612903,0.29370967741935483
106,C Comer,Billings Mustangs,53,176,44,18,23,0,0,6,6,44,0.25,0.337,0.352,0,0,NA,NA,NA,NA,NA,199,2021,hitter,62,0,0,0,C Comer,38,0.6890000000000001,0.10199999999999998,0.11557788944723618,0.22110552763819097,0.03015075376884422,0.03015075376884422,0.3126633165829146
106,K Kaufman,Ogden Raptors,32,88,22,21,7,0,0,3,3,9,0.25,0.305,0.352,0,0,NA,NA,NA,NA,NA,95,2021,hitter,31,0,0,0,K Kaufman,19,0.657,0.10199999999999998,0.07368421052631578,0.09473684210526316,0.031578947368421054,0.031578947368421054,0.2947894736842105
106,D Pearce,Ogden Raptors,34,32,8,12,4,0,0,2,2,7,0.25,0.333,0.438,0,0,NA,NA,NA,NA,NA,36,2021,hitter,14,0,0,0,D Pearce,6,0.771,0.188,0.1111111111111111,0.19444444444444445,0.05555555555555555,0.05555555555555555,0.3413888888888889
109,A Bond,Billings Mustangs,25,57,14,5,10,0,0,1,1,25,0.246,0.358,0.298,0,0,NA,NA,NA,NA,NA,67,2021,hitter,17,0,0,0,A Bond,13,0.6559999999999999,0.05199999999999999,0.14925373134328357,0.373134328358209,0.014925373134328358,0.014925373134328358,0.30664179104477607
109,A Eggleston,Great Falls Voyagers,36,57,14,10,4,0,0,1,1,14,0.246,0.295,0.298,0,0,NA,NA,NA,NA,NA,61,2021,hitter,17,0,0,0,A Eggleston,13,0.593,0.05199999999999999,0.06557377049180328,0.22950819672131148,0.01639344262295082,0.01639344262295082,0.2689344262295082
111,J Talamante,Missoula PaddleHeads,18,29,7,2,6,0,0,0,0,9,0.241,0.371,0.241,0,0,NA,NA,NA,NA,NA,35,2021,hitter,7,0,0,0,J Talamante,7,0.612,0,0.17142857142857143,0.2571428571428571,0,0,0.2958857142857143
112,M Harris,Boise Hawks,57,160,38,27,25,0,0,6,6,60,0.237,0.341,0.35,0,0,NA,NA,NA,NA,NA,185,2021,hitter,56,0,0,0,M Harris,32,0.6910000000000001,0.11299999999999999,0.13513513513513514,0.32432432432432434,0.032432432432432434,0.032432432432432434,0.3149837837837838
113,B Smith,Boise Hawks,46,154,35,34,21,0,0,8,8,33,0.227,0.32,0.383,0,0,NA,NA,NA,NA,NA,175,2021,hitter,59,0,0,0,B Smith,27,0.7030000000000001,0.156,0.12,0.18857142857142858,0.045714285714285714,0.045714285714285714,0.31585142857142856
114,J Malec,Great Falls Voyagers,45,128,29,11,24,0,0,1,1,51,0.227,0.349,0.25,0,0,NA,NA,NA,NA,NA,152,2021,hitter,32,0,0,0,J Malec,28,0.599,0.022999999999999993,0.15789473684210525,0.3355263157894737,0.006578947368421052,0.006578947368421052,0.2863486842105263
115,C Gallardo,Rocky Mountain Vibes,58,166,37,13,28,0,0,1,1,43,0.223,0.335,0.241,0,0,NA,NA,NA,NA,NA,194,2021,hitter,40,0,0,0,C Gallardo,36,0.5760000000000001,0.017999999999999988,0.14432989690721648,0.22164948453608246,0.005154639175257732,0.005154639175257732,0.27520103092783504
116,G Bautista,Billings Mustangs,32,90,20,12,8,0,0,1,1,18,0.222,0.286,0.256,0,0,NA,NA,NA,NA,NA,98,2021,hitter,23,0,0,0,G Bautista,19,0.542,0.034,0.08163265306122448,0.1836734693877551,0.01020408163265306,0.01020408163265306,0.24992857142857142
117,B Broussard,Billings Mustangs,70,220,46,29,42,0,0,4,4,58,0.209,0.336,0.264,0,0,NA,NA,NA,NA,NA,262,2021,hitter,58,0,0,0,B Broussard,42,0.6000000000000001,0.05500000000000002,0.16030534351145037,0.22137404580152673,0.015267175572519083,0.015267175572519083,0.2850381679389313
118,T Budnick,Ogden Raptors,42,24,5,0,4,0,0,0,0,10,0.208,0.321,0.208,0,0,NA,NA,NA,NA,NA,28,2021,hitter,5,0,0,0,T Budnick,5,0.529,0,0.14285714285714285,0.35714285714285715,0,0,0.2571428571428572
119,F Rodriguez,Rocky Mountain Vibes,28,77,15,8,5,0,0,0,0,24,0.195,0.244,0.195,0,0,NA,NA,NA,NA,NA,82,2021,hitter,15,0,0,0,F Rodriguez,15,0.439,0,0.06097560975609756,0.2926829268292683,0,0,0.2045121951219512
120,A Kern,Great Falls Voyagers,41,27,5,3,3,0,0,0,0,18,0.185,0.267,0.185,0,0,NA,NA,NA,NA,NA,30,2021,hitter,5,0,0,0,A Kern,5,0.452,0,0.1,0.6,0,0,0.217
121,E Carrillo,Rocky Mountain Vibes,18,30,5,2,1,0,0,0,0,11,0.167,0.194,0.167,0,0,NA,NA,NA,NA,NA,31,2021,hitter,5,0,0,0,E Carrillo,5,0.361,0,0.03225806451612903,0.3548387096774194,0,0,0.16548387096774195
122,Q Jones,Great Falls Voyagers,25,20,3,1,1,0,0,0,0,7,0.15,0.19,0.15,0,0,NA,NA,NA,NA,NA,21,2021,hitter,3,0,0,0,Q Jones,3,0.33999999999999997,0,0.047619047619047616,0.3333333333333333,0,0,0.15971428571428573
123,A Kaufman,Billings Mustangs,32,28,4,2,2,0,0,0,0,13,0.143,0.2,0.143,0,0,NA,NA,NA,NA,NA,30,2021,hitter,4,0,0,0,A Kaufman,4,0.34299999999999997,0,0.06666666666666667,0.43333333333333335,0,0,0.16440000000000002
123,C Stratton,Grand Junction Jackalopes,13,21,3,2,1,0,0,0,0,5,0.143,0.182,0.143,0,0,NA,NA,NA,NA,NA,22,2021,hitter,3,0,0,0,C Stratton,3,0.32499999999999996,0,0.045454545454545456,0.22727272727272727,0,0,0.15245454545454545
123,M Thomas,Great Falls Voyagers,29,14,2,1,1,0,0,0,0,7,0.143,0.2,0.143,0,0,NA,NA,NA,NA,NA,15,2021,hitter,2,0,0,0,M Thomas,2,0.34299999999999997,0,0.06666666666666667,0.4666666666666667,0,0,0.16440000000000002
1,C Grant-Debose,Great Falls Voyagers,15,1,1,0,NA,NA,NA,NA,0,NA,1,1,1,0,0,NA,NA,NA,NA,NA,1,2022,hitter,1,NA,NA,NA,C Grant-Debose,NA,2,0,NA,NA,NA,0,NA
1,B Pooler,Great Falls Voyagers,14,1,1,1,NA,NA,NA,NA,0,NA,1,1,1,0,0,NA,NA,NA,NA,NA,1,2022,hitter,1,NA,NA,NA,B Pooler,NA,2,0,NA,NA,NA,0,NA
3,D Day,Glacier Range Riders,13,5,4,1,1,0,0,1,1,1,0.8,0.833,1.4,0,0,NA,NA,NA,NA,NA,6,2022,hitter,7,0,0,0,D Day,3,2.2329999999999997,0.5999999999999999,0.16666666666666666,0.16666666666666666,0.16666666666666666,0.16666666666666666,0.9091666666666667
4,D Jacob,Grand Junction Jackalopes,1,3,2,1,NA,NA,NA,NA,0,NA,0.667,0.667,0.667,0,0,NA,NA,1,NA,NA,3,2022,hitter,2,NA,NA,NA,D Jacob,NA,1.334,0,NA,NA,NA,0,NA
5,B Demco,Great Falls Voyagers,36,2,1,0,NA,NA,NA,NA,0,1,0.5,0.5,0.5,0,0,NA,NA,NA,NA,NA,2,2022,hitter,1,NA,NA,NA,B Demco,NA,1,0,NA,0.5,NA,0,NA
5,Q Jones,Great Falls Voyagers,20,2,1,1,NA,NA,NA,NA,0,1,0.5,0.5,0.5,0,0,NA,NA,NA,NA,NA,2,2022,hitter,1,NA,NA,NA,Q Jones,NA,1,0,NA,0.5,NA,0,NA
5,J Reinhardt,Idaho Falls Chukars,2,6,3,0,3,NA,NA,NA,0,1,0.5,0.667,0.5,0,0,NA,NA,1,1,1,9,2022,hitter,3,NA,NA,NA,J Reinhardt,NA,1.167,0,0.3333333333333333,0.1111111111111111,NA,0,NA
8,C Estrada,Idaho Falls Chukars,55,208,89,66,37,23,0,13,36,28,0.428,0.51,0.726,1,3,NA,3,51,41,1.24,249,2022,hitter,151,23,0,23,C Estrada,53,1.236,0.298,0.14859437751004015,0.11244979919678715,0.05220883534136546,0.14457831325301204,0.5215341365461847
9,H Hudson,Idaho Falls Chukars,10,27,11,14,3,4,0,2,6,8,0.407,0.467,0.778,0,0,NA,NA,5,3,1.67,30,2022,hitter,21,4,0,4,H Hudson,5,1.245,0.37100000000000005,0.1,0.26666666666666666,0.06666666666666667,0.2,0.5265333333333333
9,R Jepson,Great Falls Voyagers,66,243,99,55,61,17,4,12,33,32,0.407,0.524,0.658,2,3,NA,7,68,44,1.55,309,2022,hitter,160,21,4,17,R Jepson,66,1.182,0.25100000000000006,0.19741100323624594,0.10355987055016182,0.038834951456310676,0.10679611650485436,0.5029935275080906
11,N Popa,Grand Junction Jackalopes,93,392,159,85,23,19,5,6,30,58,0.406,0.449,0.526,12,5,1,2,88,80,1.1,433,2022,hitter,206,24,5,19,N Popa,129,0.9750000000000001,0.12,0.053117782909930716,0.13394919168591224,0.013856812933025405,0.06928406466512702,0.4257430555555556
12,J Agnew,Grand Junction Jackalopes,25,5,2,2,NA,0,0,1,1,1,0.4,0.4,1,0,0,NA,NA,1,1,1,5,2022,hitter,5,0,0,0,J Agnew,1,1.4,0.6,NA,0.2,0.2,0.2,NA
12,G Buhner,Ogden Raptors,9,25,10,2,3,4,NA,NA,4,5,0.4,0.5,0.56,2,0,NA,1,7,3,2.33,30,2022,hitter,14,NA,NA,NA,G Buhner,NA,1.06,0.16000000000000003,0.1,0.16666666666666666,NA,0.13333333333333333,NA
12,A Ludwick,Missoula PaddleHeads,5,10,4,3,NA,NA,NA,NA,0,2,0.4,0.4,0.4,0,0,NA,NA,2,2,1,10,2022,hitter,4,NA,NA,NA,A Ludwick,NA,0.8,0,NA,0.2,NA,0,NA
15,L Sparks,Missoula PaddleHeads,88,346,138,85,49,28,5,18,51,60,0.399,0.461,0.665,0,11,NA,5,63,80,0.79,406,2022,hitter,230,33,5,28,L Sparks,87,1.1260000000000001,0.266,0.1206896551724138,0.1477832512315271,0.04433497536945813,0.12561576354679804,0.4742660098522168
16,A Guadalupe,Colorado Springs Sky Sox,35,128,51,28,17,13,0,6,19,22,0.398,0.484,0.641,6,2,1,4,35,22,1.59,154,2022,hitter,82,13,0,13,A Guadalupe,32,1.125,0.243,0.11038961038961038,0.14285714285714285,0.03896103896103896,0.12337662337662338,0.4810915032679738
17,L Williams,Ogden Raptors,22,71,28,8,8,3,0,2,5,25,0.394,0.457,0.521,1,1,NA,NA,9,10,0.9,81,2022,hitter,37,3,0,3,L Williams,23,0.978,0.127,0.09876543209876543,0.30864197530864196,0.024691358024691357,0.06172839506172839,0.4281604938271605
18,G Diaz,Rocky Mountain Vibes,88,376,148,41,32,16,2,2,20,26,0.394,0.446,0.463,6,3,2,11,112,87,1.29,419,2022,hitter,174,18,2,16,G Diaz,128,0.909,0.069,0.07637231503579953,0.06205250596658711,0.00477326968973747,0.0477326968973747,0.40250839328537164
19,D Molinari,Colorado Springs Sky Sox,6,23,9,5,5,1,0,1,2,5,0.391,0.483,0.565,0,1,NA,NA,4,5,0.8,29,2022,hitter,13,1,0,1,D Molinari,7,1.048,0.17399999999999993,0.1724137931034483,0.1724137931034483,0.034482758620689655,0.06896551724137931,0.4495862068965517
20,P Chung,Missoula PaddleHeads,33,95,37,20,6,5,3,2,10,5,0.389,0.419,0.568,1,3,NA,1,26,28,0.93,105,2022,hitter,54,8,3,5,P Chung,27,0.9869999999999999,0.17899999999999994,0.05714285714285714,0.047619047619047616,0.01904761904761905,0.09523809523809523,0.4213619047619047
21,C Steele,Colorado Springs Sky Sox,9,18,7,1,1,NA,NA,NA,0,NA,0.389,0.421,0.389,0,0,1,1,7,5,1.4,20,2022,hitter,7,NA,NA,NA,C Steele,NA,0.81,0,0.05,NA,NA,0,NA
22,B Trammell,Glacier Range Riders,12,44,17,12,3,2,1,2,5,13,0.386,0.438,0.614,1,0,NA,1,8,5,1.6,48,2022,hitter,27,3,1,2,B Trammell,12,1.052,0.22799999999999998,0.0625,0.2708333333333333,0.041666666666666664,0.10416666666666667,0.4543333333333333
23,J Broughton,Ogden Raptors,88,365,139,71,39,25,8,14,47,56,0.381,0.437,0.608,2,6,NA,3,69,95,0.73,412,2022,hitter,222,33,8,25,J Broughton,92,1.045,0.22699999999999998,0.09466019417475728,0.13592233009708737,0.03398058252427184,0.11407766990291263,0.447007281553398
24,L Navarro,Rocky Mountain Vibes,60,211,79,44,46,19,2,6,27,25,0.374,0.49,0.569,4,2,NA,4,67,36,1.86,263,2022,hitter,120,21,2,19,L Navarro,52,1.059,0.19499999999999995,0.17490494296577946,0.09505703422053231,0.022813688212927757,0.10266159695817491,0.4592813688212928
25,C LeBron,Boise Hawks,10,43,16,14,4,5,NA,NA,5,13,0.372,0.417,0.488,0,1,NA,NA,9,5,1.8,48,2022,hitter,21,NA,NA,NA,C LeBron,NA,0.905,0.11599999999999999,0.08333333333333333,0.2708333333333333,NA,0.10416666666666667,NA
26,D Stroup,Idaho Falls Chukars,92,386,143,105,25,24,3,23,50,94,0.37,0.413,0.627,12,13,NA,15,65,94,0.69,436,2022,hitter,242,27,3,24,D Stroup,93,1.04,0.257,0.05733944954128441,0.21559633027522937,0.052752293577981654,0.11467889908256881,0.44076376146789
27,M Warkentin,Ogden Raptors,15,46,17,19,10,5,0,4,9,13,0.37,0.538,0.739,8,1,NA,NA,7,8,0.88,65,2022,hitter,34,5,0,5,M Warkentin,8,1.2770000000000001,0.369,0.15384615384615385,0.2,0.06153846153846154,0.13846153846153847,0.5313692307692308
28,J Valdez,Ogden Raptors,94,379,140,109,33,25,2,21,48,55,0.369,0.433,0.612,14,6,5,8,75,105,0.71,437,2022,hitter,232,27,2,25,J Valdez,92,1.045,0.243,0.07551487414187644,0.12585812356979406,0.04805491990846682,0.10983981693363844,0.44838425925925923
29,J Newman,Missoula PaddleHeads,88,355,131,115,43,19,2,32,53,63,0.369,0.441,0.704,7,5,NA,13,84,68,1.24,410,2022,hitter,250,21,2,19,J Newman,78,1.145,0.33499999999999996,0.1048780487804878,0.15365853658536585,0.07804878048780488,0.12926829268292683,0.48439268292682924
30,J Lara,Rocky Mountain Vibes,15,41,15,4,4,2,1,NA,3,16,0.366,0.449,0.463,3,1,NA,NA,6,4,1.5,49,2022,hitter,19,NA,NA,NA,J Lara,NA,0.912,0.09700000000000003,0.08163265306122448,0.32653061224489793,NA,0.061224489795918366,NA
31,T Bouchard,Colorado Springs Sky Sox,67,257,94,53,32,21,5,12,38,76,0.366,0.438,0.626,2,1,NA,4,50,37,1.35,292,2022,hitter,161,26,5,21,T Bouchard,56,1.064,0.26,0.1095890410958904,0.2602739726027397,0.0410958904109589,0.13013698630136986,0.4562842465753424
32,J Reyes,Idaho Falls Chukars,69,281,102,56,24,20,3,6,29,39,0.363,0.412,0.52,0,1,2,8,88,44,2,308,2022,hitter,146,23,3,20,J Reyes,73,0.9319999999999999,0.15700000000000003,0.07792207792207792,0.1266233766233766,0.01948051948051948,0.09415584415584416,0.40607189542483657
33,A Don,Idaho Falls Chukars,16,69,25,13,5,4,NA,NA,4,15,0.362,0.421,0.42,2,0,NA,NA,19,10,1.9,76,2022,hitter,29,NA,NA,NA,A Don,NA,0.841,0.057999999999999996,0.06578947368421052,0.19736842105263158,NA,0.05263157894736842,NA
34,A Elder,Grand Junction Jackalopes,34,116,42,15,19,6,NA,NA,6,9,0.362,0.475,0.414,6,0,NA,1,31,29,1.07,141,2022,hitter,48,NA,NA,NA,A Elder,NA,0.889,0.05199999999999999,0.1347517730496454,0.06382978723404255,NA,0.0425531914893617,NA
35,C Petersen,Grand Junction Jackalopes,74,264,95,75,46,15,6,14,35,79,0.36,0.469,0.621,10,2,1,4,48,35,1.37,323,2022,hitter,164,21,6,15,C Petersen,60,1.0899999999999999,0.261,0.14241486068111456,0.24458204334365324,0.043343653250773995,0.10835913312693499,0.4671273291925466
36,G Howell,Glacier Range Riders,23,81,29,25,16,7,0,5,12,18,0.358,0.485,0.63,4,0,NA,1,16,14,1.14,101,2022,hitter,51,7,0,7,G Howell,17,1.115,0.272,0.15841584158415842,0.1782178217821782,0.04950495049504951,0.1188118811881188,0.4794653465346535
37,S Strong,Colorado Springs Sky Sox,4,14,5,5,2,1,1,NA,2,4,0.357,0.412,0.571,0,1,NA,NA,3,3,1,17,2022,hitter,8,NA,NA,NA,S Strong,NA,0.9829999999999999,0.21399999999999997,0.11764705882352941,0.23529411764705882,NA,0.11764705882352941,NA
37,S Troyer,Idaho Falls Chukars,26,112,40,19,7,14,2,NA,16,26,0.357,0.438,0.518,9,0,NA,2,23,19,1.21,128,2022,hitter,58,NA,NA,NA,S Troyer,NA,0.956,0.16100000000000003,0.0546875,0.203125,NA,0.125,NA
39,A Sequera,Boise Hawks,46,197,70,38,26,25,0,2,27,28,0.355,0.431,0.513,1,1,NA,5,46,44,1.05,225,2022,hitter,101,25,0,25,A Sequera,43,0.944,0.15800000000000003,0.11555555555555555,0.12444444444444444,0.008888888888888889,0.12,0.4125466666666666
40,M Feinstein,Idaho Falls Chukars,28,113,40,22,26,7,0,7,14,29,0.354,0.486,0.602,4,1,NA,4,21,22,0.95,144,2022,hitter,68,7,0,7,M Feinstein,26,1.088,0.248,0.18055555555555555,0.2013888888888889,0.04861111111111111,0.09722222222222222,0.46888888888888886
40,N Scantlin,Grand Junction Jackalopes,26,113,40,13,15,7,1,NA,8,17,0.354,0.443,0.434,3,0,NA,NA,23,26,0.88,131,2022,hitter,49,NA,NA,NA,N Scantlin,NA,0.877,0.08000000000000002,0.11450381679389313,0.1297709923664122,NA,0.061068702290076333,NA
42,B Bohning,Idaho Falls Chukars,25,85,30,12,15,2,1,NA,3,17,0.353,0.467,0.4,4,1,1,2,20,17,1.18,106,2022,hitter,34,NA,NA,NA,B Bohning,NA,0.867,0.04700000000000004,0.14150943396226415,0.16037735849056603,NA,0.02830188679245283,NA
43,K Higgins,Colorado Springs Sky Sox,85,335,118,57,13,13,3,3,19,62,0.352,0.379,0.436,2,1,1,8,90,57,1.58,352,2022,hitter,146,16,3,13,K Higgins,99,0.815,0.08400000000000002,0.036931818181818184,0.17613636363636365,0.008522727272727272,0.05397727272727273,0.358974358974359
44,C Dunn,Glacier Range Riders,44,166,58,25,10,12,1,3,16,22,0.349,0.386,0.488,0,0,2,7,54,27,2,178,2022,hitter,81,13,1,12,C Dunn,42,0.874,0.139,0.056179775280898875,0.12359550561797752,0.016853932584269662,0.0898876404494382,0.3827670454545454
45,U Cantu,Rocky Mountain Vibes,83,337,116,77,41,21,1,14,36,71,0.344,0.417,0.537,4,4,NA,10,82,58,1.41,386,2022,hitter,181,22,1,21,U Cantu,80,0.954,0.19300000000000006,0.10621761658031088,0.18393782383419688,0.03626943005181347,0.09326424870466321,0.41434974093264254
46,J Fitzpatrick,Grand Junction Jackalopes,42,160,55,35,13,11,0,7,18,35,0.344,0.398,0.544,2,1,1,1,26,41,0.63,177,2022,hitter,87,11,0,11,J Fitzpatrick,37,0.9420000000000001,0.20000000000000007,0.07344632768361582,0.1977401129943503,0.03954802259887006,0.1016949152542373,0.4088522727272727
47,B Dansereau,Ogden Raptors,86,335,115,93,32,23,6,12,41,77,0.343,0.425,0.555,19,5,NA,4,59,82,0.72,391,2022,hitter,186,29,6,23,B Dansereau,74,0.98,0.21200000000000002,0.08184143222506395,0.1969309462915601,0.030690537084398978,0.10485933503836317,0.42365984654731453
48,J Teixeira,Boise Hawks,90,352,120,84,37,28,3,15,46,31,0.341,0.411,0.565,10,7,NA,16,83,111,0.75,406,2022,hitter,199,31,3,28,J Teixeira,74,0.976,0.22399999999999992,0.09113300492610837,0.07635467980295567,0.03694581280788178,0.11330049261083744,0.41973645320197045
49,C Lopez,Rocky Mountain Vibes,63,244,83,46,28,17,0,4,21,28,0.34,0.406,0.459,1,3,2,5,74,60,1.23,278,2022,hitter,112,17,0,17,C Lopez,62,0.865,0.119,0.10071942446043165,0.10071942446043165,0.014388489208633094,0.07553956834532374,0.3808297101449275
50,A Garcia,Rocky Mountain Vibes,17,62,21,14,7,4,1,NA,5,13,0.339,0.403,0.435,1,2,NA,1,14,15,0.93,72,2022,hitter,27,NA,NA,NA,A Garcia,NA,0.8380000000000001,0.09599999999999997,0.09722222222222222,0.18055555555555555,NA,0.06944444444444445,NA
51,T Kelly,Idaho Falls Chukars,38,133,45,27,22,12,1,4,17,13,0.338,0.447,0.534,5,1,NA,3,32,41,0.78,161,2022,hitter,71,13,1,12,T Kelly,28,0.9810000000000001,0.196,0.13664596273291926,0.08074534161490683,0.024844720496894408,0.10559006211180125,0.42811180124223597
52,N Gatewood,Missoula PaddleHeads,94,403,136,96,20,36,2,14,52,67,0.337,0.369,0.541,5,8,NA,8,91,113,0.81,436,2022,hitter,218,38,2,36,N Gatewood,84,0.91,0.20400000000000001,0.045871559633027525,0.1536697247706422,0.03211009174311927,0.11926605504587157,0.3908348623853211
53,A Atwood,Great Falls Voyagers,22,92,31,20,11,6,1,3,10,14,0.337,0.411,0.522,2,2,NA,3,25,21,1.19,107,2022,hitter,48,7,1,6,A Atwood,21,0.933,0.185,0.102803738317757,0.1308411214953271,0.028037383177570093,0.09345794392523364,0.4039906542056074
54,T DeBonville,Idaho Falls Chukars,31,119,40,25,8,7,2,4,13,34,0.336,0.375,0.529,0,1,NA,2,20,21,0.95,128,2022,hitter,63,9,2,7,T DeBonville,27,0.904,0.193,0.0625,0.265625,0.03125,0.1015625,0.39085156249999997
55,E Lopez,Rocky Mountain Vibes,64,259,87,48,22,10,8,10,28,50,0.336,0.388,0.552,2,3,NA,7,64,56,1.14,286,2022,hitter,143,18,8,10,E Lopez,59,0.9400000000000001,0.21600000000000003,0.07692307692307693,0.17482517482517482,0.03496503496503497,0.0979020979020979,0.40441958041958037
56,J Hubbard,Grand Junction Jackalopes,60,233,78,39,14,11,3,6,20,52,0.335,0.378,0.485,4,3,NA,5,54,43,1.26,254,2022,hitter,113,14,3,11,J Hubbard,58,0.863,0.14999999999999997,0.05511811023622047,0.2047244094488189,0.023622047244094488,0.07874015748031496,0.37593307086614164
57,F Aberouette,Glacier Range Riders,9,27,9,8,4,2,1,1,4,5,0.333,0.419,0.593,0,0,NA,1,6,7,0.86,31,2022,hitter,16,3,1,2,F Aberouette,5,1.012,0.25999999999999995,0.12903225806451613,0.16129032258064516,0.03225806451612903,0.12903225806451613,0.4341612903225806
57,F Loera,Great Falls Voyagers,13,42,14,4,4,4,NA,NA,4,10,0.333,0.404,0.429,1,0,NA,1,15,3,5,47,2022,hitter,18,NA,NA,NA,F Loera,NA,0.833,0.09599999999999997,0.0851063829787234,0.2127659574468085,NA,0.0851063829787234,NA
57,S Ullian,Ogden Raptors,60,204,68,45,22,20,1,10,31,55,0.333,0.403,0.588,4,3,NA,3,36,46,0.78,233,2022,hitter,120,21,1,20,S Ullian,37,0.991,0.25499999999999995,0.0944206008583691,0.23605150214592274,0.04291845493562232,0.13304721030042918,0.4247639484978541
60,E McCabe,Glacier Range Riders,88,282,93,49,28,18,0,3,21,42,0.33,0.397,0.426,6,4,1,11,89,52,1.71,321,2022,hitter,120,18,0,18,E McCabe,72,0.823,0.09599999999999997,0.08722741433021806,0.1308411214953271,0.009345794392523364,0.06542056074766354,0.364903125
61,R Alexiades,Ogden Raptors,91,352,116,97,62,23,6,14,43,83,0.33,0.425,0.548,1,6,1,3,77,77,1,422,2022,hitter,193,29,6,23,R Alexiades,73,0.9730000000000001,0.21800000000000003,0.14691943127962084,0.1966824644549763,0.03317535545023697,0.1018957345971564,0.41964133016627075
62,M Piatnik,Billings Mustangs,22,76,25,11,10,7,1,1,9,23,0.329,0.409,0.487,1,1,NA,1,7,20,0.35,88,2022,hitter,37,8,1,7,M Piatnik,16,0.8959999999999999,0.15799999999999997,0.11363636363636363,0.26136363636363635,0.011363636363636364,0.10227272727272728,0.3914090909090909
63,S Barmakian,Idaho Falls Chukars,91,384,126,69,53,32,3,4,39,61,0.328,0.42,0.458,9,2,NA,8,94,98,0.96,448,2022,hitter,176,35,3,32,S Barmakian,87,0.878,0.13,0.11830357142857142,0.13616071428571427,0.008928571428571428,0.08705357142857142,0.3889464285714285
64,J Kline,Billings Mustangs,68,223,73,39,15,11,7,9,27,69,0.327,0.375,0.561,5,5,NA,2,27,52,0.52,248,2022,hitter,125,18,7,11,J Kline,46,0.936,0.23400000000000004,0.06048387096774194,0.2782258064516129,0.036290322580645164,0.10887096774193548,0.3992338709677419
65,R Cash,Glacier Range Riders,90,331,108,56,47,11,2,3,16,41,0.326,0.404,0.399,0,6,2,6,86,93,0.92,386,2022,hitter,132,13,2,11,R Cash,92,0.803,0.07300000000000001,0.12176165803108809,0.10621761658031088,0.007772020725388601,0.04145077720207254,0.3584427083333333
66,P Adams,Ogden Raptors,84,316,103,60,62,9,2,5,16,68,0.326,0.436,0.415,3,4,8,4,95,51,1.86,393,2022,hitter,131,11,2,9,P Adams,87,0.851,0.08899999999999997,0.15776081424936386,0.17302798982188294,0.01272264631043257,0.04071246819338423,0.3828
67,S Linscott,Glacier Range Riders,50,206,67,42,14,15,3,4,22,26,0.325,0.371,0.485,2,2,NA,3,58,51,1.14,224,2022,hitter,100,18,3,15,S Linscott,45,0.856,0.15999999999999998,0.0625,0.11607142857142858,0.017857142857142856,0.09821428571428571,0.37223660714285706
68,B Riley,Missoula PaddleHeads,75,321,104,63,42,21,3,14,38,64,0.324,0.399,0.539,1,4,NA,10,72,77,0.94,368,2022,hitter,173,24,3,21,B Riley,66,0.9380000000000001,0.21500000000000002,0.11413043478260869,0.17391304347826086,0.03804347826086957,0.10326086956521739,0.4056059782608696
69,K Willman,Missoula PaddleHeads,65,258,83,43,34,14,3,6,23,64,0.322,0.399,0.469,2,4,NA,3,40,64,0.63,298,2022,hitter,121,17,3,14,K Willman,60,0.868,0.14699999999999996,0.11409395973154363,0.21476510067114093,0.020134228187919462,0.07718120805369127,0.3806442953020134
70,N Michaels,Rocky Mountain Vibes,45,171,55,39,15,15,0,5,20,47,0.322,0.381,0.497,2,1,NA,2,37,27,1.37,189,2022,hitter,85,15,0,15,N Michaels,35,0.878,0.175,0.07936507936507936,0.24867724867724866,0.026455026455026454,0.10582010582010581,0.3833015873015873
71,J Johnson,Grand Junction Jackalopes,62,250,80,41,21,16,2,10,28,61,0.32,0.369,0.52,0,3,NA,5,65,46,1.41,274,2022,hitter,130,18,2,16,J Johnson,52,0.889,0.2,0.07664233576642336,0.22262773722627738,0.0364963503649635,0.10218978102189781,0.3841021897810219
71,C Thompson,Missoula PaddleHeads,95,375,120,69,47,26,2,12,40,75,0.32,0.393,0.496,1,4,NA,4,87,87,1,427,2022,hitter,186,28,2,26,C Thompson,80,0.889,0.176,0.11007025761124122,0.1756440281030445,0.02810304449648712,0.0936768149882904,0.3880140515222482
73,J Cruce,Grand Junction Jackalopes,92,366,117,94,38,23,0,19,42,86,0.32,0.388,0.538,5,3,NA,9,72,85,0.85,412,2022,hitter,197,23,0,23,J Cruce,75,0.926,0.21800000000000003,0.09223300970873786,0.2087378640776699,0.04611650485436893,0.10194174757281553,0.4018980582524272
74,H Hisky,Idaho Falls Chukars,93,388,124,81,50,32,4,7,43,41,0.32,0.396,0.477,4,8,NA,7,88,128,0.69,450,2022,hitter,185,36,4,32,H Hisky,81,0.873,0.15699999999999997,0.1111111111111111,0.09111111111111111,0.015555555555555555,0.09555555555555556,0.3803533333333333
75,B Daniel,Great Falls Voyagers,88,338,108,56,59,20,4,12,36,81,0.32,0.434,0.509,11,2,NA,1,55,90,0.61,410,2022,hitter,172,24,4,20,B Daniel,72,0.9430000000000001,0.189,0.14390243902439023,0.1975609756097561,0.02926829268292683,0.08780487804878048,0.4138634146341463
76,B Hueth,Idaho Falls Chukars,64,254,81,33,33,21,3,2,26,32,0.319,0.392,0.449,0,4,NA,7,80,56,1.43,291,2022,hitter,114,24,3,21,B Hueth,55,0.841,0.13,0.1134020618556701,0.10996563573883161,0.006872852233676976,0.08934707903780069,0.36890378006872854
77,B Williams,Glacier Range Riders,12,22,7,1,3,1,NA,NA,1,3,0.318,0.423,0.364,1,0,NA,1,9,1,9,26,2022,hitter,8,NA,NA,NA,B Williams,NA,0.7869999999999999,0.045999999999999985,0.11538461538461539,0.11538461538461539,NA,0.038461538461538464,NA
78,J Fry,Great Falls Voyagers,19,63,20,9,10,5,0,1,6,16,0.317,0.405,0.444,0,1,2,2,16,14,1.14,76,2022,hitter,28,5,0,5,J Fry,14,0.849,0.127,0.13157894736842105,0.21052631578947367,0.013157894736842105,0.07894736842105263,0.37551351351351353
79,J Schulefand,Boise Hawks,13,41,13,1,5,2,NA,NA,2,7,0.317,0.404,0.366,1,0,NA,1,13,8,1.63,47,2022,hitter,15,NA,NA,NA,J Schulefand,NA,0.77,0.04899999999999999,0.10638297872340426,0.14893617021276595,NA,0.0425531914893617,NA
80,A Nielsen,Grand Junction Jackalopes,68,262,83,28,22,13,0,2,15,36,0.317,0.375,0.389,4,3,4,5,70,69,1.01,295,2022,hitter,102,13,0,13,A Nielsen,68,0.764,0.07200000000000001,0.07457627118644068,0.12203389830508475,0.006779661016949152,0.05084745762711865,0.3408144329896907
81,J Garcia,Billings Mustangs,76,308,97,56,22,11,9,11,31,91,0.315,0.37,0.516,7,4,NA,4,47,69,0.68,341,2022,hitter,159,20,9,11,J Garcia,66,0.886,0.201,0.06451612903225806,0.2668621700879765,0.03225806451612903,0.09090909090909091,0.382633431085044
82,M Annone,Rocky Mountain Vibes,60,220,69,54,21,19,0,3,22,31,0.314,0.39,0.441,8,2,1,6,62,57,1.09,252,2022,hitter,97,19,0,19,M Annone,47,0.831,0.127,0.08333333333333333,0.12301587301587301,0.011904761904761904,0.0873015873015873,0.3683426294820717
83,D Hernandez,Rocky Mountain Vibes,63,246,77,53,19,19,3,8,30,55,0.313,0.374,0.512,6,2,NA,8,57,50,1.14,273,2022,hitter,126,22,3,19,D Hernandez,47,0.886,0.199,0.0695970695970696,0.20146520146520147,0.029304029304029304,0.10989010989010989,0.38455311355311356
84,D Connors,Ogden Raptors,89,324,101,62,46,25,2,6,33,61,0.312,0.399,0.457,4,4,1,4,69,92,0.75,379,2022,hitter,148,27,2,25,D Connors,68,0.8560000000000001,0.14500000000000002,0.12137203166226913,0.16094986807387862,0.0158311345646438,0.0870712401055409,0.3773148148148148
85,J Elvir,Grand Junction Jackalopes,84,308,96,83,34,17,1,19,37,89,0.312,0.39,0.558,8,4,NA,6,58,65,0.89,354,2022,hitter,172,18,1,17,J Elvir,59,0.9480000000000001,0.24600000000000005,0.096045197740113,0.2514124293785311,0.05367231638418079,0.10451977401129943,0.40895480225988695
86,J Akins,Missoula PaddleHeads,68,197,61,42,25,12,2,7,21,53,0.31,0.394,0.497,3,1,NA,3,40,38,1.05,226,2022,hitter,98,14,2,12,J Akins,40,0.891,0.187,0.11061946902654868,0.2345132743362832,0.030973451327433628,0.09292035398230089,0.38994247787610625
87,R Phillips,Idaho Falls Chukars,27,68,21,12,10,3,NA,NA,3,19,0.309,0.397,0.353,0,0,NA,NA,20,8,2.5,78,2022,hitter,24,NA,NA,NA,R Phillips,NA,0.75,0.043999999999999984,0.1282051282051282,0.24358974358974358,NA,0.038461538461538464,NA
88,D Kolbush,Great Falls Voyagers,73,266,82,50,32,13,2,5,20,71,0.308,0.386,0.429,4,4,NA,6,62,51,1.22,306,2022,hitter,114,15,2,13,D Kolbush,62,0.815,0.121,0.10457516339869281,0.23202614379084968,0.016339869281045753,0.06535947712418301,0.3604052287581699
89,D Miller,Glacier Range Riders,82,312,96,75,30,23,2,15,40,62,0.308,0.376,0.538,7,5,NA,12,88,53,1.66,354,2022,hitter,168,25,2,23,D Miller,56,0.914,0.23000000000000004,0.0847457627118644,0.1751412429378531,0.0423728813559322,0.11299435028248588,0.3939604519774011
90,N Emanuel,Great Falls Voyagers,25,88,27,13,6,2,NA,NA,2,11,0.307,0.367,0.33,3,1,NA,1,27,20,1.35,98,2022,hitter,29,NA,NA,NA,N Emanuel,NA,0.6970000000000001,0.02300000000000002,0.061224489795918366,0.11224489795918367,NA,0.02040816326530612,NA
91,C Runge,Great Falls Voyagers,89,336,103,60,48,16,2,11,29,64,0.307,0.407,0.464,10,2,NA,8,77,81,0.95,396,2022,hitter,156,18,2,16,C Runge,74,0.871,0.15700000000000003,0.12121212121212122,0.16161616161616163,0.027777777777777776,0.07323232323232323,0.38568434343434344
92,D Macaluso,Ogden Raptors,50,121,37,31,15,8,1,5,14,32,0.306,0.396,0.512,5,3,2,4,20,36,0.56,146,2022,hitter,62,9,1,8,D Macaluso,23,0.908,0.20600000000000002,0.10273972602739725,0.2191780821917808,0.03424657534246575,0.0958904109589041,0.39356250000000004
93,J Raper,Billings Mustangs,92,337,103,60,36,27,7,11,45,75,0.306,0.377,0.525,4,2,2,7,69,85,0.81,381,2022,hitter,177,34,7,27,J Raper,58,0.902,0.21900000000000003,0.09448818897637795,0.1968503937007874,0.028871391076115485,0.11811023622047244,0.3904274406332454
94,C Middleton,Grand Junction Jackalopes,42,154,47,32,13,9,0,8,17,36,0.305,0.375,0.519,6,3,NA,6,28,42,0.67,176,2022,hitter,80,9,0,9,C Middleton,30,0.894,0.21400000000000002,0.07386363636363637,0.20454545454545456,0.045454545454545456,0.09659090909090909,0.38743749999999993
95,K Greenwalt,Missoula PaddleHeads,89,348,106,66,30,26,4,8,38,58,0.305,0.365,0.471,7,7,1,7,89,99,0.9,393,2022,hitter,164,30,4,26,K Greenwalt,68,0.836,0.16599999999999998,0.07633587786259542,0.1475826972010178,0.020356234096692113,0.09669211195928754,0.3634081632653061
96,J Ajamian,Boise Hawks,7,23,7,8,3,1,0,1,2,4,0.304,0.393,0.478,1,1,NA,NA,5,8,0.63,28,2022,hitter,11,1,0,1,J Ajamian,5,0.871,0.174,0.10714285714285714,0.14285714285714285,0.03571428571428571,0.07142857142857142,0.37871428571428567
96,C Farmer,Grand Junction Jackalopes,37,138,42,25,28,10,0,5,15,36,0.304,0.42,0.486,1,2,NA,5,22,34,0.65,169,2022,hitter,67,10,0,10,C Farmer,27,0.9059999999999999,0.182,0.16568047337278108,0.21301775147928995,0.029585798816568046,0.08875739644970414,0.39782840236686395
98,G Wurtz,Billings Mustangs,91,355,108,81,33,24,4,20,48,103,0.304,0.363,0.563,2,4,NA,1,54,85,0.64,394,2022,hitter,200,28,4,24,G Wurtz,60,0.9259999999999999,0.25899999999999995,0.08375634517766498,0.2614213197969543,0.050761421319796954,0.1218274111675127,0.39716243654822325
99,A Noviello,Missoula PaddleHeads,49,162,49,37,28,11,0,3,14,32,0.302,0.404,0.426,1,2,NA,6,35,48,0.73,193,2022,hitter,69,11,0,11,A Noviello,35,0.8300000000000001,0.124,0.14507772020725387,0.16580310880829016,0.015544041450777202,0.07253886010362694,0.3699792746113989
100,B Crosby,Colorado Springs Sky Sox,76,295,89,62,28,19,6,11,36,91,0.302,0.378,0.519,8,0,NA,5,55,49,1.12,331,2022,hitter,153,25,6,19,B Crosby,53,0.897,0.21700000000000003,0.08459214501510574,0.27492447129909364,0.03323262839879154,0.10876132930513595,0.3900785498489426
101,D Binder,Rocky Mountain Vibes,18,73,22,11,4,5,1,2,8,19,0.301,0.342,0.479,1,1,NA,2,11,19,0.58,79,2022,hitter,35,6,1,5,D Binder,14,0.821,0.178,0.05063291139240506,0.24050632911392406,0.02531645569620253,0.10126582278481013,0.3555316455696202
102,N Marcelo,Glacier Range Riders,13,20,6,1,4,NA,NA,NA,0,9,0.3,0.462,0.3,2,0,NA,NA,1,4,0.25,26,2022,hitter,6,NA,NA,NA,N Marcelo,NA,0.762,0,0.15384615384615385,0.34615384615384615,NA,0,NA
102,G Young,Colorado Springs Sky Sox,34,10,3,2,1,1,NA,NA,1,4,0.3,0.364,0.4,0,0,NA,NA,2,1,2,11,2022,hitter,4,NA,NA,NA,G Young,NA,0.764,0.10000000000000003,0.09090909090909091,0.36363636363636365,NA,0.09090909090909091,NA
104,A Mow,Billings Mustangs,35,84,25,19,12,7,1,3,11,15,0.298,0.404,0.512,3,0,NA,3,29,14,2.07,99,2022,hitter,43,8,1,7,A Mow,14,0.916,0.21400000000000002,0.12121212121212122,0.15151515151515152,0.030303030303030304,0.1111111111111111,0.4009494949494949
105,A Rivero,Ogden Raptors,8,37,11,4,1,3,0,1,4,10,0.297,0.333,0.459,1,0,NA,1,6,10,0.6,39,2022,hitter,17,3,0,3,A Rivero,7,0.792,0.16200000000000003,0.02564102564102564,0.2564102564102564,0.02564102564102564,0.10256410256410256,0.3472307692307692
106,K Elefante,Ogden Raptors,11,27,8,6,4,2,NA,NA,2,8,0.296,0.375,0.37,0,1,NA,1,6,6,1,32,2022,hitter,10,NA,NA,NA,K Elefante,NA,0.745,0.07400000000000001,0.125,0.25,NA,0.0625,NA
106,T Krabbe,Great Falls Voyagers,16,54,16,13,4,5,0,2,7,12,0.296,0.344,0.5,1,2,NA,2,12,15,0.8,61,2022,hitter,27,5,0,5,T Krabbe,9,0.844,0.20400000000000001,0.06557377049180328,0.19672131147540983,0.03278688524590164,0.11475409836065574,0.3611639344262295
108,B McConnell,Glacier Range Riders,90,375,111,42,38,17,1,4,22,58,0.296,0.366,0.379,6,5,6,2,115,88,1.31,430,2022,hitter,142,18,1,17,B McConnell,89,0.745,0.08300000000000002,0.08837209302325581,0.13488372093023257,0.009302325581395349,0.05116279069767442,0.33304481132075475
108,K Whatley,Missoula PaddleHeads,34,125,37,17,10,9,1,2,12,34,0.296,0.382,0.432,8,1,5,1,30,26,1.15,149,2022,hitter,54,10,1,9,K Whatley,25,0.8140000000000001,0.136,0.06711409395973154,0.22818791946308725,0.013422818791946308,0.08053691275167785,0.3620347222222222
110,B Bohning,Ogden Raptors,22,71,21,9,6,6,0,1,7,16,0.296,0.398,0.423,6,0,1,2,12,19,0.63,84,2022,hitter,30,6,0,6,B Bohning,14,0.821,0.127,0.07142857142857142,0.19047619047619047,0.011904761904761904,0.08333333333333333,0.36904819277108436
111,A Hanson,Rocky Mountain Vibes,63,197,58,43,18,13,3,4,20,50,0.294,0.359,0.452,3,2,1,3,42,46,0.91,221,2022,hitter,89,16,3,13,A Hanson,38,0.8109999999999999,0.15800000000000003,0.08144796380090498,0.22624434389140272,0.01809954751131222,0.09049773755656108,0.3550227272727272
112,R Gil,Boise Hawks,84,331,97,58,33,22,2,17,41,89,0.293,0.357,0.526,3,6,NA,11,66,67,0.99,373,2022,hitter,174,24,2,22,R Gil,56,0.883,0.23300000000000004,0.08847184986595175,0.2386058981233244,0.045576407506702415,0.10991957104557641,0.3795576407506702
113,T Lewis,Ogden Raptors,77,247,72,41,26,20,1,5,26,75,0.291,0.373,0.441,9,5,2,2,41,59,0.69,289,2022,hitter,109,21,1,20,T Lewis,46,0.8140000000000001,0.15000000000000002,0.08996539792387544,0.25951557093425603,0.01730103806228374,0.08996539792387544,0.3582822299651568
114,D Popham,Colorado Springs Sky Sox,28,79,23,17,7,7,1,2,10,23,0.291,0.376,0.481,5,2,NA,4,13,21,0.62,93,2022,hitter,38,8,1,7,D Popham,13,0.857,0.19,0.07526881720430108,0.24731182795698925,0.021505376344086023,0.10752688172043011,0.3731075268817204
115,J Bermudez,Idaho Falls Chukars,17,55,16,7,4,3,NA,NA,3,14,0.291,0.333,0.345,0,1,NA,3,13,10,1.3,60,2022,hitter,19,NA,NA,NA,J Bermudez,NA,0.6779999999999999,0.05399999999999999,0.06666666666666667,0.23333333333333334,NA,0.05,NA
115,C Monroe,Great Falls Voyagers,42,165,48,37,11,11,0,3,14,39,0.291,0.337,0.412,2,3,NA,4,43,37,1.16,181,2022,hitter,68,11,0,11,C Monroe,34,0.749,0.121,0.06077348066298342,0.2154696132596685,0.016574585635359115,0.07734806629834254,0.32878453038674027
117,M O'Connor,Missoula PaddleHeads,67,266,77,57,21,18,2,14,34,68,0.289,0.362,0.53,11,3,NA,3,54,57,0.95,301,2022,hitter,141,20,2,18,M O'Connor,43,0.892,0.24100000000000005,0.06976744186046512,0.22591362126245848,0.046511627906976744,0.11295681063122924,0.38584717607973423
118,T Jorgensen,Boise Hawks,95,401,116,56,36,21,4,4,29,69,0.289,0.37,0.392,18,5,NA,4,93,123,0.76,460,2022,hitter,157,25,4,21,T Jorgensen,87,0.762,0.10300000000000004,0.0782608695652174,0.15,0.008695652173913044,0.06304347826086956,0.340545652173913
119,M Rich,Colorado Springs Sky Sox,58,163,47,18,13,2,2,NA,4,34,0.288,0.333,0.325,1,6,2,2,49,34,1.44,185,2022,hitter,53,NA,NA,NA,M Rich,NA,0.658,0.03700000000000003,0.07027027027027027,0.1837837837837838,NA,0.021621621621621623,NA
120,C Phelts,Colorado Springs Sky Sox,82,302,87,49,34,12,10,7,29,100,0.288,0.372,0.464,8,3,7,3,69,46,1.5,354,2022,hitter,140,22,10,12,C Phelts,58,0.8360000000000001,0.17600000000000005,0.096045197740113,0.2824858757062147,0.01977401129943503,0.08192090395480225,0.3655878962536023
121,J Barth,Billings Mustangs,77,250,72,31,10,11,1,5,17,23,0.288,0.344,0.4,12,1,1,8,86,60,1.43,274,2022,hitter,100,12,1,11,J Barth,55,0.744,0.11200000000000004,0.0364963503649635,0.08394160583941605,0.01824817518248175,0.06204379562043796,0.3315238095238095
122,A Ray,Ogden Raptors,17,66,19,10,5,4,1,NA,5,4,0.288,0.347,0.379,1,0,2,NA,22,20,1.1,74,2022,hitter,25,NA,NA,NA,A Ray,NA,0.726,0.09100000000000003,0.06756756756756757,0.05405405405405406,NA,0.06756756756756757,NA
123,B Perez,Rocky Mountain Vibes,54,195,56,20,8,8,2,NA,10,49,0.287,0.325,0.349,4,2,1,3,46,40,1.15,210,2022,hitter,68,NA,NA,NA,B Perez,NA,0.6739999999999999,0.062,0.0380952380952381,0.23333333333333334,NA,0.047619047619047616,NA
124,J Malec,Great Falls Voyagers,84,353,101,43,27,12,2,6,20,104,0.286,0.354,0.382,12,4,NA,4,74,67,1.1,396,2022,hitter,135,14,2,12,J Malec,81,0.736,0.09600000000000003,0.06818181818181818,0.26262626262626265,0.015151515151515152,0.050505050505050504,0.329070707070707
125,J Esparza,Rocky Mountain Vibes,14,56,16,7,2,3,0,2,5,18,0.286,0.31,0.446,0,0,1,NA,14,9,1.56,59,2022,hitter,25,3,0,3,J Esparza,11,0.756,0.16000000000000003,0.03389830508474576,0.3050847457627119,0.03389830508474576,0.0847457627118644,0.3303965517241379
1,O Sanchez,Billings Mustangs,8,1,1,0,NA,NA,NA,NA,0,NA,1,1,1,0,0,NA,NA,NA,NA,NA,1,2023,hitter,1,NA,NA,NA,O Sanchez,NA,2,0,NA,NA,NA,0,NA
2,A Rios,Rocky Mountain Vibes,4,16,10,4,1,2,0,1,3,2,0.625,0.647,0.938,0,0,NA,NA,2,2,1,17,2023,hitter,15,2,0,2,A Rios,7,1.585,0.31299999999999994,0.058823529411764705,0.11764705882352941,0.058823529411764705,0.17647058823529413,0.6793529411764706
3,B Held,Great Falls Voyagers,35,6,3,1,NA,NA,NA,NA,0,2,0.5,0.5,0.5,0,0,NA,NA,1,NA,NA,6,2023,hitter,3,NA,NA,NA,B Held,NA,1,0,NA,0.3333333333333333,NA,0,NA
3,V Rodriguez,Idaho Falls Chukars,34,4,2,1,NA,1,NA,NA,1,NA,0.5,0.5,0.75,0,0,NA,NA,2,NA,NA,4,2023,hitter,3,NA,NA,NA,V Rodriguez,NA,1.25,0.25,NA,NA,NA,0.25,NA
5,J McMurray,Rocky Mountain Vibes,55,205,92,50,29,11,0,1,12,10,0.449,0.515,0.517,2,3,NA,6,64,38,1.68,239,2023,hitter,106,11,0,11,J McMurray,80,1.032,0.068,0.12133891213389121,0.04184100418410042,0.0041841004184100415,0.0502092050209205,0.45429288702928866
6,C De Guzman,Great Falls Voyagers,16,59,26,9,6,3,1,NA,4,13,0.441,0.485,0.525,0,1,NA,NA,12,9,1.33,66,2023,hitter,31,NA,NA,NA,C De Guzman,NA,1.01,0.08400000000000002,0.09090909090909091,0.19696969696969696,NA,0.06060606060606061,NA
7,B McPherson,Billings Mustangs,10,7,3,2,2,NA,NA,NA,0,3,0.429,0.5,0.429,0,1,NA,NA,NA,2,NA,10,2023,hitter,3,NA,NA,NA,B McPherson,NA,0.929,0,0.2,0.3,NA,0,NA
8,K Willman,Missoula PaddleHeads,21,75,32,15,10,8,1,2,11,9,0.427,0.494,0.64,2,2,NA,NA,16,17,0.94,89,2023,hitter,48,9,1,8,K Willman,21,1.134,0.21300000000000002,0.11235955056179775,0.10112359550561797,0.02247191011235955,0.12359550561797752,0.4828988764044943
9,K O'Brien,Glacier Range Riders,4,12,5,3,NA,1,NA,NA,1,3,0.417,0.462,0.5,1,0,NA,NA,4,NA,NA,13,2023,hitter,6,NA,NA,NA,K O'Brien,NA,0.962,0.08300000000000002,NA,0.23076923076923078,NA,0.07692307692307693,NA
10,B Ryan,Billings Mustangs,34,116,48,27,14,8,0,4,12,11,0.414,0.489,0.586,4,1,2,2,30,27,1.11,137,2023,hitter,68,8,0,8,B Ryan,36,1.075,0.172,0.10218978102189781,0.08029197080291971,0.029197080291970802,0.08759124087591241,0.46731851851851847
11,D Henderson,Ogden Raptors,41,97,39,16,15,10,0,5,15,25,0.402,0.487,0.66,1,0,NA,1,21,11,1.91,113,2023,hitter,64,10,0,10,D Henderson,24,1.147,0.258,0.13274336283185842,0.22123893805309736,0.04424778761061947,0.13274336283185842,0.4920265486725664
12,J Smith,Grand Junction Jackalopes,19,5,2,0,NA,1,NA,NA,1,3,0.4,0.4,0.6,0,0,NA,NA,NA,NA,NA,5,2023,hitter,3,NA,NA,NA,J Smith,NA,1,0.19999999999999996,NA,0.6,NA,0.2,NA
12,J Urena,Idaho Falls Chukars,2,5,2,0,NA,NA,NA,NA,0,3,0.4,0.4,0.4,0,0,NA,NA,NA,NA,NA,5,2023,hitter,2,NA,NA,NA,J Urena,NA,0.8,0,NA,0.6,NA,0,NA
14,D Hubbard,Missoula PaddleHeads,69,281,111,50,23,29,1,11,41,46,0.395,0.456,0.623,10,2,1,8,56,62,0.9,317,2023,hitter,175,30,1,29,D Hubbard,70,1.079,0.22799999999999998,0.07255520504731862,0.14511041009463724,0.03470031545741325,0.12933753943217666,0.4646708860759493
15,J Soto,Ogden Raptors,16,64,25,20,8,3,0,5,8,14,0.391,0.446,0.672,0,2,NA,NA,12,15,0.8,74,2023,hitter,43,3,0,3,J Soto,17,1.118,0.281,0.10810810810810811,0.1891891891891892,0.06756756756756757,0.10810810810810811,0.47208108108108104
16,S Olsson,Boise Hawks,28,108,42,27,15,7,0,1,8,13,0.389,0.478,0.481,7,4,NA,3,25,28,0.89,134,2023,hitter,52,7,0,7,S Olsson,34,0.959,0.09199999999999997,0.11194029850746269,0.09701492537313433,0.007462686567164179,0.05970149253731343,0.42234328358208956
17,B Carson,Rocky Mountain Vibes,18,70,27,18,17,8,0,2,10,15,0.386,0.494,0.586,0,2,2,NA,18,15,1.2,91,2023,hitter,41,8,0,8,B Carson,17,1.08,0.19999999999999996,0.18681318681318682,0.16483516483516483,0.02197802197802198,0.10989010989010989,0.462876404494382
18,X Washington,Great Falls Voyagers,65,275,105,39,17,17,1,4,22,43,0.382,0.419,0.495,4,5,2,2,61,66,0.92,303,2023,hitter,136,18,1,17,X Washington,83,0.9139999999999999,0.11299999999999999,0.056105610561056105,0.1419141914191419,0.013201320132013201,0.07260726072607261,0.3985016611295681
19,J Coutts,Colorado Springs Sky Sox,85,331,126,89,40,25,4,18,47,52,0.381,0.453,0.644,8,5,NA,6,84,71,1.18,384,2023,hitter,213,29,4,25,J Coutts,79,1.097,0.263,0.10416666666666667,0.13541666666666666,0.046875,0.12239583333333333,0.46766927083333326
20,J Cruce,Grand Junction Jackalopes,90,387,146,96,41,25,0,23,48,75,0.377,0.444,0.62,7,2,NA,7,83,80,1.04,437,2023,hitter,240,25,0,25,J Cruce,98,1.064,0.243,0.09382151029748284,0.17162471395881007,0.05263157894736842,0.10983981693363844,0.45873226544622425
21,J Broughton,Ogden Raptors,21,93,35,16,7,6,1,NA,7,9,0.376,0.417,0.462,1,2,NA,NA,26,23,1.13,103,2023,hitter,43,NA,NA,NA,J Broughton,NA,0.879,0.08600000000000002,0.06796116504854369,0.08737864077669903,NA,0.06796116504854369,NA
22,R Jepson,Great Falls Voyagers,82,321,120,49,54,24,5,1,30,27,0.374,0.465,0.489,5,5,NA,8,103,63,1.63,385,2023,hitter,157,29,5,24,R Jepson,90,0.954,0.11499999999999999,0.14025974025974025,0.07012987012987013,0.0025974025974025974,0.07792207792207792,0.4194155844155844
23,N Ultsch,Ogden Raptors,89,343,128,73,35,27,5,7,39,67,0.373,0.441,0.542,8,2,NA,16,103,42,2.45,388,2023,hitter,186,32,5,27,N Ultsch,89,0.9830000000000001,0.16900000000000004,0.09020618556701031,0.17268041237113402,0.01804123711340206,0.10051546391752578,0.42799484536082477
24,R McCarthy,Great Falls Voyagers,22,86,32,25,15,7,2,6,15,19,0.372,0.466,0.709,1,1,NA,NA,14,18,0.78,103,2023,hitter,61,9,2,7,R McCarthy,17,1.175,0.33699999999999997,0.14563106796116504,0.18446601941747573,0.05825242718446602,0.14563106796116504,0.4942038834951456
25,J Johnson,Grand Junction Jackalopes,96,419,155,106,64,35,5,22,62,79,0.37,0.456,0.635,4,2,1,8,90,91,0.99,490,2023,hitter,266,40,5,35,J Johnson,93,1.091,0.265,0.1306122448979592,0.16122448979591836,0.044897959183673466,0.12653061224489795,0.46711451942740295
26,A Shumaker,Grand Junction Jackalopes,27,79,29,5,8,6,1,NA,7,20,0.367,0.474,0.468,8,0,2,1,14,13,1.08,97,2023,hitter,37,NA,NA,NA,A Shumaker,NA,0.942,0.10100000000000003,0.08247422680412371,0.20618556701030927,NA,0.07216494845360824,NA
27,D Miller,Glacier Range Riders,90,361,130,80,56,27,2,15,44,77,0.36,0.448,0.571,7,7,NA,8,85,67,1.27,431,2023,hitter,206,29,2,27,D Miller,86,1.019,0.21099999999999997,0.12993039443155452,0.17865429234338748,0.03480278422273782,0.10208816705336426,0.4388074245939675
28,J Barfield,Rocky Mountain Vibes,77,286,102,98,44,27,0,22,49,67,0.357,0.449,0.682,9,6,4,4,45,79,0.57,349,2023,hitter,195,27,0,27,J Barfield,53,1.131,0.32500000000000007,0.12607449856733524,0.19197707736389685,0.06303724928366762,0.14040114613180515,0.47669855072463774
29,L Navarro,Missoula PaddleHeads,67,247,88,58,45,17,0,10,27,44,0.356,0.46,0.547,5,3,NA,7,54,59,0.92,300,2023,hitter,135,17,0,17,L Navarro,61,1.0070000000000001,0.19100000000000006,0.15,0.14666666666666667,0.03333333333333333,0.09,0.43815
30,T Jeffries,Rocky Mountain Vibes,12,31,11,2,7,2,NA,NA,2,5,0.355,0.524,0.419,4,0,NA,NA,9,6,1.5,42,2023,hitter,13,NA,NA,NA,T Jeffries,NA,0.9430000000000001,0.064,0.16666666666666666,0.11904761904761904,NA,0.047619047619047616,NA
31,S Wilmer,Rocky Mountain Vibes,52,130,46,40,35,7,1,10,18,44,0.354,0.522,0.654,12,1,2,NA,17,24,0.71,180,2023,hitter,85,8,1,7,S Wilmer,28,1.1760000000000002,0.30000000000000004,0.19444444444444445,0.24444444444444444,0.05555555555555555,0.1,0.501129213483146
32,H George,Colorado Springs Sky Sox,88,348,123,59,53,23,8,16,47,36,0.353,0.445,0.603,6,2,1,1,85,100,0.85,410,2023,hitter,210,31,8,23,H George,76,1.048,0.25,0.12926829268292683,0.08780487804878048,0.03902439024390244,0.11463414634146342,0.4502860635696821
33,J Faile,Billings Mustangs,54,201,71,70,20,19,0,21,40,58,0.353,0.414,0.761,3,3,NA,5,25,50,0.5,227,2023,hitter,153,19,0,19,J Faile,31,1.175,0.40800000000000003,0.0881057268722467,0.2555066079295154,0.09251101321585903,0.1762114537444934,0.49235242290748904
34,J Teixeira,Ogden Raptors,86,350,123,74,28,32,0,11,43,45,0.351,0.405,0.537,7,5,NA,9,95,81,1.17,390,2023,hitter,188,32,0,32,J Teixeira,80,0.9420000000000001,0.18600000000000005,0.07179487179487179,0.11538461538461539,0.028205128205128206,0.11025641025641025,0.4081974358974359
35,A Guadalupe,Colorado Springs Sky Sox,85,333,117,89,23,21,4,17,42,39,0.351,0.393,0.592,3,5,2,8,93,78,1.19,366,2023,hitter,197,25,4,21,A Guadalupe,75,0.985,0.241,0.06284153005464481,0.10655737704918032,0.04644808743169399,0.11475409836065574,0.42172527472527466
36,B Brown,Idaho Falls Chukars,59,225,79,25,39,15,4,3,22,58,0.351,0.465,0.493,9,0,1,2,38,46,0.83,274,2023,hitter,111,19,4,15,B Brown,57,0.958,0.14200000000000002,0.14233576642335766,0.2116788321167883,0.010948905109489052,0.08029197080291971,0.42438095238095236
37,K Figueiredo,Grand Junction Jackalopes,40,151,53,46,37,17,0,9,26,27,0.351,0.492,0.642,8,3,1,2,34,40,0.85,200,2023,hitter,97,17,0,17,K Figueiredo,27,1.134,0.29100000000000004,0.185,0.135,0.045,0.13,0.48139698492462313
38,R Washington Jr.,Grand Junction Jackalopes,90,357,125,88,54,19,2,24,45,67,0.35,0.44,0.616,6,3,NA,9,72,90,0.8,420,2023,hitter,220,21,2,19,R Washington Jr.,80,1.056,0.266,0.12857142857142856,0.1595238095238095,0.05714285714285714,0.10714285714285714,0.4534214285714286
39,P Chung,Missoula PaddleHeads,79,316,110,51,22,17,2,6,25,32,0.348,0.399,0.472,9,6,NA,5,74,99,0.75,353,2023,hitter,149,19,2,17,P Chung,85,0.871,0.124,0.06232294617563739,0.0906515580736544,0.0169971671388102,0.0708215297450425,0.3813116147308782
40,C Petersen,Rocky Mountain Vibes,54,190,66,44,41,15,4,6,25,50,0.347,0.486,0.563,13,3,NA,3,30,46,0.65,247,2023,hitter,107,19,4,15,C Petersen,41,1.049,0.21599999999999997,0.1659919028340081,0.20242914979757085,0.024291497975708502,0.10121457489878542,0.45432793522267206
41,K Greenwalt,Missoula PaddleHeads,88,365,126,93,35,23,4,21,48,44,0.345,0.414,0.603,13,7,NA,11,81,113,0.72,420,2023,hitter,220,27,4,23,K Greenwalt,78,1.017,0.258,0.08333333333333333,0.10476190476190476,0.05,0.11428571428571428,0.4348047619047619
42,A Chouinard,Grand Junction Jackalopes,46,145,50,30,16,8,0,6,14,37,0.345,0.436,0.524,9,2,1,2,28,30,0.93,173,2023,hitter,76,8,0,8,A Chouinard,36,0.96,0.17900000000000005,0.09248554913294797,0.2138728323699422,0.03468208092485549,0.08092485549132948,0.4202325581395349
43,E Lopez,Rocky Mountain Vibes,71,288,99,66,40,21,2,12,35,51,0.344,0.427,0.556,4,3,NA,4,68,70,0.97,335,2023,hitter,160,23,2,21,E Lopez,64,0.9830000000000001,0.21200000000000008,0.11940298507462686,0.15223880597014924,0.03582089552238806,0.1044776119402985,0.4252388059701492
44,G Wurtz,Billings Mustangs,90,355,122,71,35,22,3,19,44,71,0.344,0.413,0.583,9,3,NA,8,68,81,0.84,402,2023,hitter,207,25,3,22,G Wurtz,78,0.996,0.239,0.08706467661691543,0.17661691542288557,0.0472636815920398,0.10945273631840796,0.42945522388059704
45,J Guenther,Missoula PaddleHeads,84,326,112,77,50,13,1,8,22,31,0.344,0.435,0.463,9,8,NA,12,91,92,0.99,393,2023,hitter,151,14,1,13,J Guenther,90,0.898,0.11900000000000005,0.1272264631043257,0.07888040712468193,0.020356234096692113,0.05597964376590331,0.39660305343511454
46,D Stroup,Rocky Mountain Vibes,94,365,125,108,68,25,6,20,51,77,0.342,0.456,0.608,12,5,NA,3,64,91,0.7,450,2023,hitter,222,31,6,25,D Stroup,74,1.064,0.26599999999999996,0.1511111111111111,0.1711111111111111,0.044444444444444446,0.11333333333333333,0.45508222222222217
47,A Baeza,Boise Hawks,72,258,88,72,51,15,1,14,30,54,0.341,0.442,0.57,2,8,NA,9,51,66,0.77,319,2023,hitter,147,16,1,15,A Baeza,58,1.012,0.22899999999999993,0.15987460815047022,0.16927899686520376,0.0438871473354232,0.09404388714733543,0.43333228840125393
48,J Williams,Great Falls Voyagers,83,304,103,85,30,16,0,12,28,54,0.339,0.407,0.51,9,6,NA,21,91,54,1.69,349,2023,hitter,155,16,0,16,J Williams,75,0.917,0.17099999999999999,0.08595988538681948,0.15472779369627507,0.034383954154727794,0.08022922636103152,0.39927220630372495
49,C Monroe,Idaho Falls Chukars,27,101,34,20,14,6,0,4,10,25,0.337,0.424,0.515,2,1,NA,1,22,19,1.16,118,2023,hitter,52,6,0,6,C Monroe,24,0.9390000000000001,0.178,0.11864406779661017,0.211864406779661,0.03389830508474576,0.0847457627118644,0.4105593220338983
50,D Poteet,Boise Hawks,68,250,84,52,38,24,5,9,38,62,0.336,0.421,0.58,1,3,NA,4,53,44,1.2,292,2023,hitter,145,29,5,24,D Poteet,46,1.001,0.24399999999999994,0.13013698630136986,0.21232876712328766,0.030821917808219176,0.13013698630136986,0.4290513698630137
51,E Diaz,Colorado Springs Sky Sox,75,286,96,48,34,23,0,2,25,64,0.336,0.409,0.437,2,1,NA,5,82,39,2.1,323,2023,hitter,125,23,0,23,E Diaz,71,0.846,0.10099999999999998,0.10526315789473684,0.19814241486068113,0.006191950464396285,0.07739938080495357,0.37581114551083594
52,C Denning,Billings Mustangs,79,292,98,65,49,14,3,16,33,51,0.336,0.44,0.568,8,3,1,5,55,87,0.63,353,2023,hitter,166,17,3,14,C Denning,65,1.008,0.23199999999999993,0.1388101983002833,0.14447592067988668,0.0453257790368272,0.09348441926345609,0.43626136363636364
53,B Reyes,Colorado Springs Sky Sox,3,6,2,0,1,NA,NA,NA,0,2,0.333,0.429,0.333,0,0,NA,NA,1,1,1,7,2023,hitter,2,NA,NA,NA,B Reyes,NA,0.762,0,0.14285714285714285,0.2857142857142857,NA,0,NA
53,M Rodriguez,Idaho Falls Chukars,2,9,3,2,NA,0,0,1,1,2,0.333,0.333,0.667,0,0,NA,NA,2,2,1,9,2023,hitter,6,0,0,0,M Rodriguez,2,1,0.334,NA,0.2222222222222222,0.1111111111111111,0.1111111111111111,NA
55,P Robertson,Colorado Springs Sky Sox,92,320,106,64,70,21,8,11,40,70,0.331,0.462,0.55,11,4,3,4,67,77,0.87,408,2023,hitter,176,29,8,21,P Robertson,66,1.012,0.21900000000000003,0.1715686274509804,0.1715686274509804,0.02696078431372549,0.09803921568627451,0.4384691358024691
56,L Fisher,Grand Junction Jackalopes,26,67,22,14,4,6,0,3,9,13,0.328,0.375,0.552,1,0,NA,NA,16,14,1.14,72,2023,hitter,37,6,0,6,L Fisher,13,0.927,0.22400000000000003,0.05555555555555555,0.18055555555555555,0.041666666666666664,0.125,0.4021527777777778
57,C Dunn Jr.,Rocky Mountain Vibes,45,168,55,37,14,17,0,6,23,46,0.327,0.374,0.536,1,4,NA,2,27,39,0.69,187,2023,hitter,90,17,0,17,C Dunn Jr.,32,0.91,0.20900000000000002,0.0748663101604278,0.24598930481283424,0.03208556149732621,0.12299465240641712,0.39043315508021387
58,A Ray,Grand Junction Jackalopes,66,223,73,42,22,12,1,5,18,38,0.327,0.387,0.457,1,2,2,7,41,71,0.58,250,2023,hitter,102,13,1,12,A Ray,55,0.8440000000000001,0.13,0.088,0.152,0.02,0.072,0.3714314516129032
59,C Phelts,Ogden Raptors,89,324,106,56,49,17,8,2,27,52,0.327,0.426,0.448,9,3,7,5,100,67,1.49,392,2023,hitter,145,25,8,17,C Phelts,79,0.874,0.121,0.125,0.1326530612244898,0.00510204081632653,0.06887755102040816,0.3875246753246753
60,M Edie,Billings Mustangs,67,251,82,39,19,16,6,2,24,57,0.327,0.388,0.462,7,1,5,4,67,42,1.6,283,2023,hitter,116,22,6,16,M Edie,58,0.8500000000000001,0.135,0.06713780918727916,0.20141342756183744,0.007067137809187279,0.08480565371024736,0.3737482014388489
61,D Perez,Colorado Springs Sky Sox,65,193,63,47,43,9,0,12,21,24,0.326,0.453,0.56,5,4,NA,4,44,59,0.75,245,2023,hitter,108,9,0,9,D Perez,42,1.0130000000000001,0.23400000000000004,0.17551020408163265,0.09795918367346938,0.04897959183673469,0.08571428571428572,0.4376612244897959
62,R Alexiades,Ogden Raptors,94,365,119,90,73,31,4,29,64,81,0.326,0.433,0.671,0,5,NA,15,83,81,1.02,443,2023,hitter,245,35,4,31,R Alexiades,55,1.104,0.34500000000000003,0.16478555304740405,0.18284424379232506,0.0654627539503386,0.14446952595936793,0.465020316027088
63,D Matthews,Colorado Springs Sky Sox,82,286,93,68,53,17,1,22,40,81,0.325,0.432,0.622,4,4,NA,4,56,58,0.97,347,2023,hitter,178,18,1,17,D Matthews,53,1.054,0.297,0.15273775216138327,0.2334293948126801,0.06340057636887608,0.11527377521613832,0.4494726224783861
64,M Wong,Grand Junction Jackalopes,59,216,70,40,27,15,1,5,21,36,0.324,0.402,0.472,2,1,2,3,65,36,1.81,248,2023,hitter,102,16,1,15,M Wong,49,0.874,0.14799999999999996,0.10887096774193548,0.14516129032258066,0.020161290322580645,0.0846774193548387,0.3852520325203252
65,A Herron Jr.,Rocky Mountain Vibes,64,235,76,54,26,16,1,7,24,49,0.323,0.396,0.489,4,3,NA,5,53,53,1,268,2023,hitter,115,17,1,16,A Herron Jr.,52,0.885,0.16599999999999998,0.09701492537313433,0.1828358208955224,0.026119402985074626,0.08955223880597014,0.3868022388059701
66,E Acosta,Idaho Falls Chukars,55,220,71,33,34,12,2,1,15,24,0.323,0.425,0.409,5,0,1,14,76,44,1.73,260,2023,hitter,90,14,2,12,E Acosta,56,0.834,0.08599999999999997,0.13076923076923078,0.09230769230769231,0.0038461538461538464,0.057692307692307696,0.375996138996139
67,T Lomack,Billings Mustangs,89,351,113,62,33,14,4,10,28,74,0.322,0.375,0.47,3,10,3,4,86,80,1.07,400,2023,hitter,165,18,4,14,T Lomack,85,0.845,0.14799999999999996,0.0825,0.185,0.025,0.07,0.36696221662468514
68,E Smith,Grand Junction Jackalopes,39,112,36,20,10,8,0,5,13,38,0.321,0.421,0.527,10,1,NA,1,14,24,0.58,133,2023,hitter,59,8,0,8,E Smith,23,0.948,0.20600000000000002,0.07518796992481203,0.2857142857142857,0.03759398496240601,0.09774436090225563,0.41516541353383457
69,C Kirtley,Glacier Range Riders,59,228,73,43,35,18,1,15,34,53,0.32,0.412,0.605,2,2,NA,5,39,61,0.64,267,2023,hitter,138,19,1,18,C Kirtley,39,1.017,0.285,0.13108614232209737,0.19850187265917604,0.056179775280898875,0.12734082397003746,0.4353370786516854
70,E Peralta,Rocky Mountain Vibes,82,303,97,51,36,19,3,6,28,89,0.32,0.394,0.462,5,6,5,5,69,55,1.25,355,2023,hitter,140,22,3,19,E Peralta,69,0.8560000000000001,0.14200000000000002,0.10140845070422536,0.2507042253521127,0.016901408450704224,0.07887323943661972,0.37521428571428567
71,S Gozzo,Ogden Raptors,59,197,63,35,44,10,2,4,16,39,0.32,0.446,0.452,4,4,4,6,63,39,1.62,253,2023,hitter,89,12,2,10,S Gozzo,47,0.898,0.132,0.17391304347826086,0.1541501976284585,0.015810276679841896,0.06324110671936758,0.39891566265060235
72,T DeBonville,Missoula PaddleHeads,68,233,74,47,19,12,3,11,26,70,0.318,0.367,0.536,1,3,NA,6,46,41,1.12,256,2023,hitter,125,15,3,12,T DeBonville,48,0.903,0.21800000000000003,0.07421875,0.2734375,0.04296875,0.1015625,0.38932421875
73,D Williams,Grand Junction Jackalopes,31,101,32,13,9,6,0,2,8,11,0.317,0.366,0.436,0,2,NA,5,36,21,1.71,112,2023,hitter,44,6,0,6,D Williams,24,0.802,0.119,0.08035714285714286,0.09821428571428571,0.017857142857142856,0.07142857142857142,0.3513392857142857
74,E Americaan,Rocky Mountain Vibes,24,79,25,15,10,9,0,2,11,24,0.316,0.427,0.506,6,1,NA,2,18,13,1.38,96,2023,hitter,40,9,0,9,E Americaan,14,0.933,0.19,0.10416666666666667,0.25,0.020833333333333332,0.11458333333333333,0.40942708333333333
75,J Hubbard,Grand Junction Jackalopes,94,392,124,117,45,20,8,25,53,84,0.316,0.407,0.599,18,4,1,9,88,87,1.01,460,2023,hitter,235,28,8,20,J Hubbard,71,1.006,0.283,0.09782608695652174,0.1826086956521739,0.05434782608695652,0.11521739130434783,0.4313006535947712
76,D Maiben,Boise Hawks,57,193,61,31,15,11,2,NA,13,12,0.316,0.387,0.394,11,6,1,5,64,55,1.16,226,2023,hitter,76,NA,NA,NA,D Maiben,NA,0.781,0.07800000000000001,0.06637168141592921,0.05309734513274336,NA,0.05752212389380531,NA
77,L Williams,Ogden Raptors,80,299,94,72,56,24,1,13,38,86,0.314,0.425,0.532,3,2,NA,8,56,60,0.93,360,2023,hitter,159,25,1,24,L Williams,56,0.9570000000000001,0.21800000000000003,0.15555555555555556,0.2388888888888889,0.03611111111111111,0.10555555555555556,0.416575
78,L Barns,Ogden Raptors,53,172,54,31,12,7,0,2,9,24,0.314,0.39,0.39,12,4,NA,5,48,44,1.09,200,2023,hitter,67,7,0,7,L Barns,45,0.78,0.07600000000000001,0.06,0.12,0.01,0.045,0.3500149999999999
79,W Crenshaw,Billings Mustangs,15,51,16,17,11,4,0,4,8,14,0.314,0.429,0.627,0,1,1,2,14,8,1.75,64,2023,hitter,32,4,0,4,W Crenshaw,8,1.056,0.313,0.171875,0.21875,0.0625,0.125,0.4473333333333333
80,M Dinesen,Glacier Range Riders,86,310,97,55,18,24,2,7,33,77,0.313,0.348,0.471,1,4,2,5,76,58,1.31,335,2023,hitter,146,26,2,24,M Dinesen,64,0.819,0.15799999999999997,0.05373134328358209,0.2298507462686567,0.020895522388059702,0.09850746268656717,0.3556066066066066
81,A Meggs,Grand Junction Jackalopes,49,192,60,32,23,10,0,1,11,23,0.313,0.38,0.38,1,5,2,2,48,64,0.75,223,2023,hitter,73,10,0,10,A Meggs,49,0.76,0.067,0.1031390134529148,0.1031390134529148,0.004484304932735426,0.04932735426008968,0.33898190045248866
82,R Narea,Ogden Raptors,86,301,94,55,35,15,0,9,24,50,0.312,0.395,0.452,9,4,10,9,89,72,1.24,359,2023,hitter,136,15,0,15,R Narea,70,0.847,0.14,0.09749303621169916,0.1392757660167131,0.025069637883008356,0.06685236768802229,0.37473352435530083
83,G DiGiacomo,Missoula PaddleHeads,37,109,34,14,23,7,0,1,8,23,0.312,0.446,0.404,5,2,1,4,24,28,0.86,140,2023,hitter,44,7,0,7,G DiGiacomo,26,0.8500000000000001,0.09200000000000003,0.16428571428571428,0.16428571428571428,0.007142857142857143,0.05714285714285714,0.38536690647482014
84,K Higgins,Colorado Springs Sky Sox,30,87,27,17,10,3,0,2,5,17,0.31,0.381,0.414,0,0,1,2,27,14,1.93,98,2023,hitter,36,3,0,3,K Higgins,22,0.7949999999999999,0.10399999999999998,0.10204081632653061,0.17346938775510204,0.02040816326530612,0.05102040816326531,0.35516494845360824
84,B Trammell,Rocky Mountain Vibes,11,29,9,8,5,1,0,3,4,11,0.31,0.444,0.655,2,0,NA,NA,6,3,2,36,2023,hitter,19,1,0,1,B Trammell,5,1.099,0.34500000000000003,0.1388888888888889,0.3055555555555556,0.08333333333333333,0.1111111111111111,0.4696666666666667
86,T Halsema,Idaho Falls Chukars,92,345,107,61,52,25,4,6,35,71,0.31,0.4,0.458,3,5,NA,7,82,85,0.96,405,2023,hitter,158,29,4,25,T Halsema,72,0.8580000000000001,0.14800000000000002,0.12839506172839507,0.17530864197530865,0.014814814814814815,0.08641975308641975,0.37735061728395064
87,M Clayton,Glacier Range Riders,75,271,84,52,34,18,0,13,31,44,0.31,0.406,0.52,12,3,NA,9,59,81,0.73,320,2023,hitter,141,18,0,18,M Clayton,53,0.926,0.21000000000000002,0.10625,0.1375,0.040625,0.096875,0.40430937499999997
88,B Huber,Glacier Range Riders,17,55,17,12,10,4,0,1,5,18,0.309,0.424,0.436,1,0,NA,1,9,10,0.9,66,2023,hitter,24,4,0,4,B Huber,12,0.86,0.127,0.15151515151515152,0.2727272727272727,0.015151515151515152,0.07575757575757576,0.38580303030303026
88,T Minder,Boise Hawks,91,330,102,61,31,17,3,8,28,52,0.309,0.377,0.452,10,8,2,6,60,112,0.54,381,2023,hitter,149,20,3,17,T Minder,74,0.829,0.14300000000000002,0.08136482939632546,0.13648293963254593,0.02099737532808399,0.07349081364829396,0.36302110817941957
90,D Conners,Ogden Raptors,91,334,103,69,44,21,1,5,27,55,0.308,0.393,0.422,9,10,5,11,73,108,0.68,402,2023,hitter,141,22,1,21,D Conners,76,0.815,0.11399999999999999,0.10945273631840796,0.13681592039800994,0.012437810945273632,0.06716417910447761,0.3605994962216625
91,B Crosby,Rocky Mountain Vibes,73,276,85,39,43,16,3,6,25,76,0.308,0.422,0.453,13,2,NA,3,49,61,0.8,334,2023,hitter,125,19,3,16,B Crosby,60,0.875,0.14500000000000002,0.12874251497005987,0.2275449101796407,0.017964071856287425,0.0748502994011976,0.3895988023952096
92,J Elvir,Missoula PaddleHeads,27,104,32,23,14,8,0,6,14,28,0.308,0.395,0.558,1,0,NA,NA,21,21,1,119,2023,hitter,58,8,0,8,J Elvir,18,0.9530000000000001,0.25000000000000006,0.11764705882352941,0.23529411764705882,0.05042016806722689,0.11764705882352941,0.41294117647058826
93,T Bouchard,Colorado Springs Sky Sox,71,270,83,53,43,18,1,10,29,82,0.307,0.402,0.493,1,2,NA,3,53,50,1.06,316,2023,hitter,133,19,1,18,T Bouchard,54,0.895,0.186,0.1360759493670886,0.25949367088607594,0.03164556962025317,0.09177215189873418,0.39192405063291136
94,B Fitzgerald,Glacier Range Riders,77,268,82,55,29,23,2,13,38,80,0.306,0.381,0.552,6,4,NA,NA,33,69,0.48,307,2023,hitter,148,25,2,23,B Fitzgerald,44,0.933,0.24600000000000005,0.09446254071661238,0.26058631921824105,0.04234527687296417,0.1237785016286645,0.40127687296416936
95,E McCabe,Rocky Mountain Vibes,66,226,69,42,20,9,0,4,13,31,0.305,0.373,0.398,6,3,NA,9,74,53,1.4,255,2023,hitter,90,9,0,9,E McCabe,56,0.771,0.09300000000000003,0.0784313725490196,0.12156862745098039,0.01568627450980392,0.050980392156862744,0.34393333333333337
96,J Newman-Dodd,Missoula PaddleHeads,19,69,21,23,8,2,0,7,9,11,0.304,0.385,0.638,1,0,NA,2,18,15,1.2,78,2023,hitter,44,2,0,2,J Newman-Dodd,12,1.0230000000000001,0.334,0.10256410256410256,0.14102564102564102,0.08974358974358974,0.11538461538461539,0.4377820512820513
97,M Herron Jr.,Rocky Mountain Vibes,83,323,98,71,21,14,3,13,30,88,0.303,0.351,0.486,4,2,2,3,77,62,1.24,352,2023,hitter,157,17,3,14,M Herron Jr.,68,0.837,0.183,0.05965909090909091,0.25,0.036931818181818184,0.08522727272727272,0.3649057142857143
98,C Taylor,Glacier Range Riders,71,244,74,59,46,6,3,13,22,75,0.303,0.425,0.512,7,2,NA,2,52,41,1.27,299,2023,hitter,125,9,3,6,C Taylor,52,0.937,0.20900000000000002,0.15384615384615385,0.2508361204013378,0.043478260869565216,0.07357859531772576,0.41055852842809365
99,M Golda,Grand Junction Jackalopes,50,165,50,27,21,7,2,2,11,30,0.303,0.392,0.406,5,3,5,3,55,35,1.57,199,2023,hitter,67,9,2,7,M Golda,39,0.798,0.10300000000000004,0.10552763819095477,0.1507537688442211,0.010050251256281407,0.05527638190954774,0.35599484536082476
100,M O'Connor,Missoula PaddleHeads,87,334,101,73,42,21,6,18,45,78,0.302,0.396,0.563,12,3,NA,3,53,93,0.57,391,2023,hitter,188,27,6,21,M O'Connor,56,0.959,0.26099999999999995,0.10741687979539642,0.19948849104859334,0.04603580562659847,0.11508951406649616,0.4132404092071611
101,B Evans,Billings Mustangs,30,96,29,25,7,6,0,2,8,15,0.302,0.36,0.427,4,4,2,NA,25,26,0.96,113,2023,hitter,41,6,0,6,B Evans,21,0.7869999999999999,0.125,0.061946902654867256,0.13274336283185842,0.017699115044247787,0.07079646017699115,0.34409009009009006
102,S Troyer,Idaho Falls Chukars,57,226,68,27,26,14,0,1,15,58,0.301,0.391,0.376,8,1,2,8,48,48,1,263,2023,hitter,85,14,0,14,S Troyer,53,0.767,0.07500000000000001,0.09885931558935361,0.22053231939163498,0.0038022813688212928,0.057034220532319393,0.3474137931034483
103,C Bocchino,Great Falls Voyagers,17,50,15,5,10,2,1,1,4,20,0.3,0.444,0.44,3,0,NA,1,9,5,1.8,63,2023,hitter,22,3,1,2,C Bocchino,11,0.884,0.14,0.15873015873015872,0.31746031746031744,0.015873015873015872,0.06349206349206349,0.39830158730158727
103,A Nielsen,Grand Junction Jackalopes,20,40,12,5,3,2,0,1,3,7,0.3,0.349,0.425,0,0,2,1,13,10,1.3,45,2023,hitter,17,2,0,2,A Nielsen,9,0.774,0.125,0.06666666666666667,0.15555555555555556,0.022222222222222223,0.06666666666666667,0.34197674418604646
103,J Pyle,Ogden Raptors,11,10,3,0,3,NA,NA,NA,0,2,0.3,0.462,0.3,0,0,NA,NA,2,2,1,13,2023,hitter,3,NA,NA,NA,J Pyle,NA,0.762,0,0.23076923076923078,0.15384615384615385,NA,0,NA
103,R Yeargain,Missoula PaddleHeads,16,50,15,8,4,3,0,2,5,13,0.3,0.352,0.48,0,0,NA,2,10,12,0.83,54,2023,hitter,24,3,0,3,R Yeargain,10,0.832,0.18,0.07407407407407407,0.24074074074074073,0.037037037037037035,0.09259259259259259,0.3639814814814815
107,G Howell,Glacier Range Riders,94,371,111,68,65,26,2,17,45,77,0.299,0.418,0.518,14,5,NA,4,85,92,0.92,455,2023,hitter,192,28,2,26,G Howell,66,0.9359999999999999,0.21900000000000003,0.14285714285714285,0.16923076923076924,0.03736263736263736,0.0989010989010989,0.4078263736263736
108,J Raper,Glacier Range Riders,90,351,105,74,42,23,3,11,37,79,0.299,0.381,0.476,8,6,NA,9,58,105,0.55,407,2023,hitter,167,26,3,23,J Raper,68,0.857,0.177,0.10319410319410319,0.1941031941031941,0.02702702702702703,0.09090909090909091,0.3742800982800983
108,E Sanchez,Billings Mustangs,36,117,35,20,12,6,1,1,8,20,0.299,0.371,0.393,2,1,NA,2,36,23,1.57,132,2023,hitter,46,7,1,6,E Sanchez,27,0.764,0.09400000000000003,0.09090909090909091,0.15151515151515152,0.007575757575757576,0.06060606060606061,0.3412348484848485
110,K Oyama,Boise Hawks,72,269,80,39,30,15,1,1,17,35,0.297,0.371,0.372,4,4,2,8,91,60,1.52,309,2023,hitter,100,16,1,15,K Oyama,63,0.743,0.07500000000000001,0.0970873786407767,0.11326860841423948,0.003236245954692557,0.05501618122977346,0.33327035830618895
111,R Cash,Missoula PaddleHeads,69,264,78,31,26,8,4,3,15,32,0.295,0.361,0.39,3,3,2,4,78,71,1.1,298,2023,hitter,103,12,4,8,R Cash,63,0.751,0.09500000000000003,0.087248322147651,0.10738255033557047,0.010067114093959731,0.050335570469798654,0.33440878378378375
112,R Paller,Idaho Falls Chukars,34,99,29,20,23,8,0,4,12,30,0.293,0.435,0.495,2,0,2,2,21,20,1.05,126,2023,hitter,49,8,0,8,R Paller,17,0.9299999999999999,0.202,0.18253968253968253,0.23809523809523808,0.031746031746031744,0.09523809523809523,0.4111451612903226
113,T Wyatt,Idaho Falls Chukars,83,267,78,64,32,17,0,14,31,49,0.292,0.368,0.513,2,3,NA,5,62,74,0.84,304,2023,hitter,137,17,0,17,T Wyatt,47,0.881,0.22100000000000003,0.10526315789473684,0.1611842105263158,0.046052631578947366,0.10197368421052631,0.38250328947368417
114,S Barmakian,Rocky Mountain Vibes,40,137,40,35,23,6,4,4,14,26,0.292,0.389,0.482,0,2,NA,1,43,27,1.59,162,2023,hitter,66,10,4,6,S Barmakian,26,0.871,0.19,0.1419753086419753,0.16049382716049382,0.024691358024691357,0.08641975308641975,0.3793333333333333
115,N Marcelo,Boise Hawks,40,96,28,8,12,6,NA,NA,6,28,0.292,0.37,0.354,0,0,1,2,18,20,0.9,109,2023,hitter,34,NA,NA,NA,N Marcelo,NA,0.724,0.062,0.11009174311926606,0.25688073394495414,NA,0.05504587155963303,NA
116,A Bernard,Missoula PaddleHeads,57,182,53,36,36,6,1,6,13,46,0.291,0.412,0.434,4,4,NA,2,31,50,0.62,226,2023,hitter,79,7,1,6,A Bernard,40,0.846,0.14300000000000002,0.1592920353982301,0.20353982300884957,0.02654867256637168,0.05752212389380531,0.3765309734513274
117,C Gordon,Missoula PaddleHeads,85,313,91,64,38,14,5,13,32,87,0.291,0.385,0.492,10,0,1,2,57,69,0.83,362,2023,hitter,154,19,5,14,C Gordon,59,0.877,0.201,0.10497237569060773,0.24033149171270718,0.03591160220994475,0.08839779005524862,0.3850941828254847
118,M Hogan,Rocky Mountain Vibes,45,152,44,32,27,6,3,10,19,46,0.289,0.409,0.566,5,2,1,1,22,42,0.52,187,2023,hitter,86,9,3,6,M Hogan,25,0.9749999999999999,0.27699999999999997,0.1443850267379679,0.24598930481283424,0.053475935828877004,0.10160427807486631,0.41894623655913976
119,B Donovan,Billings Mustangs,62,149,43,13,11,3,1,4,8,46,0.289,0.344,0.403,2,1,1,4,45,14,3.21,164,2023,hitter,60,4,1,3,B Donovan,35,0.747,0.11400000000000005,0.06707317073170732,0.2804878048780488,0.024390243902439025,0.04878048780487805,0.33096319018404907
120,K Jimenez,Colorado Springs Sky Sox,65,212,61,30,24,11,2,6,19,35,0.288,0.362,0.443,2,2,3,5,53,63,0.84,243,2023,hitter,94,13,2,11,K Jimenez,42,0.8049999999999999,0.15500000000000003,0.09876543209876543,0.1440329218106996,0.024691358024691357,0.07818930041152264,0.35466249999999994
121,A Figueredo,Billings Mustangs,33,129,37,38,17,9,0,9,18,18,0.287,0.4,0.566,8,1,NA,2,21,48,0.44,155,2023,hitter,73,9,0,9,A Figueredo,19,0.966,0.27899999999999997,0.10967741935483871,0.11612903225806452,0.05806451612903226,0.11612903225806452,0.41758709677419353
122,S Cullen,Idaho Falls Chukars,48,182,52,36,20,9,1,6,16,49,0.286,0.366,0.445,3,0,1,3,36,43,0.84,206,2023,hitter,81,10,1,9,S Cullen,36,0.8109999999999999,0.15900000000000003,0.0970873786407767,0.23786407766990292,0.02912621359223301,0.07766990291262135,0.359
122,N Michaels,Colorado Springs Sky Sox,44,140,40,28,18,6,1,3,10,40,0.286,0.366,0.407,2,4,1,2,32,28,1.14,165,2023,hitter,57,7,1,6,N Michaels,30,0.7729999999999999,0.121,0.10909090909090909,0.24242424242424243,0.01818181818181818,0.06060606060606061,0.34176219512195116
124,C Thompson,Missoula PaddleHeads,87,316,90,59,45,21,4,10,35,62,0.285,0.375,0.472,4,6,NA,5,72,90,0.8,371,2023,hitter,149,25,4,21,C Thompson,55,0.847,0.187,0.12129380053908356,0.16711590296495957,0.026954177897574125,0.09433962264150944,0.3691185983827493
125,C Horner,Ogden Raptors,56,184,52,26,16,15,1,1,17,27,0.283,0.351,0.391,5,3,1,7,51,58,0.88,209,2023,hitter,72,16,1,15,C Horner,35,0.742,0.10800000000000004,0.07655502392344497,0.1291866028708134,0.004784688995215311,0.08133971291866028,0.3293846153846154
1,D Landis,Colorado Springs Sky Sox,46,1,1,0,NA,1,NA,NA,1,NA,1,1,2,0,0,NA,NA,NA,NA,NA,1,2024,hitter,2,NA,NA,NA,D Landis,NA,3,1,NA,NA,NA,1,NA
1,T Weldon,Colorado Springs Sky Sox,3,1,1,0,NA,NA,NA,NA,0,NA,1,1,1,0,0,NA,NA,NA,NA,NA,1,2024,hitter,1,NA,NA,NA,T Weldon,NA,2,0,NA,NA,NA,0,NA
3,R Gonzalez,Idaho Falls Chukars,31,132,61,35,13,11,1,2,14,11,0.462,0.497,0.606,1,5,NA,3,35,29,1.21,151,2024,hitter,80,12,1,11,R Gonzalez,47,1.103,0.14399999999999996,0.08609271523178808,0.0728476821192053,0.013245033112582781,0.09271523178807947,0.47170198675496683
4,T Clark-Chiapparelli,Ogden Raptors,1,5,2,0,1,NA,NA,NA,0,1,0.4,0.5,0.4,0,0,NA,NA,1,1,1,6,2024,hitter,2,NA,NA,NA,T Clark-Chiapparelli,NA,0.9,0,0.16666666666666666,0.16666666666666666,NA,0,NA
4,R McCarthy,Glacier Range Riders,29,125,50,18,16,8,2,8,18,24,0.4,0.472,0.688,2,1,NA,1,29,23,1.26,144,2024,hitter,86,10,2,8,R McCarthy,32,1.16,0.2879999999999999,0.1111111111111111,0.16666666666666666,0.05555555555555555,0.125,0.4938055555555556
4,L Navigato,Idaho Falls Chukars,1,5,2,0,1,NA,NA,NA,0,1,0.4,0.5,0.4,0,0,NA,NA,1,1,1,6,2024,hitter,2,NA,NA,NA,L Navigato,NA,0.9,0,0.16666666666666666,0.16666666666666666,NA,0,NA
7,C Mize,Rocky Mountain Vibes,18,63,25,14,7,6,0,3,9,13,0.397,0.465,0.635,1,0,1,NA,7,18,0.39,72,2024,hitter,40,6,0,6,C Mize,16,1.1,0.238,0.09722222222222222,0.18055555555555555,0.041666666666666664,0.125,0.47449295774647876
8,A Fogel,Missoula PaddleHeads,89,348,135,115,61,27,1,35,63,88,0.388,0.495,0.773,16,3,NA,6,49,68,0.72,428,2024,hitter,269,28,1,27,A Fogel,72,1.268,0.385,0.1425233644859813,0.205607476635514,0.08177570093457943,0.14719626168224298,0.530481308411215
9,M Rosario,Missoula PaddleHeads,81,344,133,72,47,18,3,10,31,62,0.387,0.469,0.544,8,2,1,8,85,56,1.52,402,2024,hitter,187,21,3,18,M Rosario,102,1.013,0.15700000000000003,0.11691542288557213,0.15422885572139303,0.024875621890547265,0.07711442786069651,0.4426882793017457
10,B O'Saben,Glacier Range Riders,4,13,5,4,1,1,NA,NA,1,1,0.385,0.467,0.462,1,0,NA,NA,3,3,1,15,2024,hitter,6,NA,NA,NA,B O'Saben,NA,0.929,0.07700000000000001,0.06666666666666667,0.06666666666666667,NA,0.06666666666666667,NA
10,B Trammell,Colorado Springs Sky Sox,5,13,5,3,5,2,NA,NA,2,5,0.385,0.556,0.538,0,0,NA,NA,2,1,2,18,2024,hitter,7,NA,NA,NA,B Trammell,NA,1.094,0.15300000000000002,0.2777777777777778,0.2777777777777778,NA,0.1111111111111111,NA
12,B Marine,Yuba-Sutter Freebirds,84,337,129,68,38,21,1,9,31,65,0.383,0.445,0.531,2,3,1,12,74,64,1.16,381,2024,hitter,179,22,1,21,B Marine,98,0.976,0.14800000000000002,0.09973753280839895,0.17060367454068243,0.023622047244094488,0.08136482939632546,0.4260631578947368
13,L Navarro,Missoula PaddleHeads,24,93,35,25,12,6,0,4,10,13,0.376,0.448,0.57,0,0,NA,4,30,11,2.73,105,2024,hitter,53,6,0,6,L Navarro,25,1.018,0.19399999999999995,0.11428571428571428,0.12380952380952381,0.0380952380952381,0.09523809523809523,0.4429523809523809
14,L Williams,Ogden Raptors,2,8,3,3,NA,NA,NA,NA,0,2,0.375,0.333,0.375,0,1,NA,NA,3,1,3,9,2024,hitter,3,NA,NA,NA,L Williams,NA,0.708,0,NA,0.2222222222222222,NA,0,NA
15,P Chung,Missoula PaddleHeads,87,358,134,63,62,32,5,11,48,46,0.374,0.477,0.584,10,2,2,2,84,85,0.99,434,2024,hitter,209,37,5,32,P Chung,86,1.061,0.20999999999999996,0.14285714285714285,0.10599078341013825,0.02534562211981567,0.11059907834101383,0.45886805555555554
16,X Washington,Great Falls Voyagers,94,374,139,86,53,30,5,13,48,87,0.372,0.453,0.583,6,4,1,6,75,70,1.07,438,2024,hitter,218,35,5,30,X Washington,91,1.036,0.21099999999999997,0.12100456621004566,0.19863013698630136,0.02968036529680365,0.1095890410958904,0.44675743707093823
17,M Dinesen,Glacier Range Riders,35,140,52,33,20,11,0,8,19,38,0.371,0.46,0.621,3,0,2,1,23,25,0.92,165,2024,hitter,87,11,0,11,M Dinesen,33,1.081,0.25,0.12121212121212122,0.23030303030303031,0.048484848484848485,0.11515151515151516,0.46661963190184047
18,J Gonzalez,Yuba-Sutter Freebirds,88,322,119,84,57,22,4,19,45,75,0.37,0.473,0.64,9,3,1,9,79,51,1.55,392,2024,hitter,206,26,4,22,J Gonzalez,74,1.113,0.27,0.14540816326530612,0.1913265306122449,0.04846938775510204,0.11479591836734694,0.4754092071611253
19,A Guadalupe,Colorado Springs Sky Sox,21,65,24,26,12,5,0,3,8,11,0.369,0.474,0.585,1,0,NA,1,18,11,1.64,78,2024,hitter,38,5,0,5,A Guadalupe,16,1.059,0.21599999999999997,0.15384615384615385,0.14102564102564102,0.038461538461538464,0.10256410256410256,0.45984615384615385
20,K Dugan,Grand Junction Jackalopes,63,225,83,68,37,11,0,22,33,48,0.369,0.469,0.711,10,5,NA,4,45,48,0.94,277,2024,hitter,160,11,0,11,K Dugan,50,1.18,0.34199999999999997,0.13357400722021662,0.17328519855595667,0.07942238267148015,0.11913357400722022,0.4958592057761733
21,J Coutts,Colorado Springs Sky Sox,90,356,130,110,40,25,2,20,47,68,0.365,0.437,0.615,10,6,NA,8,84,73,1.15,412,2024,hitter,219,27,2,25,J Coutts,83,1.052,0.25,0.0970873786407767,0.1650485436893204,0.04854368932038835,0.11407766990291263,0.4503665048543689
22,E Yake,Rocky Mountain Vibes,89,348,127,61,42,21,3,3,27,48,0.365,0.445,0.468,10,2,3,8,83,82,1.01,405,2024,hitter,163,24,3,21,E Yake,100,0.913,0.10300000000000004,0.1037037037037037,0.11851851851851852,0.007407407407407408,0.06666666666666667,0.4050796019900498
23,D Brutcher,Ogden Raptors,35,124,45,25,26,12,0,6,18,26,0.363,0.48,0.605,2,0,NA,2,29,22,1.32,152,2024,hitter,75,12,0,12,D Brutcher,27,1.085,0.242,0.17105263157894737,0.17105263157894737,0.039473684210526314,0.11842105263157894,0.46853947368421045
24,C Bagnieski,Ogden Raptors,73,276,100,62,36,16,2,6,24,35,0.362,0.432,0.5,1,4,5,4,69,78,0.88,322,2024,hitter,138,18,2,16,C Bagnieski,76,0.9319999999999999,0.138,0.11180124223602485,0.10869565217391304,0.018633540372670808,0.07453416149068323,0.40764668769716084
25,P Howard,Ogden Raptors,95,389,140,62,22,25,3,4,32,60,0.36,0.405,0.47,10,4,1,8,99,83,1.19,426,2024,hitter,183,28,3,25,P Howard,108,0.875,0.10999999999999999,0.051643192488262914,0.14084507042253522,0.009389671361502348,0.07511737089201878,0.3843082352941177
26,K Willman,Missoula PaddleHeads,53,192,69,55,23,12,1,10,23,38,0.359,0.423,0.589,1,4,NA,5,41,42,0.98,220,2024,hitter,113,13,1,12,K Willman,46,1.012,0.22999999999999998,0.10454545454545454,0.17272727272727273,0.045454545454545456,0.10454545454545454,0.4332636363636363
27,T Hardy,Idaho Falls Chukars,21,84,30,18,12,5,2,1,8,16,0.357,0.45,0.5,3,1,1,2,23,16,1.44,101,2024,hitter,42,7,2,5,T Hardy,22,0.95,0.14300000000000002,0.1188118811881188,0.15841584158415842,0.009900990099009901,0.07920792079207921,0.41669999999999996
28,B Barrera,Oakland Ballers,89,348,124,91,53,22,0,23,45,63,0.356,0.44,0.618,2,4,NA,12,80,78,1.03,407,2024,hitter,215,22,0,22,B Barrera,79,1.058,0.262,0.13022113022113022,0.1547911547911548,0.056511056511056514,0.11056511056511056,0.4531965601965602
29,D Matthews,Colorado Springs Sky Sox,88,316,112,81,76,19,1,19,39,79,0.354,0.488,0.601,10,4,NA,5,67,59,1.14,406,2024,hitter,190,20,1,19,D Matthews,73,1.089,0.247,0.18719211822660098,0.19458128078817735,0.046798029556650245,0.0960591133004926,0.46839408866995075
30,G Miller,Rocky Mountain Vibes,18,65,23,17,3,4,0,3,7,16,0.354,0.4,0.554,2,0,1,1,18,9,2,71,2024,hitter,36,4,0,4,G Miller,16,0.9540000000000001,0.20000000000000007,0.04225352112676056,0.22535211267605634,0.04225352112676056,0.09859154929577464,0.4158428571428572
31,A Rios,Grand Junction Jackalopes,87,341,120,82,49,23,2,16,41,61,0.352,0.438,0.572,5,2,2,8,78,75,1.04,399,2024,hitter,195,25,2,23,A Rios,79,1.01,0.21999999999999997,0.12280701754385964,0.15288220551378445,0.040100250626566414,0.10275689223057644,0.4374130982367759
32,C Castillo,Glacier Range Riders,81,324,114,89,35,36,0,11,47,66,0.352,0.422,0.565,9,6,2,3,74,75,0.99,376,2024,hitter,183,36,0,36,C Castillo,67,0.9869999999999999,0.21299999999999997,0.09308510638297872,0.17553191489361702,0.02925531914893617,0.125,0.42516310160427806
33,M Backstrom,Great Falls Voyagers,45,177,62,41,20,15,6,12,33,65,0.35,0.426,0.706,4,1,NA,3,33,16,2.06,202,2024,hitter,125,21,6,15,M Backstrom,29,1.132,0.356,0.09900990099009901,0.3217821782178218,0.0594059405940594,0.16336633663366337,0.47729207920792077
34,T Best,Oakland Ballers,6,20,7,3,3,3,NA,NA,3,4,0.35,0.435,0.5,0,0,NA,1,2,7,0.29,23,2024,hitter,10,NA,NA,NA,T Best,NA,0.935,0.15000000000000002,0.13043478260869565,0.17391304347826086,NA,0.13043478260869565,NA
35,J Day,Rocky Mountain Vibes,90,363,127,82,49,22,5,18,45,71,0.35,0.436,0.587,9,3,1,7,92,65,1.42,425,2024,hitter,213,27,5,22,J Day,82,1.023,0.237,0.11529411764705882,0.16705882352941176,0.042352941176470586,0.10588235294117647,0.44099999999999995
36,G Morgan,Idaho Falls Chukars,30,126,44,15,12,9,1,2,12,19,0.349,0.414,0.484,2,0,NA,3,26,37,0.7,140,2024,hitter,61,10,1,9,G Morgan,32,0.8979999999999999,0.135,0.08571428571428572,0.1357142857142857,0.014285714285714285,0.08571428571428572,0.3956928571428571
37,N Ultsch,Boise Hawks,90,361,126,86,36,21,7,10,38,66,0.349,0.418,0.529,11,6,NA,6,112,56,2,414,2024,hitter,191,28,7,21,N Ultsch,88,0.9470000000000001,0.18000000000000005,0.08695652173913043,0.15942028985507245,0.024154589371980676,0.09178743961352658,0.4104806763285024
38,C Monroe,Idaho Falls Chukars,20,66,23,13,18,5,1,4,10,17,0.348,0.5,0.636,2,0,NA,2,15,10,1.5,86,2024,hitter,42,6,1,5,C Monroe,13,1.1360000000000001,0.28800000000000003,0.20930232558139536,0.19767441860465115,0.046511627906976744,0.11627906976744186,0.48584883720930233
39,G DiGiacomo,Missoula PaddleHeads,9,23,8,5,4,0,0,1,1,5,0.348,0.444,0.478,0,0,NA,NA,4,4,1,27,2024,hitter,11,0,0,0,G DiGiacomo,7,0.9219999999999999,0.13,0.14814814814814814,0.18518518518518517,0.037037037037037035,0.037037037037037035,0.4102592592592592
40,K Liniak,Glacier Range Riders,26,98,34,29,10,13,0,8,21,21,0.347,0.426,0.724,5,2,NA,1,17,28,0.61,115,2024,hitter,71,13,0,13,K Liniak,13,1.15,0.377,0.08695652173913043,0.1826086956521739,0.06956521739130435,0.1826086956521739,0.4816086956521739
41,D Gomez,Colorado Springs Sky Sox,88,316,109,98,46,18,1,30,49,88,0.345,0.449,0.693,15,2,2,2,55,58,0.95,381,2024,hitter,219,19,1,18,D Gomez,60,1.142,0.348,0.12073490813648294,0.23097112860892388,0.07874015748031496,0.12860892388451445,0.4838364116094987
42,J Cone,Ogden Raptors,92,352,121,58,42,26,2,12,40,54,0.344,0.427,0.531,15,8,5,1,64,119,0.54,422,2024,hitter,187,28,2,26,J Cone,81,0.958,0.18700000000000006,0.0995260663507109,0.12796208530805686,0.02843601895734597,0.0947867298578199,0.41541486810551553
43,T Viola,Boise Hawks,94,385,132,94,38,30,0,28,58,83,0.343,0.427,0.639,20,2,NA,15,66,95,0.69,445,2024,hitter,246,30,0,30,T Viola,74,1.066,0.296,0.0853932584269663,0.18651685393258427,0.06292134831460675,0.1303370786516854,0.4569213483146068
44,C Green,Great Falls Voyagers,35,117,40,16,11,5,3,NA,8,31,0.342,0.398,0.436,2,3,1,3,20,27,0.74,134,2024,hitter,51,NA,NA,NA,C Green,NA,0.8340000000000001,0.09399999999999997,0.08208955223880597,0.23134328358208955,NA,0.05970149253731343,NA
45,S Rivas,Rocky Mountain Vibes,93,404,138,124,30,31,5,31,67,95,0.342,0.391,0.673,5,4,NA,5,83,83,1,443,2024,hitter,272,36,5,31,S Rivas,71,1.064,0.331,0.06772009029345373,0.2144469525959368,0.06997742663656885,0.15124153498871332,0.4513995485327314
46,A Fritz,Great Falls Voyagers,17,41,14,8,4,2,0,1,3,9,0.341,0.391,0.463,0,1,NA,NA,8,8,1,46,2024,hitter,19,2,0,2,A Fritz,11,0.8540000000000001,0.122,0.08695652173913043,0.1956521739130435,0.021739130434782608,0.06521739130434782,0.37328260869565216
47,J Nicol,Great Falls Voyagers,13,44,15,13,5,8,0,4,12,11,0.341,0.392,0.795,0,2,NA,NA,9,9,1,51,2024,hitter,35,8,0,8,J Nicol,3,1.187,0.454,0.09803921568627451,0.21568627450980393,0.0784313725490196,0.23529411764705882,0.4840392156862745
48,C Runge,Missoula PaddleHeads,64,241,82,57,33,16,1,11,28,39,0.34,0.42,0.552,5,7,NA,10,54,66,0.82,286,2024,hitter,133,17,1,16,C Runge,54,0.972,0.21200000000000002,0.11538461538461539,0.13636363636363635,0.038461538461538464,0.0979020979020979,0.41746503496503495
49,R Orsak,Glacier Range Riders,19,53,18,7,6,5,NA,NA,5,8,0.34,0.407,0.434,0,0,NA,NA,11,15,0.73,59,2024,hitter,23,NA,NA,NA,R Orsak,NA,0.841,0.09399999999999997,0.1016949152542373,0.13559322033898305,NA,0.0847457627118644,NA
50,M Yonamine,Boise Hawks,96,411,139,96,40,21,2,24,47,95,0.338,0.405,0.574,10,6,NA,11,81,91,0.89,467,2024,hitter,236,23,2,21,M Yonamine,92,0.979,0.23599999999999993,0.08565310492505353,0.20342612419700215,0.05139186295503212,0.1006423982869379,0.4215481798715203
51,E Niemann,Yuba-Sutter Freebirds,26,77,26,13,2,3,0,2,5,8,0.338,0.395,0.455,6,1,NA,2,25,17,1.47,86,2024,hitter,35,3,0,3,E Niemann,21,0.8500000000000001,0.11699999999999999,0.023255813953488372,0.09302325581395349,0.023255813953488372,0.05813953488372093,0.376453488372093
52,B Rosengard,Idaho Falls Chukars,31,104,35,8,13,6,1,NA,7,32,0.337,0.43,0.413,4,0,2,2,25,12,2.08,123,2024,hitter,43,NA,NA,NA,B Rosengard,NA,0.843,0.07599999999999996,0.10569105691056911,0.2601626016260163,NA,0.056910569105691054,NA
53,E Diaz,Colorado Springs Sky Sox,79,262,88,58,37,14,1,6,21,53,0.336,0.423,0.466,6,5,1,7,90,29,3.1,311,2024,hitter,122,15,1,14,E Diaz,67,0.889,0.13,0.1189710610932476,0.17041800643086816,0.01929260450160772,0.06752411575562701,0.3915290322580645
54,T Lomack,Yuba-Sutter Freebirds,80,281,94,31,54,9,3,2,14,57,0.335,0.445,0.409,2,0,NA,4,76,47,1.62,337,2024,hitter,115,12,3,9,T Lomack,80,0.854,0.07399999999999995,0.16023738872403562,0.16913946587537093,0.005934718100890208,0.04154302670623145,0.38644807121661723
55,N Adgar,Ogden Raptors,3,3,1,0,NA,NA,NA,NA,0,NA,0.333,0.333,0.333,0,0,NA,NA,NA,2,NA,3,2024,hitter,1,NA,NA,NA,N Adgar,NA,0.666,0,NA,NA,NA,0,NA
55,K Byrne,Rocky Mountain Vibes,22,84,28,26,11,4,0,4,8,15,0.333,0.423,0.524,2,0,NA,NA,22,17,1.29,97,2024,hitter,44,4,0,4,K Byrne,20,0.9470000000000001,0.191,0.1134020618556701,0.15463917525773196,0.041237113402061855,0.08247422680412371,0.41527835051546386
55,T Davis,Oakland Ballers,7,3,1,0,1,NA,NA,NA,0,1,0.333,0.5,0.333,0,0,NA,NA,NA,1,NA,4,2024,hitter,1,NA,NA,NA,T Davis,NA,0.833,0,0.25,0.25,NA,0,NA
55,W Fuenning,Ogden Raptors,8,15,5,2,2,1,0,1,2,7,0.333,0.412,0.6,0,0,NA,NA,1,1,1,17,2024,hitter,9,1,0,1,W Fuenning,3,1.012,0.26699999999999996,0.11764705882352941,0.4117647058823529,0.058823529411764705,0.11764705882352941,0.43623529411764705
55,J Gates,Oakland Ballers,24,69,23,11,6,5,0,3,8,14,0.333,0.41,0.536,3,0,1,2,24,8,3,79,2024,hitter,37,5,0,5,J Gates,15,0.946,0.203,0.0759493670886076,0.17721518987341772,0.0379746835443038,0.10126582278481013,0.4138974358974359
55,B Harding,Grand Junction Jackalopes,25,81,27,10,14,3,NA,NA,3,12,0.333,0.444,0.37,3,1,NA,1,25,13,1.92,99,2024,hitter,30,NA,NA,NA,B Harding,NA,0.8140000000000001,0.03699999999999998,0.1414141414141414,0.12121212121212122,NA,0.030303030303030304,NA
55,A Shumaker,Grand Junction Jackalopes,29,78,26,11,11,2,0,1,3,17,0.333,0.411,0.397,0,1,3,1,22,16,1.38,93,2024,hitter,31,2,0,2,A Shumaker,23,0.808,0.064,0.11827956989247312,0.1827956989247312,0.010752688172043012,0.03225806451612903,0.36285555555555554
55,S Thompson,Rocky Mountain Vibes,6,18,6,5,3,1,NA,NA,1,6,0.333,0.429,0.389,0,0,NA,NA,5,NA,NA,21,2024,hitter,7,NA,NA,NA,S Thompson,NA,0.8180000000000001,0.055999999999999994,0.14285714285714285,0.2857142857142857,NA,0.047619047619047616,NA
63,R Major,Great Falls Voyagers,92,340,113,44,33,21,9,7,37,62,0.332,0.393,0.509,4,5,1,6,86,75,1.15,383,2024,hitter,173,30,9,21,R Major,76,0.902,0.177,0.08616187989556136,0.1618798955613577,0.018276762402088774,0.09660574412532637,0.390282722513089
64,K Kaler,Boise Hawks,43,172,57,24,34,8,3,3,14,25,0.331,0.445,0.465,2,1,1,4,42,41,1.02,210,2024,hitter,80,11,3,8,K Kaler,43,0.91,0.134,0.1619047619047619,0.11904761904761904,0.014285714285714285,0.06666666666666667,0.40386124401913875
65,B Ryan,Billings Mustangs,87,332,110,64,55,20,6,11,37,58,0.331,0.454,0.527,21,2,1,5,84,69,1.22,411,2024,hitter,175,26,6,20,B Ryan,73,0.9810000000000001,0.196,0.13381995133819952,0.1411192214111922,0.0267639902676399,0.09002433090024331,0.42966585365853655
66,T Halsema,Rocky Mountain Vibes,86,339,112,70,38,19,4,10,33,62,0.33,0.398,0.499,3,4,NA,7,90,71,1.27,384,2024,hitter,169,23,4,19,T Halsema,79,0.897,0.16899999999999998,0.09895833333333333,0.16145833333333334,0.026041666666666668,0.0859375,0.3910442708333333
67,A Sanchez,Missoula PaddleHeads,76,306,101,92,42,22,2,20,44,77,0.33,0.412,0.611,2,2,1,4,68,53,1.28,353,2024,hitter,187,24,2,22,A Sanchez,57,1.023,0.28099999999999997,0.11898016997167139,0.21813031161473087,0.056657223796033995,0.12464589235127478,0.4382215909090908
68,T Wyatt,Idaho Falls Chukars,93,373,123,78,49,27,2,17,46,74,0.33,0.417,0.55,7,0,2,6,76,94,0.81,431,2024,hitter,205,29,2,27,T Wyatt,77,0.9670000000000001,0.22000000000000003,0.1136890951276102,0.1716937354988399,0.03944315545243619,0.10672853828306264,0.4207599067599068
69,C Perez,Missoula PaddleHeads,25,88,29,17,7,6,0,4,10,25,0.33,0.406,0.534,5,1,NA,1,17,13,1.31,101,2024,hitter,47,6,0,6,C Perez,19,0.9400000000000001,0.20400000000000001,0.06930693069306931,0.24752475247524752,0.039603960396039604,0.09900990099009901,0.4093267326732673
70,D Stuart,Oakland Ballers,38,140,46,22,17,4,1,7,12,21,0.329,0.417,0.521,5,1,NA,4,37,33,1.12,163,2024,hitter,73,5,1,4,D Stuart,34,0.938,0.192,0.10429447852760736,0.12883435582822086,0.04294478527607362,0.0736196319018405,0.4106687116564417
71,A Davis,Rocky Mountain Vibes,88,366,120,56,54,27,3,10,40,77,0.328,0.418,0.5,4,2,3,2,83,84,0.99,429,2024,hitter,183,30,3,27,A Davis,80,0.9179999999999999,0.172,0.1258741258741259,0.1794871794871795,0.023310023310023312,0.09324009324009325,0.4022605633802817
72,B Lada,Yuba-Sutter Freebirds,87,342,112,83,22,25,4,17,46,80,0.327,0.386,0.573,15,7,2,9,71,81,0.88,388,2024,hitter,196,29,4,25,B Lada,66,0.959,0.24599999999999994,0.05670103092783505,0.20618556701030927,0.04381443298969072,0.11855670103092783,0.41081347150259073
73,D Rivera,Grand Junction Jackalopes,54,220,72,32,15,15,2,7,24,40,0.327,0.388,0.509,7,0,3,5,52,55,0.95,245,2024,hitter,112,17,2,15,D Rivera,48,0.897,0.182,0.061224489795918366,0.16326530612244897,0.02857142857142857,0.09795918367346938,0.3926942148760331
74,H Yanez,Great Falls Voyagers,38,147,48,28,17,12,0,3,15,31,0.327,0.399,0.469,2,2,2,6,43,27,1.59,170,2024,hitter,69,12,0,12,H Yanez,33,0.868,0.14199999999999996,0.1,0.18235294117647058,0.01764705882352941,0.08823529411764706,0.38114880952380953
75,R Pena,Missoula PaddleHeads,91,389,127,101,46,27,1,24,52,126,0.326,0.41,0.586,11,3,1,12,73,54,1.35,450,2024,hitter,228,28,1,27,R Pena,75,0.996,0.25999999999999995,0.10222222222222223,0.28,0.05333333333333334,0.11555555555555555,0.4290400890868597
76,B Blackford,Yuba-Sutter Freebirds,83,285,93,65,44,26,1,13,40,78,0.326,0.414,0.561,3,6,5,6,64,51,1.25,343,2024,hitter,160,27,1,26,B Blackford,53,0.9750000000000001,0.23500000000000004,0.1282798833819242,0.22740524781341107,0.037900874635568516,0.11661807580174927,0.41883136094674556
77,K Jimenez,Colorado Springs Sky Sox,90,338,110,65,40,24,0,6,30,68,0.325,0.397,0.45,4,6,4,8,87,80,1.09,392,2024,hitter,152,24,0,24,K Jimenez,80,0.847,0.125,0.10204081632653061,0.17346938775510204,0.015306122448979591,0.07653061224489796,0.37277835051546393
78,O Serratos Jr.,Great Falls Voyagers,59,209,68,35,20,11,4,4,19,53,0.325,0.394,0.474,7,5,2,5,39,50,0.78,243,2024,hitter,99,15,4,11,O Serratos Jr.,49,0.868,0.14899999999999997,0.0823045267489712,0.21810699588477367,0.01646090534979424,0.07818930041152264,0.3784854771784232
79,J Daly,Glacier Range Riders,22,71,23,15,12,5,2,2,9,22,0.324,0.424,0.535,1,1,NA,NA,14,12,1.17,85,2024,hitter,38,7,2,5,J Daly,14,0.9590000000000001,0.21100000000000002,0.1411764705882353,0.25882352941176473,0.023529411764705882,0.10588235294117647,0.4143882352941176
80,G Howell,Glacier Range Riders,66,273,88,47,27,16,3,9,28,64,0.322,0.38,0.502,1,4,2,6,61,57,1.07,307,2024,hitter,137,19,3,16,G Howell,60,0.882,0.18,0.08794788273615635,0.20846905537459284,0.029315960912052116,0.09120521172638436,0.3827049180327869
81,C Jordan,Ogden Raptors,68,258,83,51,31,9,3,8,20,43,0.322,0.417,0.473,14,4,7,3,66,70,0.94,314,2024,hitter,122,12,3,9,C Jordan,63,0.8899999999999999,0.15099999999999997,0.09872611464968153,0.13694267515923567,0.025477707006369428,0.06369426751592357,0.392628664495114
82,H Hall,Great Falls Voyagers,73,243,78,47,19,16,2,8,26,58,0.321,0.387,0.502,8,1,NA,3,47,59,0.8,271,2024,hitter,122,18,2,16,H Hall,52,0.889,0.181,0.07011070110701106,0.2140221402214022,0.02952029520295203,0.0959409594095941,0.389070110701107
83,M Jefferson,Oakland Ballers,39,147,47,27,17,6,1,3,10,26,0.32,0.405,0.435,4,0,NA,5,44,28,1.57,168,2024,hitter,64,7,1,6,M Jefferson,37,0.8400000000000001,0.11499999999999999,0.10119047619047619,0.15476190476190477,0.017857142857142856,0.05952380952380952,0.3751130952380952
84,R Holgate,Great Falls Voyagers,19,72,23,15,11,2,0,4,6,21,0.319,0.424,0.514,2,0,NA,3,14,13,1.08,85,2024,hitter,37,2,0,2,R Holgate,17,0.938,0.195,0.12941176470588237,0.24705882352941178,0.047058823529411764,0.07058823529411765,0.4126588235294117
85,P Harden,Oakland Ballers,82,310,99,31,47,10,4,4,18,80,0.319,0.409,0.416,2,3,3,3,81,49,1.65,365,2024,hitter,129,14,4,10,P Harden,81,0.825,0.09699999999999998,0.12876712328767123,0.2191780821917808,0.010958904109589041,0.049315068493150684,0.3684530386740331
86,C Denning,Billings Mustangs,55,204,65,49,35,10,0,9,19,49,0.319,0.43,0.5,7,3,NA,2,39,53,0.74,249,2024,hitter,102,10,0,10,C Denning,46,0.9299999999999999,0.181,0.14056224899598393,0.19678714859437751,0.03614457831325301,0.07630522088353414,0.40831726907630517
87,H George,Colorado Springs Sky Sox,89,333,106,66,69,34,4,12,50,57,0.318,0.434,0.553,3,5,NA,6,81,87,0.93,410,2024,hitter,184,38,4,34,H George,56,0.9870000000000001,0.23500000000000004,0.16829268292682928,0.13902439024390245,0.02926829268292683,0.12195121951219512,0.42535121951219507
88,J Lee,Missoula PaddleHeads,20,44,14,15,3,3,0,2,5,11,0.318,0.38,0.523,2,1,NA,2,10,8,1.25,50,2024,hitter,23,3,0,3,J Lee,9,0.903,0.20500000000000002,0.06,0.22,0.04,0.1,0.39042
89,B Carson,Oakland Ballers,87,350,111,65,59,24,3,13,40,98,0.317,0.417,0.514,2,1,1,3,79,56,1.41,413,2024,hitter,180,27,3,24,B Carson,71,0.931,0.197,0.14285714285714285,0.23728813559322035,0.031476997578692496,0.09685230024213075,0.4074441747572815
90,N Martinez,Oakland Ballers,88,325,103,71,72,20,0,21,41,90,0.317,0.445,0.572,3,0,NA,5,74,48,1.54,400,2024,hitter,186,20,0,20,N Martinez,62,1.017,0.25499999999999995,0.18,0.225,0.0525,0.1025,0.4411075
91,K Johnson,Idaho Falls Chukars,30,95,30,15,13,8,1,NA,9,19,0.316,0.449,0.421,10,0,NA,1,26,16,1.63,118,2024,hitter,40,NA,NA,NA,K Johnson,NA,0.87,0.10499999999999998,0.11016949152542373,0.16101694915254236,NA,0.07627118644067797,NA
92,C Sargent,Ogden Raptors,91,358,113,95,34,20,2,19,41,75,0.316,0.372,0.542,2,7,NA,10,72,90,0.8,401,2024,hitter,194,22,2,20,C Sargent,72,0.914,0.22600000000000003,0.08478802992518704,0.18703241895261846,0.04738154613466334,0.10224438902743142,0.39254613466334165
93,C Gordon,Missoula PaddleHeads,71,260,82,60,54,15,1,11,27,74,0.315,0.446,0.508,8,1,NA,4,43,56,0.77,323,2024,hitter,132,16,1,15,C Gordon,55,0.954,0.193,0.16718266253869968,0.22910216718266255,0.034055727554179564,0.08359133126934984,0.4200247678018576
94,D Hubbard,Oakland Ballers,87,346,109,71,36,27,0,16,43,47,0.315,0.39,0.532,9,4,1,9,91,92,0.99,396,2024,hitter,184,27,0,27,D Hubbard,66,0.922,0.21700000000000003,0.09090909090909091,0.11868686868686869,0.04040404040404041,0.10858585858585859,0.399693670886076
95,R Mccarthy,Idaho Falls Chukars,55,181,57,29,40,11,0,4,15,41,0.315,0.459,0.442,10,2,4,2,50,39,1.28,237,2024,hitter,80,11,0,11,R Mccarthy,42,0.901,0.127,0.16877637130801687,0.1729957805907173,0.016877637130801686,0.06329113924050633,0.40558369098712443
96,D Tofteland,Rocky Mountain Vibes,91,316,99,77,63,26,1,17,44,87,0.313,0.448,0.563,15,1,4,9,76,51,1.49,399,2024,hitter,178,27,1,26,D Tofteland,55,1.011,0.24999999999999994,0.15789473684210525,0.21804511278195488,0.042606516290726815,0.11027568922305764,0.4392886075949367
97,D Glancy,Yuba-Sutter Freebirds,34,99,31,20,17,5,1,4,10,17,0.313,0.415,0.505,3,4,NA,1,20,33,0.61,123,2024,hitter,50,6,1,5,D Glancy,21,0.9199999999999999,0.192,0.13821138211382114,0.13821138211382114,0.032520325203252036,0.08130081300813008,0.39771544715447155
98,F Rojas Jr.,Great Falls Voyagers,89,294,92,60,58,14,2,12,28,76,0.313,0.437,0.497,9,3,NA,6,76,44,1.73,364,2024,hitter,146,16,2,14,F Rojas Jr.,64,0.9339999999999999,0.184,0.15934065934065933,0.2087912087912088,0.03296703296703297,0.07692307692307693,0.41095604395604396
99,C Halvorson,Grand Junction Jackalopes,67,237,74,50,28,16,3,12,31,36,0.312,0.391,0.557,5,4,NA,4,60,64,0.94,274,2024,hitter,132,19,3,16,C Halvorson,43,0.9480000000000001,0.24500000000000005,0.10218978102189781,0.13138686131386862,0.043795620437956206,0.11313868613138686,0.406970802919708
100,T Clark,Oakland Ballers,38,138,43,23,11,8,0,4,12,26,0.312,0.406,0.457,11,0,NA,3,32,33,0.97,160,2024,hitter,63,8,0,8,T Clark,31,0.863,0.14500000000000002,0.06875,0.1625,0.025,0.075,0.38520000000000004
101,T Rogers,Idaho Falls Chukars,88,322,100,79,65,23,0,14,37,77,0.311,0.438,0.512,13,6,NA,7,78,62,1.26,406,2024,hitter,165,23,0,23,T Rogers,63,0.95,0.201,0.16009852216748768,0.1896551724137931,0.034482758620689655,0.09113300492610837,0.41583004926108375
102,S Wilmer,Oakland Ballers,83,290,90,57,49,24,0,9,33,85,0.31,0.42,0.486,8,3,7,2,57,60,0.95,357,2024,hitter,141,24,0,24,S Wilmer,57,0.9059999999999999,0.176,0.13725490196078433,0.23809523809523808,0.025210084033613446,0.09243697478991597,0.3988999999999999
103,L Barns,Ogden Raptors,84,315,97,50,21,14,2,2,18,51,0.308,0.375,0.384,14,2,8,11,98,71,1.38,360,2024,hitter,121,16,2,14,L Barns,79,0.759,0.07600000000000001,0.058333333333333334,0.14166666666666666,0.005555555555555556,0.05,0.3408465909090909
104,A Figueredo,Yuba-Sutter Freebirds,69,234,72,53,43,16,0,7,23,46,0.308,0.406,0.466,1,8,NA,6,53,67,0.79,286,2024,hitter,109,16,0,16,A Figueredo,49,0.8720000000000001,0.15800000000000003,0.15034965034965034,0.16083916083916083,0.024475524475524476,0.08041958041958042,0.38093356643356646
105,A Mata,Idaho Falls Chukars,35,137,42,20,16,4,2,3,9,32,0.307,0.377,0.431,0,1,2,2,42,23,1.83,156,2024,hitter,59,6,2,4,A Mata,33,0.808,0.124,0.10256410256410256,0.20512820512820512,0.019230769230769232,0.057692307692307696,0.3569025974025974
106,C Chatham,Great Falls Voyagers,20,49,15,2,11,NA,NA,NA,0,19,0.306,0.426,0.306,0,1,NA,NA,9,7,1.29,61,2024,hitter,15,NA,NA,NA,C Chatham,NA,0.732,0,0.18032786885245902,0.3114754098360656,NA,0,NA
107,D Crenshaw,Billings Mustangs,9,36,11,6,7,2,0,1,3,6,0.306,0.419,0.444,0,0,NA,NA,9,6,1.5,43,2024,hitter,16,2,0,2,D Crenshaw,8,0.863,0.138,0.16279069767441862,0.13953488372093023,0.023255813953488372,0.06976744186046512,0.3855116279069768
108,P Mills,Billings Mustangs,46,167,51,54,45,12,2,12,26,49,0.305,0.452,0.617,2,3,NA,5,25,43,0.58,217,2024,hitter,103,14,2,12,P Mills,25,1.069,0.312,0.2073732718894009,0.22580645161290322,0.055299539170506916,0.11981566820276497,0.4534101382488479
109,D Poteet,Boise Hawks,40,141,43,27,17,8,1,1,10,34,0.305,0.379,0.397,1,2,NA,NA,35,28,1.25,161,2024,hitter,56,9,1,8,D Poteet,33,0.776,0.09200000000000003,0.10559006211180125,0.2111801242236025,0.006211180124223602,0.062111801242236024,0.34559627329192544
110,S Kuchinski,Grand Junction Jackalopes,52,187,57,57,32,9,0,15,24,54,0.305,0.417,0.594,4,0,1,5,41,31,1.32,224,2024,hitter,111,9,0,9,S Kuchinski,33,1.011,0.289,0.14285714285714285,0.24107142857142858,0.06696428571428571,0.10714285714285714,0.4359910313901345
111,M Sykes,Rocky Mountain Vibes,45,158,48,29,11,8,1,3,12,38,0.304,0.374,0.424,8,2,2,1,35,29,1.21,181,2024,hitter,67,9,1,8,M Sykes,36,0.798,0.12,0.06077348066298342,0.20994475138121546,0.016574585635359115,0.06629834254143646,0.3543072625698324
112,K Jenkins,Idaho Falls Chukars,18,56,17,10,11,3,NA,NA,3,12,0.304,0.418,0.357,0,0,NA,4,20,6,3.33,67,2024,hitter,20,NA,NA,NA,K Jenkins,NA,0.7749999999999999,0.05299999999999999,0.16417910447761194,0.1791044776119403,NA,0.04477611940298507,NA
113,G Lora,Billings Mustangs,42,142,43,31,23,12,0,3,15,27,0.303,0.425,0.451,8,1,2,7,37,32,1.16,176,2024,hitter,64,12,0,12,G Lora,28,0.876,0.14800000000000002,0.13068181818181818,0.1534090909090909,0.017045454545454544,0.08522727272727272,0.3911781609195402
114,R Gil,Ogden Raptors,67,215,65,53,27,15,0,18,33,83,0.302,0.395,0.623,8,3,NA,3,36,33,1.09,253,2024,hitter,134,15,0,15,R Gil,32,1.018,0.321,0.1067193675889328,0.32806324110671936,0.07114624505928854,0.13043478260869565,0.43361660079051384
114,D Leach,Billings Mustangs,39,129,39,19,31,5,2,8,15,49,0.302,0.448,0.558,3,0,NA,1,13,25,0.52,163,2024,hitter,72,7,2,5,D Leach,24,1.006,0.25600000000000006,0.1901840490797546,0.3006134969325153,0.049079754601226995,0.09202453987730061,0.43719631901840483
116,J Kirby,Yuba-Sutter Freebirds,31,96,29,26,15,2,3,6,11,27,0.302,0.385,0.573,1,5,NA,2,19,24,0.79,117,2024,hitter,55,5,3,2,J Kirby,18,0.958,0.27099999999999996,0.1282051282051282,0.23076923076923078,0.05128205128205128,0.09401709401709402,0.40215384615384614
117,E Blum,Billings Mustangs,42,123,37,23,14,7,0,7,14,39,0.301,0.39,0.528,4,0,1,4,28,17,1.65,142,2024,hitter,65,7,0,7,E Blum,23,0.918,0.22700000000000004,0.09859154929577464,0.2746478873239437,0.04929577464788732,0.09859154929577464,0.4012482269503546
118,E Bates,Yuba-Sutter Freebirds,15,10,3,3,NA,NA,NA,NA,0,1,0.3,0.273,0.3,0,1,NA,1,2,5,0.4,11,2024,hitter,3,NA,NA,NA,E Bates,NA,0.573,0,NA,0.09090909090909091,NA,0,NA
119,E Good,Ogden Raptors,45,151,45,25,19,9,2,5,16,38,0.298,0.385,0.483,3,1,3,4,37,33,1.12,177,2024,hitter,73,11,2,9,E Good,29,0.868,0.185,0.10734463276836158,0.21468926553672316,0.02824858757062147,0.0903954802259887,0.38048275862068964
120,B Skinner,Yuba-Sutter Freebirds,90,363,108,49,44,18,2,8,28,74,0.298,0.379,0.424,5,2,2,6,120,56,2.14,416,2024,hitter,154,20,2,18,B Skinner,80,0.8029999999999999,0.126,0.10576923076923077,0.1778846153846154,0.019230769230769232,0.0673076923076923,0.35731400966183574
121,B Fitzgerald,Glacier Range Riders,77,254,75,59,38,23,1,17,41,69,0.295,0.42,0.594,18,2,3,1,52,58,0.9,315,2024,hitter,151,24,1,23,B Fitzgerald,34,1.014,0.299,0.12063492063492064,0.21904761904761905,0.05396825396825397,0.13015873015873017,0.4358141025641025
122,J Rooks,Billings Mustangs,34,95,28,24,27,7,1,3,11,35,0.295,0.473,0.484,7,2,NA,4,19,12,1.58,131,2024,hitter,46,8,1,7,J Rooks,17,0.957,0.189,0.20610687022900764,0.26717557251908397,0.022900763358778626,0.08396946564885496,0.42439694656488547
123,C Corliss,Idaho Falls Chukars,21,51,15,9,8,3,NA,NA,3,13,0.294,0.4,0.353,1,0,1,2,14,8,1.75,61,2024,hitter,18,NA,NA,NA,C Corliss,NA,0.753,0.059,0.13114754098360656,0.21311475409836064,NA,0.04918032786885246,NA
123,N Klemp,Boise Hawks,69,255,75,41,32,18,1,5,24,38,0.294,0.381,0.431,5,2,NA,8,66,68,0.97,294,2024,hitter,110,19,1,18,N Klemp,51,0.812,0.137,0.10884353741496598,0.1292517006802721,0.017006802721088437,0.08163265306122448,0.36046598639455785
125,J Shanks,Idaho Falls Chukars,45,160,47,33,17,12,1,4,17,43,0.294,0.413,0.456,17,2,NA,2,39,30,1.3,196,2024,hitter,73,13,1,12,J Shanks,30,0.869,0.16200000000000003,0.08673469387755102,0.2193877551020408,0.02040816326530612,0.08673469387755102,0.38732653061224487
1,J Ochoa,Colorado Springs Sky Sox,28,1,1,3,NA,0,0,1,1,NA,1,1,4,0,0,NA,NA,NA,NA,NA,1,2025,hitter,4,0,0,0,J Ochoa,0,5,3,NA,NA,1,1,NA
2,J Smith,Colorado Springs Sky Sox,2,4,2,1,3,NA,NA,NA,0,1,0.5,0.714,0.5,0,0,NA,1,1,NA,NA,7,2025,hitter,2,NA,NA,NA,J Smith,NA,1.214,0,0.42857142857142855,0.14285714285714285,NA,0,NA
3,B Rosengard,Idaho Falls Chukars,66,229,106,57,49,16,6,10,32,43,0.463,0.558,0.716,3,2,1,5,41,39,1.05,284,2025,hitter,164,22,6,16,B Rosengard,74,1.274,0.25299999999999995,0.17253521126760563,0.15140845070422534,0.035211267605633804,0.11267605633802817,0.5396819787985865
4,T Darden,Boise Hawks,95,371,159,125,68,25,8,18,51,58,0.429,0.524,0.685,10,3,NA,8,77,70,1.1,452,2025,hitter,254,33,8,25,T Darden,108,1.209,0.25600000000000006,0.1504424778761062,0.12831858407079647,0.03982300884955752,0.11283185840707964,0.5145243362831858
5,S Linscott,Rocky Mountain Vibes,90,382,151,87,31,23,4,14,41,36,0.395,0.447,0.586,7,3,NA,5,82,103,0.8,423,2025,hitter,224,27,4,23,S Linscott,110,1.033,0.19099999999999995,0.07328605200945626,0.0851063829787234,0.03309692671394799,0.09692671394799054,0.44736406619385344
6,A Fogel,Missoula PaddleHeads,79,320,124,108,38,21,2,34,57,63,0.388,0.463,0.784,12,6,NA,8,65,68,0.96,376,2025,hitter,251,23,2,21,A Fogel,67,1.247,0.396,0.10106382978723404,0.1675531914893617,0.09042553191489362,0.15159574468085107,0.5205771276595744
7,D Leach,Billings Mustangs,12,44,17,13,11,7,0,3,10,8,0.386,0.517,0.75,2,1,NA,NA,4,14,0.29,58,2025,hitter,33,7,0,7,D Leach,7,1.267,0.364,0.1896551724137931,0.13793103448275862,0.05172413793103448,0.1724137931034483,0.525
8,S Rich,Idaho Falls Chukars,51,192,74,58,22,8,0,13,21,47,0.385,0.455,0.63,4,2,1,4,29,42,0.69,221,2025,hitter,121,8,0,8,S Rich,53,1.085,0.245,0.09954751131221719,0.21266968325791855,0.058823529411764705,0.09502262443438914,0.4664227272727273
9,M Titialii,Colorado Springs Sky Sox,4,13,5,1,2,NA,NA,NA,0,5,0.385,0.467,0.385,0,0,NA,NA,2,1,2,15,2025,hitter,5,NA,NA,NA,M Titialii,NA,0.8520000000000001,0,0.13333333333333333,0.3333333333333333,NA,0,NA
10,C Sargent Jr.,Ogden Raptors,80,352,135,130,36,21,0,35,56,57,0.384,0.443,0.741,5,4,1,12,62,94,0.66,398,2025,hitter,261,21,0,21,C Sargent Jr.,79,1.184,0.357,0.09045226130653267,0.14321608040201006,0.08793969849246232,0.1407035175879397,0.5008261964735516
11,C Halvorson,Grand Junction Jackalopes,44,167,64,41,16,11,1,5,17,15,0.383,0.46,0.551,12,5,NA,7,44,50,0.88,200,2025,hitter,92,12,1,11,C Halvorson,47,1.0110000000000001,0.16800000000000004,0.08,0.075,0.025,0.085,0.43770999999999993
12,M Rosario,Missoula PaddleHeads,87,374,143,75,29,28,4,13,45,41,0.382,0.431,0.583,7,5,NA,7,92,90,1.02,415,2025,hitter,218,32,4,28,M Rosario,98,1.014,0.20099999999999996,0.06987951807228916,0.09879518072289156,0.03132530120481928,0.10843373493975904,0.43723614457831317
13,D Stone,Ogden Raptors,79,314,120,52,48,24,2,5,31,42,0.382,0.478,0.519,13,4,3,2,76,74,1.03,382,2025,hitter,163,26,2,24,D Stone,89,0.997,0.137,0.1256544502617801,0.1099476439790576,0.013089005235602094,0.08115183246073299,0.43741160949868074
14,S Coffman,Grand Junction Jackalopes,77,333,127,90,33,23,2,12,37,37,0.381,0.436,0.571,3,5,4,12,96,71,1.35,378,2025,hitter,190,25,2,23,S Coffman,90,1.007,0.18999999999999995,0.0873015873015873,0.09788359788359788,0.031746031746031744,0.09788359788359788,0.4345802139037433
15,B Roberts,Colorado Springs Sky Sox,67,287,109,65,27,22,2,20,44,41,0.38,0.429,0.679,0,3,NA,5,69,65,1.06,317,2025,hitter,195,24,2,22,B Roberts,65,1.108,0.29900000000000004,0.08517350157728706,0.12933753943217666,0.06309148264984227,0.138801261829653,0.47181072555205034
16,T Rogers,Idaho Falls Chukars,92,383,145,104,61,37,2,28,67,68,0.379,0.478,0.705,14,2,NA,16,87,76,1.14,460,2025,hitter,270,39,2,37,T Rogers,78,1.1829999999999998,0.32599999999999996,0.13260869565217392,0.14782608695652175,0.06086956521739131,0.14565217391304347,0.5011934782608695
17,J Feliciano,Rocky Mountain Vibes,13,37,14,9,12,1,NA,NA,1,6,0.378,0.549,0.405,2,0,1,NA,12,4,3,52,2025,hitter,15,NA,NA,NA,J Feliciano,NA,0.9540000000000001,0.027000000000000024,0.23076923076923078,0.11538461538461539,NA,0.019230769230769232,NA
18,S Greico,Ogden Raptors,11,45,17,13,4,2,0,4,6,5,0.378,0.44,0.689,1,0,NA,NA,11,11,1,50,2025,hitter,31,2,0,2,S Greico,11,1.129,0.31099999999999994,0.08,0.1,0.08,0.12,0.48391999999999996
19,K Clark,Rocky Mountain Vibes,58,239,90,70,45,24,0,12,36,63,0.377,0.471,0.628,1,4,NA,4,37,47,0.79,289,2025,hitter,150,24,0,24,K Clark,54,1.099,0.251,0.15570934256055363,0.2179930795847751,0.04152249134948097,0.1245674740484429,0.46865051903114174
20,T Garcia,Rocky Mountain Vibes,77,287,108,70,31,16,3,4,23,32,0.376,0.444,0.495,9,6,2,10,98,50,1.96,335,2025,hitter,142,19,3,16,T Garcia,85,0.9390000000000001,0.119,0.09253731343283582,0.0955223880597015,0.011940298507462687,0.06865671641791045,0.41127927927927926
21,G Ostrander,Idaho Falls Chukars,81,315,117,51,57,22,2,9,33,25,0.371,0.478,0.54,9,2,1,6,86,79,1.09,384,2025,hitter,170,24,2,22,G Ostrander,84,1.018,0.16900000000000004,0.1484375,0.06510416666666667,0.0234375,0.0859375,0.4452297650130547
21,C Pregent,Rocky Mountain Vibes,10,35,13,9,5,1,0,2,3,5,0.371,0.452,0.571,1,1,NA,3,9,8,1.13,42,2025,hitter,20,1,0,1,C Pregent,10,1.023,0.19999999999999996,0.11904761904761904,0.11904761904761904,0.047619047619047616,0.07142857142857142,0.44107142857142856
23,J Pappas,Idaho Falls Chukars,60,224,83,65,42,8,0,13,21,33,0.371,0.484,0.58,12,5,NA,4,45,64,0.7,283,2025,hitter,130,8,0,8,J Pappas,62,1.064,0.20899999999999996,0.14840989399293286,0.1166077738515901,0.045936395759717315,0.07420494699646643,0.46000353356890455
24,A Chouinard,Rocky Mountain Vibes,57,189,70,46,21,18,0,4,22,33,0.37,0.441,0.529,6,4,NA,4,44,43,1.02,220,2025,hitter,100,18,0,18,A Chouinard,48,0.97,0.15900000000000003,0.09545454545454546,0.15,0.01818181818181818,0.1,0.4214909090909091
25,D Leonard,Great Falls Voyagers,5,19,7,0,NA,1,NA,NA,1,2,0.368,0.4,0.421,1,0,NA,NA,5,4,1.25,20,2025,hitter,8,NA,NA,NA,D Leonard,NA,0.821,0.05299999999999999,NA,0.1,NA,0.05,NA
26,B Watkins,Great Falls Voyagers,26,99,36,18,15,7,0,4,11,26,0.364,0.458,0.556,4,2,1,2,17,22,0.77,121,2025,hitter,55,7,0,7,B Watkins,25,1.014,0.19200000000000006,0.12396694214876033,0.21487603305785125,0.03305785123966942,0.09090909090909091,0.4394916666666667
27,S Baumgardt,Idaho Falls Chukars,74,285,103,77,39,24,1,19,44,54,0.361,0.444,0.653,9,7,1,17,60,69,0.87,341,2025,hitter,186,25,1,24,S Baumgardt,59,1.097,0.29200000000000004,0.11436950146627566,0.15835777126099707,0.05571847507331378,0.12903225806451613,0.4642323529411765
28,M Jung-Goldberg,Boise Hawks,94,360,130,130,65,28,4,26,58,61,0.361,0.476,0.678,17,3,2,8,75,93,0.81,447,2025,hitter,244,32,4,28,M Jung-Goldberg,72,1.154,0.31700000000000006,0.14541387024608501,0.13646532438478748,0.058165548098434,0.1297539149888143,0.4892988764044944
29,B Pelle,Ogden Raptors,21,50,18,11,4,3,0,2,5,11,0.36,0.418,0.54,1,0,NA,3,15,5,3,55,2025,hitter,27,3,0,3,B Pelle,13,0.958,0.18000000000000005,0.07272727272727272,0.2,0.03636363636363636,0.09090909090909091,0.41892727272727265
30,R Pena,Missoula PaddleHeads,95,388,139,129,58,27,1,46,74,88,0.358,0.452,0.789,11,3,NA,15,69,85,0.81,460,2025,hitter,306,28,1,27,R Pena,65,1.241,0.43100000000000005,0.12608695652173912,0.19130434782608696,0.1,0.1608695652173913,0.517958695652174
31,E Scavotto,Grand Junction Jackalopes,95,369,132,104,86,21,2,22,45,109,0.358,0.48,0.604,5,5,NA,7,68,59,1.15,465,2025,hitter,223,23,2,21,E Scavotto,87,1.084,0.246,0.18494623655913978,0.23440860215053763,0.047311827956989246,0.0967741935483871,0.4652709677419355
32,E Berkey,Yuba-Sutter Freebirds,81,273,97,80,48,17,1,21,39,68,0.355,0.48,0.656,23,6,4,8,50,59,0.85,354,2025,hitter,179,18,1,17,E Berkey,58,1.1360000000000001,0.30100000000000005,0.13559322033898305,0.192090395480226,0.059322033898305086,0.11016949152542373,0.48163999999999996
33,C Bagnieski,Ogden Raptors,84,339,120,110,68,18,0,23,41,52,0.354,0.463,0.611,8,8,1,12,78,94,0.83,424,2025,hitter,207,18,0,18,C Bagnieski,79,1.074,0.257,0.16037735849056603,0.12264150943396226,0.054245283018867926,0.09669811320754718,0.45874468085106385
34,C Lane,Ogden Raptors,95,395,139,88,35,29,1,8,38,61,0.352,0.413,0.491,10,5,2,4,101,88,1.15,447,2025,hitter,194,30,1,29,C Lane,101,0.9039999999999999,0.139,0.07829977628635347,0.13646532438478748,0.017897091722595078,0.08501118568232663,0.3962719101123595
35,K Oyama,Ogden Raptors,90,350,123,59,47,16,2,NA,18,33,0.351,0.438,0.409,15,10,9,6,128,79,1.62,431,2025,hitter,143,NA,NA,NA,K Oyama,NA,0.847,0.057999999999999996,0.10904872389791183,0.0765661252900232,NA,0.04176334106728538,NA
36,N Marcelo,Boise Hawks,96,424,149,75,45,31,9,12,52,60,0.351,0.421,0.552,9,4,4,9,111,92,1.21,486,2025,hitter,234,40,9,31,N Marcelo,97,0.9730000000000001,0.20100000000000007,0.09259259259259259,0.12345679012345678,0.024691358024691357,0.10699588477366255,0.42083195020746883
37,J McLaughlin,Glacier Range Riders,13,60,21,9,4,1,1,2,4,15,0.35,0.412,0.5,3,1,NA,NA,13,11,1.18,68,2025,hitter,30,2,1,1,J McLaughlin,17,0.9119999999999999,0.15000000000000002,0.058823529411764705,0.22058823529411764,0.029411764705882353,0.058823529411764705,0.3986911764705882
38,R Orsak,Yuba-Sutter Freebirds,88,372,130,84,44,22,0,19,41,52,0.349,0.424,0.562,6,3,1,9,90,86,1.05,426,2025,hitter,209,22,0,22,R Orsak,89,0.986,0.21300000000000008,0.10328638497652583,0.12206572769953052,0.04460093896713615,0.09624413145539906,0.4273058823529411
39,C Bufford,Oakland Ballers,88,347,121,76,30,19,2,21,42,89,0.349,0.403,0.597,5,5,NA,10,60,67,0.9,387,2025,hitter,207,21,2,19,C Bufford,79,1,0.248,0.07751937984496124,0.22997416020671835,0.05426356589147287,0.10852713178294573,0.42884754521963825
40,L Moreno,Great Falls Voyagers,19,49,17,10,8,2,0,1,3,12,0.347,0.508,0.449,8,0,NA,2,10,9,1.11,65,2025,hitter,22,2,0,2,L Moreno,14,0.9570000000000001,0.10200000000000004,0.12307692307692308,0.18461538461538463,0.015384615384615385,0.046153846153846156,0.4364769230769231
41,A Mata,Idaho Falls Chukars,71,280,97,57,21,20,4,5,29,46,0.346,0.393,0.5,3,4,1,9,92,44,2.09,309,2025,hitter,140,24,4,20,A Mata,68,0.893,0.15400000000000003,0.06796116504854369,0.1488673139158576,0.016181229773462782,0.09385113268608414,0.3877564935064935
42,C Jordan,Ogden Raptors,91,373,129,82,45,23,3,12,38,42,0.346,0.425,0.52,11,6,2,14,69,132,0.52,437,2025,hitter,194,26,3,23,C Jordan,91,0.9450000000000001,0.17400000000000004,0.10297482837528604,0.09610983981693363,0.02745995423340961,0.08695652173913043,0.41170804597701155
43,D Tofteland,Rocky Mountain Vibes,91,354,122,103,50,26,3,15,44,76,0.345,0.45,0.562,21,4,NA,13,76,79,0.96,429,2025,hitter,199,29,3,26,D Tofteland,78,1.012,0.21700000000000008,0.11655011655011654,0.17715617715617715,0.03496503496503497,0.10256410256410256,0.43900932400932396
44,P Myro IV,Boise Hawks,84,325,112,72,51,23,5,2,30,75,0.345,0.449,0.465,17,8,1,3,65,80,0.81,402,2025,hitter,151,28,5,23,P Myro IV,82,0.914,0.12000000000000005,0.12686567164179105,0.1865671641791045,0.004975124378109453,0.07462686567164178,0.40347880299251876
45,C Castaneda,Grand Junction Jackalopes,74,279,96,54,36,18,0,11,29,68,0.344,0.422,0.527,5,5,1,3,42,74,0.57,326,2025,hitter,147,18,0,18,C Castaneda,67,0.9490000000000001,0.18300000000000005,0.11042944785276074,0.2085889570552147,0.03374233128834356,0.08895705521472393,0.41210769230769234
46,I Nunez,Grand Junction Jackalopes,90,326,112,70,63,14,0,17,31,69,0.344,0.463,0.543,13,4,9,4,72,76,0.95,415,2025,hitter,177,14,0,14,I Nunez,81,1.006,0.19900000000000007,0.15180722891566265,0.16626506024096385,0.04096385542168675,0.0746987951807229,0.4391502463054186
47,C Bowen,Billings Mustangs,93,393,135,63,17,24,3,10,37,68,0.344,0.378,0.496,7,4,2,12,89,88,1.01,423,2025,hitter,195,27,3,24,C Bowen,98,0.874,0.15200000000000002,0.04018912529550828,0.1607565011820331,0.02364066193853428,0.08747044917257683,0.38045130641330166
48,T Dooley,Rocky Mountain Vibes,43,164,56,19,31,13,NA,NA,13,34,0.341,0.455,0.421,5,2,2,2,52,21,2.48,204,2025,hitter,69,NA,NA,NA,T Dooley,NA,0.876,0.07999999999999996,0.15196078431372548,0.16666666666666666,NA,0.06372549019607843,NA
49,C Horner,Boise Hawks,15,44,15,9,11,4,0,1,5,5,0.341,0.492,0.5,3,1,1,1,11,12,0.92,60,2025,hitter,22,4,0,4,C Horner,10,0.992,0.15899999999999997,0.18333333333333332,0.08333333333333333,0.016666666666666666,0.08333333333333333,0.4376440677966102
50,Z Roos,Grand Junction Jackalopes,89,355,121,75,65,32,4,14,50,64,0.341,0.466,0.572,22,4,NA,7,61,96,0.64,446,2025,hitter,203,36,4,32,Z Roos,71,1.038,0.23099999999999993,0.14573991031390135,0.14349775784753363,0.03139013452914798,0.11210762331838565,0.44917488789237664
51,T Fontenot,Ogden Raptors,93,370,126,68,32,36,1,7,44,80,0.341,0.407,0.5,12,4,8,9,85,85,1,426,2025,hitter,185,37,1,36,T Fontenot,82,0.907,0.15899999999999997,0.07511737089201878,0.18779342723004694,0.01643192488262911,0.10328638497652583,0.3962655502392345
52,N Klemp,Missoula PaddleHeads,53,212,72,47,32,14,4,14,32,39,0.34,0.433,0.642,3,0,NA,5,54,42,1.29,247,2025,hitter,136,18,4,14,N Klemp,40,1.075,0.302,0.12955465587044535,0.15789473684210525,0.05668016194331984,0.12955465587044535,0.4592631578947369
53,D Tatum,Oakland Ballers,68,225,76,75,45,9,0,23,32,50,0.338,0.455,0.684,4,1,NA,3,38,56,0.68,275,2025,hitter,154,9,0,9,D Tatum,44,1.139,0.34600000000000003,0.16363636363636364,0.18181818181818182,0.08363636363636363,0.11636363636363636,0.4828072727272727
54,J Hjelle,Boise Hawks,92,394,133,102,22,35,2,26,63,92,0.338,0.381,0.635,8,4,NA,8,52,107,0.49,428,2025,hitter,250,37,2,35,J Hjelle,70,1.016,0.297,0.0514018691588785,0.21495327102803738,0.06074766355140187,0.14719626168224298,0.4333154205607477
55,E Underwood,Boise Hawks,88,309,104,68,60,16,1,6,23,65,0.337,0.463,0.453,16,4,3,9,98,40,2.45,392,2025,hitter,140,17,1,16,E Underwood,81,0.916,0.11599999999999999,0.15306122448979592,0.16581632653061223,0.015306122448979591,0.058673469387755105,0.40986632390745503
56,M O'Hara,Oakland Ballers,37,110,37,14,6,8,0,1,9,27,0.336,0.388,0.436,4,1,NA,1,17,27,0.63,121,2025,hitter,48,8,0,8,M O'Hara,28,0.8240000000000001,0.09999999999999998,0.049586776859504134,0.2231404958677686,0.008264462809917356,0.0743801652892562,0.36496694214876035
57,K Schmack,Great Falls Voyagers,38,128,43,26,21,8,1,6,15,48,0.336,0.482,0.555,17,2,NA,1,14,25,0.56,168,2025,hitter,71,9,1,8,K Schmack,28,1.037,0.21900000000000003,0.125,0.2857142857142857,0.03571428571428571,0.08928571428571429,0.45248809523809524
58,K Moody,Colorado Springs Sky Sox,76,274,92,69,55,21,4,8,33,41,0.336,0.442,0.529,1,5,NA,6,49,90,0.54,335,2025,hitter,145,25,4,21,K Moody,59,0.9710000000000001,0.193,0.16417910447761194,0.12238805970149254,0.023880597014925373,0.09850746268656717,0.420976119402985
59,T Wyatt,Idaho Falls Chukars,81,331,111,94,42,28,1,15,44,73,0.335,0.416,0.562,6,3,NA,5,61,80,0.76,382,2025,hitter,186,29,1,28,T Wyatt,67,0.978,0.22700000000000004,0.1099476439790576,0.19109947643979058,0.03926701570680628,0.11518324607329843,0.42284554973821986
60,E Sleight,Missoula PaddleHeads,76,305,102,66,36,23,2,16,41,63,0.334,0.418,0.58,9,2,NA,2,61,75,0.81,352,2025,hitter,177,25,2,23,E Sleight,61,0.998,0.24599999999999994,0.10227272727272728,0.17897727272727273,0.045454545454545456,0.11647727272727272,0.43064488636363635
61,C Booth,Rocky Mountain Vibes,90,381,127,62,44,13,6,8,27,97,0.333,0.422,0.462,18,5,1,3,71,81,0.88,449,2025,hitter,176,19,6,13,C Booth,100,0.884,0.129,0.09799554565701558,0.21603563474387527,0.017817371937639197,0.060133630289532294,0.3910334821428571
61,T Cruz,Great Falls Voyagers,56,219,73,32,29,10,5,6,21,47,0.333,0.41,0.507,0,1,NA,4,57,37,1.54,249,2025,hitter,111,15,5,10,T Cruz,52,0.917,0.174,0.11646586345381527,0.18875502008032127,0.024096385542168676,0.08433734939759036,0.3999277108433735
61,C Dayton,Boise Hawks,37,18,6,3,3,2,0,1,3,3,0.333,0.5,0.611,3,0,NA,NA,4,5,0.8,24,2025,hitter,11,2,0,2,C Dayton,3,1.111,0.27799999999999997,0.125,0.125,0.041666666666666664,0.125,0.4809583333333333
61,M Jackson,Colorado Springs Sky Sox,11,27,9,2,8,3,NA,NA,3,9,0.333,0.5,0.444,1,0,NA,NA,4,5,0.8,36,2025,hitter,12,NA,NA,NA,M Jackson,NA,0.944,0.11099999999999999,0.2222222222222222,0.25,NA,0.08333333333333333,NA
61,Q Landis,Colorado Springs Sky Sox,75,255,85,31,54,13,2,8,23,34,0.333,0.464,0.494,11,3,NA,9,49,84,0.58,323,2025,hitter,126,15,2,13,Q Landis,62,0.958,0.16099999999999998,0.16718266253869968,0.10526315789473684,0.02476780185758514,0.07120743034055728,0.423594427244582
61,S Lynch,Billings Mustangs,10,36,12,9,4,2,0,2,4,20,0.333,0.4,0.556,0,0,1,NA,NA,3,NA,41,2025,hitter,20,2,0,2,S Lynch,8,0.9560000000000001,0.22300000000000003,0.0975609756097561,0.4878048780487805,0.04878048780487805,0.0975609756097561,0.4152
61,A MacKenzie,Great Falls Voyagers,2,3,1,0,NA,NA,NA,NA,0,2,0.333,0.333,0.333,0,0,NA,NA,NA,NA,NA,3,2025,hitter,1,NA,NA,NA,A MacKenzie,NA,0.666,0,NA,0.6666666666666666,NA,0,NA
61,J O'Dowd,Billings Mustangs,84,324,108,91,63,28,3,22,53,78,0.333,0.449,0.642,6,1,1,5,56,82,0.68,395,2025,hitter,208,31,3,28,J O'Dowd,55,1.091,0.309,0.15949367088607594,0.19746835443037974,0.05569620253164557,0.1341772151898734,0.4652284263959391
61,M Sox,Missoula PaddleHeads,18,3,1,0,NA,NA,NA,NA,0,1,0.333,0.333,0.333,0,0,NA,NA,NA,1,NA,3,2025,hitter,1,NA,NA,NA,M Sox,NA,0.666,0,NA,0.3333333333333333,NA,0,NA
70,E Corona,Great Falls Voyagers,69,283,94,52,14,16,6,11,33,72,0.332,0.361,0.548,1,4,NA,6,45,71,0.63,302,2025,hitter,155,22,6,16,E Corona,61,0.909,0.21600000000000003,0.046357615894039736,0.23841059602649006,0.03642384105960265,0.10927152317880795,0.3897119205298013
71,T McCaffrey,Idaho Falls Chukars,54,208,69,48,19,16,0,8,24,38,0.332,0.393,0.524,6,6,1,5,35,64,0.55,240,2025,hitter,109,16,0,16,T McCaffrey,45,0.917,0.192,0.07916666666666666,0.15833333333333333,0.03333333333333333,0.1,0.3955899581589958
72,E Paton,Glacier Range Riders,31,115,38,27,19,8,3,4,15,28,0.33,0.434,0.557,2,0,1,1,23,24,0.96,137,2025,hitter,64,11,3,8,E Paton,23,0.9910000000000001,0.22700000000000004,0.1386861313868613,0.20437956204379562,0.029197080291970802,0.10948905109489052,0.4293970588235294
73,E Good,Ogden Raptors,86,331,109,75,62,11,1,10,22,76,0.329,0.443,0.459,10,6,4,6,83,65,1.28,413,2025,hitter,152,12,1,11,E Good,87,0.902,0.13,0.15012106537530268,0.18401937046004843,0.024213075060532687,0.053268765133171914,0.40064303178484106
74,G Lora Gonzalez,Rocky Mountain Vibes,82,325,107,72,36,15,0,16,31,58,0.329,0.402,0.523,8,7,NA,10,70,90,0.78,376,2025,hitter,170,15,0,15,G Lora Gonzalez,76,0.925,0.194,0.09574468085106383,0.15425531914893617,0.0425531914893617,0.08244680851063829,0.40102393617021276
75,A Pimentel,Grand Junction Jackalopes,83,313,103,75,61,29,1,17,47,68,0.329,0.449,0.591,11,5,4,4,58,87,0.67,394,2025,hitter,185,30,1,29,A Pimentel,56,1.04,0.26199999999999996,0.1548223350253807,0.17258883248730963,0.04314720812182741,0.11928934010152284,0.44603076923076923
76,A Fritz,Great Falls Voyagers,82,286,94,67,40,21,2,12,35,38,0.329,0.403,0.542,1,8,NA,12,73,83,0.88,335,2025,hitter,155,23,2,21,A Fritz,59,0.9450000000000001,0.21300000000000002,0.11940298507462686,0.11343283582089553,0.03582089552238806,0.1044776119402985,0.4055194029850746
77,J Mabry,Glacier Range Riders,51,189,62,23,11,5,NA,NA,5,21,0.328,0.363,0.354,1,3,1,10,65,40,1.63,205,2025,hitter,67,NA,NA,NA,J Mabry,NA,0.717,0.025999999999999968,0.05365853658536585,0.1024390243902439,NA,0.024390243902439025,NA
78,M Minzey,Grand Junction Jackalopes,84,324,106,106,63,24,2,24,50,88,0.327,0.439,0.636,4,3,2,4,71,59,1.2,396,2025,hitter,206,26,2,24,M Minzey,56,1.075,0.309,0.1590909090909091,0.2222222222222222,0.06060606060606061,0.12626262626262627,0.4574771573604061
79,C Wilkerson,Missoula PaddleHeads,90,383,125,56,50,25,1,7,33,52,0.326,0.406,0.452,3,2,2,7,116,83,1.4,440,2025,hitter,173,26,1,25,C Wilkerson,92,0.8580000000000001,0.126,0.11363636363636363,0.11818181818181818,0.015909090909090907,0.075,0.38004566210045665
80,L Helmig,Oakland Ballers,80,273,89,63,38,14,1,8,23,56,0.326,0.411,0.473,2,1,NA,5,62,60,1.03,314,2025,hitter,129,15,1,14,L Helmig,66,0.8839999999999999,0.14699999999999996,0.12101910828025478,0.17834394904458598,0.025477707006369428,0.0732484076433121,0.3900955414012739
81,G Brusa,Yuba-Sutter Freebirds,90,353,115,91,48,21,2,28,51,87,0.326,0.409,0.635,3,2,1,10,69,73,0.95,407,2025,hitter,224,23,2,21,G Brusa,64,1.044,0.309,0.11793611793611794,0.21375921375921375,0.0687960687960688,0.12530712530712532,0.44549014778325124
82,C Hall,Ogden Raptors,59,222,72,57,43,10,1,17,28,59,0.324,0.434,0.608,1,1,1,4,43,45,0.96,268,2025,hitter,135,11,1,10,C Hall,44,1.042,0.284,0.16044776119402984,0.22014925373134328,0.06343283582089553,0.1044776119402985,0.44759176029962544
83,D Maynard,Grand Junction Jackalopes,35,105,34,15,17,8,NA,NA,8,27,0.324,0.463,0.4,11,1,1,4,22,21,1.05,135,2025,hitter,42,NA,NA,NA,D Maynard,NA,0.863,0.07600000000000001,0.1259259259259259,0.2,NA,0.05925925925925926,NA
84,C Tucker,Ogden Raptors,18,62,20,12,16,3,1,1,5,18,0.323,0.469,0.452,2,1,NA,1,7,18,0.39,81,2025,hitter,28,4,1,3,C Tucker,15,0.921,0.129,0.19753086419753085,0.2222222222222222,0.012345679012345678,0.06172839506172839,0.4115308641975308
85,J Allgeyer,Oakland Ballers,40,146,47,25,19,11,1,2,14,23,0.322,0.408,0.452,3,1,NA,3,41,34,1.21,169,2025,hitter,66,12,1,11,J Allgeyer,33,0.86,0.13,0.11242603550295859,0.13609467455621302,0.011834319526627219,0.08284023668639054,0.3809408284023668
86,J Lee,Boise Hawks,32,115,37,21,5,5,4,1,10,22,0.322,0.361,0.461,2,0,2,6,31,20,1.55,124,2025,hitter,53,9,4,5,J Lee,27,0.8220000000000001,0.139,0.04032258064516129,0.1774193548387097,0.008064516129032258,0.08064516129032258,0.3589344262295081
87,Z Denton,Colorado Springs Sky Sox,49,188,60,37,31,15,0,9,24,56,0.319,0.43,0.543,7,2,NA,2,30,41,0.73,228,2025,hitter,102,15,0,15,Z Denton,36,0.9730000000000001,0.22400000000000003,0.13596491228070176,0.24561403508771928,0.039473684210526314,0.10526315789473684,0.4227456140350877
88,J McHenry,Billings Mustangs,45,182,58,29,26,9,2,3,14,40,0.319,0.408,0.44,3,2,1,3,37,47,0.79,214,2025,hitter,80,11,2,9,J McHenry,44,0.848,0.121,0.12149532710280374,0.18691588785046728,0.014018691588785047,0.06542056074766354,0.376300469483568
89,P Coddou,Yuba-Sutter Freebirds,64,242,77,43,59,7,1,6,14,67,0.318,0.451,0.43,2,3,NA,1,33,59,0.56,306,2025,hitter,104,8,1,7,P Coddou,63,0.881,0.11199999999999999,0.19281045751633988,0.21895424836601307,0.0196078431372549,0.0457516339869281,0.3961339869281046
90,H Himrich,Rocky Mountain Vibes,30,104,33,21,7,7,1,1,9,35,0.317,0.381,0.433,5,2,1,2,17,22,0.77,119,2025,hitter,45,8,1,7,H Himrich,24,0.8140000000000001,0.11599999999999999,0.058823529411764705,0.29411764705882354,0.008403361344537815,0.07563025210084033,0.35903389830508475
91,J Duarte,Yuba-Sutter Freebirds,49,145,46,19,17,3,0,2,5,9,0.317,0.402,0.379,5,2,2,2,56,33,1.7,171,2025,hitter,55,3,0,3,J Duarte,41,0.781,0.062,0.09941520467836257,0.05263157894736842,0.011695906432748537,0.029239766081871343,0.3536272189349112
92,D Wilkinson,Ogden Raptors,61,183,58,53,32,12,1,2,15,26,0.317,0.44,0.426,12,5,4,6,71,37,1.92,236,2025,hitter,78,13,1,12,D Wilkinson,43,0.866,0.10899999999999999,0.13559322033898305,0.11016949152542373,0.00847457627118644,0.0635593220338983,0.3879224137931034
93,C Perez,Missoula PaddleHeads,60,228,72,50,19,11,0,9,20,38,0.316,0.376,0.482,6,5,NA,3,42,70,0.6,258,2025,hitter,110,11,0,11,C Perez,52,0.858,0.16599999999999998,0.07364341085271318,0.14728682170542637,0.03488372093023256,0.07751937984496124,0.374062015503876
94,E Pelc,Idaho Falls Chukars,46,187,59,36,39,6,1,3,10,34,0.316,0.438,0.406,4,3,1,1,30,63,0.48,234,2025,hitter,76,7,1,6,E Pelc,49,0.8440000000000001,0.09000000000000002,0.16666666666666666,0.1452991452991453,0.01282051282051282,0.042735042735042736,0.3813519313304721
95,P Mills,Billings Mustangs,76,279,88,49,40,16,1,9,26,64,0.315,0.411,0.477,8,4,NA,5,55,70,0.79,331,2025,hitter,133,17,1,16,P Mills,62,0.8879999999999999,0.16199999999999998,0.12084592145015106,0.1933534743202417,0.027190332326283987,0.07854984894259819,0.39061329305135944
96,C Almanza,Oakland Ballers,91,352,111,105,43,22,2,31,55,68,0.315,0.394,0.653,6,5,NA,5,77,95,0.81,406,2025,hitter,230,24,2,22,C Almanza,56,1.0470000000000002,0.338,0.10591133004926108,0.16748768472906403,0.07635467980295567,0.1354679802955665,0.4434852216748768
97,J Begora,Boise Hawks,78,305,96,64,24,14,1,14,29,92,0.315,0.395,0.505,18,2,NA,7,55,57,0.96,349,2025,hitter,154,15,1,14,J Begora,67,0.9,0.19,0.06876790830945559,0.2636103151862464,0.04011461318051576,0.0830945558739255,0.3950601719197707
98,D Conners,Boise Hawks,10,35,11,4,2,2,NA,NA,2,3,0.314,0.368,0.371,1,0,NA,NA,10,11,0.91,38,2025,hitter,13,NA,NA,NA,D Conners,NA,0.739,0.056999999999999995,0.05263157894736842,0.07894736842105263,NA,0.05263157894736842,NA
99,J Jablonski,Idaho Falls Chukars,68,242,76,67,49,14,1,18,33,72,0.314,0.436,0.603,5,2,1,11,39,50,0.78,299,2025,hitter,146,15,1,14,J Jablonski,43,1.039,0.289,0.16387959866220736,0.2408026755852843,0.06020066889632107,0.11036789297658862,0.445744966442953
100,R Grabosch,Boise Hawks,14,51,16,9,3,4,0,2,6,12,0.314,0.357,0.51,1,1,NA,2,7,15,0.47,56,2025,hitter,26,4,0,4,R Grabosch,10,0.867,0.196,0.05357142857142857,0.21428571428571427,0.03571428571428571,0.10714285714285714,0.37424999999999997
100,D Ratfield,Glacier Range Riders,17,51,16,11,8,5,0,1,6,15,0.314,0.453,0.471,5,0,NA,1,9,11,0.82,64,2025,hitter,24,5,0,5,D Ratfield,10,0.9239999999999999,0.15699999999999997,0.125,0.234375,0.015625,0.09375,0.41353124999999996
102,D Harris IV,Oakland Ballers,91,373,117,67,32,20,1,13,34,69,0.314,0.37,0.477,4,4,NA,6,105,75,1.4,413,2025,hitter,178,21,1,20,D Harris IV,83,0.847,0.16299999999999998,0.0774818401937046,0.16707021791767554,0.031476997578692496,0.08232445520581114,0.3705108958837772
103,K Stancato,Ogden Raptors,57,157,49,36,21,11,0,6,17,19,0.312,0.417,0.497,8,1,1,4,55,29,1.9,188,2025,hitter,78,11,0,11,K Stancato,32,0.9139999999999999,0.185,0.11170212765957446,0.10106382978723404,0.031914893617021274,0.09042553191489362,0.4025080213903743
104,B Lada,Yuba-Sutter Freebirds,89,391,122,75,31,19,2,21,42,81,0.312,0.37,0.532,7,3,1,7,81,104,0.78,433,2025,hitter,208,21,2,19,B Lada,80,0.902,0.22000000000000003,0.07159353348729793,0.18706697459584296,0.04849884526558892,0.09699769053117784,0.3911712962962963
105,A Swenda,Great Falls Voyagers,67,234,73,39,43,17,3,7,27,61,0.312,0.423,0.5,7,7,NA,5,45,57,0.79,291,2025,hitter,117,20,3,17,A Swenda,46,0.923,0.188,0.14776632302405499,0.20962199312714777,0.024054982817869417,0.09278350515463918,0.40114776632302407
106,C Hext,Yuba-Sutter Freebirds,88,343,107,77,36,18,2,16,36,71,0.312,0.386,0.516,7,3,3,3,76,85,0.89,392,2025,hitter,177,20,2,18,C Hext,71,0.902,0.20400000000000001,0.09183673469387756,0.18112244897959184,0.04081632653061224,0.09183673469387756,0.39246272493573264
107,P Shelton,Grand Junction Jackalopes,57,138,43,15,14,8,0,2,10,21,0.312,0.391,0.413,4,0,2,5,43,25,1.72,158,2025,hitter,57,8,0,8,P Shelton,33,0.804,0.10099999999999998,0.08860759493670886,0.13291139240506328,0.012658227848101266,0.06329113924050633,0.3603974358974359
108,A Adams,Rocky Mountain Vibes,39,119,37,14,21,5,0,2,7,41,0.311,0.432,0.403,6,2,2,NA,15,28,0.54,150,2025,hitter,48,5,0,5,A Adams,30,0.835,0.09200000000000003,0.14,0.2733333333333333,0.013333333333333334,0.04666666666666667,0.37850675675675677
109,G Kueber,Rocky Mountain Vibes,80,296,92,63,50,13,1,5,19,77,0.311,0.416,0.412,6,4,3,8,75,50,1.5,359,2025,hitter,122,14,1,13,G Kueber,73,0.828,0.10099999999999998,0.1392757660167131,0.21448467966573817,0.013927576601671309,0.052924791086350974,0.3716292134831461
110,K Ewell,Grand Junction Jackalopes,29,81,25,16,16,4,0,7,11,34,0.309,0.434,0.617,2,0,NA,2,11,11,1,99,2025,hitter,50,4,0,4,K Ewell,14,1.051,0.308,0.16161616161616163,0.3434343434343434,0.0707070707070707,0.1111111111111111,0.45158585858585854
111,D Woodcox,Boise Hawks,46,169,52,32,19,5,0,9,14,39,0.308,0.383,0.497,3,2,NA,1,38,41,0.93,193,2025,hitter,84,5,0,5,D Woodcox,38,0.88,0.189,0.09844559585492228,0.20207253886010362,0.046632124352331605,0.07253886010362694,0.38489119170984454
112,C Gordon,Missoula PaddleHeads,91,358,110,67,67,26,1,12,39,84,0.307,0.418,0.486,3,3,NA,1,66,94,0.7,431,2025,hitter,174,27,1,26,C Gordon,71,0.9039999999999999,0.179,0.1554524361948956,0.19489559164733178,0.027842227378190254,0.09048723897911833,0.39748955916473316
112,G Morgan,Idaho Falls Chukars,50,179,55,37,38,9,2,4,15,39,0.307,0.432,0.447,3,2,NA,3,28,54,0.52,222,2025,hitter,80,11,2,9,G Morgan,40,0.879,0.14,0.17117117117117117,0.17567567567567569,0.018018018018018018,0.06756756756756757,0.3918063063063063
114,C Hanson,Billings Mustangs,64,140,43,19,20,7,0,2,9,26,0.307,0.399,0.4,2,1,1,NA,38,29,1.31,164,2025,hitter,56,7,0,7,C Hanson,34,0.799,0.09300000000000003,0.12195121951219512,0.15853658536585366,0.012195121951219513,0.054878048780487805,0.35911042944785276
115,T Specht,Great Falls Voyagers,93,372,114,65,37,21,6,9,36,74,0.306,0.368,0.468,3,7,NA,4,79,109,0.72,419,2025,hitter,174,27,6,21,T Specht,78,0.8360000000000001,0.16200000000000003,0.0883054892601432,0.1766109785202864,0.021479713603818614,0.08591885441527446,0.3633794749403341
116,T Lozano,Oakland Ballers,46,173,53,38,11,9,2,5,16,26,0.306,0.348,0.468,1,2,1,2,50,40,1.25,188,2025,hitter,81,11,2,9,T Lozano,37,0.8160000000000001,0.16200000000000003,0.05851063829787234,0.13829787234042554,0.026595744680851064,0.0851063829787234,0.35478074866310155
117,C Sorg,Billings Mustangs,22,82,25,14,7,7,1,NA,8,14,0.305,0.367,0.415,1,0,NA,1,19,22,0.86,90,2025,hitter,34,NA,NA,NA,C Sorg,NA,0.782,0.10999999999999999,0.07777777777777778,0.15555555555555556,NA,0.08888888888888889,NA
118,K Frett,Missoula PaddleHeads,22,69,21,14,12,4,0,3,7,16,0.304,0.417,0.493,2,1,NA,NA,11,22,0.5,84,2025,hitter,34,4,0,4,K Frett,14,0.9099999999999999,0.189,0.14285714285714285,0.19047619047619047,0.03571428571428571,0.08333333333333333,0.39932142857142855
118,N Poss,Idaho Falls Chukars,6,23,7,2,4,1,NA,NA,1,5,0.304,0.448,0.348,2,0,NA,NA,4,5,0.8,29,2025,hitter,8,NA,NA,NA,N Poss,NA,0.796,0.043999999999999984,0.13793103448275862,0.1724137931034483,NA,0.034482758620689655,NA
120,D Blinn,Ogden Raptors,43,20,6,2,6,0,0,1,1,8,0.3,0.481,0.45,1,0,NA,NA,4,2,2,27,2025,hitter,9,0,0,0,D Blinn,5,0.931,0.15000000000000002,0.2222222222222222,0.2962962962962963,0.037037037037037035,0.037037037037037035,0.4223333333333333
120,H Hall,Boise Hawks,15,10,3,0,NA,NA,NA,NA,0,1,0.3,0.3,0.3,0,0,NA,1,4,2,2,10,2025,hitter,3,NA,NA,NA,H Hall,NA,0.6,0,NA,0.1,NA,0,NA
120,J Shanks,Idaho Falls Chukars,47,140,42,33,17,7,0,10,17,29,0.3,0.435,0.564,18,2,NA,5,32,27,1.19,177,2025,hitter,79,7,0,7,J Shanks,25,0.9989999999999999,0.26399999999999996,0.096045197740113,0.1638418079096045,0.05649717514124294,0.096045197740113,0.43408474576271183
123,T Clarkson,Glacier Range Riders,94,364,109,60,58,22,2,14,38,66,0.299,0.405,0.486,9,4,NA,8,94,93,1.01,435,2025,hitter,177,24,2,22,T Clarkson,71,0.891,0.187,0.13333333333333333,0.15172413793103448,0.03218390804597701,0.08735632183908046,0.39120459770114935
124,A Shaver,Billings Mustangs,75,264,79,39,32,13,2,10,25,86,0.299,0.403,0.477,15,2,1,3,42,51,0.82,314,2025,hitter,126,15,2,13,A Shaver,54,0.88,0.178,0.10191082802547771,0.27388535031847133,0.03184713375796178,0.07961783439490445,0.3885846645367412
125,T McKenzie,Oakland Ballers,89,331,99,68,44,14,4,16,34,88,0.299,0.393,0.511,9,3,2,8,84,55,1.53,389,2025,hitter,169,18,4,14,T McKenzie,65,0.904,0.21200000000000002,0.11311053984575835,0.2262210796915167,0.04113110539845758,0.08740359897172237,0.3939328165374677
1,B Mayer,Oakland Ballers,23,2,1,0,NA,NA,NA,NA,0,1,0.5,0.5,0.5,0,0,NA,NA,NA,NA,NA,2,2026,hitter,1,NA,NA,NA,B Mayer,NA,1,0,NA,0.5,NA,0,NA
1,Z Stewart,Missoula PaddleHeads,7,26,13,13,9,3,0,4,7,6,0.5,0.639,1.077,1,0,NA,1,5,1,5,36,2026,hitter,28,3,0,3,Z Stewart,6,1.716,0.577,0.25,0.16666666666666666,0.1111111111111111,0.19444444444444445,0.6799166666666666
1,G Vasquez,Idaho Falls Chukars,2,2,1,0,NA,NA,NA,NA,0,NA,0.5,0.5,0.5,0,0,NA,NA,NA,1,NA,2,2026,hitter,1,NA,NA,NA,G Vasquez,NA,1,0,NA,NA,NA,0,NA
4,A Redahan,Great Falls Voyagers,24,111,51,27,11,13,1,5,19,6,0.459,0.504,0.73,0,1,1,3,36,19,1.89,124,2026,hitter,81,14,1,13,A Redahan,32,1.234,0.27099999999999996,0.08870967741935484,0.04838709677419355,0.04032258064516129,0.1532258064516129,0.5256097560975609
5,J Trimble,Idaho Falls Chukars,82,357,158,145,56,34,2,36,72,85,0.443,0.521,0.852,5,2,NA,3,60,52,1.15,420,2026,hitter,304,36,2,34,J Trimble,86,1.373,0.409,0.13333333333333333,0.20238095238095238,0.08571428571428572,0.17142857142857143,0.5730952380952381
6,A Shaver,Billings Mustangs,91,355,154,122,35,29,14,21,64,61,0.434,0.491,0.772,12,7,7,4,66,72,0.92,416,2026,hitter,274,43,14,29,A Shaver,90,1.263,0.338,0.08413461538461539,0.1466346153846154,0.05048076923076923,0.15384615384615385,0.5289437652811736
7,N Vargas,Missoula PaddleHeads,31,95,41,27,20,7,1,3,11,15,0.432,0.543,0.621,9,5,NA,1,24,18,1.33,129,2026,hitter,59,8,1,7,N Vargas,30,1.1640000000000001,0.189,0.15503875968992248,0.11627906976744186,0.023255813953488372,0.08527131782945736,0.4942170542635659
8,E Lopez,Yuba-Sutter Freebirds,15,28,12,6,6,1,1,1,3,3,0.429,0.528,0.643,1,1,NA,NA,8,6,1.33,36,2026,hitter,18,2,1,1,E Lopez,9,1.171,0.21400000000000002,0.16666666666666666,0.08333333333333333,0.027777777777777776,0.08333333333333333,0.49561111111111106
8,K Stancato,Ogden Raptors,45,147,63,36,15,10,1,2,13,18,0.429,0.494,0.551,4,0,NA,1,34,30,1.13,166,2026,hitter,81,11,1,10,K Stancato,50,1.045,0.12200000000000005,0.09036144578313253,0.10843373493975904,0.012048192771084338,0.0783132530120482,0.4588313253012048
10,D Jimerson,Oakland Ballers,24,92,39,20,8,6,2,5,13,16,0.424,0.471,0.696,1,1,NA,NA,15,23,0.65,102,2026,hitter,64,8,2,6,D Jimerson,26,1.1669999999999998,0.27199999999999996,0.0784313725490196,0.1568627450980392,0.049019607843137254,0.12745098039215685,0.49699019607843137
11,D Andiarena,Missoula PaddleHeads,30,109,45,33,11,9,0,7,16,19,0.413,0.471,0.688,1,0,NA,1,14,29,0.48,121,2026,hitter,75,9,0,9,D Andiarena,29,1.1589999999999998,0.27499999999999997,0.09090909090909091,0.15702479338842976,0.05785123966942149,0.1322314049586777,0.49760330578512396
12,S Canton,Idaho Falls Chukars,92,408,167,161,60,37,5,35,77,51,0.409,0.487,0.782,10,9,1,8,91,104,0.88,488,2026,hitter,319,42,5,37,S Canton,90,1.2690000000000001,0.37300000000000005,0.12295081967213115,0.10450819672131148,0.07172131147540983,0.15778688524590165,0.5280944558521561
13,C Lane,Ogden Raptors,95,418,169,113,56,36,3,19,58,51,0.404,0.476,0.641,8,8,NA,17,94,103,0.91,490,2026,hitter,268,39,3,36,C Lane,111,1.117,0.237,0.11428571428571428,0.10408163265306122,0.03877551020408163,0.11836734693877551,0.4765448979591837
14,D Stengren,Idaho Falls Chukars,50,193,78,40,31,15,0,3,18,23,0.404,0.489,0.528,2,1,1,11,53,34,1.56,228,2026,hitter,102,15,0,15,D Stengren,60,1.017,0.124,0.13596491228070176,0.10087719298245613,0.013157894736842105,0.07894736842105263,0.447057268722467
15,M Haas,Boise Hawks,26,105,42,38,18,6,1,5,12,22,0.4,0.504,0.619,6,2,1,NA,23,20,1.15,132,2026,hitter,65,7,1,6,M Haas,30,1.123,0.21899999999999997,0.13636363636363635,0.16666666666666666,0.03787878787878788,0.09090909090909091,0.48197709923664117
16,J Gutierrez,Billings Mustangs,64,283,113,76,14,23,1,7,31,16,0.399,0.431,0.562,7,7,NA,10,76,75,1.01,311,2026,hitter,159,24,1,23,J Gutierrez,82,0.9930000000000001,0.16300000000000003,0.04501607717041801,0.05144694533762058,0.022508038585209004,0.09967845659163987,0.42792926045016083
17,G Ostrander,Idaho Falls Chukars,74,308,122,65,64,30,2,2,34,27,0.396,0.504,0.526,4,1,1,4,82,72,1.14,378,2026,hitter,162,32,2,30,G Ostrander,88,1.03,0.13,0.1693121693121693,0.07142857142857142,0.005291005291005291,0.08994708994708994,0.4529336870026525
18,C Lawrence,Ogden Raptors,96,399,157,133,51,32,3,35,70,97,0.393,0.463,0.752,2,2,2,6,64,75,0.85,456,2026,hitter,300,35,3,32,C Lawrence,87,1.215,0.359,0.1118421052631579,0.21271929824561403,0.07675438596491228,0.15350877192982457,0.5130947136563877
19,T McCaffrey,Long Beach Coast,15,61,24,21,6,4,0,7,11,12,0.393,0.471,0.803,3,0,NA,NA,13,11,1.18,70,2026,hitter,49,4,0,4,T McCaffrey,13,1.274,0.41000000000000003,0.08571428571428572,0.17142857142857143,0.1,0.15714285714285714,0.5377285714285716
20,M Ortega,Yuba-Sutter Freebirds,23,89,35,17,9,8,0,3,11,13,0.393,0.477,0.584,7,2,NA,2,19,23,0.83,107,2026,hitter,52,8,0,8,M Ortega,24,1.061,0.19099999999999995,0.08411214953271028,0.12149532710280374,0.028037383177570093,0.102803738317757,0.45838317757009345
21,C Fellows,Modesto Roadsters,33,112,44,28,27,7,1,6,14,20,0.393,0.517,0.634,4,2,NA,1,32,17,1.88,145,2026,hitter,71,8,1,7,C Fellows,30,1.151,0.241,0.18620689655172415,0.13793103448275862,0.041379310344827586,0.09655172413793103,0.4915655172413793
22,P Lester,Idaho Falls Chukars,58,238,93,82,37,21,0,23,44,48,0.391,0.473,0.769,3,3,2,8,47,53,0.89,283,2026,hitter,183,21,0,21,P Lester,49,1.242,0.378,0.13074204946996468,0.1696113074204947,0.0812720848056537,0.15547703180212014,0.5203629893238434
23,G Ferraro-Nahr,Ogden Raptors,85,323,126,100,55,21,2,24,47,67,0.39,0.487,0.69,8,2,1,11,76,52,1.46,389,2026,hitter,223,23,2,21,G Ferraro-Nahr,79,1.177,0.29999999999999993,0.14138817480719795,0.17223650385604114,0.061696658097686374,0.12082262210796915,0.5005798969072165
24,O Johnson,Modesto Roadsters,82,336,131,99,41,17,4,22,43,52,0.39,0.462,0.661,6,2,NA,6,62,89,0.7,385,2026,hitter,222,21,4,17,O Johnson,88,1.123,0.271,0.10649350649350649,0.13506493506493505,0.05714285714285714,0.11168831168831168,0.48067272727272725
25,V Temesvary,Great Falls Voyagers,85,321,125,113,54,33,2,22,57,54,0.389,0.494,0.71,22,10,1,9,61,89,0.69,408,2026,hitter,228,35,2,33,V Temesvary,68,1.204,0.32099999999999995,0.1323529411764706,0.1323529411764706,0.05392156862745098,0.13970588235294118,0.5035012285012286
26,B Rosengard,Long Beach Coast,37,126,49,27,23,10,4,3,17,14,0.389,0.487,0.603,4,3,4,5,41,28,1.46,160,2026,hitter,76,14,4,10,B Rosengard,32,1.0899999999999999,0.21399999999999997,0.14375,0.0875,0.01875,0.10625,0.46571153846153845
27,T Wyatt,Idaho Falls Chukars,71,317,123,116,35,21,3,23,47,39,0.388,0.455,0.691,9,6,NA,11,77,77,1,367,2026,hitter,219,24,3,21,T Wyatt,76,1.146,0.30299999999999994,0.09536784741144415,0.10626702997275204,0.06267029972752043,0.12806539509536785,0.485008174386921
28,C Campbell,Boise Hawks,28,124,48,24,10,4,3,1,8,17,0.387,0.447,0.492,5,2,2,3,31,29,1.07,143,2026,hitter,61,7,3,4,C Campbell,40,0.9390000000000001,0.10499999999999998,0.06993006993006994,0.11888111888111888,0.006993006993006993,0.055944055944055944,0.41179432624113477
29,B Wilhoite,Great Falls Voyagers,52,215,83,52,30,15,3,2,20,29,0.386,0.467,0.512,8,6,3,7,48,63,0.76,262,2026,hitter,110,18,3,15,B Wilhoite,63,0.9790000000000001,0.126,0.11450381679389313,0.11068702290076336,0.007633587786259542,0.07633587786259542,0.42677606177606175
30,A Gauna,Great Falls Voyagers,30,109,42,23,12,7,2,3,12,15,0.385,0.468,0.569,5,0,NA,3,26,22,1.18,126,2026,hitter,62,9,2,7,A Gauna,30,1.037,0.18399999999999994,0.09523809523809523,0.11904761904761904,0.023809523809523808,0.09523809523809523,0.452079365079365
31,C Valentine,Ogden Raptors,96,439,169,120,53,51,4,20,75,75,0.385,0.459,0.656,13,7,2,11,77,120,0.64,514,2026,hitter,288,55,4,51,C Valentine,94,1.115,0.271,0.10311284046692606,0.14591439688715954,0.038910505836575876,0.14591439688715954,0.474087890625
32,T Cruz,Great Falls Voyagers,86,357,137,97,60,31,3,23,57,69,0.384,0.472,0.681,3,4,2,4,74,75,0.99,426,2026,hitter,243,34,3,31,T Cruz,80,1.153,0.29700000000000004,0.14084507042253522,0.1619718309859155,0.0539906103286385,0.13380281690140844,0.4886273584905661
33,D Smiley,Idaho Falls Chukars,38,139,53,29,18,8,0,2,10,30,0.381,0.447,0.482,0,2,NA,2,44,14,3.14,159,2026,hitter,67,8,0,8,D Smiley,43,0.929,0.10099999999999998,0.11320754716981132,0.18867924528301888,0.012578616352201259,0.06289308176100629,0.40864150943396227
34,B Capps,Glacier Range Riders,5,21,8,5,4,5,0,1,6,1,0.381,0.48,0.762,0,0,NA,1,4,7,0.57,25,2026,hitter,16,5,0,5,B Capps,2,1.242,0.381,0.16,0.04,0.04,0.24,0.5196799999999999
35,X Casserilla,Missoula PaddleHeads,91,387,147,111,51,33,2,33,68,60,0.38,0.47,0.731,17,2,1,8,72,97,0.74,458,2026,hitter,283,35,2,33,X Casserilla,79,1.201,0.351,0.11135371179039301,0.13100436681222707,0.07205240174672489,0.14847161572052403,0.5079299781181619
36,C Robinson,Idaho Falls Chukars,11,45,17,5,5,6,0,1,7,9,0.378,0.472,0.578,3,0,NA,1,11,6,1.83,53,2026,hitter,26,6,0,6,C Robinson,10,1.0499999999999998,0.19999999999999996,0.09433962264150944,0.16981132075471697,0.018867924528301886,0.1320754716981132,0.4570377358490566
37,M O<U+2019>Hara,Boise Hawks,64,234,88,51,59,14,3,9,26,38,0.376,0.5,0.577,4,5,NA,4,36,75,0.48,302,2026,hitter,135,17,3,14,M O<U+2019>Hara,62,1.077,0.20099999999999996,0.19536423841059603,0.12582781456953643,0.029801324503311258,0.08609271523178808,0.4642549668874172
38,A Kirchner,Yuba-Sutter Freebirds,56,224,84,73,22,17,1,20,38,56,0.375,0.424,0.728,0,4,NA,4,54,33,1.64,250,2026,hitter,163,18,1,17,A Kirchner,46,1.152,0.353,0.088,0.224,0.08,0.152,0.48508399999999996
38,C Matlon,Boise Hawks,2,8,3,2,NA,NA,NA,NA,0,2,0.375,0.375,0.375,0,0,1,NA,2,1,2,9,2026,hitter,3,NA,NA,NA,C Matlon,NA,0.75,0,NA,0.2222222222222222,NA,0,NA
40,G Bevacqua,Ogden Raptors,68,263,98,45,48,16,1,6,23,48,0.373,0.48,0.51,7,1,2,8,71,38,1.87,321,2026,hitter,134,17,1,16,G Bevacqua,75,0.99,0.137,0.14953271028037382,0.14953271028037382,0.018691588785046728,0.07165109034267912,0.43677742946708464
41,B Cermenelli,Missoula PaddleHeads,58,255,95,66,36,27,1,9,37,24,0.373,0.45,0.592,3,4,NA,7,71,66,1.08,298,2026,hitter,151,28,1,27,B Cermenelli,58,1.042,0.21899999999999997,0.12080536912751678,0.08053691275167785,0.030201342281879196,0.12416107382550336,0.44748993288590605
42,C Dayton,Boise Hawks,20,43,16,8,4,3,0,3,6,6,0.372,0.426,0.651,0,0,NA,3,7,11,0.64,47,2026,hitter,28,3,0,3,C Dayton,10,1.077,0.279,0.0851063829787234,0.1276595744680851,0.06382978723404255,0.1276595744680851,0.4628936170212766
43,M Handron,Modesto Roadsters,70,280,103,73,60,24,1,12,37,40,0.368,0.478,0.589,2,3,NA,5,57,82,0.7,345,2026,hitter,165,25,1,24,M Handron,66,1.067,0.22099999999999997,0.17391304347826086,0.11594202898550725,0.034782608695652174,0.1072463768115942,0.46024347826086953
44,A Fernandes,Glacier Range Riders,28,98,36,14,30,10,3,2,15,11,0.367,0.523,0.592,2,0,1,NA,18,34,0.53,131,2026,hitter,58,13,3,10,A Fernandes,21,1.115,0.22499999999999998,0.22900763358778625,0.08396946564885496,0.015267175572519083,0.11450381679389313,0.4811692307692308
45,D Laferriere,Long Beach Coast,14,41,15,5,10,1,0,1,2,6,0.366,0.536,0.463,5,0,1,1,12,7,1.71,57,2026,hitter,19,1,0,1,D Laferriere,13,0.9990000000000001,0.09700000000000003,0.17543859649122806,0.10526315789473684,0.017543859649122806,0.03508771929824561,0.4540357142857143
46,J Winters,Oakland Ballers,14,52,19,8,10,5,0,2,7,9,0.365,0.468,0.577,0,0,NA,2,11,10,1.1,62,2026,hitter,30,5,0,5,J Winters,12,1.045,0.21199999999999997,0.16129032258064516,0.14516129032258066,0.03225806451612903,0.11290322580645161,0.4534354838709677
47,J Kalafut,Boise Hawks,78,297,108,80,63,16,2,8,26,42,0.364,0.477,0.512,8,7,NA,2,75,69,1.09,375,2026,hitter,152,18,2,16,J Kalafut,82,0.989,0.14800000000000002,0.168,0.112,0.021333333333333333,0.06933333333333333,0.43316799999999994
48,T Ganus,Ogden Raptors,77,202,73,34,34,8,0,1,9,21,0.361,0.457,0.416,4,3,5,2,61,50,1.22,248,2026,hitter,84,8,0,8,T Ganus,64,0.873,0.05499999999999999,0.13709677419354838,0.0846774193548387,0.004032258064516129,0.036290322580645164,0.39279423868312763
49,C Dean,Missoula PaddleHeads,20,72,26,19,8,6,1,4,11,12,0.361,0.415,0.639,0,2,NA,1,15,21,0.71,82,2026,hitter,46,7,1,6,C Dean,15,1.054,0.278,0.0975609756097561,0.14634146341463414,0.04878048780487805,0.13414634146341464,0.4449512195121952
50,C Muniz,Billings Mustangs,85,352,127,106,63,19,2,27,48,74,0.361,0.47,0.656,11,2,NA,15,68,76,0.89,428,2026,hitter,231,21,2,19,C Muniz,79,1.126,0.29500000000000004,0.14719626168224298,0.17289719626168223,0.0630841121495327,0.11214953271028037,0.48054205607476635
51,B Vradenburg,Glacier Range Riders,56,219,79,55,51,14,2,13,29,33,0.361,0.482,0.621,1,1,NA,2,49,52,0.94,272,2026,hitter,136,16,2,14,B Vradenburg,50,1.103,0.26,0.1875,0.1213235294117647,0.04779411764705882,0.10661764705882353,0.47298161764705876
52,M Bardowell,Long Beach Coast,81,311,112,83,49,25,2,13,40,72,0.36,0.462,0.579,14,5,NA,3,60,66,0.91,379,2026,hitter,180,27,2,25,M Bardowell,72,1.041,0.21899999999999997,0.12928759894459102,0.18997361477572558,0.03430079155672823,0.10554089709762533,0.44900791556728226
53,E Underwood,Boise Hawks,83,304,109,70,50,26,3,5,34,66,0.359,0.484,0.513,26,2,5,6,81,48,1.69,387,2026,hitter,156,29,3,26,E Underwood,75,0.997,0.15400000000000003,0.12919896640826872,0.17054263565891473,0.012919896640826873,0.08785529715762273,0.44049999999999995
54,T Dooley,Idaho Falls Chukars,84,358,128,76,52,26,6,12,44,67,0.358,0.458,0.564,16,2,9,6,105,64,1.64,437,2026,hitter,202,32,6,26,T Dooley,84,1.022,0.20599999999999996,0.11899313501144165,0.15331807780320367,0.02745995423340961,0.10068649885583524,0.4438738317757009
55,T Yukumoto,Missoula PaddleHeads,77,263,94,67,67,19,0,4,23,17,0.357,0.491,0.475,9,7,2,9,81,71,1.14,348,2026,hitter,125,19,0,19,T Yukumoto,71,0.966,0.118,0.1925287356321839,0.04885057471264368,0.011494252873563218,0.06609195402298851,0.4286965317919075
56,E Pelc,Long Beach Coast,89,314,112,61,120,21,2,9,32,47,0.357,0.528,0.522,2,7,1,4,63,99,0.64,444,2026,hitter,164,23,2,21,E Pelc,80,1.05,0.16500000000000004,0.2702702702702703,0.10585585585585586,0.02027027027027027,0.07207207207207207,0.46075846501128664
57,T Williams,Modesto Roadsters,68,258,92,78,43,11,3,16,30,48,0.357,0.454,0.609,7,5,NA,1,45,75,0.6,313,2026,hitter,157,14,3,11,T Williams,62,1.063,0.252,0.13738019169329074,0.15335463258785942,0.051118210862619806,0.09584664536741214,0.45439297124600636
58,L Meyer,Boise Hawks,77,306,109,83,48,21,6,4,31,62,0.356,0.455,0.503,11,4,3,5,65,71,0.92,372,2026,hitter,154,27,6,21,L Meyer,78,0.958,0.14700000000000002,0.12903225806451613,0.16666666666666666,0.010752688172043012,0.08333333333333333,0.4203712737127371
59,J Ybarra,Oakland Ballers,95,405,144,110,44,32,0,34,66,74,0.356,0.42,0.686,4,4,NA,17,98,85,1.15,457,2026,hitter,278,32,0,32,J Ybarra,78,1.106,0.33000000000000007,0.0962800875273523,0.16192560175054704,0.07439824945295405,0.14442013129102846,0.46962363238512034
60,K Schmack,Great Falls Voyagers,80,318,113,97,54,23,1,24,48,76,0.355,0.464,0.66,18,9,NA,4,29,105,0.28,399,2026,hitter,210,24,1,23,K Schmack,65,1.124,0.30500000000000005,0.13533834586466165,0.19047619047619047,0.06015037593984962,0.12030075187969924,0.4743082706766918
61,K Micklus,Billings Mustangs,39,144,51,51,22,15,1,8,24,16,0.354,0.456,0.639,5,0,1,4,35,39,0.9,172,2026,hitter,92,16,1,15,K Micklus,27,1.095,0.28500000000000003,0.12790697674418605,0.09302325581395349,0.046511627906976744,0.13953488372093023,0.4693274853801169
62,M Sanford,Oakland Ballers,32,116,41,30,21,7,1,9,17,21,0.353,0.447,0.664,1,3,NA,3,26,28,0.93,141,2026,hitter,77,8,1,7,M Sanford,24,1.111,0.31100000000000005,0.14893617021276595,0.14893617021276595,0.06382978723404255,0.12056737588652482,0.4677021276595745
63,E Apodaca,Missoula PaddleHeads,94,375,132,98,77,27,4,8,39,39,0.352,0.473,0.509,14,5,NA,9,103,97,1.06,471,2026,hitter,191,31,4,27,E Apodaca,93,0.982,0.15700000000000003,0.16348195329087048,0.08280254777070063,0.016985138004246284,0.08280254777070063,0.4318704883227176
64,E Corona,Long Beach Coast,90,367,129,111,43,26,6,27,59,85,0.351,0.421,0.676,6,7,NA,5,55,95,0.58,423,2026,hitter,248,32,6,26,E Corona,70,1.097,0.32500000000000007,0.1016548463356974,0.20094562647754138,0.06382978723404255,0.13947990543735225,0.46248463356973996
65,L Johnstone,Oakland Ballers,29,100,35,29,23,10,0,10,20,21,0.35,0.472,0.75,2,2,NA,NA,22,21,1.05,127,2026,hitter,75,10,0,10,L Johnstone,15,1.222,0.4,0.18110236220472442,0.16535433070866143,0.07874015748031496,0.15748031496062992,0.5067244094488189
66,A Manisero,Great Falls Voyagers,67,224,78,52,24,13,2,9,24,46,0.348,0.431,0.545,10,2,NA,5,52,46,1.13,260,2026,hitter,122,15,2,13,A Manisero,54,0.976,0.19700000000000006,0.09230769230769231,0.17692307692307693,0.03461538461538462,0.09230769230769231,0.4245999999999999
67,K Ashworth,Glacier Range Riders,86,289,100,63,106,16,2,6,24,40,0.346,0.522,0.478,4,3,7,2,94,60,1.57,409,2026,hitter,138,18,2,16,K Ashworth,76,1,0.132,0.2591687041564792,0.097799511002445,0.014669926650366748,0.05867970660146699,0.44699004975124385
68,D Ratfield,Glacier Range Riders,74,284,98,75,49,20,0,10,30,46,0.345,0.45,0.521,10,6,2,5,68,75,0.91,351,2026,hitter,148,20,0,20,D Ratfield,68,0.9710000000000001,0.17600000000000005,0.1396011396011396,0.13105413105413105,0.02849002849002849,0.08547008547008547,0.423621776504298
69,S Greico,Ogden Raptors,48,203,70,63,23,15,2,20,37,61,0.345,0.421,0.734,5,2,NA,4,27,45,0.6,233,2026,hitter,149,17,2,15,S Greico,33,1.155,0.389,0.09871244635193133,0.26180257510729615,0.08583690987124463,0.15879828326180256,0.48541201716738197
70,A Cootway,Billings Mustangs,79,297,102,94,74,26,1,22,49,81,0.343,0.492,0.66,17,4,NA,6,50,54,0.93,392,2026,hitter,196,27,1,26,A Cootway,53,1.1520000000000001,0.317,0.18877551020408162,0.2066326530612245,0.05612244897959184,0.125,0.48796428571428574
71,T Cobb,Oakland Ballers,53,219,75,41,32,12,0,12,24,44,0.342,0.425,0.562,0,1,NA,5,57,38,1.5,252,2026,hitter,123,12,0,12,T Cobb,51,0.9870000000000001,0.22000000000000003,0.12698412698412698,0.1746031746031746,0.047619047619047616,0.09523809523809523,0.4279047619047619
72,B Nigh,Boise Hawks,24,79,27,34,23,5,1,5,11,20,0.342,0.495,0.62,4,3,1,2,18,15,1.2,110,2026,hitter,49,6,1,5,B Nigh,16,1.115,0.27799999999999997,0.20909090909090908,0.18181818181818182,0.045454545454545456,0.1,0.4719449541284403
73,M Koszewski,Missoula PaddleHeads,91,344,117,70,96,19,5,6,30,35,0.34,0.48,0.477,5,9,3,3,93,104,0.89,457,2026,hitter,164,24,5,19,M Koszewski,87,0.957,0.13699999999999996,0.2100656455142232,0.07658643326039387,0.01312910284463895,0.06564551422319474,0.4227775330396476
74,C Bowen,Billings Mustangs,93,436,147,114,44,37,2,21,60,80,0.337,0.404,0.576,10,7,NA,3,105,98,1.07,497,2026,hitter,251,39,2,37,C Bowen,87,0.98,0.23899999999999993,0.08853118712273642,0.16096579476861167,0.04225352112676056,0.12072434607645875,0.42095774647887324
75,S Lynch,Billings Mustangs,31,92,31,30,28,7,0,8,15,32,0.337,0.508,0.674,5,1,NA,2,16,14,1.14,126,2026,hitter,62,7,0,7,S Lynch,16,1.182,0.337,0.2222222222222222,0.25396825396825395,0.06349206349206349,0.11904761904761904,0.4987539682539682
76,J Duarte,Yuba-Sutter Freebirds,68,262,88,49,43,19,1,3,23,31,0.336,0.439,0.45,6,1,3,8,87,52,1.67,315,2026,hitter,118,20,1,19,J Duarte,65,0.889,0.11399999999999999,0.1365079365079365,0.09841269841269841,0.009523809523809525,0.07301587301587302,0.39676282051282047
77,Z Chamizo,Yuba-Sutter Freebirds,92,346,116,85,52,27,1,18,46,60,0.335,0.421,0.575,6,9,NA,5,73,99,0.74,413,2026,hitter,199,28,1,27,Z Chamizo,70,0.996,0.23999999999999994,0.12590799031476999,0.14527845036319612,0.043583535108958835,0.11138014527845036,0.42644794188861984
78,G Horvat,RedPocket Mobiles,67,275,92,33,24,18,1,3,22,45,0.335,0.401,0.44,7,1,NA,8,64,63,1.02,307,2026,hitter,121,19,1,18,G Horvat,70,0.841,0.10499999999999998,0.0781758957654723,0.1465798045602606,0.009771986970684038,0.07166123778501629,0.37319543973941366
79,M Soper,Billings Mustangs,78,320,107,59,66,25,4,11,40,59,0.334,0.445,0.541,2,5,6,5,70,88,0.8,399,2026,hitter,173,29,4,25,M Soper,67,0.986,0.20700000000000002,0.16541353383458646,0.14786967418546365,0.02756892230576441,0.10025062656641603,0.4270483460559796
80,J Allgeyer,Oakland Ballers,75,288,96,63,47,21,0,15,36,54,0.333,0.436,0.563,8,3,NA,6,55,80,0.69,346,2026,hitter,162,21,0,21,J Allgeyer,60,0.9989999999999999,0.22999999999999993,0.13583815028901733,0.15606936416184972,0.04335260115606936,0.10404624277456648,0.43263583815028905
80,C Calnon,Billings Mustangs,33,15,5,4,1,2,NA,NA,2,2,0.333,0.444,0.467,2,0,NA,NA,3,2,1.5,18,2026,hitter,7,NA,NA,NA,C Calnon,NA,0.911,0.134,0.05555555555555555,0.1111111111111111,NA,0.1111111111111111,NA
80,T Collins,Missoula PaddleHeads,5,6,2,1,2,2,NA,NA,2,2,0.333,0.5,0.667,0,0,NA,NA,1,1,1,8,2026,hitter,4,NA,NA,NA,T Collins,NA,1.167,0.334,0.25,0.25,NA,0.25,NA
80,J Gonzalez Perez,Idaho Falls Chukars,4,15,5,7,NA,1,NA,NA,1,4,0.333,0.294,0.4,0,2,NA,1,4,3,1.33,17,2026,hitter,6,NA,NA,NA,J Gonzalez Perez,NA,0.694,0.067,NA,0.23529411764705882,NA,0.058823529411764705,NA
80,C Hext,Yuba-Sutter Freebirds,42,177,59,41,23,16,2,8,26,42,0.333,0.403,0.582,1,5,NA,1,30,49,0.61,206,2026,hitter,103,18,2,16,C Hext,33,0.985,0.24899999999999994,0.11165048543689321,0.20388349514563106,0.038834951456310676,0.1262135922330097,0.4187961165048543
80,K Hvidsten,Billings Mustangs,3,12,4,5,3,3,NA,NA,3,3,0.333,0.467,0.583,0,0,NA,NA,1,3,0.33,15,2026,hitter,7,NA,NA,NA,K Hvidsten,NA,1.05,0.24999999999999994,0.2,0.2,NA,0.2,NA
80,C Magee,Glacier Range Riders,2,6,2,3,NA,1,NA,NA,1,NA,0.333,0.429,0.5,1,0,NA,NA,3,1,3,7,2026,hitter,3,NA,NA,NA,C Magee,NA,0.929,0.16699999999999998,NA,NA,NA,0.14285714285714285,NA
80,M Miesse,Great Falls Voyagers,3,9,3,3,3,NA,NA,NA,0,NA,0.333,0.5,0.333,1,1,NA,NA,2,6,0.33,14,2026,hitter,3,NA,NA,NA,M Miesse,NA,0.833,0,0.21428571428571427,NA,NA,0,NA
80,J Nehler,Billings Mustangs,7,24,8,4,2,0,0,1,1,4,0.333,0.385,0.458,0,0,1,1,10,2,5,27,2026,hitter,11,0,0,0,J Nehler,7,0.843,0.125,0.07407407407407407,0.14814814814814814,0.037037037037037035,0.037037037037037035,0.37296153846153846
80,R Recio,Boise Hawks,37,150,50,37,22,11,1,5,17,35,0.333,0.433,0.52,5,1,2,5,26,39,0.67,180,2026,hitter,78,12,1,11,R Recio,33,0.9530000000000001,0.187,0.12222222222222222,0.19444444444444445,0.027777777777777776,0.09444444444444444,0.4168314606741573
80,U Romo,RedPocket Mobiles,21,3,1,1,NA,NA,NA,NA,0,1,0.333,0.333,0.333,0,0,NA,NA,1,NA,NA,3,2026,hitter,1,NA,NA,NA,U Romo,NA,0.666,0,NA,0.3333333333333333,NA,0,NA
80,E Sim,RedPocket Mobiles,1,3,1,0,NA,NA,NA,NA,0,1,0.333,0.333,0.333,0,0,NA,NA,NA,NA,NA,3,2026,hitter,1,NA,NA,NA,E Sim,NA,0.666,0,NA,0.3333333333333333,NA,0,NA
92,C Hornung,Glacier Range Riders,78,274,91,70,49,25,2,11,38,63,0.332,0.436,0.558,7,7,2,3,72,52,1.38,339,2026,hitter,153,27,2,25,C Hornung,53,0.994,0.22600000000000003,0.14454277286135694,0.18584070796460178,0.032448377581120944,0.11209439528023599,0.4274362017804154
93,N Blythe,Oakland Ballers,87,338,112,71,35,23,1,18,42,65,0.331,0.392,0.565,2,5,NA,9,67,93,0.72,380,2026,hitter,191,24,1,23,N Blythe,70,0.957,0.23399999999999993,0.09210526315789473,0.17105263157894737,0.04736842105263158,0.11052631578947368,0.41163421052631577
94,N Klemp,Missoula PaddleHeads,91,410,135,124,56,29,1,27,57,50,0.329,0.408,0.602,4,8,NA,12,99,115,0.86,478,2026,hitter,247,30,1,29,N Klemp,78,1.01,0.27299999999999996,0.11715481171548117,0.10460251046025104,0.056485355648535567,0.1192468619246862,0.43094979079497914
95,J Harrison-Dudley,RedPocket Mobiles,80,307,101,78,49,18,1,26,45,99,0.329,0.422,0.648,2,2,NA,3,61,41,1.49,360,2026,hitter,199,19,1,18,J Harrison-Dudley,56,1.07,0.319,0.1361111111111111,0.275,0.07222222222222222,0.125,0.4558388888888889
96,W Rogers,Great Falls Voyagers,42,113,37,30,7,9,1,5,15,24,0.327,0.366,0.558,1,2,NA,1,20,33,0.61,123,2026,hitter,63,10,1,9,W Rogers,22,0.924,0.23100000000000004,0.056910569105691054,0.1951219512195122,0.04065040650406504,0.12195121951219512,0.3955121951219512
97,C Jordan,Ogden Raptors,94,385,126,99,50,23,1,23,47,60,0.327,0.408,0.571,8,8,5,10,76,129,0.59,456,2026,hitter,220,24,1,23,C Jordan,79,0.9789999999999999,0.24399999999999994,0.10964912280701754,0.13157894736842105,0.05043859649122807,0.10307017543859649,0.42039911308204
98,R Lee,Idaho Falls Chukars,25,83,27,21,17,2,0,9,11,24,0.325,0.467,0.675,5,0,NA,2,8,21,0.38,105,2026,hitter,56,2,0,2,R Lee,16,1.1420000000000001,0.35000000000000003,0.1619047619047619,0.22857142857142856,0.08571428571428572,0.10476190476190476,0.48570476190476186
99,D Wilkinson,Ogden Raptors,69,191,62,43,48,13,2,3,18,27,0.325,0.472,0.461,9,4,10,2,57,55,1.04,262,2026,hitter,88,15,2,13,D Wilkinson,44,0.933,0.136,0.183206106870229,0.10305343511450382,0.011450381679389313,0.06870229007633588,0.41566666666666663
100,E Ott,Great Falls Voyagers,89,355,115,90,58,31,2,20,53,95,0.324,0.423,0.592,6,4,NA,9,56,89,0.63,423,2026,hitter,210,33,2,31,E Ott,62,1.015,0.26799999999999996,0.13711583924349882,0.22458628841607564,0.04728132387706856,0.12529550827423167,0.43513238770685575
101,J Lojewski,Modesto Roadsters,75,312,101,60,43,21,1,12,34,42,0.324,0.425,0.513,15,4,2,5,56,115,0.49,376,2026,hitter,160,22,1,21,J Lojewski,67,0.938,0.189,0.11436170212765957,0.11170212765957446,0.031914893617021274,0.09042553191489362,0.4104679144385027
102,J Steele,Glacier Range Riders,61,204,66,59,43,20,0,6,26,60,0.324,0.434,0.51,2,7,3,7,42,43,0.98,259,2026,hitter,104,20,0,20,J Steele,40,0.944,0.186,0.16602316602316602,0.23166023166023167,0.023166023166023165,0.10038610038610038,0.408828125
103,W Mitchell,Idaho Falls Chukars,85,350,113,91,38,18,1,20,39,83,0.323,0.399,0.551,11,7,1,5,66,92,0.72,407,2026,hitter,193,19,1,18,W Mitchell,74,0.9500000000000001,0.22800000000000004,0.09336609336609336,0.20393120393120392,0.04914004914004914,0.09582309582309582,0.4098226600985221
104,T Stone,Ogden Raptors,74,273,88,73,45,16,0,9,25,62,0.322,0.415,0.48,1,4,NA,10,58,65,0.89,323,2026,hitter,131,16,0,16,T Stone,63,0.895,0.15799999999999997,0.1393188854489164,0.19195046439628483,0.02786377708978328,0.07739938080495357,0.3930681114551084
105,J Feliciano,Missoula PaddleHeads,25,87,28,14,20,6,0,1,7,17,0.322,0.478,0.425,6,0,NA,7,28,12,2.33,113,2026,hitter,37,6,0,6,J Feliciano,21,0.903,0.10299999999999998,0.17699115044247787,0.1504424778761062,0.008849557522123894,0.061946902654867256,0.4115663716814159
106,J Johnson Jr.,Billings Mustangs,89,358,115,98,45,22,3,28,53,95,0.321,0.404,0.634,6,2,1,12,82,63,1.3,412,2026,hitter,227,25,3,22,J Johnson Jr.,62,1.038,0.313,0.10922330097087378,0.23058252427184467,0.06796116504854369,0.12864077669902912,0.44300729927007293
107,Z Roos,Yuba-Sutter Freebirds,40,153,49,29,23,13,2,4,19,22,0.32,0.418,0.51,4,2,1,2,34,48,0.71,183,2026,hitter,78,15,2,13,Z Roos,30,0.9279999999999999,0.19,0.12568306010928962,0.12021857923497267,0.02185792349726776,0.10382513661202186,0.4041593406593406
108,C Garner,Glacier Range Riders,91,356,114,91,73,23,1,15,39,94,0.32,0.432,0.517,1,5,2,7,63,89,0.71,437,2026,hitter,184,24,1,23,C Garner,75,0.9490000000000001,0.197,0.16704805491990846,0.2151029748283753,0.034324942791762014,0.08924485125858124,0.4139218390804597
109,J Begora,Boise Hawks,61,238,76,47,31,19,1,6,26,67,0.319,0.429,0.483,16,2,3,5,46,49,0.94,290,2026,hitter,115,20,1,19,J Begora,50,0.9119999999999999,0.16399999999999998,0.10689655172413794,0.23103448275862068,0.020689655172413793,0.0896551724137931,0.4031811846689895
110,D Murillo,Boise Hawks,24,110,35,22,6,6,2,2,10,21,0.318,0.37,0.464,3,0,1,1,30,19,1.58,120,2026,hitter,51,8,2,6,D Murillo,25,0.8340000000000001,0.14600000000000002,0.05,0.175,0.016666666666666666,0.08333333333333333,0.36610084033613444
110,C Royer,Idaho Falls Chukars,13,44,14,8,6,0,0,1,1,14,0.318,0.415,0.386,2,1,NA,2,5,11,0.45,53,2026,hitter,17,0,0,0,C Royer,13,0.8009999999999999,0.068,0.11320754716981132,0.2641509433962264,0.018867924528301886,0.018867924528301886,0.36281132075471695
112,T Specht,Great Falls Voyagers,96,426,135,92,68,29,15,14,58,55,0.317,0.408,0.554,1,5,NA,11,94,140,0.67,500,2026,hitter,236,44,15,29,T Specht,77,0.962,0.23700000000000004,0.136,0.11,0.028,0.116,0.413062
113,C Bess,Long Beach Coast,89,363,115,115,39,24,0,27,51,69,0.317,0.385,0.606,6,8,NA,3,61,121,0.5,416,2026,hitter,220,24,0,24,C Bess,64,0.991,0.289,0.09375,0.1658653846153846,0.06490384615384616,0.12259615384615384,0.42140625000000004
114,R Petersen,Idaho Falls Chukars,5,19,6,6,NA,0,0,1,1,3,0.316,0.333,0.474,1,1,NA,2,2,8,0.25,21,2026,hitter,9,0,0,0,R Petersen,5,0.8069999999999999,0.15799999999999997,NA,0.14285714285714285,0.047619047619047616,0.047619047619047616,NA
115,C Vaughan,Idaho Falls Chukars,67,244,77,58,48,17,0,8,25,67,0.316,0.441,0.484,9,3,5,1,51,49,1.04,309,2026,hitter,118,17,0,17,C Vaughan,52,0.925,0.16799999999999998,0.1553398058252427,0.2168284789644013,0.025889967637540454,0.08090614886731391,0.40858223684210526
116,N Burns II,Billings Mustangs,38,127,40,29,32,10,1,3,14,17,0.315,0.451,0.48,2,3,NA,4,23,42,0.55,164,2026,hitter,61,11,1,10,N Burns II,26,0.931,0.16499999999999998,0.1951219512195122,0.10365853658536585,0.018292682926829267,0.08536585365853659,0.4100060975609756
116,T Moore,Oakland Ballers,36,127,40,39,12,7,1,10,18,22,0.315,0.39,0.622,5,2,NA,1,23,40,0.57,146,2026,hitter,79,8,1,7,T Moore,22,1.012,0.307,0.0821917808219178,0.1506849315068493,0.0684931506849315,0.1232876712328767,0.4311575342465753
118,T McKenzie,RedPocket Mobiles,90,321,101,56,34,21,1,15,37,74,0.315,0.382,0.526,3,3,2,7,63,81,0.78,363,2026,hitter,169,22,1,21,T McKenzie,64,0.908,0.21100000000000002,0.09366391184573003,0.20385674931129477,0.04132231404958678,0.10192837465564739,0.3941274238227147
119,B Wright,Billings Mustangs,69,217,68,54,36,9,11,10,30,67,0.313,0.416,0.594,5,4,5,4,43,46,0.93,267,2026,hitter,129,20,11,9,B Wright,38,1.01,0.28099999999999997,0.1348314606741573,0.250936329588015,0.03745318352059925,0.11235955056179775,0.42908015267175564
120,S Coffman,Long Beach Coast,86,348,109,58,34,12,1,6,19,58,0.313,0.376,0.405,2,2,7,9,119,65,1.83,393,2026,hitter,141,13,1,12,S Coffman,90,0.781,0.09200000000000003,0.08651399491094147,0.1475826972010178,0.015267175572519083,0.04834605597964377,0.3479222797927461
121,B Cannon,Modesto Roadsters,93,339,106,80,95,20,2,18,40,73,0.313,0.463,0.543,4,5,NA,5,70,92,0.76,443,2026,hitter,184,22,2,20,B Cannon,66,1.006,0.23000000000000004,0.2144469525959368,0.16478555304740405,0.040632054176072234,0.09029345372460497,0.4368306997742664
122,P Depasquale,Boise Hawks,32,128,40,26,9,7,NA,NA,7,28,0.313,0.381,0.367,7,3,4,5,31,33,0.94,151,2026,hitter,47,NA,NA,NA,P Depasquale,NA,0.748,0.05399999999999999,0.059602649006622516,0.18543046357615894,NA,0.046357615894039736,NA
123,C Yuran,Yuba-Sutter Freebirds,63,202,63,32,38,13,0,5,18,37,0.312,0.422,0.45,2,2,4,1,53,51,1.04,248,2026,hitter,91,13,0,13,C Yuran,45,0.872,0.138,0.1532258064516129,0.14919354838709678,0.020161290322580645,0.07258064516129033,0.3879180327868852
124,W Grant,Boise Hawks,58,225,70,63,43,16,2,9,27,49,0.311,0.419,0.52,0,2,3,5,49,57,0.86,273,2026,hitter,117,18,2,16,W Grant,43,0.9390000000000001,0.20900000000000002,0.1575091575091575,0.1794871794871795,0.03296703296703297,0.0989010989010989,0.4086333333333333
124,T Rogers,Oakland Ballers,28,90,28,19,9,3,0,5,8,22,0.311,0.379,0.511,2,2,NA,2,20,17,1.18,103,2026,hitter,46,3,0,3,T Rogers,20,0.89,0.2,0.08737864077669903,0.21359223300970873,0.04854368932038835,0.07766990291262135,0.38574757281553396
23,C Vest,Long Beach Coast,95,354,107,95,52,27,2,14,43,85,0.302,0.413,0.508,24,13,1,1,65,100,0.65,444,2026,hitter,180,29,2,27,C Vest,64,0.921,0.20600000000000002,0.11711711711711711,0.19144144144144143,0.03153153153153153,0.09684684684684684,0.3995553047404063
29,J Jablonski,Long Beach Coast,88,313,97,88,53,22,1,23,46,87,0.31,0.416,0.607,7,4,NA,7,57,72,0.79,377,2026,hitter,190,23,1,22,J Jablonski,51,1.023,0.297,0.14058355437665782,0.23076923076923078,0.0610079575596817,0.1220159151193634,0.4371697612732095
30,T Rover,Glacier Range Riders,86,325,97,86,57,21,1,13,35,68,0.298,0.406,0.489,6,6,1,5,79,78,1.01,395,2026,hitter,159,22,1,21,T Rover,62,0.895,0.191,0.14430379746835442,0.17215189873417722,0.03291139240506329,0.08860759493670886,0.3917208121827411
37,J Millan,Glacier Range Riders,79,311,86,79,53,14,3,23,40,117,0.277,0.389,0.563,5,1,2,2,39,72,0.54,372,2026,hitter,175,17,3,14,J Millan,46,0.952,0.2859999999999999,0.1424731182795699,0.31451612903225806,0.06182795698924731,0.10752688172043011,0.41079189189189186
43,A Swenda,Great Falls Voyagers,87,311,91,74,89,26,0,10,36,81,0.293,0.445,0.473,1,6,NA,10,62,79,0.78,407,2026,hitter,147,26,0,26,A Swenda,55,0.9179999999999999,0.18,0.21867321867321868,0.19901719901719903,0.02457002457002457,0.08845208845208845,0.40547420147420143
51,W Bermudez,Missoula PaddleHeads,75,281,84,69,53,13,0,19,32,81,0.299,0.441,0.548,20,2,1,13,58,54,1.07,357,2026,hitter,154,13,0,13,W Bermudez,52,0.9890000000000001,0.24900000000000005,0.1484593837535014,0.226890756302521,0.05322128851540616,0.0896358543417367,0.4315393258426966
51,J McHenry,Billings Mustangs,84,309,88,69,72,19,1,16,36,81,0.285,0.427,0.508,6,2,1,6,51,88,0.58,390,2026,hitter,157,20,1,19,J McHenry,52,0.935,0.22300000000000003,0.18461538461538463,0.2076923076923077,0.041025641025641026,0.09230769230769231,0.41020308483290485
53,H Dunhurst,Modesto Roadsters,57,196,59,68,35,11,1,15,27,58,0.301,0.414,0.597,7,6,1,NA,31,52,0.6,245,2026,hitter,117,12,1,11,H Dunhurst,32,1.011,0.296,0.14285714285714285,0.23673469387755103,0.061224489795918366,0.11020408163265306,0.4292295081967213
53,K Liniak,Modesto Roadsters,78,289,86,68,44,21,1,15,37,57,0.298,0.394,0.533,4,3,1,2,50,97,0.52,341,2026,hitter,154,22,1,21,K Liniak,49,0.927,0.23500000000000004,0.12903225806451613,0.16715542521994134,0.04398826979472141,0.10850439882697947,0.4017117647058823
55,J Piatkiewicz,Boise Hawks,76,258,77,67,60,16,0,7,23,59,0.298,0.434,0.442,7,7,4,6,67,60,1.12,336,2026,hitter,114,16,0,16,J Piatkiewicz,54,0.876,0.14400000000000002,0.17857142857142858,0.17559523809523808,0.020833333333333332,0.06845238095238096,0.38990662650602415
59,E Santos,Oakland Ballers,92,336,97,63,57,26,4,18,48,72,0.289,0.405,0.551,10,2,1,9,84,79,1.06,406,2026,hitter,185,30,4,26,E Santos,49,0.9560000000000001,0.26200000000000007,0.14039408866995073,0.17733990147783252,0.04433497536945813,0.11822660098522167,0.4133086419753086
65,P Mills,Billings Mustangs,61,254,73,60,31,17,2,10,29,43,0.287,0.366,0.488,1,1,NA,7,65,64,1.02,287,2026,hitter,124,19,2,17,P Mills,44,0.854,0.201,0.10801393728222997,0.14982578397212543,0.03484320557491289,0.10104529616724739,0.37293728222996514
69,H Dodson,Ogden Raptors,61,214,59,58,25,12,0,11,23,50,0.276,0.376,0.486,12,4,7,6,42,70,0.6,262,2026,hitter,104,12,0,12,H Dodson,36,0.862,0.20999999999999996,0.09541984732824428,0.19083969465648856,0.04198473282442748,0.08778625954198473,0.37743137254901965
72,L Beard,Glacier Range Riders,79,300,91,57,45,18,0,12,30,83,0.303,0.406,0.483,8,2,1,3,55,69,0.8,356,2026,hitter,145,18,0,18,L Beard,61,0.889,0.18,0.12640449438202248,0.23314606741573032,0.033707865168539325,0.08426966292134831,0.39178591549295777
75,C Castaneda,Yuba-Sutter Freebirds,76,284,84,54,32,17,0,8,25,66,0.296,0.375,0.44,5,2,NA,13,62,68,0.91,323,2026,hitter,125,17,0,17,C Castaneda,59,0.815,0.14400000000000002,0.09907120743034056,0.2043343653250774,0.02476780185758514,0.07739938080495357,0.36067182662538694
77,J Donahue,Yuba-Sutter Freebirds,82,279,79,53,43,13,1,11,25,55,0.283,0.393,0.455,8,1,6,2,81,64,1.27,337,2026,hitter,127,14,1,13,J Donahue,54,0.8480000000000001,0.17200000000000004,0.12759643916913946,0.1632047477744807,0.032640949554896145,0.07418397626112759,0.3765800604229607
80,D Jackson,Boise Hawks,70,233,68,51,30,13,2,4,19,33,0.292,0.394,0.416,13,6,7,1,64,76,0.84,289,2026,hitter,97,15,2,13,D Jackson,49,0.81,0.124,0.10380622837370242,0.11418685121107267,0.01384083044982699,0.0657439446366782,0.36084042553191487
80,E Manzo,RedPocket Mobiles,71,254,78,51,22,14,0,8,22,58,0.307,0.372,0.457,6,3,1,12,62,56,1.11,286,2026,hitter,116,14,0,14,E Manzo,56,0.829,0.15000000000000002,0.07692307692307693,0.20279720279720279,0.027972027972027972,0.07692307692307693,0.36435789473684216
84,J Collura,Oakland Ballers,78,258,77,50,54,16,1,8,25,47,0.298,0.423,0.461,3,2,NA,6,53,79,0.67,317,2026,hitter,119,17,1,16,J Collura,52,0.884,0.16300000000000003,0.17034700315457413,0.14826498422712933,0.025236593059936908,0.07886435331230283,0.3923091482649842
84,N Leehey,Oakland Ballers,81,252,71,50,23,10,0,15,25,67,0.282,0.338,0.5,1,5,NA,8,55,62,0.89,281,2026,hitter,126,10,0,10,N Leehey,46,0.8380000000000001,0.21800000000000003,0.08185053380782918,0.23843416370106763,0.05338078291814947,0.08896797153024912,0.361797153024911
87,D Dixon,Yuba-Sutter Freebirds,79,263,67,47,24,13,1,6,20,54,0.255,0.319,0.38,1,0,6,5,74,68,1.09,294,2026,hitter,100,14,1,13,D Dixon,47,0.6990000000000001,0.125,0.08163265306122448,0.1836734693877551,0.02040816326530612,0.06802721088435375,0.3116770833333333
90,E Barrera,Idaho Falls Chukars,57,192,57,44,42,10,0,7,17,48,0.297,0.426,0.458,5,5,4,2,37,50,0.74,248,2026,hitter,88,10,0,10,E Barrera,40,0.884,0.16100000000000003,0.1693548387096774,0.1935483870967742,0.028225806451612902,0.06854838709677419,0.3915040983606557
90,Z Blaszak,Great Falls Voyagers,71,248,75,44,53,12,2,7,21,57,0.302,0.433,0.452,7,4,1,3,54,64,0.84,313,2026,hitter,112,14,2,12,Z Blaszak,54,0.885,0.15000000000000002,0.16932907348242812,0.18210862619808307,0.022364217252396165,0.0670926517571885,0.39348397435897436
92,J Boyd,Modesto Roadsters,62,215,65,43,48,11,5,9,25,63,0.302,0.428,0.526,2,4,2,NA,34,55,0.62,271,2026,hitter,113,16,5,11,J Boyd,40,0.954,0.22400000000000003,0.17712177121771217,0.23247232472324722,0.033210332103321034,0.09225092250922509,0.41284014869888475
92,S Gutierrez,Missoula PaddleHeads,57,187,50,43,30,12,1,8,21,66,0.267,0.383,0.471,5,0,NA,2,30,38,0.79,222,2026,hitter,88,13,1,12,S Gutierrez,29,0.854,0.20399999999999996,0.13513513513513514,0.2972972972972973,0.036036036036036036,0.0945945945945946,0.3771981981981982
95,K Frett,RedPocket Mobiles,64,215,63,42,26,22,0,16,38,64,0.293,0.38,0.619,6,3,NA,5,39,52,0.75,250,2026,hitter,133,22,0,22,K Frett,25,0.999,0.326,0.104,0.256,0.064,0.152,0.42419999999999997
96,B Bishop,RedPocket Mobiles,62,236,73,41,35,19,4,12,35,62,0.309,0.403,0.576,4,3,NA,2,48,48,1,278,2026,hitter,136,23,4,19,B Bishop,38,0.979,0.26699999999999996,0.12589928057553956,0.22302158273381295,0.04316546762589928,0.12589928057553956,0.41944964028776976
99,P Roche Jr.,Long Beach Coast,58,216,64,40,37,13,0,7,20,39,0.296,0.429,0.454,13,0,1,8,61,49,1.24,267,2026,hitter,98,13,0,13,P Roche Jr.,44,0.883,0.15800000000000003,0.13857677902621723,0.14606741573033707,0.026217228464419477,0.0749063670411985,0.39555639097744355
101,J Chavez,RedPocket Mobiles,67,236,69,39,42,12,1,11,24,71,0.292,0.401,0.492,3,3,NA,2,51,47,1.09,284,2026,hitter,116,13,1,12,J Chavez,45,0.893,0.2,0.14788732394366197,0.25,0.03873239436619718,0.08450704225352113,0.39114436619718307
103,D Aragon,Yuba-Sutter Freebirds,60,202,60,38,25,11,0,7,18,43,0.297,0.389,0.455,6,1,1,4,55,42,1.31,235,2026,hitter,92,11,0,11,D Aragon,42,0.8440000000000001,0.15800000000000003,0.10638297872340426,0.1829787234042553,0.029787234042553193,0.07659574468085106,0.3742136752136752
103,A Collins,Glacier Range Riders,68,181,56,38,27,9,2,4,15,39,0.309,0.404,0.448,3,2,1,4,45,41,1.1,214,2026,hitter,81,11,2,9,A Collins,41,0.8520000000000001,0.139,0.1261682242990654,0.1822429906542056,0.018691588785046728,0.07009345794392523,0.37689671361502347
103,L Sutter,Modesto Roadsters,48,155,43,38,40,9,1,11,21,48,0.277,0.432,0.561,3,1,NA,1,21,44,0.48,199,2026,hitter,87,10,1,9,L Sutter,22,0.9930000000000001,0.28400000000000003,0.20100502512562815,0.24120603015075376,0.05527638190954774,0.10552763819095477,0.4294874371859297
107,C Bufford,Oakland Ballers,50,189,55,37,21,10,1,7,18,50,0.291,0.362,0.466,1,2,NA,6,45,39,1.15,213,2026,hitter,88,11,1,10,C Bufford,37,0.8280000000000001,0.17500000000000004,0.09859154929577464,0.2347417840375587,0.03286384976525822,0.08450704225352113,0.36197652582159623
107,I Nunez,Yuba-Sutter Freebirds,45,152,41,37,15,11,0,6,17,45,0.27,0.353,0.461,5,1,NA,4,28,35,0.8,173,2026,hitter,70,11,0,11,I Nunez,24,0.8140000000000001,0.191,0.08670520231213873,0.26011560693641617,0.03468208092485549,0.09826589595375723,0.3575664739884393
110,A Mata,Long Beach Coast,69,229,63,36,33,15,0,3,18,33,0.275,0.375,0.38,5,2,3,7,75,55,1.36,272,2026,hitter,87,15,0,15,A Mata,45,0.755,0.10499999999999998,0.1213235294117647,0.1213235294117647,0.011029411764705883,0.0661764705882353,0.34092193308550184
112,W Ponce,Great Falls Voyagers,44,151,41,35,28,9,2,4,15,25,0.272,0.399,0.437,8,6,1,3,44,44,1,194,2026,hitter,66,11,2,9,W Ponce,26,0.8360000000000001,0.16499999999999998,0.14432989690721648,0.12886597938144329,0.020618556701030927,0.07731958762886598,0.3692176165803109
118,E Good,Missoula PaddleHeads,31,104,29,31,9,3,0,3,6,13,0.279,0.336,0.394,1,2,3,4,40,23,1.74,119,2026,hitter,41,3,0,3,E Good,23,0.73,0.11499999999999999,0.07563025210084033,0.1092436974789916,0.025210084033613446,0.05042016806722689,0.3230344827586206
119,J McLaughlin,Glacier Range Riders,57,200,56,30,32,13,2,3,18,53,0.28,0.381,0.41,2,2,2,2,48,47,1.02,238,2026,hitter,82,15,2,13,J McLaughlin,38,0.7909999999999999,0.12999999999999995,0.13445378151260504,0.22268907563025211,0.012605042016806723,0.07563025210084033,0.35307627118644064
123,B O'Sullivan,Oakland Ballers,62,199,58,29,24,8,0,4,12,44,0.291,0.364,0.392,0,2,1,3,41,54,0.76,226,2026,hitter,78,8,0,8,B O'Sullivan,46,0.756,0.10100000000000003,0.10619469026548672,0.19469026548672566,0.017699115044247787,0.05309734513274336,0.3376888888888888
87,E Amundson,Yuba-Sutter Freebirds,27,89,17,20,12,3,0,7,10,36,0.191,0.282,0.461,0,2,NA,NA,9,28,0.32,103,2026,hitter,41,3,0,3,E Amundson,7,0.743,0.27,0.11650485436893204,0.34951456310679613,0.06796116504854369,0.0970873786407767,0.32054368932038835
87,A Barranca,Great Falls Voyagers,43,158,42,28,23,12,0,7,19,45,0.266,0.376,0.475,5,0,NA,3,33,34,0.97,186,2026,hitter,75,12,0,12,A Barranca,23,0.851,0.20899999999999996,0.12365591397849462,0.24193548387096775,0.03763440860215054,0.10215053763440861,0.37560752688172044
87,H Nieves,RedPocket Mobiles,24,99,30,28,12,5,1,7,13,27,0.303,0.374,0.586,1,3,NA,NA,16,30,0.53,115,2026,hitter,58,6,1,5,H Nieves,17,0.96,0.283,0.10434782608695652,0.23478260869565218,0.06086956521739131,0.11304347826086956,0.40674782608695653
99,J Cabuyaban,RedPocket Mobiles,28,96,19,19,18,1,1,6,8,32,0.198,0.336,0.417,3,2,NA,2,14,31,0.45,119,2026,hitter,40,2,1,1,J Cabuyaban,11,0.753,0.21899999999999997,0.15126050420168066,0.2689075630252101,0.05042016806722689,0.06722689075630252,0.33484873949579835
109,N Poss,RedPocket Mobiles,34,104,25,21,17,1,0,5,6,24,0.24,0.357,0.394,3,2,NA,1,23,32,0.72,126,2026,hitter,41,1,0,1,N Poss,19,0.751,0.15400000000000003,0.1349206349206349,0.19047619047619047,0.03968253968253968,0.047619047619047616,0.33765079365079365
109,J Sisto,Boise Hawks,28,107,29,23,9,5,0,5,10,15,0.271,0.352,0.458,6,3,NA,6,37,27,1.37,125,2026,hitter,49,5,0,5,J Sisto,19,0.81,0.187,0.072,0.12,0.04,0.08,0.354192
109,C Smith,Oakland Ballers,37,116,32,19,22,3,0,5,8,23,0.276,0.4,0.431,2,0,NA,2,21,36,0.58,140,2026,hitter,50,3,0,3,C Smith,24,0.831,0.15499999999999997,0.15714285714285714,0.16428571428571428,0.03571428571428571,0.05714285714285714,0.37324285714285715
109,D Tauken,Missoula PaddleHeads,23,49,14,22,10,1,0,5,6,11,0.286,0.387,0.612,0,3,NA,1,11,13,0.85,62,2026,hitter,30,1,0,1,D Tauken,8,0.999,0.326,0.16129032258064516,0.1774193548387097,0.08064516129032258,0.0967741935483871,0.4158064516129032
109,P Winland Jr.,Long Beach Coast,15,51,12,12,2,0,0,5,5,16,0.235,0.316,0.529,4,0,NA,NA,17,3,5.67,57,2026,hitter,27,0,0,0,P Winland Jr.,7,0.845,0.29400000000000004,0.03508771929824561,0.2807017543859649,0.08771929824561403,0.08771929824561403,0.36822807017543857
123,T Best,Boise Hawks,30,99,27,27,25,4,0,4,8,31,0.273,0.447,0.434,7,1,2,4,27,15,1.8,134,2026,hitter,43,4,0,4,T Best,19,0.881,0.16099999999999998,0.1865671641791045,0.23134328358208955,0.029850746268656716,0.05970149253731343,0.398969696969697
123,K Carlson,Yuba-Sutter Freebirds,42,130,33,20,20,5,0,4,9,30,0.254,0.359,0.385,2,1,1,2,46,19,2.42,154,2026,hitter,50,5,0,5,K Carlson,24,0.744,0.131,0.12987012987012986,0.19480519480519481,0.025974025974025976,0.05844155844155844,0.3353921568627451
27,M Jackson,RedPocket Mobiles,41,121,29,18,15,5,4,3,12,42,0.24,0.363,0.421,9,1,NA,NA,15,35,0.43,146,2026,hitter,51,9,4,5,M Jackson,17,0.784,0.181,0.10273972602739725,0.2876712328767123,0.02054794520547945,0.0821917808219178,0.3497671232876712
31,L Figueroa,Modesto Roadsters,45,161,49,21,17,6,1,1,8,22,0.304,0.386,0.373,5,1,3,3,44,47,0.94,187,2026,hitter,60,7,1,6,L Figueroa,41,0.759,0.069,0.09090909090909091,0.11764705882352941,0.0053475935828877,0.0427807486631016,0.3428858695652174
52,A Folds,Boise Hawks,39,125,38,20,39,7,1,3,11,23,0.304,0.5,0.448,11,1,2,2,42,19,2.21,178,2026,hitter,56,8,1,7,A Folds,27,0.948,0.14400000000000002,0.21910112359550563,0.12921348314606743,0.016853932584269662,0.06179775280898876,0.4297954545454545
55,B Choi,Modesto Roadsters,31,100,29,27,22,9,2,3,14,28,0.29,0.416,0.51,1,2,NA,1,24,18,1.33,125,2026,hitter,51,11,2,9,B Choi,15,0.9259999999999999,0.22000000000000003,0.176,0.224,0.024,0.112,0.401568
55,B Pelle,Ogden Raptors,69,181,50,28,45,10,1,1,12,38,0.276,0.434,0.359,7,2,4,8,53,43,1.23,239,2026,hitter,65,11,1,10,B Pelle,38,0.7929999999999999,0.08299999999999996,0.18828451882845187,0.1589958158995816,0.0041841004184100415,0.0502092050209205,0.367127659574468
55,M Weaver,RedPocket Mobiles,31,82,17,10,21,3,3,NA,6,38,0.207,0.368,0.317,1,2,NA,1,13,15,0.87,106,2026,hitter,26,NA,NA,NA,M Weaver,NA,0.685,0.11000000000000001,0.19811320754716982,0.3584905660377358,NA,0.05660377358490566,NA
63,S Rich,Idaho Falls Chukars,19,71,20,6,7,2,0,1,3,21,0.282,0.346,0.352,0,0,NA,1,14,14,1,78,2026,hitter,25,2,0,2,S Rich,17,0.698,0.07,0.08974358974358974,0.2692307692307692,0.01282051282051282,0.038461538461538464,0.3149871794871795
71,"R Clayton, Jr.",RedPocket Mobiles,35,94,16,5,9,3,3,NA,6,48,0.17,0.25,0.266,1,0,NA,NA,13,13,1,104,2026,hitter,25,NA,NA,NA,"R Clayton, Jr.",NA,0.516,0.096,0.08653846153846154,0.46153846153846156,NA,0.057692307692307696,NA
71,J Edmonds,Long Beach Coast,26,26,3,2,5,NA,NA,NA,0,6,0.115,0.258,0.115,0,0,NA,NA,10,7,1.43,31,2026,hitter,3,NA,NA,NA,J Edmonds,NA,0.373,0,0.16129032258064516,0.1935483870967742,NA,0,NA
71,J Phillips,Yuba-Sutter Freebirds,20,56,14,8,16,3,0,2,5,18,0.25,0.417,0.411,0,0,NA,NA,11,12,0.92,72,2026,hitter,23,3,0,3,J Phillips,9,0.828,0.16099999999999998,0.2222222222222222,0.25,0.027777777777777776,0.06944444444444445,0.3756527777777777
71,L Terilli,Modesto Roadsters,41,144,35,17,44,4,1,3,8,40,0.243,0.424,0.347,2,1,2,1,44,26,1.69,193,2026,hitter,50,5,1,4,L Terilli,27,0.7709999999999999,0.10399999999999998,0.22797927461139897,0.20725388601036268,0.015544041450777202,0.04145077720207254,0.36012041884816753
79,R Morgan,RedPocket Mobiles,14,56,15,13,7,4,NA,NA,4,14,0.268,0.349,0.339,0,0,NA,NA,20,8,2.5,63,2026,hitter,19,NA,NA,NA,R Morgan,NA,0.688,0.07100000000000001,0.1111111111111111,0.2222222222222222,NA,0.06349206349206349,NA
86,J Sebring,Modesto Roadsters,12,29,7,5,8,1,NA,NA,1,8,0.241,0.405,0.276,0,0,NA,NA,6,7,0.86,37,2026,hitter,8,NA,NA,NA,J Sebring,NA,0.681,0.03500000000000003,0.21621621621621623,0.21621621621621623,NA,0.02702702702702703,NA
93,M Mugan,Modesto Roadsters,31,84,23,19,11,4,1,2,7,18,0.274,0.374,0.417,3,1,1,2,28,13,2.15,100,2026,hitter,35,5,1,4,M Mugan,16,0.7909999999999999,0.14299999999999996,0.11,0.18,0.02,0.07,0.35218181818181815
110,J Mayo,Yuba-Sutter Freebirds,23,84,19,10,8,4,0,4,8,24,0.226,0.305,0.417,2,1,NA,1,13,28,0.46,95,2026,hitter,35,4,0,4,J Mayo,11,0.722,0.19099999999999998,0.08421052631578947,0.25263157894736843,0.042105263157894736,0.08421052631578947,0.3181052631578947
110,C Murray,Glacier Range Riders,17,57,14,4,8,3,NA,NA,3,20,0.246,0.358,0.298,2,0,1,1,17,7,2.43,68,2026,hitter,17,NA,NA,NA,C Murray,NA,0.6559999999999999,0.05199999999999999,0.11764705882352941,0.29411764705882354,NA,0.04411764705882353,NA
110,R Pitts,Long Beach Coast,29,52,13,5,8,3,0,1,4,12,0.25,0.394,0.365,5,1,1,3,15,12,1.25,67,2026,hitter,19,3,0,3,R Pitts,9,0.759,0.11499999999999999,0.11940298507462686,0.1791044776119403,0.014925373134328358,0.05970149253731343,0.349030303030303
110,R Quevedo,Boise Hawks,17,65,10,9,8,NA,NA,NA,0,15,0.154,0.247,0.154,0,0,NA,1,27,12,2.25,73,2026,hitter,10,NA,NA,NA,R Quevedo,NA,0.401,0,0.1095890410958904,0.2054794520547945,NA,0,NA
123,L Barry,Missoula PaddleHeads,12,38,7,5,9,NA,NA,NA,0,16,0.184,0.34,0.184,0,0,NA,1,9,4,2.25,47,2026,hitter,7,NA,NA,NA,L Barry,NA,0.524,0,0.19148936170212766,0.3404255319148936,NA,0,NA
