"player_name","team","season","gp","pa","ab","h","x2b","x3b","hr","bb","hbp","sf","k","x1b","avg","obp","slg","ops","iso","bb_rate","k_rate","hr_rate","xbh","xbh_rate","woba","lg_obp","lg_slg","ops_plus","name_key","iso_pct","hr_pct","bb_pct","k_pct","power_score","discipline_score","scout_score","power_grade","discipline_grade","scout_grade","alumni_name","organization","signed_by_mlb_org"
"A Adams","Rocky Mountain Vibes",2025,39,150,119,37,5,0,2,21,6,2,41,30,0.310924369747899,0.432432432432432,0.403361344537815,0.835793776970248,0.092436974789916,0.14,0.273333333333333,0.0133333333333333,7,0.0466666666666667,0.378506756756757,0.430165036674817,0.545487286609522,74,"aadams",0.213618157543391,0.267022696929239,0.753004005340454,0.0787716955941254,0.23497997329773,0.449599465954606,0.310096795727637,34.0987983978638,47.3169742445751,40.044877396248,NA,NA,0
"A Amicangelo","Billings Mustangs",2021,73,304,275,105,0,0,5,29,0,0,39,100,0.381818181818182,0.440789473684211,0.436363636363636,0.877153110047847,0.0545454545454545,0.0953947368421053,0.128289473684211,0.0164473684210526,5,0.0164473684210526,0.392483552631579,0.386737115479336,0.403905188465603,122,"aamicangelo",0.129506008010681,0.323097463284379,0.360480640854473,0.801068090787717,0.20694259012016,0.558744993324433,0.330073431241656,32.4165554072096,53.9484891502738,41.3361813219414,NA,NA,0
"A Armstrong","Ogden Raptors",2021,62,192,174,48,0,0,1,18,0,0,30,47,0.275862068965517,0.34375,0.293103448275862,0.636853448275862,0.0172413793103448,0.09375,0.15625,0.00520833333333333,1,0.00520833333333333,0.293005208333333,0.386737115479336,0.403905188465603,61,"aarmstrong",0.0761014686248331,0.168224299065421,0.345794392523364,0.643524699599466,0.112950600801068,0.47977303070761,0.241338451268358,26.7770360480641,49.1502737781383,35.6002891139951,NA,NA,0
"A Atwood","Great Falls Voyagers",2021,27,95,88,26,0,0,0,7,0,0,22,26,0.295454545454545,0.347368421052632,0.295454545454545,0.642822966507177,0,0.0736842105263158,0.231578947368421,0,0,0,0.293873684210526,0.386737115479336,0.403905188465603,63,"aatwood",0,0,0.186915887850467,0.202937249666222,0,0.194125500667557,0.0679439252336449,20,31.794767795579,24.3919436443466,"Andy Atwood","Chicago White Sox",1
"A Atwood","Great Falls Voyagers",2022,22,107,92,31,6,1,3,11,2,2,14,21,0.33695652173913,0.411214953271028,0.521739130434783,0.932954083705811,0.184782608695652,0.102803738317757,0.130841121495327,0.0280373831775701,10,0.0934579439252336,0.403990654205607,0.403219653620203,0.505468647871367,105,"aatwood",0.559412550066756,0.506008010680908,0.447263017356475,0.789052069425901,0.538050734312417,0.601068090787717,0.560106809078772,52.283044058745,56.5199756641655,56.2057024499175,"Andy Atwood","Chicago White Sox",1
"A Baeza","Boise Hawks",2023,72,319,258,88,15,1,14,51,2,8,54,58,0.341085271317829,0.442006269592476,0.569767441860465,1.01177371145294,0.228682170542636,0.15987460815047,0.169278996865204,0.0438871473354232,30,0.0940438871473354,0.433332288401254,0.415712620826764,0.519508091651979,116,"abaeza",0.746328437917223,0.7543391188251,0.862483311081442,0.562082777036048,0.749532710280374,0.727303070761015,0.741752336448598,64.9719626168224,64.1898195092273,67.9473985134363,NA,NA,0
"A Bernard","Missoula PaddleHeads",2023,57,226,182,53,6,1,6,36,4,4,46,40,0.291208791208791,0.411504424778761,0.434065934065934,0.845570358844695,0.142857142857143,0.15929203539823,0.20353982300885,0.0265486725663717,13,0.0575221238938053,0.376530973451327,0.415712620826764,0.519508091651979,83,"abernard",0.401869158878505,0.487316421895861,0.858477970627503,0.361815754339119,0.436048064085447,0.63497997329773,0.505674232309746,46.1628838451268,58.5804096532144,52.6871419787048,NA,NA,0
"A Bond","Billings Mustangs",2021,25,67,57,14,0,0,1,10,0,0,25,13,0.245614035087719,0.358208955223881,0.298245614035088,0.656454569258968,0.0526315789473684,0.149253731343284,0.373134328358209,0.0149253731343283,1,0.0149253731343283,0.306641791044776,0.386737115479336,0.403905188465603,66,"abond",0.12283044058745,0.288384512683578,0.813084112149533,0.0160213618157543,0.189052069425901,0.454405874499332,0.281925901201602,31.3431241655541,47.609004258771,38.2238907408007,NA,NA,0
"A Buendia","Rocky Mountain Vibes",2021,32,112,106,33,0,0,1,6,0,0,15,32,0.311320754716981,0.348214285714286,0.339622641509434,0.68783692722372,0.0283018867924528,0.0535714285714286,0.133928571428571,0.00892857142857142,1,0.00892857142857142,0.3094375,0.386737115479336,0.403905188465603,74,"abuendia",0.0867823765020027,0.204272363150868,0.0854472630173565,0.771695594125501,0.133778371161549,0.394259012016021,0.224946595460614,28.0267022696929,43.9545731089029,34.5407078977745,NA,NA,0
"A Chouinard","Grand Junction Jackalopes",2023,46,173,145,50,8,0,6,16,9,2,37,36,0.344827586206897,0.436046511627907,0.524137931034483,0.96018444266239,0.179310344827586,0.092485549132948,0.213872832369942,0.0346820809248555,14,0.0809248554913295,0.420232558139535,0.415712620826764,0.519508091651979,106,"achouinard",0.539385847797063,0.619492656875834,0.335113484646195,0.307076101468625,0.571428571428571,0.322496662216288,0.484302403204272,54.2857142857143,39.5944027580612,51.30565174709,NA,NA,0
"A Chouinard","Rocky Mountain Vibes",2025,57,220,189,70,18,0,4,21,6,4,33,48,0.37037037037037,0.440909090909091,0.529100529100529,0.97000962000962,0.158730158730159,0.0954545454545455,0.15,0.0181818181818182,22,0.1,0.421490909090909,0.430165036674817,0.545487286609522,99,"achouinard",0.464619492656876,0.363150867823765,0.361815754339119,0.684913217623498,0.424032042723632,0.50720961281709,0.453144192256342,45.4419225634179,50.8172784425066,49.2915628337487,NA,NA,0
"A Cootway","Billings Mustangs",2026,79,392,297,102,26,1,22,74,17,4,81,53,0.343434343434343,0.49234693877551,0.65993265993266,1.15227959870817,0.316498316498317,0.188775510204082,0.206632653061224,0.0561224489795918,49,0.125,0.487964285714286,0.450384809487762,0.58938642643552,121,"acootway",0.931909212283044,0.878504672897196,0.950600801068091,0.344459279038718,0.910547396528705,0.677837116154873,0.829098798397864,74.6328437917223,61.1843439464612,73.5935359288866,NA,NA,0
"A Davis","Rocky Mountain Vibes",2024,88,429,366,120,27,3,10,54,4,2,77,80,0.327868852459016,0.417840375586854,0.5,0.917840375586854,0.172131147540984,0.125874125874126,0.179487179487179,0.0233100233100233,40,0.0932400932400932,0.402260563380282,0.424262617051871,0.536937901498929,92,"adavis",0.512683578104139,0.431241655540721,0.640854472630174,0.495327102803738,0.480106809078772,0.575367156208278,0.513447930574099,48.8064085447263,54.9584262827013,53.1896393626547,NA,NA,0
"A Don","Idaho Falls Chukars",2021,62,287,255,72,0,0,4,32,0,0,72,68,0.282352941176471,0.362369337979094,0.329411764705882,0.691781102684977,0.0470588235294118,0.111498257839721,0.250871080139373,0.0139372822299651,4,0.0139372822299651,0.316613240418118,0.386737115479336,0.403905188465603,75,"adon",0.11214953271028,0.275033377837116,0.526034712950601,0.125500667556742,0.177303070761015,0.345794392523364,0.236275033377837,30.6381842456609,41.0099371324275,35.2729861807826,NA,NA,0
"A Don","Idaho Falls Chukars",2022,16,76,69,25,4,0,0,5,2,0,15,21,0.36231884057971,0.421052631578947,0.420289855072464,0.841342486651411,0.0579710144927536,0.0657894736842105,0.197368421052632,0,4,0.0526315789473684,0.376657894736842,0.403219653620203,0.505468647871367,88,"adon",0.142857142857143,0,0.136181575433912,0.397863818424566,0.0857142857142857,0.253938584779706,0.144592790387183,25.1428571428571,35.4289190833502,29.346580795495,NA,NA,0
"A Eggleston","Great Falls Voyagers",2021,36,61,57,14,0,0,1,4,0,0,14,13,0.245614035087719,0.295081967213115,0.298245614035088,0.593327581248202,0.0526315789473684,0.0655737704918033,0.229508196721311,0.0163934426229508,1,0.0163934426229508,0.268934426229508,0.386737115479336,0.403905188465603,50,"aeggleston",0.12283044058745,0.319092122830441,0.133511348464619,0.21762349799733,0.201335113484646,0.171361815754339,0.190844459279039,32.0801068090788,30.4116812005678,32.3363215638047,NA,NA,0
"A Elder","Grand Junction Jackalopes",2021,47,185,167,44,0,0,1,18,0,0,25,43,0.263473053892216,0.335135135135135,0.281437125748503,0.616572260883638,0.0179640718562874,0.0972972972972973,0.135135135135135,0.0054054054054054,1,0.0054054054054054,0.284891891891892,0.386737115479336,0.403905188465603,56,"aelder",0.0774365821094793,0.170894526034713,0.381842456608812,0.763684913217624,0.114819759679573,0.553671562082777,0.268417890520694,26.8891855807744,53.6402352464003,37.3507233243794,NA,NA,0
"A Elder","Grand Junction Jackalopes",2022,34,141,116,42,6,0,0,19,6,0,9,36,0.362068965517241,0.475177304964539,0.413793103448276,0.888970408412815,0.0517241379310345,0.134751773049645,0.0638297872340425,0,6,0.0425531914893617,0.404510638297872,0.403219653620203,0.505468647871367,100,"aelder",0.120160213618158,0,0.711615487316422,0.966622162883845,0.0720961281708945,0.826368491321762,0.336091455273698,24.3257676902537,70.2088825795985,41.7251906749949,NA,NA,0
"A Fernandes","Glacier Range Riders",2026,28,131,98,36,10,3,2,30,2,0,11,21,0.36734693877551,0.523076923076923,0.591836734693878,1.1149136577708,0.224489795918367,0.229007633587786,0.083969465648855,0.0152671755725191,15,0.114503816793893,0.481169230769231,0.450384809487762,0.58938642643552,117,"afernandes",0.734312416555407,0.293724966622163,0.983978638184246,0.942590120160214,0.55807743658211,0.965353805073431,0.700624165554072,53.4846461949266,78.6534171567633,65.2888442991683,NA,NA,0
"A Figueredo","Billings Mustangs",2023,33,155,129,37,9,0,9,17,8,1,18,19,0.286821705426357,0.4,0.565891472868217,0.965891472868217,0.27906976744186,0.109677419354839,0.116129032258065,0.0580645161290323,18,0.116129032258065,0.417587096774194,0.415712620826764,0.519508091651979,105,"afigueredo",0.874499332443258,0.891855807743658,0.506008010680908,0.850467289719626,0.881441922563418,0.661014686248331,0.804292389853137,72.8865153538051,60.1622388967755,71.9900320398718,NA,NA,0
"A Figueredo","Yuba-Sutter Freebirds",2024,69,286,234,72,16,0,7,43,1,8,46,49,0.307692307692308,0.405594405594406,0.465811965811966,0.871406371406371,0.158119658119658,0.15034965034965,0.160839160839161,0.0244755244755245,23,0.0804195804195804,0.380933566433566,0.424262617051871,0.536937901498929,82,"afigueredo",0.46328437917223,0.449933244325768,0.817089452603471,0.619492656875834,0.457943925233645,0.728170894526035,0.552523364485981,47.4766355140187,64.2425471506794,55.7155031985933,NA,NA,0
"A Fishberg","Idaho Falls Chukars",2021,33,86,79,28,0,0,3,7,0,0,11,25,0.354430379746835,0.406976744186047,0.468354430379747,0.875331174565793,0.113924050632911,0.0813953488372093,0.127906976744186,0.0348837209302326,3,0.0348837209302326,0.387593023255814,0.386737115479336,0.403905188465603,121,"afishberg",0.29105473965287,0.624833110814419,0.232309746328438,0.803738317757009,0.42456608811749,0.489452603471295,0.447276368491322,45.4739652870494,49.7383897789495,48.912262532768,NA,NA,0
"A Fogel","Missoula PaddleHeads",2024,89,428,348,135,27,1,35,61,16,3,88,72,0.387931034482759,0.495327102803738,0.772988505747126,1.26831560855086,0.385057471264368,0.142523364485981,0.205607476635514,0.0817757009345794,63,0.147196261682243,0.530481308411215,0.424262617051871,0.536937901498929,161,"afogel",0.981308411214953,0.974632843791722,0.771695594125501,0.349799732977303,0.978638184245661,0.581842456608812,0.839759679572764,78.7182910547397,55.3518556073819,74.2826628693485,NA,NA,0
"A Fogel","Missoula PaddleHeads",2025,79,376,320,124,21,2,34,38,12,6,63,67,0.3875,0.462765957446808,0.784375,1.24714095744681,0.396875,0.101063829787234,0.167553191489362,0.0904255319148936,57,0.151595744680851,0.520577127659574,0.430165036674817,0.545487286609522,151,"afogel",0.983978638184246,0.986648865153538,0.42456608811749,0.567423230974633,0.985046728971963,0.488851802403204,0.811378504672897,79.1028037383178,49.701886027175,72.4480835409992,NA,NA,0
"A Fritz","Great Falls Voyagers",2024,17,46,41,14,2,0,1,4,0,1,9,11,0.341463414634146,0.391304347826087,0.463414634146341,0.854718981972428,0.121951219512195,0.0869565217391304,0.195652173913043,0.0217391304347826,3,0.0652173913043478,0.373282608695652,0.424262617051871,0.536937901498929,79,"afritz",0.323097463284379,0.41388518024032,0.281708945260347,0.408544726301736,0.359412550066756,0.338785046728972,0.352192923898531,41.5647530040053,40.5840600283918,42.7660010572079,NA,NA,0
"A Fritz","Great Falls Voyagers",2025,82,335,286,94,21,2,12,40,1,8,38,59,0.328671328671329,0.402985074626866,0.541958041958042,0.944943116584908,0.213286713286713,0.119402985074627,0.113432835820896,0.0358208955223881,35,0.104477611940299,0.405519402985075,0.430165036674817,0.545487286609522,93,"afritz",0.684913217623498,0.64218958611482,0.596795727636849,0.857142857142857,0.667823765020027,0.713951935914553,0.683968624833111,60.0694259012016,63.3786250253498,64.2122183026419,NA,NA,0
"A Garcia","Rocky Mountain Vibes",2022,17,72,62,21,4,1,0,7,1,2,13,16,0.338709677419355,0.402777777777778,0.435483870967742,0.83826164874552,0.0967741935483871,0.0972222222222222,0.180555555555556,0,5,0.0694444444444444,0.3675,0.403219653620203,0.505468647871367,86,"agarcia",0.232309746328438,0,0.379172229639519,0.489986648865154,0.139385847797063,0.429038718291055,0.24076435246996,28.3631508678238,46.0677347394038,35.5631789594054,NA,NA,0
"A Gauna","Great Falls Voyagers",2026,29,122,106,40,6,2,3,11,5,0,15,29,0.377358490566038,0.459016393442623,0.556603773584906,1.01562016702753,0.179245283018868,0.0901639344262295,0.122950819672131,0.0245901639344262,11,0.0901639344262295,0.443549180327869,0.450384809487762,0.58938642643552,96,"agauna",0.538050734312417,0.451268357810414,0.31241655540721,0.82109479305741,0.503337783711616,0.5413217623498,0.51663217623498,50.2002670226969,52.8898803488136,53.3954712665998,NA,NA,0
"A Guadalupe","Colorado Springs Sky Sox",2022,35,154,128,51,13,0,6,17,6,2,22,32,0.3984375,0.483660130718954,0.640625,1.12428513071895,0.2421875,0.11038961038961,0.142857142857143,0.038961038961039,19,0.123376623376623,0.481091503267974,0.403219653620203,0.505468647871367,147,"aguadalupe",0.783711615487316,0.684913217623498,0.512683578104139,0.727636849132176,0.744192256341789,0.609412550066756,0.697019359145527,64.6515353805073,57.0269722165889,65.0558270494191,NA,NA,0
"A Guadalupe","Colorado Springs Sky Sox",2023,85,366,333,117,21,4,17,23,3,5,39,75,0.351351351351351,0.392857142857143,0.591591591591592,0.984448734448734,0.24024024024024,0.0628415300546448,0.10655737704918,0.046448087431694,42,0.114754098360656,0.421725274725275,0.415712620826764,0.519508091651979,108,"aguadalupe",0.778371161548732,0.786381842456609,0.129506008010681,0.879839786381842,0.781575433911883,0.467156208277704,0.67152870493992,66.894526034713,48.3836949908741,63.4080930342945,NA,NA,0
"A Guadalupe","Colorado Springs Sky Sox",2024,21,78,65,24,5,0,3,12,1,0,11,16,0.369230769230769,0.474358974358974,0.584615384615385,1.05897435897436,0.215384615384615,0.153846153846154,0.141025641025641,0.0384615384615385,8,0.102564102564103,0.459846153846154,0.424262617051871,0.536937901498929,121,"aguadalupe",0.695594125500668,0.680907877169559,0.830440587449933,0.734312416555407,0.689719626168224,0.787182910547397,0.723831775700935,61.3831775700935,67.828026769418,66.789000722785,NA,NA,0
"A Hanson","Rocky Mountain Vibes",2022,63,221,197,58,13,3,4,18,3,2,50,38,0.294416243654822,0.359090909090909,0.451776649746193,0.810867558837102,0.157360406091371,0.081447963800905,0.226244343891403,0.0180995475113122,20,0.0904977375565611,0.355022727272727,0.403219653620203,0.505468647871367,78,"ahanson",0.455273698264352,0.361815754339119,0.233644859813084,0.229639519359146,0.417890520694259,0.231842456608812,0.352773698264353,45.0734312416555,34.086392212533,42.803542725223,NA,NA,0
"A Herron Jr.","Rocky Mountain Vibes",2023,64,268,235,76,16,1,7,26,4,3,49,52,0.323404255319149,0.395522388059701,0.48936170212766,0.884884090187361,0.165957446808511,0.0970149253731343,0.182835820895522,0.0261194029850746,24,0.0895522388059701,0.38680223880597,0.415712620826764,0.519508091651979,89,"a.",0.493991989319092,0.483311081441923,0.372496662216288,0.473965287049399,0.489719626168224,0.418157543391188,0.464672897196262,49.3831775700935,45.4066112350436,50.0367865195206,NA,NA,0
"A Kaufman","Billings Mustangs",2021,32,30,28,4,0,0,0,2,0,0,13,4,0.142857142857143,0.2,0.142857142857143,0.342857142857143,0,0.0666666666666667,0.433333333333333,0,0,0,0.1644,0.386737115479336,0.403905188465603,-13,"akaufman",0,0,0.138851802403204,0.0120160213618158,0,0.0817757009345794,0.0286214953271028,20,24.9685662137497,21.850113811666,NA,NA,0
"A Kern","Great Falls Voyagers",2021,41,30,27,5,0,0,0,3,0,0,18,5,0.185185185185185,0.266666666666667,0.185185185185185,0.451851851851852,0,0.1,0.6,0,0,0,0.217,0.386737115479336,0.403905188465603,15,"akern",0,0,0.412550066755674,0.00400534045393863,0,0.228704939919893,0.0800467289719626,20,33.8957615088217,25.1742774847082,NA,NA,0
"A Kirchner","Yuba-Sutter Freebirds",2026,55,245,219,82,17,1,20,22,0,4,54,44,0.374429223744292,0.424489795918367,0.735159817351598,1.15964961326997,0.360730593607306,0.0897959183673469,0.220408163265306,0.0816326530612245,38,0.155102040816327,0.487734693877551,0.450384809487762,0.58938642643552,119,"akirchner",0.969292389853137,0.973297730307076,0.309746328437917,0.264352469959947,0.970894526034713,0.28931909212283,0.732343124165554,78.2536715620828,37.5785844656256,67.3391803402483,NA,NA,0
"A Ludwick","Missoula PaddleHeads",2022,5,10,10,4,0,0,0,0,0,0,2,4,0.4,0.4,0.4,0.8,0,0,0.2,0,0,0,0.3552,0.403219653620203,0.505468647871367,78,"aludwick",0,0,0,0.381842456608812,0,0.171829105473965,0.0601401869158878,20,30.4400730075035,23.8875044499822,NA,NA,0
"A MacKenzie","Great Falls Voyagers",2025,2,3,3,1,0,0,0,0,0,0,2,1,0.333333333333333,0.333333333333333,0.333333333333333,0.666666666666667,0,0,0.666666666666667,0,0,0,0.296,0.430165036674817,0.545487286609522,39,"amackenzie",0,0,0,0,0,0,0,20,20,20,NA,NA,0
"A Manisero","Great Falls Voyagers",2026,66,256,220,78,13,2,9,24,10,2,45,54,0.354545454545455,0.4375,0.554545454545455,0.992045454545455,0.2,0.09375,0.17578125,0.03515625,24,0.09375,0.431234375,0.450384809487762,0.58938642643552,91,"amanisero",0.628838451268358,0.63150867823765,0.345794392523364,0.512683578104139,0.629906542056075,0.420894526034713,0.556752336448598,57.7943925233645,45.5729061042385,55.9888669536231,NA,NA,0
"A Mata","Idaho Falls Chukars",2024,35,156,137,42,4,2,3,16,0,1,32,33,0.306569343065693,0.376623376623377,0.430656934306569,0.807280310929946,0.124087591240876,0.102564102564103,0.205128205128205,0.0192307692307692,9,0.0576923076923077,0.356902597402597,0.424262617051871,0.536937901498929,69,"amata",0.332443257676903,0.380507343124166,0.440587449933244,0.352469959946595,0.351668891855808,0.400934579439252,0.368911882510013,41.1001335113485,44.3601703508416,43.8467264312761,NA,NA,0
"A Mata","Idaho Falls Chukars",2025,71,309,280,97,20,4,5,21,3,4,46,68,0.346428571428571,0.392857142857143,0.5,0.892857142857143,0.153571428571429,0.0679611650485437,0.148867313915858,0.0161812297734628,29,0.0938511326860841,0.387756493506493,0.430165036674817,0.545487286609522,83,"amata",0.439252336448598,0.315086782376502,0.153538050734312,0.688918558077437,0.38958611481976,0.394459279038718,0.391291722296395,43.3751668891856,43.966741026161,45.2933751901356,NA,NA,0
"A Meggs","Grand Junction Jackalopes",2023,49,223,192,60,10,0,1,23,1,5,23,49,0.3125,0.380090497737557,0.380208333333333,0.76029883107089,0.0677083333333333,0.103139013452915,0.103139013452915,0.00448430493273542,11,0.0493273542600897,0.338981900452489,0.415712620826764,0.519508091651979,65,"ameggs",0.164218958611482,0.158878504672897,0.451268357810414,0.894526034712951,0.162082777036048,0.650734312416555,0.333110814419226,29.7249666221629,59.5376191441898,41.5325199305263,NA,NA,0
"A Monge","Grand Junction Jackalopes",2021,45,158,142,38,0,0,0,16,0,0,38,38,0.267605633802817,0.341772151898734,0.267605633802817,0.609377785701551,0,0.10126582278481,0.240506329113924,0,0,0,0.283443037974684,0.386737115479336,0.403905188465603,55,"amonge",0,0,0.427236315086782,0.162883845126836,0,0.308277703604806,0.107897196261682,20,38.7304806327317,26.9745514957334,NA,NA,0
"A Mow","Billings Mustangs",2022,35,99,84,25,7,1,3,12,3,0,15,14,0.297619047619048,0.404040404040404,0.511904761904762,0.915945165945166,0.214285714285714,0.121212121212121,0.151515151515152,0.0303030303030303,11,0.111111111111111,0.400949494949495,0.403219653620203,0.505468647871367,101,"amow",0.68758344459279,0.54739652870494,0.610146862483311,0.678237650200267,0.63150867823765,0.640787716955941,0.634756341789052,57.890520694259,58.9332792537011,61.0311013301401,NA,NA,0
"A Nielsen","Grand Junction Jackalopes",2022,68,295,262,83,13,0,2,22,4,3,36,68,0.316793893129771,0.374570446735395,0.389312977099237,0.763883423834632,0.0725190839694657,0.0745762711864407,0.122033898305085,0.00677966101694915,15,0.0508474576271186,0.340814432989691,0.403219653620203,0.505468647871367,70,"anielsen",0.170894526034713,0.17890520694259,0.194926568758344,0.826435246995995,0.174098798397864,0.479105473965287,0.280851134846462,30.4459279038718,49.1097140539444,38.1544170793014,NA,NA,0
"A Nielsen","Grand Junction Jackalopes",2023,20,45,40,12,2,0,1,3,0,0,7,9,0.3,0.348837209302326,0.425,0.773837209302326,0.125,0.0666666666666667,0.155555555555556,0.0222222222222222,3,0.0666666666666667,0.341976744186046,0.415712620826764,0.519508091651979,66,"anielsen",0.336448598130841,0.417890520694259,0.138851802403204,0.650200267022697,0.369025367156208,0.368958611481976,0.369002002670227,42.1415220293725,42.417359561955,43.8525518625198,NA,NA,0
"A Noviello","Missoula PaddleHeads",2022,49,193,162,49,11,0,3,28,1,2,32,35,0.302469135802469,0.404145077720207,0.425925925925926,0.830071003646133,0.123456790123457,0.145077720207254,0.16580310880829,0.0155440414507772,14,0.0725388601036269,0.369979274611399,0.403219653620203,0.505468647871367,84,"anoviello",0.331108144192256,0.30173564753004,0.787716955941255,0.588785046728972,0.31935914552737,0.698197596795728,0.451952603471295,39.1615487316422,62.4214155343744,49.2145376873038,NA,NA,0
"A Nunez","Rocky Mountain Vibes",2021,62,233,221,62,0,0,1,12,0,0,49,61,0.280542986425339,0.317596566523605,0.294117647058824,0.611714213582429,0.0135746606334842,0.0515021459227468,0.210300429184549,0.00429184549356223,1,0.00429184549356223,0.277034334763949,0.386737115479336,0.403905188465603,55,"anunez",0.0734312416555407,0.157543391188251,0.0801068090787717,0.331108144192256,0.107076101468625,0.19305740987984,0.13716955941255,26.4245660881175,31.7298722368688,28.8667378663819,NA,NA,0
"A Pimentel","Grand Junction Jackalopes",2025,83,394,313,103,29,1,17,61,11,5,68,56,0.329073482428115,0.448717948717949,0.591054313099042,1.03977226181699,0.261980830670927,0.154822335025381,0.17258883248731,0.0431472081218274,47,0.119289340101523,0.446030769230769,0.430165036674817,0.545487286609522,113,"apimentel",0.843791722296395,0.744993324432577,0.83845126835781,0.540720961281709,0.804272363150868,0.704472630173565,0.769342456608812,68.2563417890521,62.8026769417968,69.7308435008684,NA,NA,0
"A Ray","Grand Junction Jackalopes",2023,66,250,223,73,12,1,5,22,1,2,38,55,0.327354260089686,0.387096774193548,0.457399103139013,0.844495877332562,0.130044843049327,0.088,0.152,0.02,18,0.072,0.371431451612903,0.415712620826764,0.519508091651979,81,"aray",0.363150867823765,0.392523364485981,0.296395193591455,0.674232309746328,0.374899866488652,0.466421895861148,0.406932576769025,42.4939919893191,48.3390792942608,46.3044111459918,NA,NA,0
"A Ray","Ogden Raptors",2022,17,74,66,19,4,1,0,5,1,0,4,14,0.287878787878788,0.347222222222222,0.378787878787879,0.726010101010101,0.0909090909090909,0.0675675675675676,0.0540540540540541,0,5,0.0675675675675676,0.323666666666667,0.403219653620203,0.505468647871367,61,"aray",0.208277703604806,0,0.15086782376502,0.969292389853137,0.124966622162884,0.519158878504673,0.26293391188251,27.497997329773,51.543297505577,36.9962350453628,NA,NA,0
"A Redahan","Great Falls Voyagers",2026,24,124,111,51,13,1,5,11,0,1,6,32,0.459459459459459,0.504065040650406,0.72972972972973,1.23379477038014,0.27027027027027,0.0887096774193548,0.0483870967741935,0.0403225806451613,19,0.153225806451613,0.525609756097561,0.450384809487762,0.58938642643552,136,"aredahan",0.85981308411215,0.704939919893191,0.305740987983979,0.975967957276369,0.797863818424566,0.607343124165554,0.731181575433912,67.871829105474,56.9012370715879,67.264097004218,NA,NA,0
"A Rios","Grand Junction Jackalopes",2024,87,399,341,120,23,2,16,49,5,2,61,79,0.351906158357771,0.438287153652393,0.571847507331378,1.01013466098377,0.219941348973607,0.12280701754386,0.152882205513784,0.0401002506265664,41,0.102756892230576,0.437413098236776,0.424262617051871,0.536937901498929,110,"arios",0.720961281708945,0.702269692923899,0.624833110814419,0.67022696929239,0.713484646194926,0.645260347129506,0.689606141522029,62.8090787716956,59.2050294058,64.5766313904441,NA,NA,0
"A Rios","Rocky Mountain Vibes",2023,4,17,16,10,2,0,1,1,0,0,2,7,0.625,0.647058823529412,0.9375,1.58455882352941,0.3125,0.0588235294117647,0.117647058823529,0.0588235294117647,3,0.176470588235294,0.679352941176471,0.415712620826764,0.519508091651979,236,"arios",0.927903871829105,0.895861148197597,0.105473965287049,0.847797062750334,0.915086782376502,0.439519359145527,0.748638184245661,74.9052069425901,46.7045224092476,68.3925046117997,NA,NA,0
"A Rivero","Ogden Raptors",2022,8,39,37,11,3,0,1,1,1,0,10,7,0.297297297297297,0.333333333333333,0.459459459459459,0.792792792792793,0.162162162162162,0.0256410256410256,0.256410256410256,0.0256410256410256,4,0.102564102564103,0.347230769230769,0.403219653620203,0.505468647871367,74,"arivero",0.483311081441923,0.477970627503338,0.048064085447263,0.118825100133511,0.481174899866489,0.0799065420560748,0.340730974632844,48.8704939919893,24.8549989860069,42.0250925056906,NA,NA,0
"A Sanchez","Missoula PaddleHeads",2024,76,353,306,101,22,2,20,42,2,2,77,57,0.330065359477124,0.411931818181818,0.611111111111111,1.02304292929293,0.281045751633987,0.118980169971671,0.218130311614731,0.056657223796034,44,0.124645892351275,0.438221590909091,0.424262617051871,0.536937901498929,111,"asanchez",0.87716955941255,0.883845126835781,0.590120160213618,0.279038718291055,0.879839786381842,0.450133511348465,0.72944259012016,72.7903871829105,47.3494220239302,67.1516877568853,NA,NA,0
"A Sequera","Boise Hawks",2022,46,225,197,70,25,0,2,26,1,1,28,43,0.355329949238579,0.431111111111111,0.512690355329949,0.94380146644106,0.157360406091371,0.115555555555556,0.124444444444444,0.00888888888888888,27,0.12,0.412546666666667,0.403219653620203,0.505468647871367,108,"asequera",0.453938584779706,0.202937249666222,0.566088117489987,0.813084112149533,0.353538050734312,0.677236315086782,0.466832443257677,41.2122830440588,61.1478401946867,50.1763811126574,NA,NA,0
"A Shaver","Billings Mustangs",2025,75,314,264,79,13,2,10,32,15,2,86,54,0.299242424242424,0.402555910543131,0.477272727272727,0.879828637815858,0.178030303030303,0.101910828025478,0.273885350318471,0.0318471337579618,25,0.0796178343949045,0.388584664536741,0.430165036674817,0.545487286609522,81,"ashaver",0.531375166889186,0.567423230974633,0.431241655540721,0.0761014686248331,0.545794392523364,0.271428571428571,0.449766355140187,52.7476635514019,36.4915838572298,49.0732170404652,NA,NA,0
"A Shaver","Billings Mustangs",2026,90,411,350,153,29,14,20,35,12,7,60,90,0.437142857142857,0.495049504950495,0.771428571428571,1.26647807637907,0.334285714285714,0.0851581508515815,0.145985401459854,0.048661800486618,63,0.153284671532847,0.530289603960396,0.450384809487762,0.58938642643552,141,"ashaver",0.950600801068091,0.817089452603471,0.267022696929239,0.707610146862483,0.897196261682243,0.465287049399199,0.746028037383178,73.8317757009346,48.2701277631312,68.2237828624443,NA,NA,0
"A Shumaker","Grand Junction Jackalopes",2023,27,97,79,29,6,1,0,8,8,0,20,22,0.367088607594937,0.473684210526316,0.468354430379747,0.942038640906063,0.10126582278481,0.0824742268041237,0.206185567010309,0,7,0.0721649484536082,0.421831578947368,0.415712620826764,0.519508091651979,104,"ashumaker",0.2456608811749,0,0.241655540720961,0.347129506008011,0.14739652870494,0.289118825100134,0.196999332443258,28.8437917222964,37.5664165483675,32.7341769420801,NA,NA,0
"A Shumaker","Grand Junction Jackalopes",2024,29,93,78,26,2,0,1,11,0,1,17,23,0.333333333333333,0.411111111111111,0.397435897435897,0.808547008547009,0.0641025641025641,0.118279569892473,0.182795698924731,0.010752688172043,3,0.032258064516129,0.362855555555556,0.424262617051871,0.536937901498929,71,"ashumaker",0.157543391188251,0.226969292389853,0.583444592790387,0.475300400534045,0.185313751668892,0.534779706275033,0.307626835781041,31.1188251001335,52.4923950517137,39.8852174288273,NA,NA,0
"A Swenda","Great Falls Voyagers",2025,67,291,234,73,17,3,7,43,7,7,61,46,0.311965811965812,0.422680412371134,0.5,0.922680412371134,0.188034188034188,0.147766323024055,0.209621993127148,0.0240549828178694,27,0.0927835051546392,0.401147766323024,0.430165036674817,0.545487286609522,90,"aswenda",0.57543391188251,0.440587449933244,0.803738317757009,0.333778371161549,0.521495327102804,0.592256341789052,0.546261682242991,51.2897196261682,55.9845873048063,55.3107436055104,NA,NA,0
"B Barrera","Oakland Ballers",2024,89,407,348,124,22,0,23,53,2,4,63,79,0.35632183908046,0.43980343980344,0.617816091954023,1.05761953175746,0.261494252873563,0.13022113022113,0.154791154791155,0.0565110565110565,45,0.110565110565111,0.45319656019656,0.424262617051871,0.536937901498929,119,"bbarrera",0.842456608811749,0.882510013351135,0.680907877169559,0.652870493991989,0.858477970627503,0.668291054739653,0.791912550066756,71.5086782376502,60.6043398904887,71.1897903923536,NA,NA,0
"B Bishop","RedPocket Mobiles",2026,61,276,234,72,19,4,12,35,4,3,61,37,0.307692307692308,0.402173913043478,0.576923076923077,0.979096989966555,0.269230769230769,0.126811594202899,0.221014492753623,0.0434782608695652,35,0.126811594202899,0.419271739130435,0.450384809487762,0.58938642643552,87,"bbishop",0.857142857142857,0.748998664886515,0.646194926568758,0.260347129506008,0.81388518024032,0.472563417890521,0.694422563417891,68.8331108144192,48.7122287568445,64.8879683269146,NA,NA,0
"B Blackford","Yuba-Sutter Freebirds",2024,83,343,285,93,26,1,13,44,3,6,78,53,0.326315789473684,0.414201183431953,0.56140350877193,0.975604692203882,0.235087719298246,0.128279883381924,0.227405247813411,0.0379008746355685,40,0.116618075801749,0.418831360946746,0.424262617051871,0.536937901498929,102,"bblackford",0.766355140186916,0.675567423230975,0.65954606141522,0.226969292389853,0.730040053404539,0.464886515353805,0.637236315086782,63.8024032042724,48.2457919286149,61.1914085676991,NA,NA,0
"B Bohning","Idaho Falls Chukars",2022,25,106,85,30,2,1,0,15,4,1,17,27,0.352941176470588,0.466666666666667,0.4,0.866666666666667,0.0470588235294118,0.141509433962264,0.160377358490566,0,3,0.0283018867924528,0.394019047619048,0.403219653620203,0.505468647871367,95,"bbohning",0.11214953271028,0,0.76502002670227,0.624833110814419,0.0672897196261682,0.701935914552737,0.289415887850467,24.0373831775701,62.6485499898601,38.7080488041684,NA,NA,0
"B Bohning","Ogden Raptors",2022,22,84,71,21,6,0,1,6,6,0,16,14,0.295774647887324,0.397590361445783,0.422535211267606,0.820125572713389,0.126760563380282,0.0714285714285714,0.19047619047619,0.0119047619047619,7,0.0833333333333333,0.369048192771084,0.403219653620203,0.505468647871367,82,"bbohning",0.344459279038718,0.238985313751669,0.174899866488652,0.432576769025367,0.302269692923899,0.290854472630174,0.298274365821095,38.1361815754339,37.6718718312715,39.2806671197558,NA,NA,0
"B Broussard","Billings Mustangs",2021,70,262,220,46,0,0,4,42,0,0,58,42,0.209090909090909,0.33587786259542,0.263636363636364,0.599514226231783,0.0545454545454545,0.16030534351145,0.221374045801527,0.0152671755725191,4,0.0152671755725191,0.285038167938931,0.386737115479336,0.403905188465603,52,"bbroussard",0.130841121495327,0.293724966622163,0.867823765020027,0.256341789052069,0.195994659546061,0.592656875834446,0.334826435246996,31.7596795727637,56.0089231393227,41.6434188808699,NA,NA,0
"B Brown","Idaho Falls Chukars",2023,59,274,225,79,15,4,3,39,9,0,58,57,0.351111111111111,0.465201465201465,0.493333333333333,0.958534798534798,0.142222222222222,0.142335766423358,0.211678832116788,0.010948905109489,22,0.0802919708029197,0.424380952380952,0.415712620826764,0.519508091651979,107,"bbrown",0.399198931909212,0.229639519359146,0.769025367156208,0.325767690253672,0.331375166889186,0.569559412550067,0.414739652870494,39.8825100133511,54.6055566822146,46.8090660970689,NA,NA,0
"B Cannon","Modesto Roadsters",2026,92,438,334,105,19,2,18,95,4,5,72,66,0.31437125748503,0.465753424657534,0.544910179640719,1.01066360429825,0.230538922155689,0.21689497716895,0.164383561643836,0.0410958904109589,39,0.089041095890411,0.438915525114155,0.450384809487762,0.58938642643552,96,"bcannon",0.753004005340454,0.714285714285714,0.978638184245661,0.592790387182911,0.737516688918558,0.805006675567423,0.761138184245661,64.2510013351135,68.9109714053944,69.2005135009763,NA,NA,0
"B Capps","Glacier Range Riders",2026,5,25,21,8,5,0,1,4,0,0,1,2,0.380952380952381,0.48,0.761904761904762,1.24190476190476,0.380952380952381,0.16,0.04,0.04,6,0.24,0.51968,0.450384809487762,0.58938642643552,136,"bcapps",0.979973297730307,0.699599465954606,0.863818424566088,0.979973297730307,0.867823765020027,0.916088117489987,0.884716288384513,72.0694259012016,75.6601095112553,77.1886900331186,NA,NA,0
"B Carson","Oakland Ballers",2024,87,413,350,111,24,3,13,59,2,1,98,71,0.317142857142857,0.41747572815534,0.514285714285714,0.931761442441054,0.197142857142857,0.142857142857143,0.23728813559322,0.0314769975786925,40,0.0968523002421308,0.407444174757282,0.424262617051871,0.536937901498929,94,"bcarson",0.618157543391188,0.55807743658211,0.773030707610147,0.176234979973298,0.594125500667557,0.504472630173565,0.56274699599466,55.6475300400534,50.6509835733117,56.3763660096875,NA,NA,0
"B Carson","Rocky Mountain Vibes",2023,18,91,70,27,8,0,2,17,0,2,15,17,0.385714285714286,0.49438202247191,0.585714285714286,1.0800963081862,0.2,0.186813186813187,0.164835164835165,0.021978021978022,10,0.10989010989011,0.462876404494382,0.415712620826764,0.519508091651979,132,"bcarson",0.628838451268358,0.416555407209613,0.946595460614152,0.591455273698264,0.54392523364486,0.786782376502003,0.62892523364486,52.6355140186916,67.8036909349017,60.6541743529996,NA,NA,0
"B Cermenelli","Missoula PaddleHeads",2026,57,291,249,92,24,1,9,35,3,4,23,58,0.369477911646586,0.446735395189003,0.582329317269076,1.02906471245808,0.21285140562249,0.120274914089347,0.0790378006872852,0.0309278350515464,34,0.116838487972509,0.442780068728522,0.450384809487762,0.58938642643552,98,"bcermenelli",0.682242990654206,0.551401869158878,0.600801068090788,0.950600801068091,0.629906542056075,0.758210947930574,0.67481308411215,57.7943925233645,66.0677347394038,63.6203976396216,NA,NA,0
"B Crosby","Colorado Springs Sky Sox",2022,76,331,295,89,19,6,11,28,8,0,91,53,0.301694915254237,0.377643504531722,0.51864406779661,0.896287572328332,0.216949152542373,0.0845921450151057,0.274924471299094,0.0332326283987915,36,0.108761329305136,0.390078549848943,0.403219653620203,0.505468647871367,96,"bcrosby",0.702269692923899,0.595460614152203,0.257676902536716,0.0734312416555407,0.65954606141522,0.174766355140187,0.489873164218959,59.5727636849132,30.6185357939566,51.6657497006376,NA,NA,0
"B Crosby","Rocky Mountain Vibes",2023,73,334,276,85,16,3,6,43,13,2,76,60,0.307971014492754,0.422155688622754,0.452898550724638,0.875054239347392,0.144927536231884,0.12874251497006,0.227544910179641,0.0179640718562874,25,0.0748502994011976,0.38959880239521,0.415712620826764,0.519508091651979,89,"bcrosby",0.408544726301736,0.35781041388518,0.664886515353805,0.225634178905207,0.388251001335113,0.467222963951936,0.415891188251001,43.2950600801068,48.3877509632935,46.883502162961,NA,NA,0
"B Daniel","Great Falls Voyagers",2021,37,154,137,39,0,0,3,17,0,0,36,36,0.284671532846715,0.363636363636364,0.35036496350365,0.714001327140013,0.0656934306569343,0.11038961038961,0.233766233766234,0.0194805194805195,3,0.0194805194805195,0.324681818181818,0.386737115479336,0.403905188465603,81,"bdaniel",0.160213618157543,0.387182910547397,0.512683578104139,0.18958611481976,0.251001335113485,0.367289719626168,0.291702269692924,35.0600801068091,42.3159602514703,38.855842152389,NA,NA,0
"B Daniel","Great Falls Voyagers",2022,88,410,338,108,20,4,12,59,11,2,81,72,0.319526627218935,0.434146341463415,0.50887573964497,0.943022081108385,0.189349112426036,0.14390243902439,0.197560975609756,0.0292682926829268,36,0.0878048780487805,0.413863414634146,0.403219653620203,0.505468647871367,108,"bdaniel",0.580774365821095,0.528704939919893,0.783711615487316,0.395193591455274,0.559946595460614,0.608878504672897,0.577072763684913,53.5967957276368,56.9945244372338,57.3023938207277,NA,NA,0
"B Dansereau","Ogden Raptors",2022,86,391,335,115,23,6,12,32,19,5,77,74,0.343283582089552,0.424552429667519,0.555223880597015,0.979776310264534,0.211940298507463,0.0818414322250639,0.19693094629156,0.030690537084399,41,0.104859335038363,0.423659846547315,0.403219653620203,0.505468647871367,115,"bdansereau",0.678237650200267,0.548731642189586,0.237650200267023,0.400534045393859,0.626435246995995,0.310947930574099,0.516014686248331,57.5861148197597,38.8927195295072,53.3555562747446,NA,NA,0
"B Demco","Great Falls Voyagers",2022,36,2,2,1,0,0,0,0,0,0,1,1,0.5,0.5,0.5,1,0,0,0.5,0,0,0,0.444,0.403219653620203,0.505468647871367,123,"bdemco",0,0,0,0.00801068090787715,0,0.00360480640854472,0.00126168224299065,20,20.2190225106469,20.0815560374122,NA,NA,0
"B Donovan","Billings Mustangs",2023,62,164,149,43,3,1,4,11,2,1,46,35,0.288590604026846,0.343558282208589,0.402684563758389,0.746242845966978,0.114093959731544,0.0670731707317073,0.280487804878049,0.024390243902439,8,0.0487804878048781,0.330963190184049,0.415712620826764,0.519508091651979,60,"bdonovan",0.292389853137517,0.447263017356475,0.146862483311081,0.0667556742323098,0.3543391188251,0.110814419225634,0.269105473965287,41.260347129506,26.7329142161833,37.395169207202,NA,NA,0
"B Evans","Billings Mustangs",2023,30,113,96,29,6,0,2,7,4,4,15,21,0.302083333333333,0.36036036036036,0.427083333333333,0.787443693693694,0.125,0.0619469026548672,0.132743362831858,0.0176991150442478,8,0.0707964601769911,0.34409009009009,0.415712620826764,0.519508091651979,69,"bevans",0.336448598130841,0.347129506008011,0.12283044058745,0.778371161548732,0.340720961281709,0.417823765020027,0.36770694259012,40.4432576769025,45.3863313729467,43.7688382579803,NA,NA,0
"B Fitzgerald","Glacier Range Riders",2023,77,307,268,82,23,2,13,29,6,4,80,44,0.305970149253731,0.381107491856678,0.552238805970149,0.933346297826827,0.246268656716418,0.0944625407166124,0.260586319218241,0.0423452768729642,38,0.123778501628664,0.401276872964169,0.415712620826764,0.519508091651979,98,"bfitzgerald",0.798397863818425,0.731642189586115,0.352469959946595,0.106809078771696,0.771695594125501,0.241922563417891,0.586275033377837,66.30173564753,34.6988440478605,57.8972350777264,NA,NA,0
"B Fitzgerald","Glacier Range Riders",2024,77,315,254,75,23,1,17,38,18,2,69,34,0.295275590551181,0.419871794871795,0.594488188976378,1.01435998384817,0.299212598425197,0.120634920634921,0.219047619047619,0.053968253968254,41,0.13015873015873,0.435814102564103,0.424262617051871,0.536937901498929,110,"bfitzgerald",0.906542056074766,0.862483311081442,0.602136181575434,0.275033377837116,0.888918558077437,0.454939919893191,0.737026034712951,73.3351134846462,47.6414520381261,67.6418870082096,NA,NA,0
"B Harding","Grand Junction Jackalopes",2024,25,99,81,27,3,0,0,14,3,1,12,24,0.333333333333333,0.444444444444444,0.37037037037037,0.814814814814815,0.037037037037037,0.141414141414141,0.121212121212121,0,3,0.0303030303030303,0.373242424242424,0.424262617051871,0.536937901498929,74,"bharding",0.0974632843791722,0,0.763684913217624,0.831775700934579,0.0584779706275033,0.794325767690254,0.316024699599466,23.5086782376502,68.2620158182924,40.4280613180578,NA,NA,0
"B Held","Great Falls Voyagers",2023,35,6,6,3,0,0,0,0,0,0,2,3,0.5,0.5,0.5,1,0,0,0.333333333333333,0,0,0,0.444,0.415712620826764,0.519508091651979,117,"bheld",0,0,0,0.0333778371161548,0,0.0150200267022697,0.00525700934579439,20,20.9125937943622,20.3398168225509,NA,NA,0
"B Huber","Glacier Range Riders",2023,17,66,55,17,4,0,1,10,1,0,18,12,0.309090909090909,0.424242424242424,0.436363636363636,0.860606060606061,0.127272727272727,0.151515151515152,0.272727272727273,0.0151515151515152,5,0.0757575757575758,0.38580303030303,0.415712620826764,0.519508091651979,86,"bhuber",0.351134846461949,0.289719626168224,0.822429906542056,0.0801068090787717,0.326568758344459,0.488384512683578,0.383204272363151,39.5941255006676,49.6734942202393,44.7705966751891,NA,NA,0
"B Hueth","Idaho Falls Chukars",2022,64,291,254,81,21,3,2,33,0,4,32,55,0.318897637795276,0.391752577319588,0.448818897637795,0.840571474957383,0.12992125984252,0.11340206185567,0.109965635738832,0.00687285223367697,26,0.0893470790378007,0.368903780068729,0.403219653620203,0.505468647871367,86,"bhueth",0.361815754339119,0.180240320427236,0.540720961281709,0.870493991989319,0.289185580774366,0.689118825100134,0.429162216288385,37.3511348464619,61.8698032853377,47.7413508527784,NA,NA,0
"B Lada","Yuba-Sutter Freebirds",2024,87,388,342,112,25,4,17,22,15,7,80,66,0.327485380116959,0.386010362694301,0.573099415204678,0.959109777898979,0.245614035087719,0.0567010309278351,0.206185567010309,0.0438144329896907,46,0.118556701030928,0.410813471502591,0.424262617051871,0.536937901498929,98,"blada",0.795727636849132,0.753004005340454,0.0974632843791722,0.347129506008011,0.778638184245661,0.20981308411215,0.579549399198932,66.7182910547397,32.7479213141351,57.4624853015739,NA,NA,0
"B Lada","Yuba-Sutter Freebirds",2025,89,433,391,122,19,2,21,31,7,3,81,80,0.312020460358056,0.37037037037037,0.531969309462916,0.902339679833286,0.219948849104859,0.0715935334872979,0.187066974595843,0.0484988452655889,42,0.0969976905311778,0.391171296296296,0.430165036674817,0.545487286609522,84,"blada",0.722296395193591,0.811748998664886,0.176234979973298,0.448598130841122,0.758077436582109,0.298798397863818,0.597329773030708,65.4846461949266,38.1545325491787,58.6118213102905,NA,NA,0
"B Marine","Yuba-Sutter Freebirds",2024,84,381,337,129,21,1,9,38,2,3,65,98,0.382789317507418,0.444736842105263,0.531157270029674,0.975894112134937,0.148367952522255,0.099737532808399,0.170603674540682,0.0236220472440945,31,0.0813648293963255,0.426063157894737,0.424262617051871,0.536937901498929,104,"bmarine",0.427236315086782,0.43524699599466,0.411214953271028,0.555407209612817,0.430440587449933,0.476101468624833,0.446421895861148,45.826435246996,48.927195295072,48.857028814309,NA,NA,0
"B McConnell","Glacier Range Riders",2022,90,430,375,111,17,1,4,38,6,5,58,89,0.296,0.365566037735849,0.378666666666667,0.744232704402516,0.0826666666666667,0.0883720930232558,0.134883720930233,0.00930232558139534,22,0.0511627906976744,0.333044811320755,0.403219653620203,0.505468647871367,66,"bmcconnell",0.193591455273698,0.208277703604806,0.30173564753004,0.767690253671562,0.199465954606142,0.511415220293725,0.308648197596796,31.9679572763685,51.072804704928,39.9512389829229,NA,NA,0
"B McPherson","Billings Mustangs",2023,10,10,7,3,0,0,0,2,0,1,3,3,0.428571428571429,0.5,0.428571428571429,0.928571428571429,0,0.2,0.3,0,0,0,0.4044,0.415712620826764,0.519508091651979,103,"bmcpherson",0,0,0.966622162883845,0.0507343124165555,0,0.554472630173565,0.194065420560748,20,53.688906915433,32.5445267915898,NA,NA,0
"B Nigh","Boise Hawks",2026,24,110,79,27,5,1,5,23,4,3,20,16,0.341772151898734,0.495412844036697,0.620253164556962,1.11566600859366,0.278481012658228,0.209090909090909,0.181818181818182,0.0454545454545454,11,0.1,0.47194495412844,0.450384809487762,0.58938642643552,115,"bnigh",0.873164218958612,0.769025367156208,0.973297730307076,0.484646194926569,0.83150867823765,0.753404539385848,0.80417222963952,69.890520694259,65.7757047252079,71.9822647982135,NA,NA,0
"B Norman","Great Falls Voyagers",2021,53,175,158,55,0,0,13,17,0,0,28,42,0.348101265822785,0.411428571428571,0.594936708860759,1.00636528028933,0.246835443037975,0.0971428571428571,0.16,0.0742857142857143,13,0.0742857142857143,0.436222857142857,0.386737115479336,0.403905188465603,154,"bnorman",0.802403204272363,0.959946595460614,0.377837116154873,0.626168224299065,0.865420560747663,0.48958611481976,0.733878504672897,71.9252336448598,49.7465017237883,67.4384284281045,"Ben Norman","Chicago White Sox",1
"B O'Saben","Glacier Range Riders",2024,4,15,13,5,1,0,0,1,1,0,1,4,0.384615384615385,0.466666666666667,0.461538461538462,0.928205128205128,0.0769230769230769,0.0666666666666667,0.0666666666666667,0,1,0.0666666666666667,0.415666666666667,0.424262617051871,0.536937901498929,96,"bo'saben",0.186915887850467,0,0.138851802403204,0.963951935914553,0.11214953271028,0.510146862483311,0.251448598130841,26.7289719626168,50.9957412289596,36.2538161968564,NA,NA,0
"B Parr","Billings Mustangs",2021,41,124,118,38,0,0,2,6,0,0,20,36,0.322033898305085,0.354838709677419,0.372881355932203,0.727720065609623,0.0508474576271187,0.0483870967741935,0.161290322580645,0.0161290322580645,2,0.0161290322580645,0.32508064516129,0.386737115479336,0.403905188465603,84,"bparr",0.118825100133511,0.313751668891856,0.0707610146862483,0.612817089452603,0.196795727636849,0.314686248331108,0.23805740987984,31.8077436582109,39.1198539849929,35.3882002653808,NA,NA,0
"B Pelle","Ogden Raptors",2025,21,55,50,18,3,0,2,4,1,0,11,13,0.36,0.418181818181818,0.54,0.958181818181818,0.18,0.0727272727272727,0.2,0.0363636363636364,5,0.0909090909090909,0.418927272727273,0.430165036674817,0.545487286609522,96,"bpelle",0.543391188251001,0.651535380507343,0.180240320427236,0.381842456608812,0.586648865153538,0.270961281708945,0.476158210947931,55.1989319092123,36.4631920502941,50.779205368027,NA,NA,0
"B Perez","Rocky Mountain Vibes",2021,70,303,290,75,0,0,3,13,0,0,59,72,0.258620689655172,0.29042904290429,0.289655172413793,0.580084215318084,0.0310344827586207,0.0429042904290429,0.194719471947195,0.0099009900990099,3,0.0099009900990099,0.261415841584158,0.386737115479336,0.403905188465603,47,"bperez",0.0894526034712951,0.216288384512684,0.0627503337783712,0.412550066755674,0.14018691588785,0.220160213618158,0.168177570093458,28.411214953271,33.3765970391401,30.8711177276503,NA,NA,0
"B Perez","Rocky Mountain Vibes",2022,54,210,195,56,8,2,0,8,4,2,49,46,0.287179487179487,0.325358851674641,0.348717948717949,0.67407680039259,0.0615384615384615,0.0380952380952381,0.233333333333333,0,10,0.0476190476190476,0.29978947368421,0.403219653620203,0.505468647871367,50,"bperez",0.149532710280374,0,0.0560747663551402,0.193591455273698,0.0897196261682243,0.117957276368491,0.0996028037383178,25.3831775700935,27.1669032650578,26.4383960645976,NA,NA,0
"B Pooler","Great Falls Voyagers",2022,14,1,1,1,0,0,0,0,0,0,0,1,1,1,1,2,0,0,0,0,0,0,0.888,0.403219653620203,0.505468647871367,346,"bpooler",0,0,0,1,0,0.45,0.1575,20,47.3413100790915,30.1809120036247,NA,NA,0
"B Reyes","Colorado Springs Sky Sox",2023,3,7,6,2,0,0,0,1,0,0,2,2,0.333333333333333,0.428571428571429,0.333333333333333,0.761904761904762,0,0.142857142857143,0.285714285714286,0,0,0,0.352285714285714,0.415712620826764,0.519508091651979,67,"breyes",0,0,0.773030707610147,0.0640854472630173,0,0.454005340453939,0.158901869158879,20,47.5846684242547,30.2715298229716,NA,NA,0
"B Riley","Missoula PaddleHeads",2021,81,372,323,105,0,0,5,49,0,0,58,100,0.325077399380805,0.413978494623656,0.371517027863777,0.785495522487433,0.0464396284829722,0.131720430107527,0.155913978494624,0.0134408602150538,5,0.0134408602150538,0.357836021505376,0.386737115479336,0.403905188465603,99,"briley",0.109479305740988,0.271028037383178,0.696929238985314,0.646194926568758,0.174098798397864,0.674098798397864,0.349098798397864,30.4459279038718,60.9572094909755,42.5659945845065,NA,NA,0
"B Riley","Missoula PaddleHeads",2022,75,368,321,104,21,3,14,42,1,4,64,66,0.32398753894081,0.39945652173913,0.538940809968847,0.938397331707978,0.214953271028037,0.114130434782609,0.173913043478261,0.0380434782608696,38,0.103260869565217,0.40560597826087,0.403219653620203,0.505468647871367,106,"briley",0.692923898531375,0.678237650200267,0.548731642189586,0.527369826435247,0.687049399198932,0.539118825100134,0.635273698264353,61.2229639519359,52.7560332589738,61.0645436206134,NA,NA,0
"B Roberts","Colorado Springs Sky Sox",2025,67,317,287,109,22,2,20,27,0,3,41,65,0.379790940766551,0.429022082018927,0.679442508710801,1.10846459072973,0.299651567944251,0.0851735015772871,0.129337539432177,0.0630914826498423,44,0.138801261829653,0.47181072555205,0.430165036674817,0.545487286609522,124,"broberts",0.909212283044059,0.925233644859813,0.268357810413885,0.791722296395194,0.91562082777036,0.503871829105474,0.77150867823765,74.9372496662216,50.6144798215372,69.8708696074306,NA,NA,0
"B Rosengard","Idaho Falls Chukars",2024,31,123,104,35,6,1,0,13,4,0,32,28,0.336538461538462,0.429752066115702,0.413461538461538,0.843213604577241,0.0769230769230769,0.105691056910569,0.260162601626016,0,7,0.056910569105691,0.379867768595041,0.424262617051871,0.536937901498929,78,"brosengard",0.185580774365821,0,0.472630173564753,0.109479305740988,0.111348464619493,0.309212283044059,0.180600801068091,26.6809078771696,38.7872642466031,31.6741642124341,NA,NA,0
"B Rosengard","Idaho Falls Chukars",2025,66,284,229,106,16,6,10,49,3,2,43,74,0.462882096069869,0.558303886925795,0.716157205240175,1.27446109216597,0.253275109170306,0.172535211267606,0.151408450704225,0.0352112676056338,32,0.112676056338028,0.539681978798586,0.430165036674817,0.545487286609522,161,"brosengard",0.82109479305741,0.632843791722296,0.919893190921228,0.679572763684913,0.745794392523365,0.811748998664887,0.768878504672897,64.7476635514019,69.3206246197526,69.7008533177988,NA,NA,0
"B Rosengard","Long Beach Coast",2026,36,155,122,48,10,4,3,23,4,2,14,31,0.39344262295082,0.496688741721854,0.614754098360656,1.11144284008251,0.221311475409836,0.148387096774194,0.0903225806451613,0.0193548387096774,17,0.109677419354839,0.475251655629139,0.450384809487762,0.58938642643552,115,"brosengard",0.72630173564753,0.38584779706275,0.806408544726302,0.934579439252336,0.590120160213618,0.864085447263017,0.686008010680908,55.4072096128171,72.5005069965524,64.3440456541204,NA,NA,0
"B Ryan","Billings Mustangs",2023,34,137,116,48,8,0,4,14,4,1,11,36,0.413793103448276,0.488888888888889,0.586206896551724,1.07509578544061,0.172413793103448,0.102189781021898,0.0802919708029197,0.0291970802919708,12,0.0875912408759124,0.467318518518518,0.415712620826764,0.519508091651979,130,"bryan",0.514018691588785,0.524699599465955,0.43524699599466,0.949265687583445,0.518291054739653,0.666555407209613,0.570183578104139,51.0974632843792,60.4988846075847,56.8570719656515,NA,NA,0
"B Ryan","Billings Mustangs",2024,87,411,332,110,20,6,11,55,21,2,58,73,0.331325301204819,0.453658536585366,0.52710843373494,0.980766970320306,0.19578313253012,0.1338199513382,0.141119221411192,0.0267639902676399,37,0.0900243309002433,0.429665853658537,0.424262617051871,0.536937901498929,105,"bryan",0.61415220293725,0.489986648865154,0.708945260347129,0.731642189586115,0.564485981308411,0.719158878504673,0.618621495327103,53.8691588785047,63.6949908740621,59.9881333807998,NA,NA,0
"B Skinner","Yuba-Sutter Freebirds",2024,90,416,363,108,18,2,8,44,5,2,74,80,0.297520661157025,0.379227053140097,0.424242424242424,0.803469477382521,0.126721763085399,0.105769230769231,0.177884615384615,0.0192307692307692,28,0.0673076923076923,0.357314009661836,0.424262617051871,0.536937901498929,68,"bskinner",0.343124165554072,0.380507343124166,0.473965287049399,0.503337783711616,0.358077436582109,0.487182910547397,0.40326435246996,41.4846461949266,49.6004867166903,46.0672945187007,NA,NA,0
"B Smith","Boise Hawks",2021,46,175,154,35,0,0,8,21,0,0,33,27,0.227272727272727,0.32,0.383116883116883,0.703116883116883,0.155844155844156,0.12,0.188571428571429,0.0457142857142857,8,0.0457142857142857,0.315851428571429,0.386737115479336,0.403905188465603,78,"bsmith",0.447263017356475,0.778371161548732,0.599465954606141,0.444592790387183,0.579706275033378,0.52977303070761,0.562229639519359,54.7823765020027,52.1881971202596,56.3429237192142,NA,NA,0
"B Trammell","Colorado Springs Sky Sox",2024,5,18,13,5,2,0,0,5,0,0,5,3,0.384615384615385,0.555555555555556,0.538461538461538,1.09401709401709,0.153846153846154,0.277777777777778,0.277777777777778,0,2,0.111111111111111,0.480888888888889,0.424262617051871,0.536937901498929,131,"btrammell",0.440587449933244,0,0.997329773030708,0.0707610146862483,0.264352469959947,0.580373831775701,0.374959946595461,35.8611481975968,55.2626242141553,44.2376775947442,NA,NA,0
"B Trammell","Glacier Range Riders",2022,12,48,44,17,2,1,2,3,1,0,13,12,0.386363636363636,0.4375,0.613636363636364,1.05113636363636,0.227272727272727,0.0625,0.270833333333333,0.0416666666666667,5,0.104166666666667,0.454333333333333,0.403219653620203,0.505468647871367,130,"btrammell",0.739652870493992,0.723631508678238,0.125500667556742,0.0827770360480641,0.73324432576769,0.106275033377837,0.513805073431242,63.9946595460614,26.457108091665,53.2127253309169,NA,NA,0
"B Trammell","Rocky Mountain Vibes",2023,11,36,29,9,1,0,3,5,2,0,11,5,0.310344827586207,0.444444444444444,0.655172413793103,1.09961685823755,0.344827586206897,0.138888888888889,0.305555555555556,0.0833333333333333,4,0.111111111111111,0.469666666666667,0.415712620826764,0.519508091651979,133,"btrammell",0.957276368491322,0.975967957276369,0.747663551401869,0.0467289719626168,0.96475300400534,0.432242990654206,0.778374499332443,77.8851802403204,46.2624214155344,70.3146811655178,NA,NA,0
"B Vradenburg","Glacier Range Riders",2026,55,267,214,75,14,2,11,51,1,1,33,48,0.350467289719626,0.47565543071161,0.588785046728972,1.06444047744058,0.238317757009346,0.191011235955056,0.123595505617978,0.0411985018726592,27,0.101123595505618,0.459449438202247,0.450384809487762,0.58938642643552,106,"bvradenburg",0.775700934579439,0.718291054739653,0.955941255006676,0.817089452603471,0.752736982643525,0.893457943925234,0.801989319092123,65.1642189586115,74.285134861083,71.8411599080876,NA,NA,0
"B Watkins","Great Falls Voyagers",2025,26,121,99,36,7,0,4,15,4,2,26,25,0.363636363636364,0.458333333333333,0.555555555555556,1.01388888888889,0.191919191919192,0.12396694214876,0.214876033057851,0.0330578512396694,11,0.0909090909090909,0.439491666666667,0.430165036674817,0.545487286609522,108,"bwatkins",0.596795727636849,0.591455273698264,0.628838451268358,0.296395193591455,0.594659546061415,0.479238985313752,0.554262349799733,55.6795727636849,49.1178259987832,55.827912445926,NA,NA,0
"B West","Idaho Falls Chukars",2021,36,123,112,37,0,0,6,11,0,0,36,31,0.330357142857143,0.390243902439024,0.491071428571429,0.881315331010453,0.160714285714286,0.0894308943089431,0.292682926829268,0.0487804878048781,6,0.0487804878048781,0.388,0.386737115479336,0.403905188465603,122,"bwest",0.473965287049399,0.819759679572764,0.308411214953271,0.0574098798397864,0.612283044058745,0.195460614152203,0.466395193591455,56.7369826435247,31.8758872439667,50.1481169832896,NA,NA,0
"B Wilhoite","Great Falls Voyagers",2026,52,262,215,83,15,3,2,30,8,6,29,63,0.386046511627907,0.467181467181467,0.511627906976744,0.978809374158211,0.125581395348837,0.114503816793893,0.110687022900763,0.00763358778625954,20,0.0763358778625954,0.426776061776062,0.450384809487762,0.58938642643552,91,"bwilhoite",0.341789052069426,0.190921228304406,0.555407209612817,0.86648865153538,0.281441922563418,0.695393858477971,0.426325100133511,36.8865153538051,62.2510646927601,47.5579576469573,NA,NA,0
"B Williams","Glacier Range Riders",2022,12,26,22,7,1,0,0,3,1,0,3,6,0.318181818181818,0.423076923076923,0.363636363636364,0.786713286713287,0.0454545454545455,0.115384615384615,0.115384615384615,0,1,0.0384615384615385,0.361192307692308,0.403219653620203,0.505468647871367,77,"bwilliams",0.105473965287049,0,0.562082777036048,0.855807743658211,0.0632843791722296,0.694259012016021,0.284125500667557,23.7970627503338,62.1821131616305,38.3660744144902,NA,NA,0
"B Wright","Billings Mustangs",2026,68,266,216,68,9,11,10,36,5,4,67,38,0.314814814814815,0.417624521072797,0.597222222222222,1.01484674329502,0.282407407407407,0.135338345864662,0.25187969924812,0.037593984962406,30,0.112781954887218,0.430724137931034,0.450384809487762,0.58938642643552,94,"bwright",0.879839786381842,0.67022696929239,0.714285714285714,0.12283044058745,0.795994659546061,0.448130841121495,0.674242323097463,67.7596795727637,47.2277428513486,63.5835032417446,NA,NA,0
"C Almanza","Oakland Ballers",2025,91,406,352,111,22,2,31,43,6,5,68,56,0.315340909090909,0.394088669950739,0.653409090909091,1.04749776085983,0.338068181818182,0.105911330049261,0.167487684729064,0.0763546798029557,55,0.135467980295567,0.443485221674877,0.430165036674817,0.545487286609522,111,"calmanza",0.954606141522029,0.96128170894526,0.475300400534045,0.568758344459279,0.957276368491322,0.517356475300401,0.803304405874499,77.4365821094793,51.4337862502535,71.9261680529035,NA,NA,0
"C Bagnieski","Ogden Raptors",2024,73,322,276,100,16,2,6,36,1,4,35,76,0.36231884057971,0.43217665615142,0.5,0.93217665615142,0.13768115942029,0.111801242236025,0.108695652173913,0.0186335403726708,24,0.0745341614906832,0.407646687697161,0.424262617051871,0.536937901498929,95,"cbagnieski",0.381842456608812,0.371161548731642,0.528704939919893,0.873164218958612,0.377570093457944,0.683711615487317,0.484719626168224,42.6542056074766,61.5412695193673,51.3326213361813,NA,NA,0
"C Bagnieski","Ogden Raptors",2025,84,424,339,120,18,0,23,68,8,8,52,79,0.353982300884956,0.463356973995272,0.610619469026549,1.07397644302182,0.256637168141593,0.160377358490566,0.122641509433962,0.0542452830188679,41,0.0966981132075472,0.458744680851064,0.430165036674817,0.545487286609522,120,"cbagnieski",0.830440587449933,0.863818424566088,0.869158878504673,0.822429906542056,0.843791722296395,0.848130841121495,0.84531041388518,70.6275033377837,71.5311295883188,74.6414662826197,NA,NA,0
"C Bess","Long Beach Coast",2026,88,411,359,114,24,0,27,38,6,8,69,63,0.317548746518106,0.384428223844282,0.610027855153203,0.994456078997486,0.292479108635098,0.0924574209245742,0.167883211678832,0.0656934306569343,51,0.124087591240876,0.422693430656934,0.450384809487762,0.58938642643552,89,"cbess",0.894526034712951,0.934579439252336,0.333778371161549,0.566088117489987,0.910547396528705,0.438317757009346,0.745267022696929,74.6328437917223,46.6315149056986,68.1745903319417,NA,NA,0
"C Bocchino","Great Falls Voyagers",2023,17,63,50,15,2,1,1,10,3,0,20,11,0.3,0.444444444444444,0.44,0.884444444444444,0.14,0.158730158730159,0.317460317460317,0.0158730158730159,4,0.0634920634920635,0.398301587301587,0.415712620826764,0.519508091651979,92,"cbocchino",0.39652870493992,0.311081441922563,0.855807743658211,0.0413885180240321,0.362349799732977,0.48931909212283,0.406789052069426,41.7409879839786,49.7302778341107,46.2951336073444,NA,NA,0
"C Booth","Rocky Mountain Vibes",2025,90,449,381,127,13,6,8,44,18,5,97,100,0.333333333333333,0.421875,0.461942257217848,0.883817257217848,0.128608923884514,0.0979955456570156,0.216035634743875,0.0178173719376392,27,0.0601336302895323,0.391033482142857,0.430165036674817,0.545487286609522,83,"cbooth",0.355140186915888,0.349799732977303,0.388518024032043,0.288384512683578,0.353004005340454,0.343457943925234,0.349662883845127,41.1802403204272,40.8679780977489,42.602457468958,NA,NA,0
"C Bowen","Billings Mustangs",2025,93,423,393,135,24,3,10,17,7,4,68,98,0.343511450381679,0.377672209026128,0.49618320610687,0.873855415132998,0.152671755725191,0.0401891252955083,0.160756501182033,0.0236406619385343,37,0.0874704491725768,0.380451306413302,0.430165036674817,0.545487286609522,79,"cbowen",0.437917222963952,0.437917222963952,0.0574098798397864,0.620827770360481,0.437917222963952,0.310947930574099,0.393477970627503,46.2750333778371,38.8927195295072,45.4346958369742,NA,NA,0
"C Bowen","Billings Mustangs",2026,92,493,433,146,36,2,21,44,10,6,78,87,0.337182448036952,0.405679513184584,0.575057736720554,0.980737249905138,0.237875288683603,0.0892494929006085,0.158215010141988,0.0425963488843813,59,0.119675456389452,0.421795131845842,0.450384809487762,0.58938642643552,88,"cbowen",0.771695594125501,0.7369826435247,0.307076101468625,0.636849132176235,0.75781041388518,0.455473965287049,0.651992656875835,65.4686248331108,47.6738998174812,62.1452689946816,NA,NA,0
"C Bufford","Oakland Ballers",2025,88,387,347,121,19,2,21,30,5,5,89,79,0.348703170028818,0.403100775193798,0.596541786743516,0.999642561937314,0.247838616714697,0.0775193798449612,0.229974160206718,0.0542635658914729,42,0.108527131782946,0.428847545219638,0.430165036674817,0.545487286609522,103,"cbufford",0.807743658210948,0.865153538050734,0.213618157543391,0.214953271028037,0.830707610146862,0.214218958611482,0.614936582109479,69.8424566088117,33.0156154938146,59.7499379699451,NA,NA,0
"C Caffrey","Ogden Raptors",2021,36,60,53,16,0,0,1,7,0,0,12,15,0.30188679245283,0.383333333333333,0.358490566037736,0.741823899371069,0.0566037735849056,0.116666666666667,0.2,0.0166666666666667,1,0.0166666666666667,0.337516666666667,0.386737115479336,0.403905188465603,88,"ccaffrey",0.137516688918558,0.328437917222964,0.572763684913218,0.381842456608812,0.21388518024032,0.486849132176235,0.309422563417891,32.8331108144192,49.5802068545934,40.0012945402764,NA,NA,0
"C Campbell","Boise Hawks",2026,28,143,124,48,4,3,1,10,5,2,17,40,0.387096774193548,0.446808510638298,0.491935483870968,0.938743994509266,0.104838709677419,0.0699300699300699,0.118881118881119,0.00699300699300699,8,0.0559440559440559,0.411794326241135,0.450384809487762,0.58938642643552,83,"ccampbell",0.264352469959947,0.181575433911883,0.169559412550067,0.841121495327103,0.231241655540721,0.471762349799733,0.315423898531375,33.8744993324433,48.6635570878118,40.3892251097662,NA,NA,0
"C Castaneda","Grand Junction Jackalopes",2025,74,326,279,96,18,0,11,36,5,5,68,67,0.344086021505376,0.421538461538462,0.526881720430108,0.948420181968569,0.182795698924731,0.110429447852761,0.208588957055215,0.0337423312883436,29,0.0889570552147239,0.412107692307692,0.430165036674817,0.545487286609522,95,"ccastaneda",0.554072096128171,0.600801068090788,0.515353805073431,0.337783711615487,0.572763684913218,0.435447263017356,0.524702937249666,54.3658210947931,46.457108091665,53.9171709979827,NA,NA,0
"C Castillo","Glacier Range Riders",2024,81,376,324,114,36,0,11,35,9,6,66,67,0.351851851851852,0.422459893048128,0.564814814814815,0.987274707862943,0.212962962962963,0.0930851063829787,0.175531914893617,0.0292553191489362,47,0.125,0.425163101604278,0.424262617051871,0.536937901498929,105,"ccastillo",0.683578104138852,0.527369826435247,0.339118825100134,0.516688918558077,0.62109479305741,0.419025367156208,0.550370493991989,57.2656875834446,45.4593388764956,55.5763401188819,NA,NA,0
"C Chatham","Great Falls Voyagers",2024,20,61,49,15,0,0,0,11,0,1,19,15,0.306122448979592,0.426229508196721,0.306122448979592,0.732351957176313,0,0.180327868852459,0.311475409836066,0,0,0,0.342786885245902,0.424262617051871,0.536937901498929,57,"cchatham",0,0,0.931909212283044,0.0427236315086782,0,0.531775700934579,0.186121495327103,20,52.3098762928412,32.0310258152907,NA,NA,0
"C Comer","Billings Mustangs",2021,53,199,176,44,0,0,6,23,0,0,44,38,0.25,0.336683417085427,0.352272727272727,0.688956144358154,0.102272727272727,0.115577889447236,0.221105527638191,0.0301507537688442,6,0.0301507537688442,0.312663316582915,0.386737115479336,0.403905188465603,74,"ccomer",0.253671562082777,0.546061415220294,0.567423230974633,0.259012016021362,0.370627503337784,0.428638184245661,0.390931241655541,42.237650200267,46.0433989048874,45.2700734651607,NA,NA,0
"C Corliss","Idaho Falls Chukars",2024,21,61,51,15,3,0,0,8,1,0,13,12,0.294117647058824,0.4,0.352941176470588,0.752941176470588,0.0588235294117647,0.131147540983607,0.213114754098361,0,3,0.0491803278688525,0.345183333333333,0.424262617051871,0.536937901498929,60,"ccorliss",0.144192256341789,0,0.692923898531375,0.31241655540721,0.0865153538050734,0.521695594125501,0.238828437917223,25.1909212283044,51.6974244575137,35.4380400660215,NA,NA,0
"C Crader","Grand Junction Jackalopes",2021,15,27,24,7,0,0,2,3,0,0,8,5,0.291666666666667,0.37037037037037,0.541666666666667,0.912037037037037,0.25,0.111111111111111,0.296296296296296,0.0740740740740741,2,0.0740740740740741,0.396740740740741,0.386737115479336,0.403905188465603,130,"ccrader",0.809078771695594,0.958611481975968,0.51935914552737,0.0534045393858478,0.868891855807744,0.309679572763685,0.673167556742323,72.1335113484646,38.8156560535388,63.5140295802453,NA,NA,0
"C Dayton","Boise Hawks",2025,37,24,18,6,2,0,1,3,3,0,3,3,0.333333333333333,0.5,0.611111111111111,1.11111111111111,0.277777777777778,0.125,0.125,0.0416666666666667,3,0.125,0.480958333333333,0.430165036674817,0.545487286609522,128,"cdayton",0.871829105473965,0.723631508678238,0.630173564753004,0.811748998664886,0.812550066755674,0.711882510013351,0.777316421895861,68.7530040053404,63.2528898803488,70.2462862875821,NA,NA,0
"C Dayton","Boise Hawks",2026,20,47,43,16,3,0,3,4,0,0,6,10,0.372093023255814,0.425531914893617,0.651162790697674,1.07669470559129,0.279069767441861,0.0851063829787234,0.127659574468085,0.0638297872340425,6,0.127659574468085,0.462893617021277,0.450384809487762,0.58938642643552,105,"cdayton",0.875834445927904,0.929238985313752,0.264352469959947,0.805073431241656,0.897196261682243,0.507676902536716,0.760864485981308,73.8317757009346,50.8456702494423,69.1828214505324,NA,NA,0
"C De Guzman","Great Falls Voyagers",2023,16,66,59,26,3,1,0,6,0,1,13,22,0.440677966101695,0.484848484848485,0.525423728813559,1.01027221366204,0.0847457627118645,0.0909090909090909,0.196969696969697,0,4,0.0606060606060606,0.440984848484848,0.415712620826764,0.519508091651979,118,"cguzman",0.197596795727637,0,0.317757009345794,0.399198931909212,0.118558077436582,0.354405874499332,0.201104806408545,27.1134846461949,41.5331575745285,32.9995576987389,"Cristopher De Guzman","Chicago White Sox",1
"C Dean","Missoula PaddleHeads",2026,20,82,72,26,6,1,4,8,0,2,12,15,0.361111111111111,0.414634146341463,0.638888888888889,1.05352303523035,0.277777777777778,0.0975609756097561,0.146341463414634,0.0487804878048781,11,0.134146341463415,0.444951219512195,0.450384809487762,0.58938642643552,100,"cdean",0.870493991989319,0.819759679572764,0.384512683578104,0.706275033377837,0.850200267022697,0.529305740987984,0.737887182910547,71.0120160213618,52.1598053133239,67.6975522400941,NA,NA,0
"C Denning","Billings Mustangs",2023,79,353,292,98,14,3,16,49,8,3,51,65,0.335616438356164,0.440340909090909,0.568493150684932,1.00883405977584,0.232876712328767,0.138810198300283,0.144475920679887,0.0453257790368272,33,0.0934844192634561,0.436261363636364,0.415712620826764,0.519508091651979,115,"cdenning",0.761014686248331,0.766355140186916,0.746328437917223,0.716955941255007,0.763150867823765,0.733110814419226,0.752636849132176,65.7890520694259,64.542689109714,68.6509811536511,NA,NA,0
"C Denning","Billings Mustangs",2024,55,249,204,65,10,0,9,35,7,3,49,46,0.318627450980392,0.429718875502008,0.5,0.929718875502008,0.181372549019608,0.140562248995984,0.196787148594378,0.036144578313253,19,0.0763052208835341,0.408317269076305,0.424262617051871,0.536937901498929,94,"cdenning",0.548731642189586,0.647530040053405,0.757009345794392,0.403204272363151,0.588251001335113,0.597797062750334,0.591592122830441,55.2950600801068,56.3212330156155,58.2409355211064,NA,NA,0
"C Dunn","Glacier Range Riders",2022,44,178,166,58,12,1,3,10,0,0,22,42,0.349397590361446,0.386363636363636,0.487951807228916,0.874315443592552,0.13855421686747,0.0561797752808989,0.123595505617978,0.0168539325842697,16,0.0898876404494382,0.382767045454545,0.403219653620203,0.505468647871367,92,"cdunn",0.387182910547397,0.332443257676903,0.096128170894526,0.817089452603471,0.365287049399199,0.420560747663551,0.384632843791722,41.9172229639519,45.5526262421416,44.8629405482378,NA,NA,0
"C Dunn Jr.","Rocky Mountain Vibes",2023,45,187,168,55,17,0,6,14,1,4,46,32,0.327380952380952,0.374331550802139,0.535714285714286,0.910045836516425,0.208333333333333,0.0748663101604278,0.245989304812834,0.0320855614973262,23,0.122994652406417,0.390433155080214,0.415712620826764,0.519508091651979,93,"c.",0.65954606141522,0.570093457943925,0.197596795727637,0.145527369826435,0.623765020026702,0.174165554072096,0.46640520694259,57.4259012016021,30.5820320421821,50.1487642534278,NA,NA,0
"C Estrada","Idaho Falls Chukars",2021,25,34,33,15,0,0,2,1,0,0,9,13,0.454545454545455,0.470588235294118,0.636363636363636,1.10695187165775,0.181818181818182,0.0294117647058823,0.264705882352941,0.0588235294117647,2,0.0588235294117647,0.483411764705882,0.386737115479336,0.403905188465603,179,"cestrada",0.551401869158878,0.895861148197597,0.0493991989319092,0.0961281708945261,0.689185580774366,0.0704272363150868,0.472620160213618,61.351134846462,24.2790509024539,50.5505032525325,NA,NA,0
"C Estrada","Idaho Falls Chukars",2022,55,249,208,89,23,0,13,37,1,3,28,53,0.427884615384615,0.51004016064257,0.725961538461538,1.23600169910411,0.298076923076923,0.14859437751004,0.112449799196787,0.0522088353413655,36,0.144578313253012,0.521534136546185,0.403219653620203,0.505468647871367,170,"cestrada",0.90520694259012,0.850467289719626,0.81041388518024,0.861148197596796,0.883311081441922,0.83324432576769,0.865787716955941,72.9986648865153,70.6266477387954,75.9651337152227,NA,NA,0
"C Eusay","Missoula PaddleHeads",2021,33,69,53,14,0,0,2,16,0,0,16,12,0.264150943396226,0.434782608695652,0.377358490566038,0.81214109926169,0.113207547169811,0.231884057971014,0.231884057971014,0.0289855072463768,2,0.0289855072463768,0.375333333333333,0.386737115479336,0.403905188465603,106,"ceusay",0.288384512683578,0.520694259012016,0.987983978638184,0.200267022696929,0.381308411214953,0.63351134846462,0.469579439252336,42.8785046728972,58.4911782599878,50.3539488872348,NA,NA,0
"C Farmer","Grand Junction Jackalopes",2022,37,169,138,42,10,0,5,28,1,2,36,27,0.304347826086957,0.420118343195266,0.485507246376812,0.905625589572078,0.181159420289855,0.165680473372781,0.21301775147929,0.029585798816568,15,0.0887573964497041,0.397828402366864,0.403219653620203,0.505468647871367,100,"cfarmer",0.54739652870494,0.539385847797063,0.890520694259012,0.315086782376502,0.544192256341789,0.631575433911883,0.574776368491322,52.6515353805073,58.3735550598256,57.153953202369,NA,NA,0
"C Fellows","Modesto Roadsters",2026,32,140,109,43,7,1,6,26,3,2,20,29,0.394495412844037,0.514285714285714,0.642201834862385,1.1564875491481,0.247706422018349,0.185714285714286,0.142857142857143,0.0428571428571429,14,0.1,0.492692857142857,0.450384809487762,0.58938642643552,123,"cfellows",0.805073431241656,0.739652870493992,0.94392523364486,0.727636849132176,0.77890520694259,0.846595460614152,0.802596795727637,66.7343124165554,71.4378422226729,71.8804276298046,NA,NA,0
"C Gallardo","Rocky Mountain Vibes",2021,58,194,166,37,0,0,1,28,0,0,43,36,0.22289156626506,0.335051546391753,0.240963855421687,0.576015401813439,0.0180722891566265,0.144329896907216,0.221649484536082,0.00515463917525773,1,0.00515463917525773,0.275201030927835,0.386737115479336,0.403905188465603,46,"cgallardo",0.0787716955941255,0.166889185580774,0.785046728971963,0.255006675567423,0.114018691588785,0.54652870493992,0.265397196261682,26.8411214953271,53.2062461975259,37.1554634993581,NA,NA,0
"C Garner","Glacier Range Riders",2026,90,432,351,112,22,1,15,73,1,5,94,74,0.319088319088319,0.432558139534884,0.515669515669516,0.948227655204399,0.196581196581197,0.168981481481481,0.217592592592593,0.0347222222222222,38,0.087962962962963,0.413713953488372,0.450384809487762,0.58938642643552,84,"cgarner",0.616822429906542,0.622162883845127,0.907877169559413,0.284379172229639,0.618958611481976,0.627303070761015,0.62187917222964,57.1375166889186,58.1139728249848,60.198711932425,NA,NA,0
"C Gordon","Missoula PaddleHeads",2023,85,362,313,91,14,5,13,38,10,0,87,59,0.29073482428115,0.385041551246537,0.492012779552716,0.877054330799253,0.201277955271566,0.104972375690608,0.240331491712707,0.0359116022099447,32,0.0883977900552486,0.385094182825485,0.415712620826764,0.519508091651979,87,"cgordon",0.638184245660881,0.644859813084112,0.465954606141522,0.164218958611482,0.640854472630173,0.330173564753004,0.532116154873164,58.4512683578104,40.0608395862908,54.3963666569576,NA,NA,0
"C Gordon","Missoula PaddleHeads",2024,71,323,260,82,15,1,11,54,8,1,74,55,0.315384615384615,0.445820433436532,0.507692307692308,0.95351274112884,0.192307692307692,0.1671826625387,0.229102167182663,0.0340557275541796,27,0.0835913312693498,0.420024767801858,0.424262617051871,0.536937901498929,100,"cgordon",0.599465954606141,0.607476635514019,0.901201602136182,0.218958611481976,0.602670226969292,0.594192256341789,0.599702937249666,56.1602136181575,56.1022105049686,58.7652243330421,NA,NA,0
"C Gordon","Missoula PaddleHeads",2025,91,431,358,110,26,1,12,67,3,3,84,71,0.307262569832402,0.417633410672854,0.486033519553073,0.903666930225926,0.17877094972067,0.155452436194896,0.194895591647332,0.0278422273781903,39,0.0904872389791183,0.397489559164733,0.430165036674817,0.545487286609522,86,"cgordon",0.535380507343124,0.503337783711616,0.843791722296395,0.411214953271028,0.522563417890521,0.64913217623498,0.566862483311081,51.3538050734312,59.4402758061245,56.6423940364845,NA,NA,0
"C Grant-Debose","Great Falls Voyagers",2022,15,1,1,1,0,0,0,0,0,0,0,1,1,1,1,2,0,0,0,0,0,0,0.888,0.403219653620203,0.505468647871367,346,"cgrant-debose",0,0,0,1,0,0.45,0.1575,20,47.3413100790915,30.1809120036247,NA,NA,0
"C Green","Great Falls Voyagers",2024,35,134,117,40,5,3,0,11,2,3,31,32,0.341880341880342,0.398496240601504,0.435897435897436,0.83439367649894,0.094017094017094,0.082089552238806,0.23134328358209,0,8,0.0597014925373134,0.365812030075188,0.424262617051871,0.536937901498929,75,"cgreen",0.220293724966622,0,0.238985313751669,0.204272363150868,0.132176234979973,0.223364485981308,0.164092122830441,27.9305740987984,33.5712837152707,30.6070315112679,NA,NA,0
"C Hall","Ogden Raptors",2025,59,268,222,72,10,1,17,43,1,1,59,44,0.324324324324324,0.434456928838951,0.608108108108108,1.04256503694706,0.283783783783784,0.16044776119403,0.220149253731343,0.0634328358208955,28,0.104477611940299,0.447591760299625,0.430165036674817,0.545487286609522,112,"chall",0.882510013351135,0.927903871829105,0.870493991989319,0.265687583444593,0.900667556742323,0.598331108144192,0.794849799732977,74.0400534045394,56.3536807949706,71.3796562995566,NA,NA,0
"C Halvorson","Grand Junction Jackalopes",2024,67,274,237,74,16,3,12,28,5,4,36,43,0.312236286919831,0.39051094890511,0.556962025316456,0.947472974221565,0.244725738396624,0.102189781021898,0.131386861313869,0.0437956204379562,31,0.113138686131387,0.406970802919708,0.424262617051871,0.536937901498929,96,"chalvorson",0.791722296395194,0.751668891855808,0.43524699599466,0.786381842456609,0.775700934579439,0.593257676902537,0.711845794392523,66.5420560747664,56.0454268910971,66.014218367369,NA,NA,0
"C Halvorson","Grand Junction Jackalopes",2025,44,200,167,64,11,1,5,16,12,5,15,47,0.383233532934132,0.46,0.550898203592814,1.01089820359281,0.167664670658683,0.08,0.075,0.025,17,0.085,0.43771,0.430165036674817,0.545487286609522,108,"chalvorson",0.500667556742323,0.461949265687583,0.226969292389853,0.958611481975968,0.485180240320427,0.556208277703605,0.510040053404539,49.1108144192256,53.7943621983371,52.9693517589566,NA,NA,0
"C Hanson","Billings Mustangs",2025,64,164,140,43,7,0,2,20,2,1,26,34,0.307142857142857,0.398773006134969,0.4,0.798773006134969,0.0928571428571429,0.121951219512195,0.158536585365854,0.0121951219512195,9,0.0548780487804878,0.359110429447853,0.430165036674817,0.545487286609522,66,"chanson",0.21762349799733,0.246995994659546,0.622162883845127,0.63150867823765,0.229372496662216,0.626368491321762,0.368321094793057,33.762349799733,58.0571892111134,43.8085374931228,NA,NA,0
"C Hext","Yuba-Sutter Freebirds",2025,88,392,343,107,18,2,16,36,7,3,71,71,0.311953352769679,0.38560411311054,0.516034985422741,0.90163909853328,0.204081632653061,0.0918367346938776,0.181122448979592,0.0408163265306122,36,0.0918367346938776,0.392462724935733,0.430165036674817,0.545487286609522,84,"chext",0.647530040053405,0.710280373831776,0.328437917222964,0.485981308411215,0.672630173564753,0.399332443257677,0.576975967957276,60.3578104138852,44.2628270127763,57.2961368760586,NA,NA,0
"C Hext","Yuba-Sutter Freebirds",2026,41,201,172,59,16,2,8,23,1,5,40,33,0.343023255813953,0.412935323383085,0.598837209302326,1.01177253268541,0.255813953488372,0.114427860696517,0.199004975124378,0.0398009950248756,26,0.129353233830846,0.429213930348259,0.450384809487762,0.58938642643552,93,"chext",0.825100133511348,0.696929238985314,0.554072096128171,0.38584779706275,0.773831775700935,0.478371161548732,0.670420560747664,66.4299065420561,49.0650983573312,63.3364618056679,NA,NA,0
"C Horner","Boise Hawks",2025,15,60,44,15,4,0,1,11,3,1,5,10,0.340909090909091,0.491525423728814,0.5,0.991525423728814,0.159090909090909,0.183333333333333,0.0833333333333333,0.0166666666666667,5,0.0833333333333333,0.43764406779661,0.430165036674817,0.545487286609522,106,"chorner",0.465954606141522,0.328437917222964,0.938584779706275,0.945260347129506,0.410947930574099,0.941588785046729,0.596672229639519,44.6568758344459,77.2094909754614,58.5693172378826,"Coleton Horner","Arizona Diamondbacks",1
"C Horner","Ogden Raptors",2023,56,209,184,52,15,1,1,16,5,3,27,35,0.282608695652174,0.350961538461538,0.391304347826087,0.742265886287625,0.108695652173913,0.076555023923445,0.129186602870813,0.00478468899521531,17,0.0813397129186603,0.329384615384615,0.415712620826764,0.519508091651979,60,"chorner",0.268357810413885,0.16154873164219,0.208277703604806,0.794392523364486,0.225634178905207,0.472029372496662,0.311872496662216,33.5380507343124,48.6797809774894,40.1596599674207,"Coleton Horner","Arizona Diamondbacks",1
"C Hornung","Glacier Range Riders",2026,77,334,269,91,25,2,11,49,7,7,61,53,0.338289962825279,0.442771084337349,0.568773234200744,1.01154431853809,0.230483271375465,0.146706586826347,0.182634730538922,0.0329341317365269,38,0.11377245508982,0.433873493975904,0.450384809487762,0.58938642643552,95,"chornung",0.751668891855808,0.587449933244326,0.798397863818425,0.476635514018692,0.685981308411215,0.653604806408545,0.67464953271028,61.1588785046729,59.7120259582235,63.6098255606978,NA,NA,0
"C Jordan","Ogden Raptors",2024,68,314,258,83,9,3,8,31,14,4,43,63,0.321705426356589,0.416938110749186,0.472868217054264,0.889806327803449,0.151162790697674,0.0987261146496815,0.136942675159236,0.0254777070063694,20,0.0636942675159236,0.392628664495114,0.424262617051871,0.536937901498929,86,"cjordan",0.43524699599466,0.475300400534045,0.39652870493992,0.747663551401869,0.451268357810414,0.554539385847797,0.487413217623498,47.0761014686248,53.6929628878524,51.506737003355,NA,NA,0
"C Jordan","Ogden Raptors",2025,91,437,373,129,23,3,12,45,11,6,42,91,0.345844504021448,0.425287356321839,0.520107238605898,0.945394594927737,0.17426273458445,0.102974828375286,0.0961098398169336,0.0274599542334096,38,0.0869565217391304,0.411708045977011,0.430165036674817,0.545487286609522,94,"cjordan",0.51935914552737,0.497997329773031,0.449933244325768,0.918558077436582,0.510814419225634,0.660814419225634,0.563314419225634,50.6488651535381,60.1500709795173,56.4130446508517,NA,NA,0
"C Jordan","Ogden Raptors",2026,93,451,381,123,22,1,23,49,8,8,60,77,0.322834645669291,0.403587443946188,0.566929133858268,0.970516577804456,0.244094488188976,0.108647450110865,0.133037694013304,0.0509977827050998,46,0.1019955654102,0.416733183856502,0.450384809487762,0.58938642643552,86,"cjordan",0.790387182910547,0.843791722296395,0.492656875834446,0.775700934579439,0.811748998664887,0.620026702269693,0.744646194926569,68.7049399198932,57.6718718312716,68.1344595833738,NA,NA,0
"C Kirtley","Glacier Range Riders",2023,59,267,228,73,18,1,15,35,2,2,53,39,0.320175438596491,0.411985018726592,0.605263157894737,1.01724817662133,0.285087719298246,0.131086142322097,0.198501872659176,0.0561797752808989,34,0.127340823970037,0.435337078651685,0.415712620826764,0.519508091651979,116,"ckirtley",0.885180240320427,0.879839786381842,0.691588785046729,0.388518024032043,0.883044058744993,0.55520694259012,0.768301068090788,72.9826435246996,53.7335226120462,69.6635274064964,NA,NA,0
"C Lane","Ogden Raptors",2025,95,447,395,139,29,1,8,35,10,5,61,101,0.351898734177215,0.413483146067416,0.491139240506329,0.904622386573745,0.139240506329114,0.0782997762863535,0.136465324384787,0.0178970917225951,38,0.0850111856823266,0.39627191011236,0.430165036674817,0.545487286609522,86,"clane",0.391188251001335,0.356475300400534,0.218958611481976,0.753004005340454,0.377303070761015,0.459279038718291,0.405994659546061,42.6381842456609,47.9050902453863,46.2437835097144,NA,NA,0
"C Lane","Ogden Raptors",2026,94,485,413,167,36,3,18,56,8,8,49,110,0.404358353510896,0.476288659793814,0.63680387409201,1.11309253388582,0.232445520581114,0.115463917525773,0.101030927835052,0.0371134020618557,57,0.117525773195876,0.475294845360825,0.450384809487762,0.58938642643552,114,"clane",0.758344459279039,0.667556742323097,0.56475300400534,0.901201602136182,0.722029372496662,0.716154873164219,0.719973297730307,63.3217623497997,63.5124721151896,66.5395859628683,NA,NA,0
"C Lawrence","Ogden Raptors",2026,95,451,395,156,32,3,35,50,2,2,96,86,0.394936708860759,0.463251670378619,0.756962025316456,1.22021369569507,0.362025316455696,0.110864745011086,0.212860310421286,0.0776053215077605,70,0.155210643015521,0.515293986636971,0.450384809487762,0.58938642643552,131,"clawrence",0.970627503337784,0.962616822429907,0.518024032042724,0.316421895861148,0.967423230974633,0.427303070761015,0.778381174899867,78.045393858478,45.9622794564997,70.3151126789432,NA,NA,0
"C LeBron","Boise Hawks",2022,10,48,43,16,5,0,0,4,0,1,13,11,0.372093023255814,0.416666666666667,0.488372093023256,0.905038759689922,0.116279069767442,0.0833333333333333,0.270833333333333,0,5,0.104166666666667,0.393395833333333,0.403219653620203,0.505468647871367,100,"clebron",0.299065420560748,0,0.248331108144192,0.0827770360480641,0.179439252336449,0.173831775700935,0.177476635514019,30.7663551401869,30.5617521800852,31.4722159293181,NA,NA,0
"C Lopez","Rocky Mountain Vibes",2022,63,278,244,83,17,0,4,28,1,3,28,62,0.340163934426229,0.405797101449275,0.459016393442623,0.864813494891898,0.118852459016393,0.100719424460432,0.100719424460432,0.0143884892086331,21,0.0755395683453237,0.380829710144928,0.403219653620203,0.505468647871367,91,"clopez",0.307076101468625,0.285714285714286,0.420560747663551,0.903871829105474,0.298531375166889,0.638050734312417,0.417363150867824,37.9118825100134,58.7669843845062,46.9786508732753,NA,NA,0
"C Magee","Glacier Range Riders",2026,2,7,6,2,1,0,0,0,1,0,0,1,0.333333333333333,0.428571428571429,0.5,0.928571428571429,0.166666666666667,0,0,0,1,0.142857142857143,0.411571428571429,0.450384809487762,0.58938642643552,80,"cmagee",0.496662216288385,0,0,1,0.297997329773031,0.45,0.35119826435247,37.8798397863818,47.3413100790915,42.7017055568141,NA,NA,0
"C Matlon","Boise Hawks",2026,2,9,8,3,0,0,0,0,0,0,2,3,0.375,0.375,0.375,0.75,0,0,0.222222222222222,0,0,0,0.333,0.450384809487762,0.58938642643552,47,"cmatlon",0,0,0,0.253671562082777,0,0.11415220293725,0.0399532710280374,20,26.9357128371527,22.5826078513868,NA,NA,0
"C Middleton","Grand Junction Jackalopes",2022,42,176,154,47,9,0,8,13,6,3,36,30,0.305194805194805,0.375,0.519480519480519,0.894480519480519,0.214285714285714,0.0738636363636364,0.204545454545455,0.0454545454545454,17,0.0965909090909091,0.3874375,0.403219653620203,0.505468647871367,96,"cmiddleton",0.68758344459279,0.769025367156208,0.18958611481976,0.356475300400534,0.720160213618158,0.264686248331108,0.56074432576769,63.2096128170895,36.0819306428716,56.246911982049,NA,NA,0
"C Mink","Ogden Raptors",2021,32,71,64,17,0,0,1,7,0,0,22,16,0.265625,0.338028169014085,0.3125,0.650528169014085,0.046875,0.0985915492957746,0.309859154929577,0.0140845070422535,1,0.0140845070422535,0.297732394366197,0.386737115479336,0.403905188465603,65,"cmink",0.110814419225634,0.279038718291055,0.392523364485981,0.0440587449933244,0.178104138851802,0.235714285714286,0.198267690253672,30.6862483311081,34.3216386128574,32.8161644929178,NA,NA,0
"C Mize","Rocky Mountain Vibes",2024,18,72,63,25,6,0,3,7,1,0,13,16,0.396825396825397,0.464788732394366,0.634920634920635,1.099709367315,0.238095238095238,0.0972222222222222,0.180555555555556,0.0416666666666667,9,0.125,0.474492957746479,0.424262617051871,0.536937901498929,128,"cmize",0.774365821094793,0.723631508678238,0.379172229639519,0.489986648865154,0.754072096128171,0.429038718291055,0.64031041388518,65.2443257676902,46.0677347394038,61.3901205001241,NA,NA,0
"C Monroe","Great Falls Voyagers",2022,42,181,165,48,11,0,3,11,2,3,39,34,0.290909090909091,0.337016574585635,0.412121212121212,0.749137786706847,0.121212121212121,0.0607734806629834,0.215469613259669,0.0165745856353591,14,0.0773480662983425,0.32878453038674,0.403219653620203,0.505468647871367,65,"cmonroe",0.320427236315087,0.325767690253672,0.116154873164219,0.292389853137517,0.322563417890521,0.195460614152203,0.278077436582109,39.3538050734312,31.8758872439667,37.9751232510221,NA,NA,0
"C Monroe","Idaho Falls Chukars",2023,27,118,101,34,6,0,4,14,2,1,25,24,0.336633663366337,0.423728813559322,0.514851485148515,0.938580298707837,0.178217821782178,0.11864406779661,0.211864406779661,0.0338983050847458,10,0.0847457627118644,0.410559322033898,0.415712620826764,0.519508091651979,101,"cmonroe",0.534045393858478,0.602136181575434,0.58611481975968,0.324432576769025,0.56128170894526,0.468357810413885,0.528758344459279,53.6769025367156,48.456702494423,54.1793154039505,NA,NA,0
"C Monroe","Idaho Falls Chukars",2024,20,86,66,23,5,1,4,18,2,0,17,13,0.348484848484849,0.5,0.636363636363636,1.13636363636364,0.287878787878788,0.209302325581395,0.197674418604651,0.0465116279069767,10,0.116279069767442,0.485848837209302,0.424262617051871,0.536937901498929,136,"cmonroe",0.886515353805073,0.787716955941255,0.974632843791722,0.392523364485981,0.846995994659546,0.712683578104139,0.799986648865153,70.8197596795728,63.3015615493815,71.7117058804492,NA,NA,0
"C Muniz","Billings Mustangs",2026,85,428,352,127,19,2,27,63,11,2,74,79,0.360795454545455,0.469626168224299,0.65625,1.1258761682243,0.295454545454545,0.147196261682243,0.172897196261682,0.0630841121495327,48,0.11214953271028,0.480542056074766,0.450384809487762,0.58938642643552,116,"cmuniz",0.898531375166889,0.923898531375167,0.801068090787717,0.53671562082777,0.9086782376502,0.682109479305741,0.82937917222964,74.520694259012,61.443926181302,73.611659492756,NA,NA,0
"C Perez","Missoula PaddleHeads",2024,25,101,88,29,6,0,4,7,5,1,25,19,0.329545454545455,0.405940594059406,0.534090909090909,0.940031503150315,0.204545454545455,0.0693069306930693,0.247524752475248,0.0396039603960396,10,0.099009900990099,0.409326732673267,0.424262617051871,0.536937901498929,95,"cperez",0.648865153538051,0.695594125500668,0.164218958611482,0.14018691588785,0.667556742323097,0.153404539385848,0.48760347129506,60.0534045393859,29.3206246197526,51.5190351359807,NA,NA,0
"C Perez","Missoula PaddleHeads",2025,60,258,228,72,11,0,9,19,6,5,38,52,0.315789473684211,0.375968992248062,0.482456140350877,0.858425132598939,0.166666666666667,0.0736434108527132,0.147286821705426,0.0348837209302326,20,0.0775193798449612,0.374062015503876,0.430165036674817,0.545487286609522,76,"cperez",0.496662216288385,0.624833110814419,0.185580774365821,0.700934579439252,0.547930574098798,0.417489986648865,0.502276368491322,52.8758344459279,45.3660515108497,52.4675016451449,NA,NA,0
"C Petersen","Grand Junction Jackalopes",2022,74,323,264,95,15,6,14,46,10,2,79,60,0.359848484848485,0.468944099378882,0.621212121212121,1.090156220591,0.261363636363636,0.142414860681115,0.244582043343653,0.043343653250774,35,0.108359133126935,0.467127329192547,0.403219653620203,0.505468647871367,139,"cpetersen",0.841121495327103,0.746328437917223,0.770360480640854,0.148197596795728,0.803204272363151,0.490387182910547,0.69371829105474,68.192256341789,49.7951733928209,64.8424436605284,NA,NA,0
"C Petersen","Rocky Mountain Vibes",2023,54,247,190,66,15,4,6,41,13,3,50,41,0.347368421052632,0.48582995951417,0.563157894736842,1.04898785425101,0.21578947368421,0.165991902834008,0.202429149797571,0.0242914979757085,25,0.101214574898785,0.454327935222672,0.415712620826764,0.519508091651979,125,"cpetersen",0.69826435246996,0.445927903871829,0.891855807743658,0.367156208277704,0.597329773030708,0.655740987983979,0.617773698264352,55.8397863818425,59.8418170756439,59.9333311757662,NA,NA,0
"C Phelts","Colorado Springs Sky Sox",2022,82,354,302,87,12,10,7,34,8,3,100,58,0.288079470198675,0.371757925072046,0.463576158940397,0.835334084012443,0.175496688741722,0.096045197740113,0.282485875706215,0.019774011299435,29,0.0819209039548023,0.365587896253602,0.403219653620203,0.505468647871367,84,"cphelts",0.523364485981308,0.391188251001335,0.367156208277704,0.0654205607476636,0.470493991989319,0.231375166889186,0.386802403204272,48.2296395193591,34.0580004055972,45.0031824115128,NA,NA,0
"C Phelts","Ogden Raptors",2023,89,392,324,106,17,8,2,49,9,3,52,79,0.327160493827161,0.425974025974026,0.447530864197531,0.873504890171557,0.12037037037037,0.125,0.13265306122449,0.00510204081632653,27,0.0688775510204082,0.387524675324675,0.415712620826764,0.519508091651979,89,"cphelts",0.316421895861148,0.165554072096128,0.630173564753004,0.779706275033378,0.25607476635514,0.697463284379172,0.410560747663551,35.3644859813084,62.3767998377611,46.5389386927301,NA,NA,0
"C Pregent","Rocky Mountain Vibes",2025,10,42,35,13,1,0,2,5,1,1,5,10,0.371428571428571,0.452380952380952,0.571428571428571,1.02380952380952,0.2,0.119047619047619,0.119047619047619,0.0476190476190476,3,0.0714285714285714,0.441071428571429,0.430165036674817,0.545487286609522,110,"cpregent",0.622162883845127,0.801068090787717,0.592790387182911,0.839786381842457,0.693724966622163,0.703938584779706,0.697299732977303,61.6234979973298,62.7702291624417,65.0739506132884,NA,NA,0
"C Robinson","Idaho Falls Chukars",2026,11,53,45,17,6,0,1,5,3,0,9,10,0.377777777777778,0.471698113207547,0.577777777777778,1.04947589098532,0.2,0.0943396226415094,0.169811320754717,0.0188679245283019,7,0.132075471698113,0.457037735849057,0.450384809487762,0.58938642643552,103,"crobinson",0.622162883845127,0.372496662216288,0.349799732977303,0.559412550066756,0.522296395193592,0.444125500667557,0.494936582109479,51.3377837116155,46.9843845061854,51.9930526338501,NA,NA,0
"C Royer","Idaho Falls Chukars",2026,13,53,44,14,0,0,1,6,2,1,14,13,0.318181818181818,0.415094339622642,0.386363636363636,0.801457975986278,0.0681818181818182,0.113207547169811,0.264150943396226,0.0188679245283019,1,0.0188679245283019,0.362811320754717,0.450384809487762,0.58938642643552,58,"croyer",0.165554072096128,0.372496662216288,0.53671562082777,0.0974632843791722,0.248331108144192,0.339052069425901,0.28008344459279,34.8998664886515,40.6002839180694,38.1047930353733,NA,NA,0
"C Runge","Great Falls Voyagers",2022,89,396,336,103,16,2,11,48,10,2,64,74,0.306547619047619,0.406565656565657,0.464285714285714,0.870851370851371,0.157738095238095,0.121212121212121,0.161616161616162,0.0277777777777778,29,0.0732323232323232,0.385684343434343,0.403219653620203,0.505468647871367,93,"crunge",0.456608811748999,0.500667556742323,0.610146862483311,0.607476635514019,0.474232309746328,0.608945260347129,0.521381842456609,48.4539385847797,56.9985804096532,53.7024930688156,NA,NA,0
"C Runge","Missoula PaddleHeads",2024,64,286,241,82,16,1,11,33,5,7,39,54,0.340248962655602,0.41958041958042,0.551867219917012,0.971447639497432,0.211618257261411,0.115384615384615,0.136363636363636,0.0384615384615385,28,0.0979020979020979,0.417465034965035,0.424262617051871,0.536937901498929,102,"crunge",0.675567423230975,0.680907877169559,0.562082777036048,0.7543391188251,0.677703604806408,0.648598130841122,0.667516688918558,60.6622162883845,59.4078280267694,63.1487534655922,NA,NA,0
"C Sargent","Ogden Raptors",2024,91,401,358,113,20,2,19,34,2,7,75,72,0.315642458100559,0.371571072319202,0.541899441340782,0.913470513659984,0.226256983240224,0.084788029925187,0.187032418952618,0.0473815461346633,41,0.102244389027431,0.392546134663342,0.424262617051871,0.536937901498929,89,"csargent",0.7369826435247,0.799732977303071,0.260347129506008,0.449933244325768,0.762082777036048,0.3456608811749,0.616335113484646,65.7249666221629,41.0018251875887,59.8403400325793,NA,NA,0
"C Sargent Jr.","Ogden Raptors",2025,80,398,352,135,21,0,35,36,5,4,57,79,0.383522727272727,0.443324937027708,0.741477272727273,1.18480220975498,0.357954545454545,0.0904522613065327,0.14321608040201,0.0879396984924623,56,0.14070351758794,0.500826196473552,0.430165036674817,0.545487286609522,139,"c.",0.967957276368491,0.983978638184246,0.316421895861148,0.720961281708945,0.974365821094793,0.498464619492657,0.807800400534045,78.4619492656876,50.2859460555668,72.2167923449518,NA,NA,0
"C Sepulveda","Billings Mustangs",2021,60,210,185,64,0,0,10,25,0,0,31,54,0.345945945945946,0.423809523809524,0.508108108108108,0.931917631917632,0.162162162162162,0.119047619047619,0.147619047619048,0.0476190476190476,10,0.0476190476190476,0.410533333333333,0.386737115479336,0.403905188465603,135,"csepulveda",0.483311081441923,0.801068090787717,0.592790387182911,0.696929238985314,0.61041388518024,0.639652870493992,0.620647530040053,56.6248331108144,58.8643277225715,60.1190977054274,"Christian Sepulveda","Los Angeles Angels",1
"C Silber","Missoula PaddleHeads",2021,32,71,65,19,0,0,1,6,0,0,13,18,0.292307692307692,0.352112676056338,0.338461538461538,0.690574214517876,0.0461538461538461,0.0845070422535211,0.183098591549296,0.0140845070422535,1,0.0140845070422535,0.313028169014084,0.386737115479336,0.403905188465603,75,"csilber",0.106809078771696,0.279038718291055,0.256341789052069,0.469959946595461,0.175700934579439,0.352469959946595,0.237570093457944,30.5420560747664,41.4155343743663,35.3566997853221,NA,NA,0
"C Sorg","Billings Mustangs",2025,22,90,82,25,7,1,0,7,1,0,14,17,0.304878048780488,0.366666666666667,0.414634146341463,0.78130081300813,0.109756097560976,0.0777777777777778,0.155555555555556,0,8,0.0888888888888889,0.346233333333333,0.430165036674817,0.545487286609522,61,"csorg",0.271028037383178,0,0.214953271028037,0.650200267022697,0.162616822429907,0.410814419225634,0.249485981308411,29.7570093457944,44.960454268911,36.1269512497708,NA,NA,0
"C Steele","Colorado Springs Sky Sox",2022,9,20,18,7,0,0,0,1,0,0,0,7,0.388888888888889,0.421052631578947,0.388888888888889,0.809941520467836,0,0.05,0,0,0,0,0.363473684210526,0.403219653620203,0.505468647871367,81,"csteele",0,0,0.0734312416555407,1,0,0.490387182910547,0.171635514018692,20,49.7951733928209,31.0946416820393,NA,NA,0
"C Stratton","Grand Junction Jackalopes",2021,13,22,21,3,0,0,0,1,0,0,5,3,0.142857142857143,0.181818181818182,0.142857142857143,0.324675324675325,0,0.0454545454545454,0.227272727272727,0,0,0,0.152454545454545,0.386737115479336,0.403905188465603,-18,"cstratton",0,0,0.0640854472630174,0.228304405874499,0,0.137983978638184,0.0482943925233645,20,28.3836949908741,23.1217838765009,NA,NA,0
"C Taylor","Glacier Range Riders",2023,71,299,244,74,6,3,13,46,7,2,75,52,0.30327868852459,0.424749163879599,0.512295081967213,0.937044245846812,0.209016393442623,0.153846153846154,0.250836120401338,0.0434782608695652,22,0.0735785953177258,0.410558528428094,0.415712620826764,0.519508091651979,101,"ctaylor",0.662216288384513,0.748998664886515,0.830440587449933,0.126835781041388,0.696929238985314,0.513818424566088,0.632840453938585,61.8157543391188,51.218819712026,60.9072569770327,NA,NA,0
"C Thompson","Missoula PaddleHeads",2021,78,369,322,115,0,0,12,47,0,0,80,103,0.357142857142857,0.439024390243902,0.468944099378882,0.907968489622784,0.111801242236025,0.127371273712737,0.21680216802168,0.032520325203252,12,0.032520325203252,0.404081300813008,0.386737115479336,0.403905188465603,130,"cthompson",0.280373831775701,0.580774365821095,0.652870493991989,0.287049399198932,0.400534045393859,0.488251001335113,0.431234979973298,44.0320427236315,49.6653822754005,47.8753357713842,NA,NA,0
"C Thompson","Missoula PaddleHeads",2022,95,427,375,120,26,2,12,47,1,4,75,80,0.32,0.39344262295082,0.496,0.88944262295082,0.176,0.110070257611241,0.175644028103044,0.0281030444964871,40,0.0936768149882904,0.388014051522248,0.403219653620203,0.505468647871367,96,"cthompson",0.526034712950601,0.510013351134846,0.5086782376502,0.515353805073431,0.519626168224299,0.511682242990654,0.516845794392523,51.1775700934579,51.0890285946056,53.4092796962145,NA,NA,0
"C Thompson","Missoula PaddleHeads",2023,87,371,316,90,21,4,10,45,4,6,62,55,0.284810126582278,0.37466307277628,0.471518987341772,0.846182060118053,0.186708860759494,0.121293800539084,0.16711590296496,0.0269541778975741,35,0.0943396226415094,0.369118598382749,0.415712620826764,0.519508091651979,81,"cthompson",0.567423230974633,0.4913217623498,0.61415220293725,0.570093457943925,0.5369826435247,0.594325767690254,0.557052736982644,52.218958611482,56.1103224498073,56.0082850577689,NA,NA,0
"C Tirado","Rocky Mountain Vibes",2021,30,93,87,22,0,0,3,6,0,0,27,19,0.252873563218391,0.301075268817204,0.35632183908046,0.657397107897664,0.103448275862069,0.0645161290322581,0.290322580645161,0.032258064516129,3,0.032258064516129,0.293709677419355,0.386737115479336,0.403905188465603,66,"ctirado",0.259012016021362,0.574098798397864,0.130841121495327,0.0587449933244326,0.385046728971963,0.0983978638184246,0.284719626168224,43.1028037383178,25.9785033461772,38.4044791093563,"Carlos Tirado","Pittsburgh Pirates",1
"C Tucker","Ogden Raptors",2025,18,81,62,20,3,1,1,16,2,1,18,15,0.32258064516129,0.469135802469136,0.451612903225806,0.920748705694942,0.129032258064516,0.197530864197531,0.222222222222222,0.0123456790123457,5,0.0617283950617284,0.411530864197531,0.430165036674817,0.545487286609522,92,"ctucker",0.356475300400534,0.249666221628838,0.965287049399199,0.253671562082777,0.313751668891856,0.645060080106809,0.429709612817089,38.8251001335113,59.1928614885419,47.7767349536662,NA,NA,0
"C Valentine","Ogden Raptors",2026,95,509,434,167,50,4,20,53,13,7,74,93,0.384792626728111,0.45956607495069,0.65668202764977,1.11624810260046,0.271889400921659,0.104125736738703,0.145383104125737,0.0392927308447937,74,0.145383104125737,0.474504930966469,0.450384809487762,0.58938642643552,113,"cvalentine",0.86648865153538,0.688918558077437,0.456608811748999,0.70894526034713,0.795460614152203,0.570160213618158,0.716605473965287,67.7276368491322,54.6420604339891,66.321887439723,NA,NA,0
"C Vaughan","Idaho Falls Chukars",2026,67,309,244,77,17,0,8,48,9,3,67,52,0.315573770491803,0.440789473684211,0.483606557377049,0.92439603106126,0.168032786885246,0.155339805825243,0.216828478964401,0.0258899676375405,25,0.0809061488673139,0.408582236842105,0.450384809487762,0.58938642643552,80,"cvaughan",0.502002670226969,0.48064085447263,0.842456608811749,0.285714285714286,0.493457943925234,0.591922563417891,0.527920560747664,49.607476635514,55.9643074427094,54.1251604690551,NA,NA,0
"C Wilkerson","Missoula PaddleHeads",2025,90,440,383,125,25,1,7,50,3,2,52,92,0.326370757180157,0.406392694063927,0.451697127937337,0.858089822001264,0.12532637075718,0.113636363636364,0.118181818181818,0.0159090909090909,33,0.075,0.380045662100457,0.430165036674817,0.545487286609522,77,"cwilkerson",0.34045393858478,0.31241655540721,0.543391188251001,0.845126835781041,0.329238985313752,0.679172229639519,0.45171562082777,39.7543391188251,61.2654633948489,49.1992189606999,NA,NA,0
"D Abbadessa","Ogden Raptors",2021,30,99,89,27,0,0,0,10,0,0,23,27,0.303370786516854,0.373737373737374,0.303370786516854,0.677108160254228,0,0.101010101010101,0.232323232323232,0,0,0,0.311878787878788,0.386737115479336,0.403905188465603,72,"dabbadessa",0,0,0.423230974632844,0.194926568758344,0,0.320493991989319,0.112172897196262,20,39.4727235854796,27.2509358447415,NA,NA,0
"D Andiarena","Missoula PaddleHeads",2026,30,121,109,45,9,0,7,11,1,0,19,29,0.412844036697248,0.471074380165289,0.688073394495413,1.1591477746607,0.275229357798165,0.0909090909090909,0.15702479338843,0.0578512396694215,16,0.132231404958678,0.497603305785124,0.450384809487762,0.58938642643552,121,"dandiarena",0.867823765020027,0.890520694259012,0.317757009345794,0.640854472630174,0.876902536715621,0.463150867823765,0.732089452603471,72.6141522029372,48.1403366457108,67.3227828300808,NA,NA,0
"D Binder","Rocky Mountain Vibes",2022,18,79,73,22,5,1,2,4,1,1,19,14,0.301369863013699,0.341772151898734,0.479452054794521,0.821224206693255,0.178082191780822,0.0506329113924051,0.240506329113924,0.0253164556962025,8,0.10126582278481,0.35553164556962,0.403219653620203,0.505468647871367,80,"dbinder",0.532710280373832,0.471295060080107,0.0774365821094793,0.162883845126836,0.508144192256342,0.11588785046729,0.370854472630174,50.4886515353805,27.0411681200568,43.9722968380854,NA,NA,0
"D Blinn","Ogden Raptors",2025,43,27,20,6,0,0,1,6,1,0,8,5,0.3,0.481481481481481,0.45,0.931481481481482,0.15,0.222222222222222,0.296296296296296,0.037037037037037,1,0.037037037037037,0.422333333333333,0.430165036674817,0.545487286609522,94,"dblinn",0.429906542056075,0.660881174899867,0.979973297730307,0.0534045393858478,0.522296395193592,0.5630173564753,0.53654873164219,51.3377837116155,54.2080713851146,54.682891571464,NA,NA,0
"D Brutcher","Ogden Raptors",2024,35,152,124,45,12,0,6,26,2,0,26,27,0.362903225806452,0.480263157894737,0.604838709677419,1.08510186757216,0.241935483870968,0.171052631578947,0.171052631578947,0.0394736842105263,18,0.118421052631579,0.468539473684211,0.424262617051871,0.536937901498929,126,"dbrutcher",0.78237650200267,0.691588785046729,0.911882510013351,0.554072096128171,0.746061415220294,0.75086782376502,0.747743658210948,64.7636849132176,65.6215777732711,68.3346818127879,NA,NA,0
"D Conners","Boise Hawks",2025,10,38,35,11,2,0,0,2,1,0,3,9,0.314285714285714,0.368421052631579,0.371428571428571,0.73984962406015,0.0571428571428572,0.0526315789473684,0.0789473684210526,0,2,0.0526315789473684,0.332526315789474,0.430165036674817,0.545487286609522,54,"dconners",0.138851802403204,0,0.0827770360480641,0.951935914552737,0.0833110814419226,0.473898531375167,0.220016688918558,24.9986648865154,48.7933482052322,34.2220352330712,NA,NA,0
"D Conners","Ogden Raptors",2023,91,402,334,103,21,1,5,44,9,10,55,76,0.308383233532934,0.392947103274559,0.422155688622754,0.815102791897314,0.11377245508982,0.109452736318408,0.13681592039801,0.0124378109452736,27,0.0671641791044776,0.360599496221662,0.415712620826764,0.519508091651979,76,"dconners",0.289719626168224,0.252336448598131,0.503337783711616,0.748998664886515,0.274766355140187,0.61388518024032,0.393457943925234,36.4859813084112,57.2987223686879,45.4334012966978,NA,NA,0
"D Connors","Ogden Raptors",2022,89,379,324,101,25,2,6,46,4,4,61,68,0.311728395061728,0.399470899470899,0.45679012345679,0.85626102292769,0.145061728395062,0.121372031662269,0.160949868073879,0.0158311345646438,33,0.0870712401055409,0.377314814814815,0.403219653620203,0.505468647871367,89,"dconnors",0.409879839786382,0.309746328437917,0.616822429906542,0.618157543391188,0.369826435246996,0.617423230974633,0.456485313751669,42.1895861148198,57.5136889069154,49.5075353031921,NA,NA,0
"D Cornett","Billings Mustangs",2021,38,106,97,25,0,0,1,9,0,0,14,24,0.257731958762887,0.320754716981132,0.288659793814433,0.609414510795565,0.0309278350515464,0.0849056603773585,0.132075471698113,0.00943396226415094,1,0.00943396226415094,0.279462264150943,0.386737115479336,0.403905188465603,54,"dcornett",0.0881174899866489,0.212283044058745,0.2630173564753,0.783711615487316,0.137783711615487,0.497329773030708,0.263624833110814,28.2670226969292,50.2169945244372,37.0408966848981,NA,NA,0
"D Crenshaw","Billings Mustangs",2024,9,43,36,11,2,0,1,7,0,0,6,8,0.305555555555556,0.418604651162791,0.444444444444444,0.863049095607235,0.138888888888889,0.162790697674419,0.13953488372093,0.0232558139534884,3,0.0697674418604651,0.385511627906977,0.424262617051871,0.536937901498929,81,"dcrenshaw",0.388518024032043,0.428571428571429,0.87716955941255,0.7369826435247,0.404539385847797,0.814085447263017,0.547880507343124,44.2723631508678,69.4625836544312,55.4153856111848,NA,NA,0
"D Day","Glacier Range Riders",2022,13,6,5,4,0,0,1,1,0,0,1,3,0.8,0.833333333333333,1.4,2.23333333333333,0.6,0.166666666666667,0.166666666666667,0.166666666666667,1,0.166666666666667,0.909166666666667,0.403219653620203,0.505468647871367,384,"dday",0.994659546061415,0.995994659546061,0.894526034712951,0.584779706275033,0.995193591455274,0.755140186915888,0.911174899866489,79.7116154873164,65.8811600081119,78.8989934949351,NA,NA,0
"D Delorefice","Missoula PaddleHeads",2021,27,82,70,20,0,0,1,12,0,0,15,19,0.285714285714286,0.390243902439024,0.328571428571429,0.718815331010453,0.0428571428571429,0.146341463414634,0.182926829268293,0.0121951219512195,1,0.0121951219512195,0.332353658536585,0.386737115479336,0.403905188465603,82,"ddelorefice",0.101468624833111,0.246995994659546,0.795727636849132,0.471295060080107,0.159679572763685,0.649732977303071,0.33119826435247,29.5807743658211,59.476779557899,41.4088913341316,NA,NA,0
"D Ellis","Idaho Falls Chukars",2021,16,39,35,13,0,0,1,4,0,0,8,12,0.371428571428571,0.435897435897436,0.457142857142857,0.893040293040293,0.0857142857142857,0.102564102564103,0.205128205128205,0.0256410256410256,1,0.0256410256410256,0.397871794871795,0.386737115479336,0.403905188465603,126,"dellis",0.198931909212283,0.477970627503338,0.440587449933244,0.352469959946595,0.310547396528705,0.400934579439252,0.342182910547397,38.6328437917223,44.3601703508416,42.1189466757285,NA,NA,0
"D Glancy","Yuba-Sutter Freebirds",2024,34,123,99,31,5,1,4,17,3,4,17,21,0.313131313131313,0.414634146341463,0.505050505050505,0.919684651391968,0.191919191919192,0.138211382113821,0.138211382113821,0.032520325203252,10,0.0813008130081301,0.397715447154472,0.424262617051871,0.536937901498929,92,"dglancy",0.596795727636849,0.580774365821095,0.739652870493992,0.742323097463284,0.590387182910547,0.740854472630174,0.643050734312417,55.4232309746328,65.013181910363,61.567256761276,NA,NA,0
"D Gomez","Colorado Springs Sky Sox",2024,88,381,316,109,18,1,30,46,15,2,88,60,0.34493670886076,0.448548812664908,0.693037974683544,1.14158678734845,0.348101265822785,0.120734908136483,0.230971128608924,0.078740157480315,49,0.128608923884514,0.483836411609499,0.424262617051871,0.536937901498929,135,"dgomez",0.96128170894526,0.966622162883845,0.604806408544726,0.20694259012016,0.963417890520694,0.425767690253672,0.775240320427236,77.8050734312417,45.8689920908538,70.1120856122636,NA,NA,0
"D Harris IV","Oakland Ballers",2025,91,413,373,117,20,1,13,32,4,4,69,83,0.313672922252011,0.37046004842615,0.477211796246649,0.847671844672799,0.163538873994638,0.0774818401937046,0.167070217917676,0.0314769975786925,34,0.0823244552058111,0.370510895883777,0.430165036674817,0.545487286609522,74,"dharris",0.487316421895861,0.55807743658211,0.212283044058745,0.571428571428571,0.51562082777036,0.373898531375167,0.466018024032043,50.9372496662216,42.7175015209897,50.1237364747511,NA,NA,0
"D Henderson","Ogden Raptors",2023,41,113,97,39,10,0,5,15,1,0,25,24,0.402061855670103,0.486725663716814,0.65979381443299,1.1465194781498,0.257731958762887,0.132743362831858,0.221238938053097,0.0442477876106195,15,0.132743362831858,0.492026548672566,0.415712620826764,0.519508091651979,144,"dhenderson",0.833110814419226,0.757009345794392,0.702269692923899,0.257676902536716,0.802670226969292,0.502202937249666,0.697506675567423,68.1602136181575,50.5130805110525,65.0873275294778,NA,NA,0
"D Hernandez","Rocky Mountain Vibes",2022,63,273,246,77,19,3,8,19,6,2,55,47,0.313008130081301,0.373626373626374,0.51219512195122,0.885821495577593,0.199186991869919,0.0695970695970696,0.201465201465201,0.0293040293040293,30,0.10989010989011,0.384553113553114,0.403219653620203,0.505468647871367,94,"dhernandez",0.619492656875834,0.531375166889186,0.165554072096128,0.371161548731642,0.584245660881175,0.258077436582109,0.470086782376502,55.0547396528705,35.6803893733523,50.3867439075698,NA,NA,0
"D Hubbard","Grand Junction Jackalopes",2021,56,241,217,66,0,0,10,24,0,0,26,56,0.304147465437788,0.37344398340249,0.442396313364055,0.815840296766545,0.138248847926267,0.0995850622406639,0.107883817427386,0.04149377593361,10,0.04149377593361,0.362232365145228,0.386737115479336,0.403905188465603,106,"dhubbard",0.38584779706275,0.720961281708945,0.409879839786382,0.875834445927904,0.519893190921228,0.619559412550067,0.554776368491322,51.1935914552737,57.6434800243358,55.8611389796865,NA,NA,0
"D Hubbard","Missoula PaddleHeads",2023,69,317,281,111,29,1,11,23,10,2,46,70,0.395017793594306,0.455696202531646,0.622775800711744,1.07847200324339,0.227758007117438,0.0725552050473186,0.145110410094637,0.0347003154574132,41,0.129337539432177,0.464670886075949,0.415712620826764,0.519508091651979,129,"dhubbard",0.743658210947931,0.620827770360481,0.17890520694259,0.714285714285714,0.694526034712951,0.419826435246996,0.598381174899867,61.671562082777,45.5080105455283,58.6797846748007,NA,NA,0
"D Hubbard","Oakland Ballers",2024,87,396,346,109,27,0,16,36,9,4,47,66,0.315028901734104,0.389873417721519,0.531791907514451,0.92166532523597,0.216763005780347,0.0909090909090909,0.118686868686869,0.0404040404040404,43,0.108585858585859,0.399693670886076,0.424262617051871,0.536937901498929,91,"dhubbard",0.700934579439252,0.706275033377837,0.317757009345794,0.842456608811749,0.703070761014686,0.553871829105474,0.650851134846462,62.1842456608812,53.6524031636585,62.0714801989277,NA,NA,0
"D Jacob","Grand Junction Jackalopes",2022,1,3,3,2,0,0,0,0,0,0,0,2,0.666666666666667,0.666666666666667,0.666666666666667,1.33333333333333,0,0,0,0,0,0,0.592,0.403219653620203,0.505468647871367,197,"djacob",0,0,0,1,0,0.45,0.1575,20,47.3413100790915,30.1809120036247,NA,NA,0
"D Jimerson","Oakland Ballers",2026,24,102,92,39,6,2,5,8,1,1,16,26,0.423913043478261,0.470588235294118,0.695652173913043,1.16624040920716,0.271739130434783,0.0784313725490196,0.156862745098039,0.0490196078431372,13,0.127450980392157,0.496990196078431,0.450384809487762,0.58938642643552,123,"djimerson",0.865153538050734,0.825100133511348,0.220293724966622,0.64218958611482,0.84913217623498,0.410146862483311,0.695487316421896,70.9479305740988,44.9198945447171,64.9567947182757,NA,NA,0
"D Kolbush","Great Falls Voyagers",2022,73,306,266,82,13,2,5,32,4,4,71,62,0.308270676691729,0.38562091503268,0.428571428571429,0.814192343604108,0.120300751879699,0.104575163398693,0.23202614379085,0.0163398692810457,20,0.065359477124183,0.36040522875817,0.403219653620203,0.505468647871367,80,"dkolbush",0.315086782376502,0.316421895861148,0.46328437917223,0.197596795727637,0.31562082777036,0.343724966622163,0.325457276368491,38.9372496662216,40.8842019874265,41.0377897882348,NA,NA,0
"D Laferriere","Long Beach Coast",2026,14,57,41,15,1,0,1,10,5,0,6,13,0.365853658536585,0.535714285714286,0.463414634146341,0.999128919860627,0.0975609756097561,0.175438596491228,0.105263157894737,0.0175438596491228,2,0.0350877192982456,0.454035714285714,0.450384809487762,0.58938642643552,98,"dlaferriere",0.236315086782377,0.343124165554072,0.923898531375167,0.889185580774366,0.279038718291055,0.908277703604806,0.499272363150868,36.7423230974633,75.185560738187,52.2733206036873,NA,NA,0
"D Landis","Colorado Springs Sky Sox",2024,46,1,1,1,1,0,0,0,0,0,0,0,1,1,2,3,1,0,0,0,1,1,1.271,0.424262617051871,0.536937901498929,508,"dlandis",0.997329773030708,0,0,1,0.598397863818425,0.45,0.546458611481976,55.9038718291055,47.3413100790915,55.3234732515615,NA,NA,0
"D Leach","Billings Mustangs",2024,39,163,129,39,5,2,8,31,3,0,49,24,0.302325581395349,0.447852760736196,0.558139534883721,1.00599229561992,0.255813953488372,0.190184049079755,0.300613496932515,0.049079754601227,15,0.0920245398773006,0.437196319018405,0.424262617051871,0.536937901498929,110,"dleach",0.826435246995995,0.827770360480641,0.953271028037383,0.0493991989319092,0.826969292389853,0.54652870493992,0.728815086782376,69.6181575433912,53.2062461975259,67.111125494892,NA,NA,0
"D Leach","Billings Mustangs",2025,12,58,44,17,7,0,3,11,2,1,8,7,0.386363636363636,0.517241379310345,0.75,1.26724137931034,0.363636363636364,0.189655172413793,0.137931034482759,0.0517241379310345,10,0.172413793103448,0.525,0.430165036674817,0.545487286609522,158,"dleach",0.97196261682243,0.84913217623498,0.951935914552737,0.743658210947931,0.92283044058745,0.858210947930574,0.900213618157543,75.369826435247,72.1435814236463,78.1904484503274,NA,NA,0
"D Leonard","Great Falls Voyagers",2025,5,20,19,7,1,0,0,0,1,0,2,6,0.368421052631579,0.4,0.421052631578947,0.821052631578947,0.0526315789473684,0,0.1,0,1,0.05,0.36605,0.430165036674817,0.545487286609522,70,"dleonard",0.12283044058745,0,0,0.907877169559413,0.07369826435247,0.408544726301736,0.190894526034713,24.4218958611482,44.8225512066518,32.3395579144956,NA,NA,0
"D Maberry","Ogden Raptors",2021,59,214,188,76,0,0,7,26,0,0,42,69,0.404255319148936,0.476635514018692,0.515957446808511,0.992592960827202,0.111702127659574,0.121495327102804,0.196261682242991,0.0327102803738318,7,0.0327102803738318,0.438873831775701,0.386737115479336,0.403905188465603,151,"dmaberry",0.277703604806409,0.583444592790387,0.618157543391188,0.407209612817089,0.4,0.523230974632844,0.443130841121495,44,51.7907118231596,48.6442926955565,NA,NA,0
"D Macaluso","Ogden Raptors",2022,50,146,121,37,8,1,5,15,5,3,32,23,0.305785123966942,0.395833333333333,0.512396694214876,0.908230027548209,0.206611570247934,0.102739726027397,0.219178082191781,0.0342465753424658,14,0.0958904109589041,0.3935625,0.403219653620203,0.505468647871367,100,"dmacaluso",0.654205607476635,0.610146862483311,0.445927903871829,0.27369826435247,0.636582109479306,0.368424566088117,0.54272696929239,58.1949265687583,42.3849117825999,55.0822572467286,NA,NA,0
"D Maiben","Boise Hawks",2023,57,226,193,61,11,2,0,15,11,6,12,48,0.316062176165803,0.386666666666667,0.393782383419689,0.780449050086356,0.077720207253886,0.0663716814159292,0.0530973451327434,0,13,0.0575221238938053,0.34724,0.415712620826764,0.519508091651979,69,"dmaiben",0.188251001335113,0,0.137516688918558,0.970627503337784,0.112950600801068,0.51241655540721,0.252763684913218,26.7770360480641,51.1336442912188,36.3388243416723,NA,NA,0
"D Matthews","Colorado Springs Sky Sox",2023,82,347,286,93,17,1,22,53,4,4,81,53,0.325174825174825,0.432276657060519,0.622377622377622,1.05465427943814,0.297202797202797,0.152737752161383,0.23342939481268,0.0634005763688761,40,0.115273775216138,0.449472622478386,0.415712620826764,0.519508091651979,124,"dmatthews",0.902536715620828,0.926568758344459,0.827770360480641,0.190921228304406,0.91214953271028,0.541188251001335,0.78231308411215,74.7289719626168,52.8817684039749,70.56927408654,NA,NA,0
"D Matthews","Colorado Springs Sky Sox",2024,88,406,316,112,19,1,19,76,10,4,79,73,0.354430379746835,0.487684729064039,0.60126582278481,1.08895055184885,0.246835443037975,0.187192118226601,0.194581280788177,0.0467980295566502,39,0.0960591133004926,0.468394088669951,0.424262617051871,0.536937901498929,127,"dmatthews",0.803738317757009,0.79305740987984,0.947930574098798,0.41388518024032,0.799465954606142,0.707610146862483,0.767316421895861,67.9679572763685,62.993307645508,69.5998791762409,NA,NA,0
"D Maynard","Grand Junction Jackalopes",2025,35,135,105,34,8,0,0,17,11,1,27,26,0.323809523809524,0.462686567164179,0.4,0.862686567164179,0.0761904761904762,0.125925925925926,0.2,0,8,0.0592592592592593,0.394985074626866,0.430165036674817,0.545487286609522,81,"dmaynard",0.182910547396529,0,0.64218958611482,0.381842456608812,0.109746328437917,0.525033377837116,0.255096795727637,26.584779706275,51.9002230784831,36.4896382838711,NA,NA,0
"D Mervis","Billings Mustangs",2021,8,21,17,6,0,0,0,4,0,0,5,6,0.352941176470588,0.476190476190476,0.352941176470588,0.829131652661064,0,0.19047619047619,0.238095238095238,0,0,0,0.385142857142857,0.386737115479336,0.403905188465603,111,"dmervis",0,0,0.954606141522029,0.173564753004005,0,0.603137516688919,0.211098130841122,20,56.6457108091665,33.6455332966547,NA,NA,0
"D Miller","Glacier Range Riders",2022,82,354,312,96,23,2,15,30,7,5,62,56,0.307692307692308,0.375706214689266,0.538461538461538,0.914167753150804,0.230769230769231,0.0847457627118644,0.175141242937853,0.0423728813559322,40,0.112994350282486,0.393960451977401,0.403219653620203,0.505468647871367,100,"dmiller",0.7543391188251,0.734312416555407,0.259012016021362,0.51935914552737,0.746328437917223,0.376168224299065,0.616772363150868,64.7797062750334,42.8554045832488,59.868604161947,NA,NA,0
"D Miller","Glacier Range Riders",2023,90,431,361,130,27,2,15,56,7,7,77,86,0.3601108033241,0.447795823665893,0.570637119113573,1.01843294277947,0.210526315789474,0.129930394431555,0.178654292343387,0.0348027842227378,44,0.102088167053364,0.438807424593967,0.415712620826764,0.519508091651979,118,"dmiller",0.667556742323097,0.623497997329773,0.678237650200267,0.499332443257677,0.649933244325768,0.597730307076102,0.631662216288384,58.9959946595461,56.3171770431961,60.8310948574387,NA,NA,0
"D Molinari","Colorado Springs Sky Sox",2022,6,29,23,9,1,0,1,5,0,1,5,7,0.391304347826087,0.482758620689655,0.565217391304348,1.047976011994,0.173913043478261,0.172413793103448,0.172413793103448,0.0344827586206896,2,0.0689655172413793,0.449586206896552,0.403219653620203,0.505468647871367,132,"dmolinari",0.516688918558077,0.61415220293725,0.918558077436582,0.543391188251001,0.555674232309746,0.749732977303071,0.62359479305741,53.3404539385848,65.5526262421416,60.3096108827686,NA,NA,0
"D Murillo","Boise Hawks",2026,24,120,110,35,6,2,2,6,3,0,21,25,0.318181818181818,0.369747899159664,0.463636363636364,0.833384262796028,0.145454545454545,0.05,0.175,0.0166666666666667,10,0.0833333333333333,0.366100840336134,0.450384809487762,0.58938642643552,61,"dmurillo",0.411214953271028,0.328437917222964,0.0734312416555407,0.520694259012016,0.378104138851802,0.274699599465955,0.341912550066756,42.6862483311081,36.6903265057798,42.1014703819973,NA,NA,0
"D Nevarez","Missoula PaddleHeads",2021,46,180,159,50,0,0,11,21,0,0,41,39,0.314465408805031,0.394444444444444,0.522012578616352,0.916457023060797,0.207547169811321,0.116666666666667,0.227777777777778,0.0611111111111111,11,0.0611111111111111,0.401294444444444,0.386737115479336,0.403905188465603,131,"dnevarez",0.656875834445928,0.911882510013351,0.572763684913218,0.224299065420561,0.758878504672897,0.415954606141522,0.638855140186916,65.5327102803738,45.2727641452038,61.2960505733735,"Dean Nevarez","Chicago Cubs",1
"D Pearce","Ogden Raptors",2021,34,36,32,8,0,0,2,4,0,0,7,6,0.25,0.333333333333333,0.4375,0.770833333333333,0.1875,0.111111111111111,0.194444444444444,0.0555555555555556,2,0.0555555555555556,0.341388888888889,0.386737115479336,0.403905188465603,95,"dpearce",0.571428571428571,0.871829105473965,0.51935914552737,0.416555407209613,0.691588785046729,0.473097463284379,0.615116822429907,61.4953271028037,48.7446765361996,59.7615888324325,NA,NA,0
"D Perez","Colorado Springs Sky Sox",2023,65,245,193,63,9,0,12,43,5,4,24,42,0.326424870466321,0.453061224489796,0.559585492227979,1.01264671671778,0.233160621761658,0.175510204081633,0.0979591836734694,0.0489795918367347,21,0.0857142857142857,0.437661224489796,0.415712620826764,0.519508091651979,117,"dperez",0.762349799732977,0.823765020026702,0.925233644859813,0.913217623497997,0.786915887850467,0.919826435246996,0.833434579439252,67.214953271028,75.887243966741,73.8738038987238,NA,NA,0
"D Popham","Colorado Springs Sky Sox",2022,28,93,79,23,7,1,2,7,5,2,23,13,0.291139240506329,0.376344086021505,0.481012658227848,0.857356744249353,0.189873417721519,0.0752688172043011,0.247311827956989,0.021505376344086,10,0.10752688172043,0.37310752688172,0.403219653620203,0.505468647871367,88,"dpopham",0.58611481975968,0.412550066755674,0.201602136181575,0.141522029372497,0.516688918558077,0.17456608811749,0.396945927903872,51.0013351134846,30.6063678766984,45.6588670615015,NA,NA,0
"D Poteet","Boise Hawks",2023,68,292,250,84,24,5,9,38,1,3,62,46,0.336,0.421232876712329,0.58,1.00123287671233,0.244,0.13013698630137,0.212328767123288,0.0308219178082192,38,0.13013698630137,0.429051369863014,0.415712620826764,0.519508091651979,113,"dpoteet",0.789052069425901,0.550066755674232,0.679572763684913,0.323097463284379,0.693457943925234,0.519158878504673,0.632453271028038,61.607476635514,51.543297505577,60.8822291983559,NA,NA,0
"D Poteet","Boise Hawks",2024,40,161,141,43,8,1,1,17,1,2,34,33,0.304964539007092,0.37888198757764,0.397163120567376,0.776045108145016,0.0921985815602837,0.105590062111801,0.211180124223602,0.0062111801242236,10,0.062111801242236,0.345596273291925,0.424262617051871,0.536937901498929,63,"dpoteet",0.212283044058745,0.176234979973298,0.471295060080107,0.327102803738318,0.197863818424566,0.406408544726302,0.270854472630174,31.871829105474,44.6927600892314,37.5082257246729,NA,NA,0
"D Ratfield","Glacier Range Riders",2025,17,64,51,16,5,0,1,8,5,0,15,10,0.313725490196078,0.453125,0.470588235294118,0.923713235294118,0.156862745098039,0.125,0.234375,0.015625,6,0.09375,0.41353125,0.430165036674817,0.545487286609522,92,"dratfield",0.449933244325768,0.304405874499332,0.630173564753004,0.188251001335114,0.391722296395194,0.431308411214953,0.40557743658211,43.5033377837116,46.205637801663,46.2168139206231,NA,NA,0
"D Ratfield","Glacier Range Riders",2026,73,349,282,98,20,0,10,49,10,6,45,68,0.347517730496454,0.452449567723343,0.524822695035461,0.977272262758804,0.177304964539007,0.140401146131805,0.128939828080229,0.0286532951289398,30,0.0859598853868195,0.426063400576369,0.450384809487762,0.58938642643552,90,"dratfield",0.530040053404539,0.516688918558077,0.755674232309746,0.795727636849132,0.524699599465955,0.77369826435247,0.611849132176235,51.4819759679573,67.0087203407017,59.5503630106692,NA,NA,0
"D Rivera","Grand Junction Jackalopes",2024,54,245,220,72,15,2,7,15,7,0,40,48,0.327272727272727,0.388429752066116,0.509090909090909,0.897520661157025,0.181818181818182,0.0612244897959184,0.163265306122449,0.0285714285714286,24,0.0979591836734694,0.392694214876033,0.424262617051871,0.536937901498929,86,"drivera",0.550066755674232,0.515353805073431,0.120160213618158,0.599465954606142,0.536181575433912,0.33584779706275,0.466064753004005,52.1708945260347,40.4055972419388,50.1267570687293,NA,NA,0
"D Smiley","Idaho Falls Chukars",2026,38,159,139,53,8,0,2,18,0,2,30,43,0.381294964028777,0.446540880503145,0.482014388489209,0.928555268992353,0.100719424460432,0.113207547169811,0.188679245283019,0.0125786163522012,10,0.0628930817610063,0.408641509433962,0.450384809487762,0.58938642643552,81,"dsmiley",0.244325767690254,0.253671562082777,0.53671562082777,0.443257676902537,0.248064085447263,0.494659546061415,0.334372496662216,34.8838451268358,50.0547556276617,41.6140759679385,NA,NA,0
"D Stengren","Idaho Falls Chukars",2026,50,228,193,78,15,0,3,31,2,1,23,60,0.404145077720207,0.488986784140969,0.528497409326425,1.01748419346739,0.124352331606218,0.135964912280702,0.100877192982456,0.0131578947368421,18,0.0789473684210526,0.447057268722467,0.450384809487762,0.58938642643552,98,"dstengren",0.335113484646195,0.261682242990654,0.720961281708945,0.902536715620828,0.305740987983979,0.802670226969292,0.479666221628838,38.3444592790387,68.7690123707159,51.005965673107,NA,NA,0
"D Stone","Ogden Raptors",2025,79,382,314,120,24,2,5,48,13,4,42,89,0.382165605095541,0.477572559366755,0.519108280254777,0.996680839621532,0.136942675159236,0.12565445026178,0.109947643979058,0.0130890052356021,31,0.081151832460733,0.437411609498681,0.430165036674817,0.545487286609522,106,"dstone",0.379172229639519,0.260347129506008,0.638184245660881,0.871829105473965,0.331642189586115,0.743324432576769,0.475730974632844,39.8985313751669,65.1632528898804,50.7515885087975,NA,NA,0
"D Stroup","Idaho Falls Chukars",2022,92,436,386,143,24,3,23,25,12,13,94,93,0.370466321243523,0.412844036697248,0.626943005181347,1.03978704187859,0.256476683937824,0.0573394495412844,0.215596330275229,0.0527522935779816,50,0.114678899082569,0.44076376146789,0.403219653620203,0.505468647871367,126,"dstroup",0.829105473965287,0.855807743658211,0.101468624833111,0.291054739652871,0.839786381842457,0.186782376502003,0.611234979973298,70.3871829105474,31.3486108294464,59.5106637755267,NA,NA,0
"D Stroup","Rocky Mountain Vibes",2023,94,450,365,125,25,6,20,68,12,5,77,74,0.342465753424658,0.455555555555556,0.608219178082192,1.06377473363775,0.265753424657534,0.151111111111111,0.171111111111111,0.0444444444444444,51,0.113333333333333,0.455082222222222,0.415712620826764,0.519508091651979,127,"dstroup",0.850467289719626,0.759679572763685,0.82109479305741,0.552736982643525,0.81415220293725,0.700333778371162,0.774315754339119,68.849132176235,62.5512066517948,70.0523210028372,NA,NA,0
"D Stuart","Oakland Ballers",2024,38,163,140,46,4,1,7,17,5,1,21,34,0.328571428571429,0.417177914110429,0.521428571428571,0.938606485539001,0.192857142857143,0.104294478527607,0.128834355828221,0.0429447852760736,12,0.0736196319018405,0.410668711656442,0.424262617051871,0.536937901498929,95,"dstuart",0.602136181575434,0.742323097463284,0.460614152202937,0.797062750333778,0.658210947930574,0.612016021361816,0.642042723631509,59.4926568758344,57.185155140945,61.5020982340313,NA,NA,0
"D Tatum","Oakland Ballers",2025,68,275,225,76,9,0,23,45,4,1,50,44,0.337777777777778,0.454545454545455,0.684444444444444,1.1389898989899,0.346666666666667,0.163636363636364,0.181818181818182,0.0836363636363636,32,0.116363636363636,0.482807272727273,0.430165036674817,0.545487286609522,131,"dtatum",0.959946595460614,0.977303070761015,0.878504672897196,0.484646194926569,0.966889185580774,0.701268357810414,0.873921895861148,78.0133511348465,62.6079902656662,76.4909328241475,NA,NA,0
"D Tofteland","Rocky Mountain Vibes",2024,91,399,316,99,26,1,17,63,15,1,87,55,0.313291139240506,0.448101265822785,0.563291139240506,1.01139240506329,0.25,0.157894736842105,0.218045112781955,0.0426065162907268,44,0.110275689223058,0.439288607594937,0.424262617051871,0.536937901498929,111,"dtofteland",0.81041388518024,0.738317757009346,0.850467289719626,0.281708945260347,0.781575433911882,0.594526034712951,0.716108144192256,66.894526034713,56.1224903670655,66.2897396895261,NA,NA,0
"D Tofteland","Rocky Mountain Vibes",2025,91,429,354,122,26,3,15,50,21,4,76,78,0.344632768361582,0.44988344988345,0.562146892655367,1.01203034253882,0.217514124293785,0.116550116550117,0.177156177156177,0.034965034965035,44,0.102564102564103,0.439009324009324,0.430165036674817,0.545487286609522,108,"dtofteland",0.704939919893191,0.627503337783712,0.571428571428571,0.507343124165554,0.673965287049399,0.542590120160214,0.627983978638184,60.437917222964,52.966943824782,60.5933309600095,NA,NA,0
"D Wilkinson","Ogden Raptors",2025,61,236,183,58,12,1,2,32,12,5,26,43,0.316939890710383,0.439655172413793,0.426229508196721,0.865884680610514,0.109289617486339,0.135593220338983,0.110169491525424,0.00847457627118644,15,0.0635593220338983,0.387922413793103,0.430165036674817,0.545487286609522,80,"dwilkinson",0.269692923898531,0.197596795727637,0.715620827770361,0.869158878504673,0.240854472630174,0.784712950600801,0.431204939919893,34.4512683578104,67.6779557899006,47.8733939609696,NA,NA,0
"D Wilkinson","Ogden Raptors",2026,69,262,191,62,13,2,3,48,9,4,27,44,0.324607329842932,0.472222222222222,0.460732984293194,0.932955206515416,0.136125654450262,0.183206106870229,0.103053435114504,0.0114503816793893,18,0.0687022900763359,0.415666666666667,0.450384809487762,0.58938642643552,83,"dwilkinson",0.377837116154873,0.233644859813084,0.937249666221629,0.895861148197597,0.320160213618157,0.918624833110814,0.529622830440587,39.2096128170895,75.8142364631921,54.2351963925478,NA,NA,0
"D Williams","Grand Junction Jackalopes",2023,31,112,101,32,6,0,2,9,0,2,11,24,0.316831683168317,0.366071428571429,0.435643564356436,0.801714992927864,0.118811881188119,0.0803571428571429,0.0982142857142857,0.0178571428571428,8,0.0714285714285714,0.351339285714286,0.415712620826764,0.519508091651979,72,"dwilliams",0.305740987983979,0.351134846461949,0.229639519359146,0.911882510013351,0.323898531375167,0.536648865153538,0.398361148197597,39.43391188251,52.6059622794565,45.7503479076993,NA,NA,0
"D Woodcox","Boise Hawks",2025,46,193,169,52,5,0,9,19,3,2,39,38,0.307692307692308,0.383419689119171,0.497041420118343,0.880461109237514,0.189349112426035,0.0984455958549223,0.202072538860104,0.0466321243523316,14,0.0725388601036269,0.384891191709845,0.430165036674817,0.545487286609522,80,"dwoodcox",0.579439252336449,0.791722296395194,0.391188251001335,0.369826435246996,0.664352469959947,0.381575433911883,0.565380507343124,59.8611481975968,43.1839383492192,56.546598056032,NA,NA,0
"E Acosta","Idaho Falls Chukars",2023,55,260,220,71,12,2,1,34,5,0,24,56,0.322727272727273,0.424710424710425,0.409090909090909,0.833801333801334,0.0863636363636364,0.130769230769231,0.0923076923076923,0.00384615384615384,15,0.0576923076923077,0.375996138996139,0.415712620826764,0.519508091651979,81,"eacosta",0.201602136181575,0.153538050734312,0.690253671562083,0.929238985313752,0.18237650200267,0.797797062750334,0.397773698264352,30.9425901201602,68.4729263841006,45.7123747262587,NA,NA,0
"E Americaan","Rocky Mountain Vibes",2023,24,96,79,25,9,0,2,10,6,1,24,14,0.316455696202532,0.427083333333333,0.506329113924051,0.933412447257384,0.189873417721519,0.104166666666667,0.25,0.0208333333333333,11,0.114583333333333,0.409427083333333,0.415712620826764,0.519508091651979,100,"eamericaan",0.58611481975968,0.404539385847797,0.457943925233645,0.136181575433912,0.513484646194927,0.313150867823765,0.44336782376502,50.8090787716956,39.026566619347,48.6596114221604,NA,NA,0
"E Apodaca","Missoula PaddleHeads",2026,93,464,369,130,27,4,8,76,14,5,38,91,0.35230352303523,0.474137931034483,0.51219512195122,0.986333052985702,0.159891598915989,0.163793103448276,0.0818965517241379,0.0172413793103448,39,0.084051724137931,0.433071120689655,0.450384809487762,0.58938642643552,92,"eapodaca",0.469959946595461,0.34045393858478,0.879839786381842,0.946595460614152,0.418157543391188,0.909879839786382,0.590260347129506,45.0894526034713,75.2829040762523,58.1548485927268,NA,NA,0
"E Bates","Yuba-Sutter Freebirds",2024,15,11,10,3,0,0,0,0,0,1,1,3,0.3,0.272727272727273,0.3,0.572727272727273,0,0,0.0909090909090909,0,0,0,0.242181818181818,0.424262617051871,0.536937901498929,20,"ebates",0,0,0,0.931909212283044,0,0.41935914552737,0.146775700934579,20,45.4796187385926,29.4876856856209,NA,NA,0
"E Berkey","Yuba-Sutter Freebirds",2025,81,354,273,97,17,1,21,48,23,6,68,58,0.355311355311355,0.48,0.655677655677656,1.13567765567766,0.3003663003663,0.135593220338983,0.192090395480226,0.0593220338983051,39,0.110169491525424,0.48164,0.430165036674817,0.545487286609522,132,"eberkey",0.913217623497997,0.902536715620828,0.715620827770361,0.420560747663551,0.90894526034713,0.582843791722297,0.794809746328438,74.5367156208278,55.4126951936727,71.3770672190038,NA,NA,0
"E Blum","Billings Mustangs",2024,42,142,123,37,7,0,7,14,4,0,39,23,0.300813008130081,0.390070921985816,0.528455284552846,0.918526206538661,0.227642276422764,0.0985915492957746,0.274647887323944,0.0492957746478873,14,0.0985915492957746,0.401248226950355,0.424262617051871,0.536937901498929,90,"eblum",0.742323097463284,0.831775700934579,0.392523364485981,0.0747663551401869,0.778104138851802,0.249532710280374,0.593104138851802,66.6862483311081,35.1612249036707,58.3386733119734,NA,NA,0
"E Carrillo","Rocky Mountain Vibes",2021,18,31,30,5,0,0,0,1,0,0,11,5,0.166666666666667,0.193548387096774,0.166666666666667,0.360215053763441,0,0.032258064516129,0.354838709677419,0,0,0,0.165483870967742,0.386737115479336,0.403905188465603,-9,"ecarrillo",0,0,0.0507343124165554,0.0213618157543392,0,0.0375166889185581,0.0131308411214953,20,22.2794564996958,20.8487869078827,NA,NA,0
"E Corona","Great Falls Voyagers",2025,69,302,283,94,16,6,11,14,1,4,72,61,0.332155477031802,0.360927152317881,0.547703180212014,0.908630332529895,0.215547703180212,0.0463576158940397,0.23841059602649,0.0364238410596026,33,0.109271523178808,0.389711920529801,0.430165036674817,0.545487286609522,84,"ecorona",0.696929238985314,0.654205607476635,0.0667556742323097,0.169559412550067,0.679839786381842,0.1130173564753,0.481451935914553,60.7903871829105,26.8667613060231,51.1213955144179,NA,NA,0
"E Corona","Long Beach Coast",2026,89,419,364,128,25,6,27,43,6,6,85,70,0.351648351648352,0.422434367541766,0.675824175824176,1.09825854336594,0.324175824175824,0.102625298329356,0.202863961813842,0.0644391408114559,58,0.138424821002387,0.463866348448687,0.450384809487762,0.58938642643552,108,"ecorona",0.938584779706275,0.931909212283044,0.444592790387183,0.365821094793057,0.935914552736983,0.409145527369826,0.751545393858478,76.154873164219,44.8590549584263,68.5804287085882,NA,NA,0
"E Crawford","Oakland Ballers",2026,9,19,14,5,0,0,1,3,1,1,3,4,0.357142857142857,0.473684210526316,0.571428571428571,1.04511278195489,0.214285714285714,0.157894736842105,0.157894736842105,0.0526315789473684,1,0.0526315789473684,0.444473684210526,0.450384809487762,0.58938642643552,102,"ecrawford",0.68758344459279,0.853137516688919,0.850467289719626,0.639519359145527,0.753805073431242,0.755540720961282,0.754412550066756,65.2283044058745,65.9054958426283,68.7657637248239,NA,NA,0
"E Diaz","Colorado Springs Sky Sox",2023,75,323,286,96,23,0,2,34,2,1,64,71,0.335664335664336,0.408668730650155,0.437062937062937,0.845731667713092,0.101398601398601,0.105263157894737,0.198142414860681,0.00619195046439628,25,0.0773993808049536,0.375811145510836,0.415712620826764,0.519508091651979,82,"ediaz",0.248331108144192,0.174899866488652,0.467289719626168,0.389853137516689,0.218958611481976,0.432443257676903,0.2936782376502,33.1375166889186,46.2745893327925,38.9835701263256,NA,NA,0
"E Diaz","Colorado Springs Sky Sox",2024,79,311,262,88,14,1,6,37,6,5,53,67,0.33587786259542,0.42258064516129,0.465648854961832,0.888229500123122,0.129770992366412,0.118971061093248,0.170418006430868,0.0192926045016077,21,0.067524115755627,0.391529032258065,0.424262617051871,0.536937901498929,86,"ediaz",0.35781041388518,0.383177570093458,0.588785046728972,0.55807743658211,0.367957276368491,0.574966622162884,0.440410547396529,42.0774365821095,54.934090448185,48.4684509746809,NA,NA,0
"E Good","Ogden Raptors",2024,45,177,151,45,9,2,5,19,3,1,38,29,0.298013245033113,0.385057471264368,0.483443708609271,0.868501179873639,0.185430463576159,0.107344632768362,0.214689265536723,0.0282485875706215,16,0.0903954802259887,0.38048275862069,0.424262617051871,0.536937901498929,81,"egood",0.562082777036048,0.512683578104139,0.487316421895861,0.299065420560748,0.542323097463284,0.40260347129506,0.493421228304406,52.5393858477971,44.4615696613263,51.8950990862703,NA,NA,0
"E Good","Ogden Raptors",2025,86,413,331,109,11,1,10,62,10,6,76,87,0.329305135951662,0.442542787286063,0.459214501510574,0.901757288796638,0.129909365558912,0.150121065375303,0.184019370460048,0.0242130750605327,22,0.0532687651331719,0.400643031784841,0.430165036674817,0.545487286609522,87,"egood",0.360480640854473,0.444592790387183,0.815754339118825,0.46328437917223,0.394125500667557,0.657142857142857,0.486181575433912,43.6475300400534,59.926992496451,51.4271227763574,NA,NA,0
"E Lopez","Rocky Mountain Vibes",2021,21,75,68,27,0,0,5,7,0,0,7,22,0.397058823529412,0.453333333333333,0.617647058823529,1.07098039215686,0.220588235294118,0.0933333333333333,0.0933333333333333,0.0666666666666667,5,0.0666666666666667,0.464946666666667,0.386737115479336,0.403905188465603,170,"elopez",0.723631508678238,0.937249666221629,0.341789052069426,0.925233644859813,0.809078771695594,0.6043391188251,0.737419893190921,68.5447263017357,56.7187183127155,67.6673463003118,NA,NA,0
"E Lopez","Rocky Mountain Vibes",2022,64,286,259,87,10,8,10,22,2,3,50,59,0.335907335907336,0.388111888111888,0.552123552123552,0.94023544023544,0.216216216216216,0.0769230769230769,0.174825174825175,0.034965034965035,28,0.0979020979020979,0.40441958041958,0.403219653620203,0.505468647871367,105,"elopez",0.699599465954606,0.627503337783712,0.210947930574099,0.522029372496662,0.670761014686248,0.350934579439252,0.5588217623498,60.2456608811749,41.3222470087203,56.1226361155161,NA,NA,0
"E Lopez","Rocky Mountain Vibes",2023,71,335,288,99,21,2,12,40,4,3,51,64,0.34375,0.426865671641791,0.555555555555556,0.982421227197347,0.211805555555556,0.119402985074627,0.152238805970149,0.0358208955223881,35,0.104477611940299,0.425238805970149,0.415712620826764,0.519508091651979,110,"elopez",0.676902536715621,0.64218958611482,0.596795727636849,0.672897196261682,0.6630173564753,0.631041388518024,0.651825767690254,59.781041388518,58.3411072804705,62.1344811590451,NA,NA,0
"E Lopez","Yuba-Sutter Freebirds",2026,14,34,26,11,1,1,1,6,1,1,3,8,0.423076923076923,0.529411764705882,0.653846153846154,1.18325791855204,0.230769230769231,0.176470588235294,0.0882352941176471,0.0294117647058823,3,0.0882352941176471,0.498647058823529,0.450384809487762,0.58938642643552,128,"elopez",0.755674232309746,0.534045393858478,0.926568758344459,0.935914552736983,0.667022696929239,0.930774365821095,0.759335781041389,60.0213618157543,76.5524234435206,69.0840048761017,NA,NA,0
"E McCabe","Glacier Range Riders",2022,88,321,282,93,18,0,3,28,6,4,42,72,0.329787234042553,0.396875,0.425531914893617,0.822406914893617,0.0957446808510639,0.0872274143302181,0.130841121495327,0.00934579439252336,21,0.0654205607476635,0.364903125,0.403219653620203,0.505468647871367,83,"emccabe",0.226969292389853,0.209612817089453,0.288384512683578,0.789052069425901,0.220026702269693,0.513684913217624,0.322807076101469,33.2016021361816,51.2107077671872,40.8664789583266,NA,NA,0
"E McCabe","Rocky Mountain Vibes",2023,66,255,226,69,9,0,4,20,6,3,31,56,0.305309734513274,0.372549019607843,0.398230088495575,0.770779108103418,0.0929203539823009,0.0784313725490196,0.12156862745098,0.0156862745098039,13,0.0509803921568627,0.343933333333333,0.415712620826764,0.519508091651979,66,"emccabe",0.218958611481976,0.305740987983979,0.220293724966622,0.829105473965287,0.253671562082777,0.494259012016021,0.337877169559413,35.2202937249666,50.0304197931454,41.8406205163058,NA,NA,0
"E Niemann","Yuba-Sutter Freebirds",2024,26,86,77,26,3,0,2,2,6,1,8,21,0.337662337662338,0.395348837209302,0.454545454545455,0.849894291754757,0.116883116883117,0.0232558139534884,0.0930232558139535,0.0232558139534884,5,0.0581395348837209,0.376453488372093,0.424262617051871,0.536937901498929,78,"eniemann",0.30173564753004,0.428571428571429,0.0467289719626168,0.927903871829105,0.352469959946595,0.443257676902537,0.384245660881175,41.1481975967957,46.9316568647333,44.837912769561,NA,NA,0
"E Ott","Great Falls Voyagers",2026,88,419,351,113,31,2,19,58,6,4,94,61,0.321937321937322,0.422434367541766,0.584045584045584,1.00647995158735,0.262108262108262,0.138424821002387,0.224343675417661,0.045346062052506,52,0.124105011933174,0.432152744630072,0.450384809487762,0.58938642643552,93,"eott",0.845126835781041,0.767690253671562,0.742323097463284,0.241655540720961,0.81415220293725,0.517022696929239,0.710156875834446,68.849132176235,51.4135063881566,65.9050454707272,NA,NA,0
"E Paton","Glacier Range Riders",2025,31,137,115,38,8,3,4,19,2,0,28,23,0.330434782608696,0.433823529411765,0.556521739130435,0.9903452685422,0.226086956521739,0.138686131386861,0.204379562043796,0.0291970802919708,15,0.109489051094891,0.429397058823529,0.430165036674817,0.545487286609522,103,"epaton",0.735647530040053,0.524699599465955,0.744993324432577,0.35781041388518,0.651268357810414,0.570761014686248,0.623090787716956,59.0761014686248,54.6785641857635,60.2770316191462,NA,NA,0
"E Pelc","Idaho Falls Chukars",2025,46,234,187,59,6,1,3,39,4,3,34,49,0.315508021390374,0.437768240343348,0.406417112299465,0.844185352642813,0.0909090909090909,0.166666666666667,0.145299145299145,0.0128205128205128,10,0.0427350427350427,0.381351931330472,0.430165036674817,0.545487286609522,76,"epelc",0.209612817089453,0.257676902536716,0.894526034712951,0.710280373831776,0.228838451268358,0.811615487316422,0.43281041388518,33.7303070761015,69.3125126749138,47.9771729397931,NA,NA,0
"E Pelc","Long Beach Coast",2026,88,443,314,112,21,2,9,119,2,7,47,80,0.356687898089172,0.527149321266968,0.522292993630573,1.04944231489754,0.165605095541401,0.2686230248307,0.106094808126411,0.0203160270880361,32,0.072234762979684,0.460239819004525,0.450384809487762,0.58938642643552,106,"epelc",0.492656875834446,0.39652870493992,0.995994659546061,0.883845126835781,0.454205607476636,0.945527369826435,0.626168224299065,47.2523364485981,77.4487933482052,60.475959308284,NA,NA,0
"E Peralta","Rocky Mountain Vibes",2023,82,355,303,97,19,3,6,36,5,6,89,69,0.32013201320132,0.394285714285714,0.462046204620462,0.856331918906176,0.141914191419142,0.101408450704225,0.250704225352113,0.0169014084507042,28,0.0788732394366197,0.375214285714286,0.415712620826764,0.519508091651979,84,"eperalta",0.397863818424566,0.335113484646195,0.428571428571429,0.128170894526035,0.372763684913218,0.293391188251001,0.344983311081442,42.3658210947931,37.8259987832083,42.2999665577095,NA,NA,0
"E Rosales","Rocky Mountain Vibes",2021,129,303,270,74,0,0,9,33,0,0,73,65,0.274074074074074,0.353135313531353,0.374074074074074,0.727209387605427,0.1,0.108910891089109,0.240924092409241,0.0297029702970297,9,0.0297029702970297,0.328049504950495,0.386737115479336,0.403905188465603,84,"erosales",0.240320427236315,0.542056074766355,0.499332443257677,0.157543391188251,0.361014686248331,0.345527369826435,0.355594125500668,41.6608811748999,40.9937132427499,42.9858571474805,NA,NA,0
"E Sanchez","Billings Mustangs",2023,36,132,117,35,6,1,1,12,2,1,20,27,0.299145299145299,0.371212121212121,0.393162393162393,0.764374514374514,0.094017094017094,0.0909090909090909,0.151515151515152,0.00757575757575757,8,0.0606060606060606,0.341234848484848,0.415712620826764,0.519508091651979,65,"esanchez",0.220293724966622,0.188251001335113,0.317757009345794,0.678237650200267,0.207476635514019,0.479973297730307,0.30285046728972,32.4485981308411,49.1624416953965,39.5764695729096,NA,NA,0
"E Scavotto","Grand Junction Jackalopes",2025,95,465,369,132,21,2,22,86,5,5,109,87,0.357723577235772,0.479569892473118,0.604336043360434,1.08390593583355,0.246612466124661,0.18494623655914,0.234408602150538,0.0473118279569892,45,0.0967741935483871,0.465270967741935,0.430165036674817,0.545487286609522,122,"escavotto",0.799732977303071,0.798397863818425,0.941255006675567,0.186915887850467,0.799198931909212,0.601802403204272,0.730110146862483,67.9519359145527,56.5645913607787,67.1948390994315,NA,NA,0
"E Sim","RedPocket Mobiles",2026,1,3,3,1,0,0,0,0,0,0,1,1,0.333333333333333,0.333333333333333,0.333333333333333,0.666666666666667,0,0,0.333333333333333,0,0,0,0.296,0.450384809487762,0.58938642643552,31,"esim",0,0,0,0.0333778371161548,0,0.0150200267022697,0.00525700934579439,20,20.9125937943622,20.3398168225509,NA,NA,0
"E Sleight","Missoula PaddleHeads",2025,76,352,305,102,23,2,16,36,9,2,63,61,0.334426229508197,0.417613636363636,0.580327868852459,0.997941505216095,0.245901639344262,0.102272727272727,0.178977272727273,0.0454545454545454,41,0.116477272727273,0.430644886363636,0.430165036674817,0.545487286609522,103,"esleight",0.797062750333778,0.769025367156208,0.439252336448598,0.497997329773031,0.78584779706275,0.465687583444593,0.673791722296395,67.150867823765,48.2944635976475,63.554376085526,NA,NA,0
"E Smith","Grand Junction Jackalopes",2023,39,133,112,36,8,0,5,10,10,1,38,23,0.321428571428571,0.421052631578947,0.526785714285714,0.947838345864662,0.205357142857143,0.075187969924812,0.285714285714286,0.037593984962406,13,0.0977443609022556,0.415165413533835,0.415712620826764,0.519508091651979,103,"esmith",0.651535380507343,0.67022696929239,0.200267022696929,0.0640854472630173,0.659012016021362,0.138985313751669,0.477002670226969,59.5407209612817,28.4445345771649,50.8337918163479,NA,NA,0
"E Underwood","Boise Hawks",2025,88,392,309,104,16,1,6,60,16,4,65,81,0.336569579288026,0.462724935732648,0.453074433656958,0.915799369389606,0.116504854368932,0.153061224489796,0.165816326530612,0.0153061224489796,23,0.0586734693877551,0.409866323907455,0.430165036674817,0.545487286609522,91,"eunderwood",0.300400534045394,0.296395193591455,0.829105473965287,0.587449933244326,0.298798397863818,0.720360480640855,0.446345126835781,37.9279038718291,63.767998377611,48.8520664099162,NA,NA,0
"E Underwood","Boise Hawks",2026,83,387,304,109,26,3,5,50,26,2,66,75,0.358552631578947,0.484293193717277,0.513157894736842,0.99745108845412,0.154605263157895,0.129198966408269,0.170542635658915,0.0129198966408269,34,0.0878552971576227,0.4405,0.450384809487762,0.58938642643552,95,"eunderwood",0.443257676902537,0.259012016021362,0.67022696929239,0.556742323097463,0.369559412550067,0.619158878504673,0.456919225634179,42.173564753004,57.6191441898195,49.5355836758471,NA,NA,0
"E Yake","Rocky Mountain Vibes",2024,89,405,348,127,21,3,3,42,10,2,48,100,0.364942528735632,0.445273631840796,0.468390804597701,0.913664436438497,0.103448275862069,0.103703703703704,0.118518518518519,0.0074074074074074,27,0.0666666666666667,0.40507960199005,0.424262617051871,0.536937901498929,92,"eyake",0.259012016021362,0.185580774365821,0.455273698264352,0.843791722296395,0.229639519359146,0.630106809078772,0.369803070761015,33.7783711615487,58.2843236665991,43.9043334735752,NA,NA,0
"F Aberouette","Glacier Range Riders",2022,9,31,27,9,2,1,1,4,0,0,5,5,0.333333333333333,0.419354838709677,0.592592592592593,1.01194743130227,0.259259259259259,0.129032258064516,0.161290322580645,0.032258064516129,4,0.129032258064516,0.434161290322581,0.403219653620203,0.505468647871367,121,"faberouette",0.835781041388518,0.574098798397864,0.667556742323097,0.612817089452603,0.731108144192256,0.642923898531375,0.700243658210948,63.8664886515354,59.0630703711215,65.2642480339169,NA,NA,0
"F Achecar","Billings Mustangs",2021,57,197,178,52,0,0,3,19,0,0,42,49,0.292134831460674,0.360406091370558,0.342696629213483,0.703102720584042,0.050561797752809,0.0964467005076142,0.213197969543147,0.0152284263959391,3,0.0152284263959391,0.319416243654822,0.386737115479336,0.403905188465603,78,"fachecar",0.117489986648865,0.292389853137517,0.371161548731642,0.311081441922563,0.187449933244326,0.344125500667557,0.242286381842457,31.2469959946595,40.9085378219428,35.6615640204106,NA,NA,0
"F Jezioro","Grand Junction Jackalopes",2021,40,135,126,51,0,0,5,9,0,0,36,46,0.404761904761905,0.444444444444444,0.523809523809524,0.968253968253968,0.119047619047619,0.0666666666666667,0.266666666666667,0.037037037037037,5,0.037037037037037,0.426392592592593,0.386737115479336,0.403905188465603,145,"fjezioro",0.308411214953271,0.660881174899867,0.138851802403204,0.0934579439252337,0.449399198931909,0.118424566088117,0.333558077436582,46.9639519359146,27.1952950719935,41.5614313300322,NA,NA,0
"F Loera","Great Falls Voyagers",2022,13,47,42,14,4,0,0,4,1,0,10,10,0.333333333333333,0.404255319148936,0.428571428571429,0.832826747720365,0.0952380952380952,0.0851063829787234,0.212765957446809,0,4,0.0851063829787234,0.371191489361702,0.403219653620203,0.505468647871367,85,"floera",0.225634178905207,0,0.264352469959947,0.317757009345794,0.135380507343124,0.288384512683578,0.188931909212283,28.1228304405874,37.5218008517542,32.21269296741,NA,NA,0
"F Rodriguez","Rocky Mountain Vibes",2021,28,82,77,15,0,0,0,5,0,0,24,15,0.194805194805195,0.24390243902439,0.194805194805195,0.438707633829585,0,0.0609756097560976,0.292682926829268,0,0,0,0.204512195121951,0.386737115479336,0.403905188465603,11,"frodriguez",0,0,0.118825100133511,0.0574098798397864,0,0.0911882510013351,0.0319158878504673,20,25.5404583248834,22.0630656871312,NA,NA,0
"F Rojas Jr.","Great Falls Voyagers",2024,89,364,294,92,14,2,12,58,9,3,76,64,0.312925170068027,0.436813186813187,0.496598639455782,0.933411826268969,0.183673469387755,0.159340659340659,0.208791208791209,0.032967032967033,28,0.0769230769230769,0.410956043956044,0.424262617051871,0.536937901498929,95,"f.",0.556742323097463,0.588785046728972,0.85981308411215,0.335113484646195,0.569559412550067,0.62369826435247,0.588508010680908,54.173564753004,57.8949503143379,58.0415763185432,NA,NA,0
"G Barnes","Rocky Mountain Vibes",2021,63,249,237,74,0,0,3,12,0,0,47,71,0.312236286919831,0.345381526104418,0.350210970464135,0.695592496568553,0.0379746835443038,0.0481927710843374,0.188755020080321,0.0120481927710843,3,0.0120481927710843,0.311771084337349,0.386737115479336,0.403905188465603,76,"gbarnes",0.0987983978638184,0.242990654205607,0.0694259012016021,0.44192256341789,0.156475300400534,0.237049399198932,0.184676234979973,29.388518024032,34.4027580612452,31.9376031586783,NA,NA,0
"G Bautista","Billings Mustangs",2021,32,98,90,20,0,0,1,8,0,0,18,19,0.222222222222222,0.285714285714286,0.255555555555556,0.541269841269841,0.0333333333333333,0.0816326530612245,0.183673469387755,0.0102040816326531,1,0.0102040816326531,0.249928571428571,0.386737115479336,0.403905188465603,37,"gbautista",0.0921228304405874,0.224299065420561,0.23497997329773,0.468624833110814,0.144993324432577,0.340120160213618,0.213287716955941,28.6995994659546,40.6651794767796,33.787069700206,NA,NA,0
"G Bevacqua","Ogden Raptors",2026,67,316,259,97,15,1,6,47,7,1,47,75,0.374517374517374,0.480891719745223,0.50965250965251,0.990544229397733,0.135135135135135,0.14873417721519,0.14873417721519,0.0189873417721519,22,0.069620253164557,0.437487261146497,0.450384809487762,0.58938642643552,93,"gbevacqua",0.373831775700935,0.376502002670227,0.811748998664886,0.690253671562083,0.374899866488652,0.757076101468625,0.508661548731642,42.4939919893191,65.9987832082742,52.8802442365988,NA,NA,0
"G Brusa","Yuba-Sutter Freebirds",2025,90,407,353,115,21,2,28,48,3,2,87,64,0.325779036827195,0.408866995073892,0.634560906515581,1.04342790158947,0.308781869688385,0.117936117936118,0.213759213759214,0.0687960687960688,51,0.125307125307125,0.445490147783251,0.430165036674817,0.545487286609522,111,"gbrusa",0.921228304405875,0.94392523364486,0.582109479305741,0.308411214953271,0.930307076101469,0.45894526034713,0.76533044058745,75.8184245660881,47.8848103832894,69.4715039321661,NA,NA,0
"G Buhner","Ogden Raptors",2022,9,30,25,10,4,0,0,3,2,0,5,6,0.4,0.5,0.56,1.06,0.16,0.1,0.166666666666667,0,4,0.133333333333333,0.4642,0.403219653620203,0.505468647871367,135,"gbuhner",0.471295060080107,0,0.412550066755674,0.584779706275033,0.282777036048064,0.490053404539386,0.355323765020027,36.9666221628838,49.774893530724,42.9683808537493,NA,NA,0
"G DiGiacomo","Missoula PaddleHeads",2023,37,140,109,34,7,0,1,23,5,2,23,26,0.311926605504587,0.446043165467626,0.403669724770642,0.849712890238268,0.091743119266055,0.164285714285714,0.164285714285714,0.00714285714285714,8,0.0571428571428571,0.38536690647482,0.415712620826764,0.519508091651979,85,"gdigiacomo",0.210947930574099,0.184245660881175,0.885180240320427,0.594125500667557,0.200267022696929,0.754205607476636,0.394145527369826,32.0160213618158,65.8243763942405,45.4778471795204,NA,NA,0
"G DiGiacomo","Missoula PaddleHeads",2024,9,27,23,8,0,0,1,4,0,0,5,7,0.347826086956522,0.444444444444444,0.478260869565217,0.922705314009662,0.130434782608696,0.148148148148148,0.185185185185185,0.037037037037037,1,0.037037037037037,0.410259259259259,0.424262617051871,0.536937901498929,94,"gdigiacomo",0.367156208277704,0.660881174899867,0.805073431241656,0.455273698264352,0.484646194926569,0.647663551401869,0.541702269692924,49.0787716955941,59.351044412898,55.0160199359203,NA,NA,0
"G Diaz","Rocky Mountain Vibes",2022,88,419,376,148,16,2,2,32,6,3,26,128,0.393617021276596,0.446043165467626,0.462765957446808,0.908809122914434,0.0691489361702127,0.0763723150357995,0.0620525059665871,0.00477326968973747,20,0.0477326968973747,0.402508393285372,0.403219653620203,0.505468647871367,102,"gdiaz",0.168224299065421,0.160213618157543,0.20694259012016,0.967957276368491,0.16502002670227,0.549399198931909,0.299552736982644,29.9012016021362,53.3806530115595,39.3633019407316,NA,NA,0
"G Ferraro-Nahr","Ogden Raptors",2026,85,389,323,126,21,2,24,55,8,2,67,79,0.390092879256966,0.487113402061856,0.690402476780186,1.17751587884204,0.30030959752322,0.141388174807198,0.172236503856041,0.0616966580976864,47,0.120822622107969,0.500579896907216,0.450384809487762,0.58938642643552,125,"gferraro-nahr",0.911882510013351,0.91588785046729,0.762349799732977,0.544726301735648,0.913484646194927,0.664419225634179,0.826311748998665,74.8090787716956,60.3690934901643,73.4133790737564,NA,NA,0
"G Horton","Missoula PaddleHeads",2021,11,40,38,14,0,0,2,2,0,0,9,12,0.368421052631579,0.4,0.526315789473684,0.926315789473684,0.157894736842105,0.05,0.225,0.05,2,0.05,0.40595,0.386737115479336,0.403905188465603,134,"ghorton",0.457943925233645,0.835781041388518,0.0734312416555407,0.240320427236315,0.609078771695594,0.148531375166889,0.447887182910547,56.5447263017356,29.0245386331373,48.9517460111978,NA,NA,0
"G Horvat","RedPocket Mobiles",2026,66,303,271,90,17,1,3,24,7,1,44,69,0.33210332103321,0.399339933993399,0.435424354243542,0.834764288236942,0.103321033210332,0.0792079207920792,0.145214521452145,0.0099009900990099,21,0.0693069306930693,0.370996699669967,0.450384809487762,0.58938642643552,63,"ghorvat",0.257676902536716,0.216288384512684,0.224299065420561,0.711615487316422,0.241121495327103,0.443591455273698,0.311985981308411,34.4672897196262,46.9519367268303,40.1669956956536,NA,NA,0
"G Howell","Glacier Range Riders",2022,23,101,81,29,7,0,5,16,4,0,18,17,0.358024691358025,0.485148514851485,0.62962962962963,1.11477814448111,0.271604938271605,0.158415841584158,0.178217821782178,0.0495049504950495,12,0.118811881188119,0.479465346534654,0.403219653620203,0.505468647871367,145,"ghowell",0.863818424566088,0.833110814419226,0.854472630173565,0.502002670226969,0.851535380507343,0.695861148197597,0.797049399198932,71.0921228304406,62.2794564996958,71.5218399732462,NA,NA,0
"G Howell","Glacier Range Riders",2023,94,455,371,111,26,2,17,65,14,5,77,66,0.299191374663073,0.417582417582418,0.517520215633423,0.935102633215841,0.21832884097035,0.142857142857143,0.169230769230769,0.0373626373626374,45,0.0989010989010989,0.407826373626374,0.415712620826764,0.519508091651979,100,"ghowell",0.706275033377837,0.668891855807744,0.773030707610147,0.563417890520694,0.6913217623498,0.678704939919893,0.686905874499332,61.479305740988,61.2370715879132,64.402084209845,NA,NA,0
"G Howell","Glacier Range Riders",2024,66,307,273,88,16,3,9,27,1,4,64,60,0.322344322344322,0.380327868852459,0.501831501831502,0.882159370683961,0.179487179487179,0.0879478827361563,0.208469055374593,0.0293159609120521,28,0.0912052117263844,0.382704918032787,0.424262617051871,0.536937901498929,83,"ghowell",0.540720961281709,0.532710280373832,0.295060080106809,0.339118825100133,0.537516688918558,0.314886515353805,0.459596128170895,52.2510013351135,39.1320219022511,49.7086205594572,NA,NA,0
"G Kueber","Rocky Mountain Vibes",2025,80,359,296,92,13,1,5,50,6,4,77,73,0.310810810810811,0.415730337078652,0.412162162162162,0.827892499240814,0.101351351351351,0.139275766016713,0.214484679665738,0.0139275766016713,19,0.052924791086351,0.371629213483146,0.430165036674817,0.545487286609522,72,"gkueber",0.246995994659546,0.27369826435247,0.748998664886515,0.300400534045394,0.257676902536716,0.547129506008011,0.358985313751669,35.4606141522029,53.2427499493003,43.2050659676149,NA,NA,0
"G Lora","Billings Mustangs",2024,42,176,142,43,12,0,3,23,8,1,27,28,0.302816901408451,0.425287356321839,0.450704225352113,0.875991581673952,0.147887323943662,0.130681818181818,0.153409090909091,0.0170454545454545,15,0.0852272727272727,0.39117816091954,0.424262617051871,0.536937901498929,84,"glora",0.419225634178905,0.339118825100134,0.68758344459279,0.667556742323097,0.387182910547397,0.678571428571429,0.489168891855808,43.2309746328438,61.2289596430744,51.6202250342514,NA,NA,0
"G Lora Gonzalez","Rocky Mountain Vibes",2025,82,376,325,107,15,0,16,36,8,7,58,76,0.329230769230769,0.401595744680851,0.523076923076923,0.924672667757774,0.193846153846154,0.0957446808510638,0.154255319148936,0.0425531914893617,31,0.0824468085106383,0.401023936170213,0.430165036674817,0.545487286609522,89,"ggonzalez",0.608811748998665,0.735647530040053,0.364485981308411,0.658210947930574,0.65954606141522,0.496662216288385,0.602536715620828,59.5727636849132,50.1764348002434,58.9484017821504,NA,NA,0
"G Lyttle","Great Falls Voyagers",2021,41,122,99,33,0,0,2,23,0,0,22,31,0.333333333333333,0.459016393442623,0.393939393939394,0.852955787382017,0.0606060606060606,0.188524590163934,0.180327868852459,0.0163934426229508,2,0.0163934426229508,0.390163934426229,0.386737115479336,0.403905188465603,116,"glyttle",0.148197596795728,0.319092122830441,0.949265687583445,0.4913217623498,0.216555407209613,0.743190921228304,0.400877837116155,32.9933244325768,65.1551409450416,45.9130284690982,NA,NA,0
"G Miller","Rocky Mountain Vibes",2024,18,71,65,23,4,0,3,3,2,0,16,16,0.353846153846154,0.4,0.553846153846154,0.953846153846154,0.2,0.0422535211267606,0.225352112676056,0.0422535211267606,7,0.0985915492957746,0.415842857142857,0.424262617051871,0.536937901498929,97,"gmiller",0.628838451268358,0.730307076101469,0.0600801068090788,0.237650200267023,0.669425901201602,0.139986648865154,0.484122162883845,60.1655540720961,28.5053741634557,51.2940008846025,NA,NA,0
"G Morgan","Idaho Falls Chukars",2024,30,140,126,44,9,1,2,12,2,0,19,32,0.349206349206349,0.414285714285714,0.484126984126984,0.898412698412698,0.134920634920635,0.0857142857142857,0.135714285714286,0.0142857142857143,12,0.0857142857142857,0.395692857142857,0.424262617051871,0.536937901498929,88,"gmorgan",0.372496662216288,0.281708945260347,0.272363150867824,0.759679572763685,0.336181575433912,0.491655540720961,0.390597463284379,40.1708945260347,49.8722368687893,45.2484977938876,NA,NA,0
"G Morgan","Idaho Falls Chukars",2025,50,222,179,55,9,2,4,38,3,2,39,40,0.307262569832402,0.432432432432432,0.446927374301676,0.879359806734108,0.139664804469274,0.171171171171171,0.175675675675676,0.018018018018018,15,0.0675675675675676,0.391806306306306,0.430165036674817,0.545487286609522,82,"gmorgan",0.395193591455274,0.359145527369826,0.913217623497997,0.514018691588785,0.380774365821095,0.733578104138852,0.50425567423231,42.8464619492657,64.5710809166498,52.5954453757942,NA,NA,0
"G Ostrander","Idaho Falls Chukars",2025,81,384,315,117,22,2,9,57,9,2,25,84,0.371428571428571,0.477806788511749,0.53968253968254,1.01748932819429,0.168253968253968,0.1484375,0.0651041666666667,0.0234375,33,0.0859375,0.445229765013055,0.430165036674817,0.545487286609522,110,"gostrander",0.504672897196262,0.432576769025367,0.809078771695594,0.965287049399199,0.475834445927904,0.879372496662216,0.617072763684913,48.5500667556742,73.4293246805922,59.8880222660927,NA,NA,0
"G Ostrander","Idaho Falls Chukars",2026,74,378,308,122,30,2,2,64,4,1,27,88,0.396103896103896,0.503978779840849,0.525974025974026,1.02995280581487,0.12987012987013,0.169312169312169,0.0714285714285714,0.00529100529100529,34,0.0899470899470899,0.452933687002653,0.450384809487762,0.58938642643552,101,"gostrander",0.359145527369826,0.169559412550067,0.909212283044059,0.96128170894526,0.283311081441923,0.932643524699599,0.510577436582109,36.9986648865153,76.6659906712634,53.0040885897062,NA,NA,0
"G Vasquez","Idaho Falls Chukars",2026,2,2,2,1,0,0,0,0,0,0,0,1,0.5,0.5,0.5,1,0,0,0,0,0,0,0.444,0.450384809487762,0.58938642643552,96,"gvasquez",0,0,0,1,0,0.45,0.1575,20,47.3413100790915,30.1809120036247,NA,NA,0
"G White","Boise Hawks",2021,62,127,118,32,0,0,0,9,0,0,33,32,0.271186440677966,0.322834645669291,0.271186440677966,0.594021086347257,0,0.0708661417322835,0.259842519685039,0,0,0,0.272645669291339,0.386737115479336,0.403905188465603,51,"gwhite",0,0,0.173564753004005,0.110814419225634,0,0.145327102803738,0.0508644859813084,20,28.8298519570067,23.2879165453035,NA,NA,0
"G Wurtz","Billings Mustangs",2022,91,394,355,108,24,4,20,33,2,4,103,60,0.304225352112676,0.362944162436548,0.563380281690141,0.926324444126689,0.259154929577465,0.083756345177665,0.261421319796954,0.0507614213197969,48,0.121827411167513,0.397162436548223,0.403219653620203,0.505468647871367,101,"gwurtz",0.834445927903872,0.842456608811749,0.252336448598131,0.104138851802403,0.837650200267023,0.185647530040053,0.609449265687584,70.2590120160214,31.2796592983168,59.3952339342158,NA,NA,0
"G Wurtz","Billings Mustangs",2023,90,402,355,122,22,3,19,35,9,3,71,78,0.343661971830986,0.412935323383085,0.583098591549296,0.99603391493238,0.23943661971831,0.0870646766169154,0.176616915422886,0.0472636815920398,44,0.109452736318408,0.429455223880597,0.415712620826764,0.519508091651979,112,"gwurtz",0.777036048064085,0.797062750333778,0.287049399198932,0.5086782376502,0.785046728971963,0.386782376502003,0.645654205607477,67.1028037383178,43.5003041979315,61.735546997206,NA,NA,0
"G Young","Colorado Springs Sky Sox",2022,34,11,10,3,1,0,0,1,0,0,4,2,0.3,0.363636363636364,0.4,0.763636363636364,0.1,0.0909090909090909,0.363636363636364,0,1,0.0909090909090909,0.339727272727273,0.403219653620203,0.505468647871367,69,"gyoung",0.242990654205607,0,0.317757009345794,0.0186915887850467,0.145794392523364,0.183177570093458,0.158878504672897,28.7476635514019,31.1295883187994,30.2700195259825,NA,NA,0
"H Brown","Idaho Falls Chukars",2021,24,90,80,21,0,0,2,10,0,0,20,19,0.2625,0.344444444444444,0.3375,0.681944444444444,0.075,0.111111111111111,0.222222222222222,0.0222222222222222,2,0.0222222222222222,0.310822222222222,0.386737115479336,0.403905188465603,73,"hbrown",0.177570093457944,0.417890520694259,0.51935914552737,0.253671562082777,0.27369826435247,0.399799732977303,0.317833778371162,36.4218958611482,44.291218819712,40.5450014563578,NA,NA,0
"H George","Colorado Springs Sky Sox",2023,88,410,348,123,23,8,16,53,6,2,36,76,0.353448275862069,0.444987775061125,0.603448275862069,1.04843605092319,0.25,0.129268292682927,0.0878048780487805,0.0390243902439024,47,0.114634146341463,0.450286063569682,0.415712620826764,0.519508091651979,123,"hgeorge",0.81041388518024,0.686248331108144,0.671562082777036,0.937249666221629,0.760747663551402,0.791121495327103,0.771378504672897,65.6448598130841,68.0673291421618,69.8624550956342,NA,NA,0
"H George","Colorado Springs Sky Sox",2024,89,410,333,106,34,4,12,69,3,5,57,56,0.318318318318318,0.434146341463415,0.552552552552553,0.986698894015967,0.234234234234234,0.168292682926829,0.139024390243902,0.0292682926829268,50,0.121951219512195,0.425351219512195,0.424262617051871,0.536937901498929,105,"hgeorge",0.76502002670227,0.528704939919893,0.90520694259012,0.739652870493992,0.670493991989319,0.830707610146862,0.726568758344459,60.2296395193591,70.4725207868586,66.9659212272242,NA,NA,0
"H Hall","Boise Hawks",2025,15,10,10,3,0,0,0,0,0,0,1,3,0.3,0.3,0.3,0.6,0,0,0.1,0,0,0,0.2664,0.430165036674817,0.545487286609522,25,"hhall",0,0,0,0.907877169559413,0,0.408544726301736,0.142990654205607,20,44.8225512066518,29.2430175733843,NA,NA,0
"H Hall","Great Falls Voyagers",2024,73,271,243,78,16,2,8,19,8,1,58,52,0.320987654320988,0.387453874538745,0.502057613168724,0.88951148770747,0.181069958847737,0.0701107011070111,0.214022140221402,0.029520295202952,26,0.0959409594095941,0.389070110701107,0.424262617051871,0.536937901498929,85,"hhall",0.546061415220294,0.538050734312417,0.170894526034713,0.305740987983979,0.542857142857143,0.231575433911883,0.433908544726302,52.5714285714286,34.0701683228554,48.0481568982815,NA,NA,0
"H Himrich","Rocky Mountain Vibes",2025,30,119,104,33,7,1,1,7,5,2,35,24,0.317307692307692,0.38135593220339,0.432692307692308,0.814048239895698,0.115384615384615,0.0588235294117647,0.294117647058824,0.00840336134453781,9,0.0756302521008403,0.359033898305085,0.430165036674817,0.545487286609522,68,"hhimrich",0.296395193591455,0.196261682242991,0.105473965287049,0.054739652870494,0.256341789052069,0.0826435246995995,0.195547396528705,35.3805073431242,25.0212938552018,32.6403227720422,NA,NA,0
"H Hisky","Idaho Falls Chukars",2021,52,226,195,67,0,0,4,31,0,0,35,63,0.343589743589744,0.433628318584071,0.405128205128205,0.838756523712276,0.0615384615384615,0.13716814159292,0.154867256637168,0.0176991150442478,4,0.0176991150442478,0.379371681415929,0.386737115479336,0.403905188465603,112,"hhisky",0.149532710280374,0.347129506008011,0.731642189586115,0.651535380507343,0.228571428571429,0.695594125500668,0.392029372496662,33.7142857142857,62.2632326100183,45.3410574236491,NA,NA,0
"H Hisky","Idaho Falls Chukars",2022,93,450,388,124,32,4,7,50,4,8,41,81,0.319587628865979,0.395555555555555,0.47680412371134,0.872359679266896,0.157216494845361,0.111111111111111,0.0911111111111111,0.0155555555555555,43,0.0955555555555556,0.380353333333333,0.403219653620203,0.505468647871367,92,"hhisky",0.45260347129506,0.303070761014686,0.51935914552737,0.930574098798398,0.392790387182911,0.704405874499332,0.501855807743658,43.5674232309746,62.7986209693774,52.4403162993409,NA,NA,0
"H Hudson","Idaho Falls Chukars",2022,10,30,27,11,4,0,2,3,0,0,8,5,0.407407407407407,0.466666666666667,0.777777777777778,1.24444444444444,0.37037037037037,0.1,0.266666666666667,0.0666666666666667,6,0.2,0.526533333333333,0.403219653620203,0.505468647871367,170,"hhudson",0.974632843791722,0.937249666221629,0.412550066755674,0.0934579439252337,0.959679572763685,0.268958611481976,0.717927236315087,77.5807743658211,36.3415128777124,66.4073270979643,NA,NA,0
"H Yanez","Great Falls Voyagers",2024,38,170,147,48,12,0,3,17,2,2,31,33,0.326530612244898,0.398809523809524,0.469387755102041,0.868197278911565,0.142857142857143,0.1,0.182352941176471,0.0176470588235294,15,0.0882352941176471,0.38114880952381,0.424262617051871,0.536937901498929,81,"hyanez",0.404539385847797,0.345794392523364,0.412550066755674,0.48064085447263,0.381041388518024,0.443190921228304,0.402793724966622,42.8624833110814,46.9276008923139,46.0368728222057,NA,NA,0
"I Nunez","Grand Junction Jackalopes",2025,90,415,326,112,14,0,17,63,13,4,69,81,0.343558282208589,0.463054187192118,0.542944785276074,1.00599897246819,0.199386503067485,0.151807228915663,0.166265060240964,0.0409638554216867,31,0.0746987951807229,0.439150246305419,0.430165036674817,0.545487286609522,107,"inunez",0.620827770360481,0.711615487316422,0.823765020026702,0.586114819759679,0.657142857142857,0.716822429906542,0.678030707610147,59.4285714285714,63.5530318393835,63.828387110694,NA,NA,0
"J Agnew","Grand Junction Jackalopes",2021,18,1,1,1,0,0,0,0,0,0,0,1,1,1,1,2,0,0,0,0,0,0,0.888,0.386737115479336,0.403905188465603,406,"jagnew",0,0,0,1,0,0.45,0.1575,20,47.3413100790915,30.1809120036247,NA,NA,0
"J Agnew","Grand Junction Jackalopes",2022,25,5,5,2,0,0,1,0,0,0,1,1,0.4,0.4,1,1.4,0.6,0,0.2,0.2,1,0.2,0.5978,0.403219653620203,0.505468647871367,197,"jagnew",0.995994659546061,0.997329773030708,0,0.381842456608812,0.99652870493992,0.171829105473965,0.707883845126836,79.7917222963952,30.4400730075035,65.7581151493576,NA,NA,0
"J Ajamian","Boise Hawks",2022,7,28,23,7,1,0,1,3,1,1,4,5,0.304347826086957,0.392857142857143,0.478260869565217,0.87111801242236,0.173913043478261,0.107142857142857,0.142857142857143,0.0357142857142857,2,0.0714285714285714,0.378714285714286,0.403219653620203,0.505468647871367,92,"jajamian",0.518024032042724,0.635514018691589,0.485981308411215,0.727636849132176,0.56502002670227,0.594726301735648,0.575417222963952,53.9012016021362,56.1346582843237,57.1953784912133,NA,NA,0
"J Akins","Missoula PaddleHeads",2021,80,291,253,78,0,0,13,38,0,0,62,65,0.308300395256917,0.398625429553265,0.462450592885375,0.86107602243864,0.154150197628458,0.130584192439863,0.213058419243986,0.0446735395189003,13,0.0446735395189003,0.382312714776632,0.386737115479336,0.403905188465603,118,"jakins",0.441922563417891,0.762349799732977,0.683578104138852,0.313751668891856,0.570093457943925,0.517156208277704,0.551565420560748,54.2056074766355,51.4216183329953,55.6535810220395,NA,NA,0
"J Akins","Missoula PaddleHeads",2022,68,226,197,61,12,2,7,25,3,1,53,40,0.309644670050761,0.393805309734513,0.49746192893401,0.891267238668523,0.187817258883249,0.110619469026549,0.234513274336283,0.0309734513274336,21,0.0929203539823009,0.389942477876106,0.403219653620203,0.505468647871367,96,"jakins",0.574098798397864,0.552736982643525,0.516688918558077,0.185580774365821,0.565554072096128,0.367690253671562,0.49630173564753,53.9332443257677,42.3402960859866,52.0812971293569,NA,NA,0
"J Allgeyer","Oakland Ballers",2025,40,169,146,47,11,1,2,19,3,1,23,33,0.321917808219178,0.408284023668639,0.452054794520548,0.860338818189187,0.13013698630137,0.112426035502959,0.136094674556213,0.0118343195266272,14,0.0828402366863905,0.380940828402367,0.430165036674817,0.545487286609522,78,"jallgeyer",0.364485981308411,0.237650200267023,0.532710280373832,0.757009345794392,0.313751668891856,0.633644859813084,0.425714285714286,38.8251001335113,58.4992902048266,47.5184741685276,NA,NA,0
"J Allgeyer","Oakland Ballers",2026,75,346,288,96,21,0,15,47,8,3,54,60,0.333333333333333,0.436416184971098,0.5625,0.998916184971098,0.229166666666667,0.135838150289017,0.15606936416185,0.0433526011560694,36,0.104046242774566,0.432635838150289,0.450384809487762,0.58938642643552,92,"jallgeyer",0.748998664886515,0.747663551401869,0.719626168224299,0.644859813084112,0.748464619492657,0.685981308411215,0.726595460614152,64.9078771695594,61.6791725816264,66.967647280926,NA,NA,0
"J Anderson","Grand Junction Jackalopes",2021,47,188,166,49,0,0,2,22,0,0,36,47,0.295180722891566,0.377659574468085,0.331325301204819,0.708984875672904,0.036144578313253,0.117021276595745,0.191489361702128,0.0106382978723404,2,0.0106382978723404,0.325095744680851,0.386737115479336,0.403905188465603,80,"janderson",0.0947930574098798,0.225634178905207,0.576769025367156,0.42456608811749,0.147129506008011,0.508277703604806,0.273531375166889,28.8277703604806,50.8821740012168,37.6812626082829,NA,NA,0
"J Azuaje","Billings Mustangs",2021,71,264,228,65,0,0,2,36,0,0,25,63,0.285087719298246,0.382575757575758,0.31140350877193,0.693979266347687,0.0263157894736842,0.136363636363636,0.0946969696969697,0.00757575757575757,2,0.00757575757575757,0.321916666666667,0.386737115479336,0.403905188465603,76,"jazuaje",0.0827770360480641,0.188251001335113,0.724966622162884,0.923898531375167,0.124966622162884,0.814485981308411,0.366298397863818,27.497997329773,69.4869194889475,43.6777889252079,NA,NA,0
"J Barfield","Rocky Mountain Vibes",2021,74,291,260,88,0,0,18,31,0,0,64,70,0.338461538461538,0.40893470790378,0.546153846153846,0.955088554057626,0.207692307692308,0.106529209621993,0.219931271477663,0.0618556701030928,18,0.0618556701030928,0.417072164948454,0.386737115479336,0.403905188465603,141,"jbarfield",0.658210947930574,0.917222963951936,0.481975967957276,0.269692923898531,0.761815754339119,0.386448598130841,0.630437249666222,65.7089452603471,43.4800243358345,60.7519121438666,NA,NA,0
"J Barfield","Rocky Mountain Vibes",2023,77,349,286,102,27,0,22,44,9,6,67,53,0.356643356643357,0.449275362318841,0.681818181818182,1.13109354413702,0.325174825174825,0.126074498567335,0.191977077363897,0.0630372492836676,49,0.140401146131805,0.476698550724638,0.415712620826764,0.519508091651979,139,"jbarfield",0.939919893190921,0.922563417890521,0.643524699599466,0.421895861148198,0.932977303070761,0.543791722296395,0.796762349799733,75.9786381842457,53.039951328331,71.5032848959513,NA,NA,0
"J Barth","Billings Mustangs",2022,77,274,250,72,11,1,5,10,12,1,23,55,0.288,0.344322344322344,0.4,0.744322344322344,0.112,0.0364963503649635,0.0839416058394161,0.0182481751824818,17,0.062043795620438,0.331523809523809,0.403219653620203,0.505468647871367,65,"jbarth",0.281708945260347,0.367156208277704,0.0534045393858478,0.94392523364486,0.31588785046729,0.454138851802403,0.364275700934579,38.9532710280374,47.5927803690935,43.5470403572931,NA,NA,0
"J Begora","Boise Hawks",2025,78,349,305,96,14,1,14,24,18,2,92,67,0.314754098360656,0.39541547277937,0.504918032786885,0.900333505566255,0.19016393442623,0.0687679083094556,0.263610315186246,0.0401146131805158,29,0.0830945558739255,0.395060171919771,0.430165036674817,0.545487286609522,84,"jbegora",0.588785046728972,0.703604806408545,0.160213618157543,0.0987983978638184,0.634712950600801,0.132576769025367,0.458965287049399,58.0827770360481,28.0551612249037,49.667842540751,NA,NA,0
"J Begora","Boise Hawks",2026,61,290,238,76,19,1,6,31,16,2,67,50,0.319327731092437,0.428571428571429,0.483193277310924,0.911764705882353,0.163865546218487,0.106896551724138,0.231034482758621,0.0206896551724138,26,0.0896551724137931,0.40318118466899,0.450384809487762,0.58938642643552,77,"jbegora",0.488651535380507,0.403204272363151,0.484646194926569,0.205607476635514,0.454472630173565,0.359078771695594,0.421084779706275,47.2683578104139,41.8170756438856,47.21921960797,NA,NA,0
"J Bermudez","Idaho Falls Chukars",2022,17,60,55,16,3,0,0,4,0,1,14,13,0.290909090909091,0.333333333333333,0.345454545454545,0.678787878787879,0.0545454545454546,0.0666666666666667,0.233333333333333,0,3,0.05,0.30195,0.403219653620203,0.505468647871367,51,"jbermudez",0.132176234979973,0,0.138851802403204,0.193591455273698,0.079305740987984,0.163484646194927,0.108768357810414,24.758344459279,29.9330764550801,27.0308639977561,NA,NA,0
"J Broughton","Ogden Raptors",2021,75,319,297,118,0,0,8,22,0,0,49,110,0.397306397306397,0.438871473354232,0.478114478114478,0.91698595146871,0.0808080808080808,0.0689655172413793,0.153605015673981,0.0250783699059561,8,0.0250783699059561,0.40648275862069,0.386737115479336,0.403905188465603,132,"jbroughton",0.192256341789052,0.467289719626168,0.16154873164219,0.666221628838451,0.302269692923899,0.388651535380507,0.332503337783712,38.1361815754339,43.6138714256743,41.4932522088094,NA,NA,0
"J Broughton","Ogden Raptors",2022,88,412,365,139,25,8,14,39,2,6,56,92,0.380821917808219,0.436893203883495,0.608219178082192,1.04511238196569,0.227397260273973,0.0946601941747573,0.135922330097087,0.0339805825242718,47,0.114077669902913,0.447007281553398,0.403219653620203,0.505468647871367,129,"jbroughton",0.740987983978638,0.606141522029373,0.355140186915888,0.758344459279039,0.687049399198932,0.536582109479306,0.634385847797063,61.2229639519359,52.6019063070371,61.007152335027,NA,NA,0
"J Broughton","Ogden Raptors",2023,21,103,93,35,6,1,0,7,1,2,9,28,0.376344086021505,0.41747572815534,0.462365591397849,0.879841319553189,0.0860215053763441,0.0679611650485437,0.087378640776699,0,7,0.0679611650485437,0.385029126213592,0.415712620826764,0.519508091651979,89,"jbroughton",0.200267022696929,0,0.153538050734312,0.938584779706275,0.120160213618158,0.506809078771696,0.255487316421896,27.2096128170895,50.7929426079903,36.5148818192606,NA,NA,0
"J Cone","Ogden Raptors",2024,92,422,352,121,26,2,12,42,15,8,54,81,0.34375,0.426858513189449,0.53125,0.958108513189448,0.1875,0.0995260663507109,0.127962085308057,0.028436018957346,40,0.0947867298578199,0.415414868105516,0.424262617051871,0.536937901498929,100,"jcone",0.571428571428571,0.514018691588785,0.407209612817089,0.802403204272363,0.548464619492657,0.585046728971963,0.561268357810414,52.9078771695594,55.5465422835125,56.2807857859478,NA,NA,0
"J Coutts","Colorado Springs Sky Sox",2023,85,384,331,126,25,4,18,40,8,5,52,79,0.380664652567976,0.453125,0.643504531722054,1.09662953172205,0.262839879154079,0.104166666666667,0.135416666666667,0.046875,47,0.122395833333333,0.467669270833333,0.415712620826764,0.519508091651979,133,"jcoutts",0.846461949265688,0.794392523364486,0.457943925233645,0.762349799732977,0.825634178905207,0.594926568758344,0.744886515353805,69.5380507343124,56.1468262015818,68.1499940666904,NA,NA,0
"J Coutts","Colorado Springs Sky Sox",2024,90,412,356,130,25,2,20,40,10,6,68,83,0.365168539325843,0.436893203883495,0.615168539325843,1.05206174320934,0.25,0.0970873786407767,0.16504854368932,0.0485436893203883,47,0.114077669902913,0.450366504854369,0.424262617051871,0.536937901498929,118,"jcoutts",0.81041388518024,0.813084112149533,0.373831775700935,0.590120160213618,0.811481975967957,0.471161548731642,0.692369826435247,68.6889185580774,48.6270533360373,64.7552779485852,NA,NA,0
"J Cruce","Grand Junction Jackalopes",2022,92,412,366,117,23,0,19,38,5,3,86,75,0.319672131147541,0.388349514563107,0.538251366120219,0.926600880683326,0.218579234972678,0.0922330097087379,0.20873786407767,0.0461165048543689,42,0.101941747572816,0.401898058252427,0.403219653620203,0.505468647871367,103,"jcruce",0.707610146862483,0.785046728971963,0.332443257676903,0.336448598130841,0.738584779706275,0.334245660881175,0.59706608811749,64.3150867823765,40.3082539038734,58.5947765299848,NA,NA,0
"J Cruce","Grand Junction Jackalopes",2023,90,437,387,146,25,0,23,41,7,2,75,98,0.377260981912145,0.443935926773455,0.62015503875969,1.06409096553315,0.242894056847545,0.0938215102974828,0.17162471395881,0.0526315789473684,48,0.109839816933638,0.458732265446224,0.415712620826764,0.519508091651979,126,"jcruce",0.786381842456609,0.853137516688919,0.348464619492657,0.54739652870494,0.813084112149533,0.437983978638184,0.681799065420561,68.785046728972,46.6112350436017,64.071976439367,NA,NA,0
"J Cunningham","Ogden Raptors",2021,22,4,3,1,0,0,1,1,0,0,2,0,0.333333333333333,0.5,1.33333333333333,1.83333333333333,1,0.25,0.5,0.25,1,0.25,0.69775,0.386737115479336,0.403905188465603,359,"jcunningham",0.997329773030708,0.998664886515354,0.98931909212283,0.00801068090787715,0.997863818424566,0.547730307076102,0.840317089452604,79.871829105474,53.2792537010748,74.3186942403746,NA,NA,0
"J Daly","Glacier Range Riders",2024,22,85,71,23,5,2,2,12,1,1,22,14,0.323943661971831,0.423529411764706,0.535211267605634,0.95874067937034,0.211267605633803,0.141176470588235,0.258823529411765,0.0235294117647059,9,0.105882352941176,0.414388235294118,0.424262617051871,0.536937901498929,100,"jdaly",0.67022696929239,0.433911882510013,0.761014686248331,0.114819759679573,0.575700934579439,0.47022696929239,0.538785046728972,54.5420560747664,48.5702697221659,54.8274485689936,NA,NA,0
"J Day","Rocky Mountain Vibes",2024,90,425,363,127,22,5,18,49,9,3,71,82,0.349862258953168,0.436320754716981,0.586776859504132,1.02309761422111,0.236914600550964,0.115294117647059,0.167058823529412,0.0423529411764706,45,0.105882352941176,0.441,0.424262617051871,0.536937901498929,112,"jday",0.769025367156208,0.732977303070761,0.560747663551402,0.572763684913218,0.754606141522029,0.566154873164219,0.688648197596796,65.2763684913218,54.3987020888258,64.5147092138904,NA,NA,0
"J Duarte","Yuba-Sutter Freebirds",2025,49,171,145,46,3,0,2,17,5,2,9,41,0.317241379310345,0.402366863905325,0.379310344827586,0.781677208732912,0.0620689655172413,0.0994152046783626,0.0526315789473684,0.0116959064327485,5,0.0292397660818713,0.353627218934911,0.430165036674817,0.545487286609522,63,"jduarte",0.152202937249666,0.236315086782377,0.405874499332443,0.97196261682243,0.18584779706275,0.660614152202937,0.352016021361816,31.150867823765,60.1379030622592,42.7545659514332,NA,NA,0
"J Duarte","Yuba-Sutter Freebirds",2026,67,311,258,87,18,1,3,43,6,1,31,65,0.337209302325581,0.441558441558442,0.449612403100775,0.891170844659217,0.112403100775194,0.138263665594855,0.0996784565916399,0.00964630225080386,22,0.0707395498392283,0.397788961038961,0.450384809487762,0.58938642643552,74,"jduarte",0.28437917222964,0.214953271028037,0.740987983978638,0.909212283044059,0.256608811748999,0.816688918558077,0.452636849132176,35.3965287049399,69.6207665787873,49.2587678134136,NA,NA,0
"J Elvir","Grand Junction Jackalopes",2021,47,203,164,59,0,0,10,39,0,0,56,49,0.359756097560976,0.482758620689655,0.542682926829268,1.02544154751892,0.182926829268293,0.192118226600985,0.275862068965517,0.0492610837438424,10,0.0492610837438424,0.450403940886699,0.386737115479336,0.403905188465603,159,"jelvir",0.555407209612817,0.830440587449933,0.957276368491322,0.0720961281708945,0.665420560747664,0.55894526034713,0.628154205607477,59.9252336448598,53.9606570675319,60.6043345523588,NA,NA,0
"J Elvir","Grand Junction Jackalopes",2022,84,354,308,96,17,1,19,34,8,4,89,59,0.311688311688312,0.389830508474576,0.558441558441558,0.948272066916135,0.246753246753247,0.096045197740113,0.251412429378531,0.0536723163841808,37,0.104519774011299,0.408954802259887,0.403219653620203,0.505468647871367,107,"jelvir",0.801068090787717,0.85981308411215,0.367156208277704,0.124165554072096,0.82456608811749,0.25781041388518,0.626201602136182,69.4739652870494,35.6641654836747,60.4781168754113,NA,NA,0
"J Elvir","Missoula PaddleHeads",2023,27,119,104,32,8,0,6,14,1,0,28,18,0.307692307692308,0.394957983193277,0.557692307692308,0.952650290885585,0.25,0.117647058823529,0.235294117647059,0.0504201680672269,14,0.117647058823529,0.412941176470588,0.415712620826764,0.519508091651979,102,"jelvir",0.81041388518024,0.841121495327103,0.578104138851802,0.184245660881175,0.822696929238985,0.40086782376502,0.675056742323097,69.3618157543391,44.3561143784222,63.6361478796509,NA,NA,0
"J Esparza","Rocky Mountain Vibes",2021,73,259,253,65,0,0,5,6,0,0,70,60,0.256916996047431,0.274131274131274,0.316205533596838,0.590336807728112,0.0592885375494071,0.0231660231660232,0.27027027027027,0.0193050193050193,5,0.0193050193050193,0.262258687258687,0.386737115479336,0.403905188465603,49,"jesparza",0.145527369826435,0.384512683578104,0.0453938584779706,0.0841121495327103,0.241121495327103,0.0628170894526035,0.178714953271028,34.4672897196262,23.8166700466437,31.5522616697412,NA,NA,0
"J Esparza","Rocky Mountain Vibes",2022,14,59,56,16,3,0,2,2,0,0,18,11,0.285714285714286,0.310344827586207,0.446428571428571,0.756773399014778,0.160714285714286,0.0338983050847458,0.305084745762712,0.0338983050847458,5,0.0847457627118644,0.330396551724138,0.403219653620203,0.505468647871367,65,"jesparza",0.475300400534045,0.602136181575434,0.0520694259012016,0.048064085447263,0.526034712950601,0.0502670226969293,0.359516021361816,51.562082777036,23.0541472317988,43.2393712849391,NA,NA,0
"J Faile","Billings Mustangs",2023,54,227,201,71,19,0,21,20,3,3,58,31,0.353233830845771,0.414096916299559,0.761194029850746,1.17529094615031,0.407960199004975,0.0881057268722467,0.255506607929515,0.092511013215859,40,0.176211453744493,0.492352422907489,0.415712620826764,0.519508091651979,146,"jfaile",0.985313751668892,0.98931909212283,0.299065420560748,0.120160213618158,0.986915887850467,0.218558077436582,0.717990654205607,79.214953271028,33.2792537010748,66.4114264755062,"John Michael Faile","Cincinnati Reds",1
"J Feliciano","Missoula PaddleHeads",2026,25,113,87,28,6,0,1,20,6,0,17,21,0.32183908045977,0.47787610619469,0.425287356321839,0.903163462516529,0.103448275862069,0.176991150442478,0.150442477876106,0.00884955752212389,7,0.0619469026548672,0.411566371681416,0.450384809487762,0.58938642643552,78,"jfeliciano",0.259012016021362,0.201602136181575,0.927903871829105,0.682242990654206,0.236048064085447,0.817356475300401,0.439506008010681,34.1628838451268,69.6613263029811,48.4099809055309,NA,NA,0
"J Feliciano","Rocky Mountain Vibes",2025,13,52,37,14,1,0,0,12,2,0,6,13,0.378378378378378,0.549019607843137,0.405405405405405,0.954425013248543,0.027027027027027,0.230769230769231,0.115384615384615,0,1,0.0192307692307692,0.441941176470588,0.430165036674817,0.545487286609522,102,"jfeliciano",0.0854472630173565,0,0.985313751668892,0.855807743658211,0.0512683578104139,0.927036048064086,0.357787049399199,23.0761014686248,76.3252889880349,43.1276093077446,NA,NA,0
"J Fitzpatrick","Grand Junction Jackalopes",2022,42,177,160,55,11,0,7,13,2,1,35,37,0.34375,0.397727272727273,0.54375,0.941477272727273,0.2,0.0734463276836158,0.19774011299435,0.0395480225988701,18,0.101694915254237,0.408852272727273,0.403219653620203,0.505468647871367,106,"jfitzpatrick",0.622162883845127,0.694259012016021,0.182910547396529,0.391188251001335,0.651001335113485,0.276635514018692,0.519973297730307,59.0600801068091,36.807949705942,53.6114437360432,NA,NA,0
"J Fry","Great Falls Voyagers",2022,19,76,63,20,5,0,1,10,0,1,16,14,0.317460317460317,0.405405405405405,0.444444444444444,0.84984984984985,0.126984126984127,0.131578947368421,0.210526315789474,0.0131578947368421,6,0.0789473684210526,0.375513513513514,0.403219653620203,0.505468647871367,88,"jfry",0.348464619492657,0.261682242990654,0.694259012016021,0.32977303070761,0.313751668891856,0.530240320427236,0.389522696929239,38.8251001335113,52.2165889271953,45.1790241323883,NA,NA,0
"J Garcia","Billings Mustangs",2021,84,381,349,120,0,0,13,32,0,0,82,107,0.343839541547278,0.398950131233596,0.455587392550143,0.854537523783739,0.111747851002865,0.083989501312336,0.215223097112861,0.0341207349081365,13,0.0341207349081365,0.37902624671916,0.386737115479336,0.403905188465603,116,"jgarcia",0.279038718291055,0.608811748998665,0.253671562082777,0.293724966622163,0.410947930574099,0.271695594125501,0.36220961281709,44.6568758344459,36.5078077469073,43.4134869521128,NA,NA,0
"J Garcia","Billings Mustangs",2022,76,341,308,97,11,9,11,22,7,4,91,66,0.314935064935065,0.36950146627566,0.516233766233766,0.885735232509426,0.201298701298701,0.0645161290322581,0.266862170087977,0.032258064516129,31,0.0909090909090909,0.382633431085044,0.403219653620203,0.505468647871367,94,"jgarcia",0.639519359145527,0.574098798397864,0.130841121495327,0.089452603471295,0.613351134846462,0.112216288384513,0.43795393858478,56.8010680907877,26.8180896369905,48.3096540341111,NA,NA,0
"J Gates","Oakland Ballers",2024,24,79,69,23,5,0,3,6,3,0,14,15,0.333333333333333,0.41025641025641,0.536231884057971,0.946488294314381,0.202898550724638,0.0759493670886076,0.177215189873418,0.0379746835443038,8,0.10126582278481,0.413897435897436,0.424262617051871,0.536937901498929,97,"jgates",0.643524699599466,0.676902536715621,0.204272363150868,0.506008010680908,0.656875834445928,0.340053404539386,0.545987983978638,59.4125500667557,40.6611235043602,55.2930515550665,NA,NA,0
"J Goldfarb","Ogden Raptors",2021,70,320,275,91,0,0,16,45,0,0,68,75,0.330909090909091,0.425,0.505454545454545,0.930454545454545,0.174545454545455,0.140625,0.2125,0.05,16,0.05,0.41020625,0.386737115479336,0.403905188465603,135,"jgoldfarb",0.520694259012016,0.835781041388518,0.758344459279039,0.321762349799733,0.646728971962617,0.561882510013351,0.617032710280374,58.803738317757,54.139119853985,59.88543318554,"Jakob Goldfarb","Pittsburgh Pirates",1
"J Gonzalez","Yuba-Sutter Freebirds",2024,88,392,322,119,22,4,19,57,9,3,75,74,0.369565217391304,0.473145780051151,0.639751552795031,1.11289733284618,0.270186335403727,0.145408163265306,0.191326530612245,0.048469387755102,45,0.114795918367347,0.475409207161125,0.424262617051871,0.536937901498929,131,"jgonzalez",0.858477970627503,0.809078771695594,0.789052069425901,0.425901201602136,0.83871829105474,0.625634178905207,0.764138851802403,70.3230974632844,58.0125735145001,69.3944787857212,NA,NA,0
"J Gonzalez Perez","Idaho Falls Chukars",2026,4,17,15,5,1,0,0,0,0,2,4,4,0.333333333333333,0.294117647058824,0.4,0.694117647058824,0.0666666666666667,0,0.235294117647059,0,1,0.0588235294117647,0.283705882352941,0.450384809487762,0.58938642643552,33,"jperez",0.162883845126836,0,0,0.184245660881175,0.0977303070761015,0.0829105473965287,0.092543391188251,25.8638184245661,25.0375177448793,25.9820706171721,NA,NA,0
"J Guenther","Missoula PaddleHeads",2023,84,393,326,112,13,1,8,50,9,8,31,90,0.343558282208589,0.435114503816794,0.46319018404908,0.898304687865874,0.119631901840491,0.127226463104326,0.0788804071246819,0.0203562340966921,22,0.0559796437659033,0.396603053435115,0.415712620826764,0.519508091651979,94,"jguenther",0.309746328437917,0.397863818424566,0.651535380507343,0.953271028037383,0.344993324432577,0.787316421895861,0.499806408544726,40.6995994659546,67.8361387142567,52.3078416777242,NA,NA,0
"J Gutierrez","Billings Mustangs",2026,63,305,278,111,23,1,7,13,7,7,16,80,0.399280575539568,0.429508196721311,0.564748201438849,0.99425639816016,0.165467625899281,0.0426229508196721,0.0524590163934426,0.0229508196721311,31,0.101639344262295,0.428262295081967,0.450384809487762,0.58938642643552,91,"jgutierrez",0.4913217623498,0.425901201602136,0.061415220293725,0.973297730307076,0.465153538050734,0.471762349799733,0.467466622162884,47.9092122830441,48.6635570878118,50.2173748880762,NA,NA,0
"J Gutierrez","Grand Junction Jackalopes",2021,58,240,219,68,0,0,7,21,0,0,51,61,0.310502283105023,0.370833333333333,0.406392694063927,0.77722602739726,0.0958904109589041,0.0875,0.2125,0.0291666666666667,7,0.0291666666666667,0.347354166666667,0.386737115479336,0.403905188465603,97,"jgutierrez",0.228304405874499,0.523364485981308,0.293724966622163,0.321762349799733,0.346328437917223,0.306341789052069,0.332333110814419,40.7797062750334,38.6128574325695,41.4822486164601,NA,NA,0
"J Harrison-Dudley","RedPocket Mobiles",2026,79,356,303,101,18,1,26,49,2,2,95,56,0.333333333333333,0.426966292134831,0.656765676567657,1.08373196870249,0.323432343234323,0.137640449438202,0.26685393258427,0.0730337078651685,45,0.126404494382022,0.460960674157303,0.450384809487762,0.58938642643552,106,"jharrison-dudley",0.937249666221629,0.955941255006676,0.734312416555407,0.0907877169559412,0.944726301735648,0.444726301735648,0.769726301735648,76.6835781041389,47.0208882579599,69.7556555228325,NA,NA,0
"J Hjelle","Boise Hawks",2025,92,428,394,133,35,2,26,22,8,4,92,70,0.33756345177665,0.380841121495327,0.634517766497462,1.01535888799279,0.296954314720812,0.0514018691588785,0.214953271028037,0.0607476635514019,63,0.147196261682243,0.433315420560748,0.430165036674817,0.545487286609522,105,"jhjelle",0.901201602136182,0.907877169559413,0.0787716955941255,0.295060080106809,0.903871829105474,0.176101468624833,0.64915220293725,74.2323097463284,30.6996552423444,61.9616600321478,NA,NA,0
"J Hubbard","Grand Junction Jackalopes",2022,60,254,233,78,11,3,6,14,4,3,52,58,0.334763948497854,0.377952755905512,0.484978540772532,0.862931296678044,0.150214592274678,0.0551181102362205,0.204724409448819,0.0236220472440945,20,0.078740157480315,0.375933070866142,0.403219653620203,0.505468647871367,90,"jhubbard",0.433911882510013,0.43524699599466,0.0921228304405874,0.355140186915888,0.434445927903872,0.210480640854473,0.356058077436582,46.0667556742323,32.7884810383289,43.0158473305501,NA,NA,0
"J Hubbard","Grand Junction Jackalopes",2023,94,460,392,124,20,8,25,45,18,4,84,71,0.316326530612245,0.407407407407407,0.599489795918367,1.00689720332577,0.283163265306122,0.0978260869565217,0.182608695652174,0.0543478260869565,53,0.115217391304348,0.431300653594771,0.415712620826764,0.519508091651979,113,"jhubbard",0.881174899866489,0.86648865153538,0.387182910547397,0.479305740987984,0.875300400534045,0.428638184245661,0.718968624833111,72.5180240320427,46.0433989048874,66.4746431923363,NA,NA,0
"J Jablonski","Idaho Falls Chukars",2025,68,299,242,76,14,1,18,49,5,2,72,43,0.31404958677686,0.436241610738255,0.603305785123967,1.03954739586222,0.289256198347107,0.163879598662207,0.240802675585284,0.0602006688963211,33,0.110367892976589,0.445744966442953,0.430165036674817,0.545487286609522,112,"jjablonski",0.890520694259012,0.90520694259012,0.881174899866489,0.158878504672897,0.896395193591455,0.556141522029373,0.777306408544726,73.7837116154873,53.7903062259177,70.2456390174439,NA,NA,0
"J Jablonski","Long Beach Coast",2026,87,375,312,97,22,1,23,52,7,4,87,51,0.310897435897436,0.416,0.608974358974359,1.02497435897436,0.298076923076923,0.138666666666667,0.232,0.0613333333333333,46,0.122666666666667,0.437661333333333,0.450384809487762,0.58938642643552,96,"jjablonski",0.903871829105474,0.913217623497997,0.743658210947931,0.198931909212283,0.907610146862483,0.498531375166889,0.764432576769025,74.456608811749,50.2900020279862,69.4134653764415,NA,NA,0
"J Johnson","Grand Junction Jackalopes",2022,62,274,250,80,16,2,10,21,0,3,61,52,0.32,0.368613138686131,0.52,0.888613138686131,0.2,0.0766423357664234,0.222627737226277,0.0364963503649635,28,0.102189781021898,0.384102189781022,0.403219653620203,0.505468647871367,94,"jjohnson",0.628838451268358,0.655540720961282,0.209612817089453,0.2456608811749,0.639519359145527,0.225834445927904,0.494729639519359,58.3711615487316,33.7213546947881,51.9796757176608,NA,NA,0
"J Johnson","Grand Junction Jackalopes",2023,96,490,419,155,35,5,22,64,4,2,79,93,0.369928400954654,0.456032719836401,0.634844868735084,1.09087758857148,0.26491646778043,0.130612244897959,0.161224489795918,0.0448979591836735,62,0.126530612244898,0.467114519427403,0.415712620826764,0.519508091651979,132,"jjohnson",0.84913217623498,0.763684913217624,0.686248331108144,0.61415220293725,0.814953271028037,0.653805073431242,0.758551401869159,68.8971962616822,59.7241938754817,69.03330204861,NA,NA,0
"J Johnson Jr.","Billings Mustangs",2026,88,409,356,114,22,3,28,44,6,2,95,61,0.320224719101124,0.401960784313726,0.634831460674157,1.03679224498788,0.314606741573034,0.107579462102689,0.232273838630807,0.0684596577017115,53,0.12958435207824,0.442397058823529,0.450384809487762,0.58938642643552,97,"j.",0.930574098798398,0.942590120160214,0.489986648865154,0.196261682242991,0.935380507343124,0.35781041388518,0.733230974632844,76.1228304405874,41.7400121679173,67.3965716258347,NA,NA,0
"J Kalafut","Boise Hawks",2026,78,375,297,108,16,2,8,63,8,7,42,82,0.363636363636364,0.477333333333333,0.511784511784512,0.989117845117845,0.148148148148148,0.168,0.112,0.0213333333333333,26,0.0693333333333333,0.433168,0.450384809487762,0.58938642643552,93,"jkalafut",0.421895861148198,0.409879839786382,0.903871829105474,0.863818424566088,0.417089452603471,0.88584779706275,0.581154873164219,45.0253671562083,73.8227540052728,57.5662642803974,NA,NA,0
"J Kirby","Yuba-Sutter Freebirds",2024,31,117,96,29,2,3,6,15,1,5,27,18,0.302083333333333,0.384615384615385,0.572916666666667,0.957532051282051,0.270833333333333,0.128205128205128,0.230769230769231,0.0512820512820513,11,0.094017094017094,0.402153846153846,0.424262617051871,0.536937901498929,97,"jkirby",0.861148197596796,0.845126835781041,0.656875834445928,0.210947930574099,0.854739652870494,0.456208277703605,0.715253671562083,71.2843791722296,47.7185155140945,66.234505971067,NA,NA,0
"J Kline","Billings Mustangs",2022,68,248,223,73,11,7,9,15,5,5,69,46,0.327354260089686,0.375,0.560538116591928,0.935538116591928,0.233183856502242,0.0604838709677419,0.278225806451613,0.0362903225806452,27,0.108870967741935,0.399233870967742,0.403219653620203,0.505468647871367,104,"jkline",0.763684913217624,0.650200267022697,0.114819759679573,0.0694259012016022,0.718291054739653,0.094392523364486,0.499926568758344,63.0974632843792,25.735145001014,52.3156089193825,NA,NA,0
"J Lara","Rocky Mountain Vibes",2022,15,49,41,15,2,1,0,4,3,1,16,12,0.365853658536585,0.448979591836735,0.463414634146341,0.912394225983076,0.0975609756097561,0.0816326530612245,0.326530612244898,0,3,0.0612244897959184,0.402857142857143,0.403219653620203,0.505468647871367,103,"jlara",0.236315086782377,0,0.23497997329773,0.0360480640854473,0.141789052069426,0.145460614152203,0.143074098798398,28.5073431241656,28.8379639018455,29.2484114912025,NA,NA,0
"J Lee","Boise Hawks",2025,32,124,115,37,5,4,1,5,2,0,22,27,0.321739130434783,0.360655737704918,0.460869565217391,0.821525302922309,0.139130434782609,0.0403225806451613,0.17741935483871,0.00806451612903225,10,0.0806451612903226,0.358934426229508,0.430165036674817,0.545487286609522,68,"jlee",0.389853137516689,0.193591455273698,0.0587449933244326,0.504672897196262,0.311348464619493,0.259412550066756,0.293170894526035,38.6809078771696,35.76150882174,38.9507751059905,NA,NA,0
"J Lee","Missoula PaddleHeads",2024,20,50,44,14,3,0,2,3,2,1,11,9,0.318181818181818,0.38,0.522727272727273,0.902727272727273,0.204545454545455,0.06,0.22,0.04,5,0.1,0.39042,0.424262617051871,0.536937901498929,87,"jlee",0.648865153538051,0.699599465954606,0.11214953271028,0.268357810413885,0.669158878504673,0.182443257676903,0.498808411214953,60.1495327102804,31.0849726221862,52.2433304206177,NA,NA,0
"J Lojewski","Modesto Roadsters",2026,74,371,308,101,21,1,12,42,15,4,42,67,0.327922077922078,0.428184281842818,0.519480519480519,0.947664801323338,0.191558441558441,0.113207547169811,0.113207547169811,0.032345013477089,34,0.091644204851752,0.414159891598916,0.450384809487762,0.58938642643552,83,"jlojewski",0.595460614152203,0.578104138851802,0.53671562082777,0.85981308411215,0.588518024032043,0.682109479305741,0.621275033377837,55.3110814419226,61.443926181302,60.1596599674207,NA,NA,0
"J Mabry","Glacier Range Riders",2025,51,205,189,62,5,0,0,11,1,3,21,57,0.328042328042328,0.362745098039216,0.354497354497354,0.71724245253657,0.0264550264550265,0.0536585365853659,0.102439024390244,0,5,0.024390243902439,0.320014705882353,0.430165036674817,0.545487286609522,49,"jmabry",0.0841121495327103,0,0.0881174899866489,0.897196261682243,0.0504672897196262,0.452202937249666,0.19107476635514,23.0280373831776,47.4751571689313,32.3512087769831,NA,NA,0
"J Malec","Great Falls Voyagers",2021,45,152,128,29,0,0,1,24,0,0,51,28,0.2265625,0.348684210526316,0.25,0.598684210526316,0.0234375,0.157894736842105,0.335526315789474,0.00657894736842105,1,0.00657894736842105,0.286348684210526,0.386737115479336,0.403905188465603,52,"jmalec",0.0814419225634179,0.177570093457944,0.850467289719626,0.0253671562082777,0.119893190921228,0.479172229639519,0.24564085447263,27.1935914552737,49.1137700263638,35.878399516705,NA,NA,0
"J Malec","Great Falls Voyagers",2022,84,396,353,101,12,2,6,27,12,4,104,81,0.286118980169972,0.353535353535354,0.382436260623229,0.735971614158583,0.0963172804532578,0.0681818181818182,0.262626262626263,0.0151515151515152,20,0.0505050505050505,0.329070707070707,0.403219653620203,0.505468647871367,63,"jmalec",0.229639519359146,0.289719626168224,0.157543391188251,0.100133511348465,0.253671562082777,0.131708945260347,0.210984646194927,35.2202937249666,28.0024335834516,33.6381975684218,NA,NA,0
"J Matthews","Great Falls Voyagers",2021,68,268,233,80,0,0,7,35,0,0,44,73,0.343347639484979,0.42910447761194,0.433476394849785,0.862580872461726,0.0901287553648069,0.130597014925373,0.164179104477612,0.0261194029850746,7,0.0261194029850746,0.386869402985075,0.386737115479336,0.403905188465603,118,"jmatthews",0.20694259012016,0.483311081441923,0.684913217623498,0.595460614152203,0.317489986648865,0.644659546061415,0.431999332443258,39.0493991989319,59.1685256540256,47.9247440585995,"Jason Matthews","Chicago White Sox",1
"J McHenry","Billings Mustangs",2025,45,214,182,58,9,2,3,26,3,2,40,44,0.318681318681319,0.408450704225352,0.439560439560439,0.848011143785792,0.120879120879121,0.121495327102804,0.186915887850467,0.014018691588785,14,0.0654205607476635,0.376300469483568,0.430165036674817,0.545487286609522,76,"jmchenry",0.319092122830441,0.277703604806409,0.618157543391188,0.451268357810414,0.302536715620828,0.54305740987984,0.386718958611482,38.1522029372497,52.9953356317177,44.9977884936945,NA,NA,0
"J McLaughlin","Glacier Range Riders",2025,13,68,60,21,1,1,2,4,3,1,15,17,0.35,0.411764705882353,0.5,0.911764705882353,0.15,0.0588235294117647,0.220588235294118,0.0294117647058823,4,0.0588235294117647,0.398691176470588,0.430165036674817,0.545487286609522,87,"jmclaughlin",0.429906542056075,0.534045393858478,0.105473965287049,0.261682242990654,0.471562082777036,0.175767690253672,0.368034045393858,48.2937249666222,30.6793753802474,43.7899824158279,NA,NA,0
"J McMurray","Rocky Mountain Vibes",2023,55,239,205,92,11,0,1,29,2,3,10,80,0.448780487804878,0.514644351464435,0.517073170731707,1.03171752219614,0.0682926829268293,0.121338912133891,0.0418410041841004,0.00418410041841004,12,0.0502092050209205,0.454292887029289,0.415712620826764,0.519508091651979,123,"jmcmurray",0.166889185580774,0.156208277703605,0.615487316421896,0.978638184245661,0.162616822429907,0.77890520694259,0.378317757009346,29.7570093457944,67.3250861894139,44.4547288477513,NA,NA,0
"J Nehler","Billings Mustangs",2026,7,27,24,8,0,0,1,2,0,0,4,7,0.333333333333333,0.384615384615385,0.458333333333333,0.842948717948718,0.125,0.0740740740740741,0.148148148148148,0.037037037037037,1,0.037037037037037,0.372961538461538,0.450384809487762,0.58938642643552,63,"jnehler",0.336448598130841,0.660881174899867,0.190921228304406,0.692923898531375,0.466221628838451,0.416822429906542,0.448931909212283,47.9732977303071,45.3254917866558,49.0192778622825,NA,NA,0
"J Newman","Missoula PaddleHeads",2021,21,91,82,28,0,0,8,9,0,0,12,20,0.341463414634146,0.406593406593407,0.634146341463415,1.04073974805682,0.292682926829268,0.0989010989010989,0.131868131868132,0.0879120879120879,8,0.0879120879120879,0.44810989010989,0.386737115479336,0.403905188465603,162,"jnewman",0.895861148197597,0.982643524699599,0.401869158878505,0.785046728971963,0.930574098798398,0.574299065420561,0.805877837116155,75.8344459279039,54.8935307239911,72.0925164784189,NA,NA,0
"J Newman","Missoula PaddleHeads",2022,88,410,355,131,19,2,32,43,7,5,63,78,0.369014084507042,0.441463414634146,0.704225352112676,1.14568876674682,0.335211267605634,0.104878048780488,0.153658536585366,0.0780487804878049,53,0.129268292682927,0.484392682926829,0.403219653620203,0.505468647871367,149,"jnewman",0.951935914552737,0.963951935914553,0.464619492656876,0.664886515353805,0.956742323097463,0.554739652870494,0.816041388518024,77.4045393858478,53.7051308051105,72.749495668684,NA,NA,0
"J Newman-Dodd","Missoula PaddleHeads",2023,19,78,69,21,2,0,7,8,1,0,11,12,0.304347826086957,0.384615384615385,0.63768115942029,1.02229654403567,0.333333333333333,0.102564102564103,0.141025641025641,0.0897435897435897,9,0.115384615384615,0.437782051282051,0.415712620826764,0.519508091651979,115,"jnewman-dodd",0.945260347129506,0.985313751668892,0.440587449933244,0.734312416555407,0.96128170894526,0.572763684913218,0.825300400534045,77.6769025367156,54.8002433583452,73.348004789799,NA,NA,0
"J Nicol","Great Falls Voyagers",2024,13,51,44,15,8,0,4,5,0,2,11,3,0.340909090909091,0.392156862745098,0.795454545454545,1.18761140819964,0.454545454545455,0.0980392156862745,0.215686274509804,0.0784313725490196,12,0.235294117647059,0.484039215686275,0.424262617051871,0.536937901498929,141,"jnicol",0.991989319092123,0.965287049399199,0.389853137516689,0.289719626168224,0.981308411214953,0.34479305740988,0.758528037383178,78.8785046728972,40.9490975461367,69.0317917516209,NA,NA,0
"J O'Dowd","Billings Mustangs",2025,84,395,324,108,28,3,22,63,6,1,78,55,0.333333333333333,0.449238578680203,0.641975308641975,1.09121388732218,0.308641975308642,0.159493670886076,0.19746835443038,0.0556962025316456,53,0.134177215189873,0.465228426395939,0.430165036674817,0.545487286609522,122,"jo'dowd",0.917222963951936,0.875834445927904,0.861148197596796,0.39652870493992,0.900667556742323,0.652069425901202,0.81365821094793,74.0400534045394,59.6187385925776,72.5954453757942,NA,NA,0
"J Ochoa","Colorado Springs Sky Sox",2025,28,1,1,1,0,0,1,0,0,0,0,0,1,1,4,5,3,0,0,1,1,1,2.101,0.430165036674817,0.545487286609522,866,"jochoa",1,1,0,1,1,0.45,0.8075,80,47.3413100790915,72.1973742408061,NA,NA,0
"J Olson","Great Falls Voyagers",2021,68,299,277,94,0,0,9,22,0,0,55,85,0.339350180505415,0.387959866220736,0.436823104693141,0.824782970913877,0.0974729241877256,0.0735785953177258,0.183946488294314,0.0301003344481605,9,0.0301003344481605,0.366451505016722,0.386737115479336,0.403905188465603,108,"jolson",0.23497997329773,0.544726301735648,0.184245660881175,0.464619492656876,0.358878504672897,0.31041388518024,0.341915887850467,41.5327102803738,38.8602717501521,42.10168613871,NA,NA,0
"J Pappas","Idaho Falls Chukars",2025,60,283,224,83,8,0,13,42,12,5,33,62,0.370535714285714,0.484098939929329,0.580357142857143,1.06445608278647,0.209821428571429,0.148409893992933,0.11660777385159,0.0459363957597173,21,0.0742049469964664,0.460003533568905,0.430165036674817,0.545487286609522,119,"jpappas",0.664886515353805,0.779706275033378,0.807743658210948,0.84913217623498,0.710814419225634,0.826368491321762,0.751258344459279,62.648865153538,70.2088825795985,68.5618736312934,NA,NA,0
"J Pyle","Ogden Raptors",2023,11,13,10,3,0,0,0,3,0,0,2,3,0.3,0.461538461538462,0.3,0.761538461538461,0,0.230769230769231,0.153846153846154,0,0,0,0.364153846153846,0.415712620826764,0.519508091651979,69,"jpyle",0,0,0.985313751668892,0.662216288384513,0,0.839919893190921,0.293971962616822,20,71.0322449807341,39.0025567170459,NA,NA,0
"J Raper","Billings Mustangs",2022,92,381,337,103,27,7,11,36,4,2,75,58,0.305637982195846,0.377308707124011,0.525222551928783,0.902531259052794,0.219584569732938,0.094488188976378,0.196850393700787,0.0288713910761155,45,0.118110236220472,0.390427440633245,0.403219653620203,0.505468647871367,97,"jraper",0.718291054739653,0.51935914552737,0.353805073431242,0.401869158878505,0.63871829105474,0.37543391188251,0.546568758344459,58.3230974632844,42.8107888866356,55.3305932230817,NA,NA,0
"J Raper","Glacier Range Riders",2023,90,407,351,105,23,3,11,42,8,6,79,68,0.299145299145299,0.380835380835381,0.475783475783476,0.856618856618857,0.176638176638177,0.103194103194103,0.194103194103194,0.027027027027027,37,0.0909090909090909,0.374280098280098,0.415712620826764,0.519508091651979,83,"jraper",0.528704939919893,0.493991989319092,0.45260347129506,0.417890520694259,0.514819759679573,0.4369826435247,0.487576769025367,50.8891855807744,46.5503954573109,51.5173090822788,NA,NA,0
"J Raper","Great Falls Voyagers",2021,55,199,179,56,0,0,10,20,0,0,47,46,0.312849162011173,0.381909547738693,0.480446927374302,0.862356475112995,0.167597765363128,0.100502512562814,0.236180904522613,0.050251256281407,10,0.050251256281407,0.380190954773869,0.386737115479336,0.403905188465603,118,"jraper",0.499332443257677,0.839786381842457,0.419225634178905,0.177570093457944,0.635514018691589,0.310480640854473,0.521752336448598,58.1308411214953,38.8643277225715,53.7264420639287,NA,NA,0
"J Reinhardt","Idaho Falls Chukars",2022,2,9,6,3,0,0,0,3,0,0,1,3,0.5,0.666666666666667,0.5,1.16666666666667,0,0.333333333333333,0.111111111111111,0,0,0,0.526,0.403219653620203,0.505468647871367,164,"jreinhardt",0,0,0.998664886515354,0.865153538050734,0,0.938584779706275,0.328504672897196,20,77.0269722165889,41.2347756669579,NA,NA,0
"J Reyes","Idaho Falls Chukars",2022,69,308,281,102,20,3,6,24,0,1,39,73,0.362989323843416,0.411764705882353,0.519572953736655,0.931337659619008,0.156583629893238,0.0779220779220779,0.126623376623377,0.0194805194805195,29,0.0941558441558442,0.406071895424837,0.403219653620203,0.505468647871367,105,"jreyes",0.448598130841121,0.387182910547397,0.216288384512684,0.806408544726302,0.424032042723631,0.481842456608812,0.444265687583445,45.4419225634179,49.2760089231393,48.7176499778849,NA,NA,0
"J Rooks","Billings Mustangs",2024,34,131,95,28,7,1,3,27,7,2,35,17,0.294736842105263,0.473282442748092,0.484210526315789,0.957492969063881,0.189473684210526,0.206106870229008,0.267175572519084,0.0229007633587786,11,0.083969465648855,0.424396946564885,0.424262617051871,0.536937901498929,102,"jrooks",0.582109479305741,0.42456608811749,0.970627503337784,0.0881174899866488,0.519092122830441,0.573497997329773,0.538134178905207,51.1455273698264,54.8448590549584,54.7853760100111,NA,NA,0
"J Schulefand","Boise Hawks",2022,13,47,41,13,2,0,0,5,1,0,7,11,0.317073170731707,0.404255319148936,0.365853658536585,0.770108977685521,0.048780487804878,0.106382978723404,0.148936170212766,0,2,0.0425531914893617,0.35068085106383,0.403219653620203,0.505468647871367,73,"jschulefand",0.116154873164219,0,0.479305740987984,0.68758344459279,0.0696929238985314,0.573030707610147,0.245861148197597,24.1815754339119,54.8164672480227,35.8926394597452,NA,NA,0
"J Shanks","Idaho Falls Chukars",2024,45,196,160,47,12,1,4,17,17,2,43,30,0.29375,0.413265306122449,0.45625,0.869515306122449,0.1625,0.086734693877551,0.219387755102041,0.0204081632653061,17,0.086734693877551,0.387326530612245,0.424262617051871,0.536937901498929,82,"jshanks",0.485981308411215,0.400534045393858,0.280373831775701,0.271028037383178,0.451802403204272,0.276168224299065,0.39033044058745,47.1081441922563,36.7795578990063,45.2312372568692,NA,NA,0
"J Shanks","Idaho Falls Chukars",2025,47,177,140,42,7,0,10,17,18,2,29,25,0.3,0.435028248587571,0.564285714285714,0.999313962873285,0.264285714285714,0.096045197740113,0.163841807909605,0.0564971751412429,17,0.096045197740113,0.434084745762712,0.430165036674817,0.545487286609522,105,"jshanks",0.847797062750334,0.881174899866489,0.367156208277704,0.596795727636849,0.861148197596796,0.470493991989319,0.724419225634179,71.6688918558077,48.5864936118434,66.8269739042256,NA,NA,0
"J Smith","Colorado Springs Sky Sox",2025,2,7,4,2,0,0,0,3,0,0,1,2,0.5,0.714285714285714,0.5,1.21428571428571,0,0.428571428571429,0.142857142857143,0,0,0,0.549428571428571,0.430165036674817,0.545487286609522,158,"jsmith",0,0,1,0.727636849132176,0,0.877436582109479,0.307102803738318,20,73.3117014804299,39.8513436249285,NA,NA,0
"J Smith","Grand Junction Jackalopes",2023,19,5,5,2,1,0,0,0,0,0,3,1,0.4,0.4,0.6,1,0.2,0,0.6,0,1,0.2,0.4318,0.415712620826764,0.519508091651979,112,"jsmith",0.622162883845127,0,0,0.00400534045393863,0.373297730307076,0.00180240320427238,0.243274365821095,42.3978638184246,20.1095112553235,35.7254280073789,NA,NA,0
"J Soto","Ogden Raptors",2023,16,74,64,25,3,0,5,8,0,2,14,17,0.390625,0.445945945945946,0.671875,1.11782094594595,0.28125,0.108108108108108,0.189189189189189,0.0675675675675676,8,0.108108108108108,0.472081081081081,0.415712620826764,0.519508091651979,137,"jsoto",0.878504672897196,0.941255006675567,0.4913217623498,0.437917222963952,0.903604806408545,0.467289719626168,0.750894526034713,74.2162883845127,48.3918069357128,68.5383561496057,NA,NA,0
"J Steele","Glacier Range Riders",2026,61,259,204,66,20,0,6,43,2,7,60,40,0.323529411764706,0.43359375,0.509803921568627,0.943397671568627,0.186274509803922,0.166023166023166,0.231660231660232,0.0231660231660232,26,0.1003861003861,0.408828125,0.450384809487762,0.58938642643552,83,"jsteele",0.56475300400534,0.427236315086782,0.893190921228304,0.201602136181575,0.509746328437917,0.581975967957276,0.535026702269693,50.584779706275,55.3599675522207,54.5845065104588,NA,NA,0
"J Talamante","Missoula PaddleHeads",2021,18,35,29,7,0,0,0,6,0,0,9,7,0.241379310344828,0.371428571428571,0.241379310344828,0.612807881773399,0,0.171428571428571,0.257142857142857,0,0,0,0.295885714285714,0.386737115479336,0.403905188465603,56,"jtalamante",0,0,0.914552736982643,0.116154873164219,0,0.555273698264352,0.194345794392523,20,53.7375785844656,32.5626503554592,NA,NA,0
"J Teixeira","Boise Hawks",2022,90,406,352,120,28,3,15,37,10,7,31,74,0.340909090909091,0.411330049261084,0.565340909090909,0.976670958351993,0.224431818181818,0.0911330049261084,0.0763546798029557,0.0369458128078818,46,0.113300492610837,0.419736453201971,0.403219653620203,0.505468647871367,114,"jteixeira",0.732977303070761,0.65954606141522,0.325767690253672,0.957276368491322,0.703604806408545,0.609946595460614,0.670824432576769,62.2162883845127,57.059419995944,63.3625683679083,NA,NA,0
"J Teixeira","Ogden Raptors",2023,86,390,350,123,32,0,11,28,7,5,45,80,0.351428571428571,0.405128205128205,0.537142857142857,0.942271062271062,0.185714285714286,0.0717948717948718,0.115384615384615,0.0282051282051282,43,0.11025641025641,0.408197435897436,0.415712620826764,0.519508091651979,101,"jteixeira",0.563417890520694,0.511348464619493,0.177570093457944,0.855807743658211,0.542590120160214,0.482777036048064,0.521655540720961,52.5554072096128,49.3327925370107,53.7201851192595,NA,NA,0
"J Trimble","Idaho Falls Chukars",2026,82,420,357,158,34,2,36,56,5,2,85,86,0.442577030812325,0.521428571428571,0.851540616246499,1.37296918767507,0.408963585434174,0.133333333333333,0.202380952380952,0.0857142857142857,72,0.171428571428571,0.573095238095238,0.450384809487762,0.58938642643552,160,"jtrimble",0.987983978638184,0.978638184245661,0.703604806408545,0.36849132176235,0.984245660881175,0.552803738317757,0.833240987983979,79.0547396528705,53.5875076049483,73.8612900093854,NA,NA,0
"J Urena","Idaho Falls Chukars",2023,2,5,5,2,0,0,0,0,0,0,3,2,0.4,0.4,0.4,0.8,0,0,0.6,0,0,0,0.3552,0.415712620826764,0.519508091651979,73,"jurena",0,0,0,0.00400534045393863,0,0.00180240320427238,0.000630841121495335,20,20.1095112553235,20.0407780187061,NA,NA,0
"J Valdez","Ogden Raptors",2022,94,437,379,140,25,2,21,33,14,6,55,92,0.369393139841689,0.43287037037037,0.612137203166227,1.0450075735366,0.242744063324538,0.0755148741418764,0.125858123569794,0.0480549199084668,48,0.109839816933638,0.448384259259259,0.403219653620203,0.505468647871367,128,"jvaldez",0.785046728971963,0.806408544726302,0.202937249666222,0.807743658210948,0.793591455273698,0.475100133511348,0.682119492656876,67.6154873164219,48.8663557087812,64.0926890837891,NA,NA,0
"J Williams","Great Falls Voyagers",2023,83,349,304,103,16,0,12,30,9,6,54,75,0.338815789473684,0.406876790830946,0.509868421052632,0.916745211883577,0.171052631578947,0.0859598853868195,0.154727793696275,0.0343839541547278,28,0.0802292263610315,0.399272206303725,0.415712620826764,0.519508091651979,96,"jwilliams",0.510013351134846,0.611481975967957,0.275033377837116,0.655540720961282,0.550600801068091,0.446261682242991,0.514082109479306,53.0360480640854,47.1141756236058,53.2306331380735,NA,NA,0
"J Winters","Oakland Ballers",2026,13,61,52,19,5,0,2,9,0,0,9,12,0.365384615384615,0.459016393442623,0.576923076923077,1.0359394703657,0.211538461538462,0.147540983606557,0.147540983606557,0.0327868852459016,7,0.114754098360656,0.44955737704918,0.450384809487762,0.58938642643552,100,"jwinters",0.674232309746328,0.584779706275033,0.802403204272363,0.699599465954606,0.63845126835781,0.756141522029373,0.679642857142857,58.3070761014686,65.9419995944028,63.9325976029429,NA,NA,0
"J Ybarra","Oakland Ballers",2026,94,451,400,141,32,0,33,43,4,4,73,76,0.3525,0.416851441241685,0.68,1.09685144124169,0.3275,0.0953436807095344,0.161862527716186,0.0731707317073171,65,0.144124168514412,0.465745011086474,0.450384809487762,0.58938642643552,108,"jybarra",0.942590120160214,0.957276368491322,0.35781041388518,0.604806408544726,0.948464619492657,0.468958611481976,0.780637516688919,76.9078771695594,48.4932062461975,70.4609642167492,NA,NA,0
"K Ashworth","Glacier Range Riders",2026,85,403,284,97,16,2,5,105,4,3,39,74,0.341549295774648,0.52020202020202,0.464788732394366,0.984990752596386,0.123239436619718,0.260545905707196,0.0967741935483871,0.0124069478908189,23,0.0570719602977667,0.442229797979798,0.450384809487762,0.58938642643552,94,"kashworth",0.328437917222964,0.251001335113485,0.994659546061415,0.917222963951936,0.297463284379172,0.95981308411215,0.529285714285714,37.8477970627503,78.3167714459542,54.213404964562,NA,NA,0
"K Byrne","Rocky Mountain Vibes",2024,22,97,84,28,4,0,4,11,2,0,15,20,0.333333333333333,0.422680412371134,0.523809523809524,0.946489936180658,0.190476190476191,0.11340206185567,0.154639175257732,0.0412371134020618,8,0.0824742268041237,0.415278350515464,0.424262617051871,0.536937901498929,97,"kbyrne",0.591455273698264,0.719626168224299,0.540720961281709,0.656875834445928,0.642723631508678,0.592990654205608,0.625317089452603,58.5634178905207,56.0292030014196,60.4209413465376,NA,NA,0
"K Clark","Rocky Mountain Vibes",2025,58,289,239,90,24,0,12,45,1,4,63,54,0.376569037656904,0.470588235294118,0.627615062761506,1.09820329805562,0.251046025104602,0.155709342560554,0.217993079584775,0.041522491349481,36,0.124567474048443,0.468650519031142,0.430165036674817,0.545487286609522,124,"kclark",0.819759679572764,0.722296395193591,0.846461949265688,0.283044058744993,0.780774365821095,0.592923898531375,0.715026702269693,66.8464619492657,56.0251470290002,66.2198345146013,NA,NA,0
"K Crowl","Great Falls Voyagers",2021,76,315,272,101,0,0,8,43,0,0,42,93,0.371323529411765,0.457142857142857,0.459558823529412,0.916701680672269,0.088235294117647,0.136507936507936,0.133333333333333,0.0253968253968254,8,0.0253968253968254,0.409720634920635,0.386737115479336,0.403905188465603,132,"kcrowl",0.202937249666222,0.473965287049399,0.727636849132176,0.774365821094793,0.311348464619493,0.748664886515354,0.464409212283044,38.6809078771696,65.4877306834314,50.0197417392149,NA,NA,0
"K De La Cruz","Ogden Raptors",2021,9,1,1,1,0,0,0,0,0,0,0,1,1,1,1,2,0,0,0,0,0,0,0.888,0.386737115479336,0.403905188465603,406,"kcruz",0,0,0,1,0,0.45,0.1575,20,47.3413100790915,30.1809120036247,NA,NA,0
"K Dugan","Grand Junction Jackalopes",2024,63,277,225,83,11,0,22,37,10,5,48,50,0.368888888888889,0.469314079422383,0.711111111111111,1.18042519053349,0.342222222222222,0.133574007220217,0.173285198555957,0.0794223826714801,33,0.11913357400722,0.495859205776173,0.424262617051871,0.536937901498929,143,"kdugan",0.955941255006676,0.967957276368491,0.707610146862483,0.532710280373832,0.960747663551402,0.62890520694259,0.844602803738318,77.6448598130841,58.2113161630501,74.5957258595208,NA,NA,0
"K Elefante","Ogden Raptors",2022,11,32,27,8,2,0,0,4,0,1,8,6,0.296296296296296,0.375,0.37037037037037,0.74537037037037,0.0740740740740741,0.125,0.25,0,2,0.0625,0.3321875,0.403219653620203,0.505468647871367,66,"kelefante",0.172229639519359,0,0.630173564753004,0.136181575433912,0.103337783711615,0.407877169559413,0.209926568758344,26.2002670226969,44.7819914824579,33.5698026904862,NA,NA,0
"K Ewell","Grand Junction Jackalopes",2025,29,99,81,25,4,0,7,16,2,0,34,14,0.308641975308642,0.434343434343434,0.617283950617284,1.05162738496072,0.308641975308642,0.161616161616162,0.343434343434343,0.0707070707070707,11,0.111111111111111,0.451585858585859,0.430165036674817,0.545487286609522,114,"kewell",0.917222963951936,0.950600801068091,0.873164218958612,0.0240320427236315,0.930574098798398,0.49105473965287,0.776742323097463,75.8344459279039,49.8357331170148,70.2091761329924,NA,NA,0
"K Figueiredo","Grand Junction Jackalopes",2023,40,200,151,53,17,0,9,37,8,3,27,27,0.350993377483444,0.492462311557789,0.642384105960265,1.13484641751805,0.291390728476821,0.185,0.135,0.045,26,0.13,0.481396984924623,0.415712620826764,0.519508091651979,142,"kfigueiredo",0.893190921228304,0.76502002670227,0.942590120160214,0.766355140186916,0.841922563417891,0.86328437917223,0.849399198931909,70.5153538050734,72.4518353275198,74.9057682557148,NA,NA,0
"K Frett","Missoula PaddleHeads",2025,22,84,69,21,4,0,3,12,2,1,16,14,0.304347826086957,0.416666666666667,0.492753623188406,0.909420289855072,0.188405797101449,0.142857142857143,0.19047619047619,0.0357142857142857,7,0.0833333333333333,0.399321428571429,0.430165036674817,0.545487286609522,87,"kfrett",0.576769025367156,0.635514018691589,0.773030707610147,0.432576769025367,0.600267022696929,0.619826435246996,0.607112817089453,56.0160213618158,57.6597039140134,59.2442042353043,NA,NA,0
"K Greenwalt","Missoula PaddleHeads",2022,89,393,348,106,26,4,8,30,7,7,58,68,0.304597701149425,0.364795918367347,0.471264367816092,0.836060286183439,0.166666666666667,0.0763358778625954,0.147582697201018,0.0203562340966921,38,0.0966921119592875,0.363408163265306,0.403219653620203,0.505468647871367,84,"kgreenwalt",0.495327102803738,0.397863818424566,0.205607476635514,0.69826435246996,0.456341789052069,0.427303070761015,0.4461782376502,47.3805073431242,45.9622794564997,48.8412785742796,NA,NA,0
"K Greenwalt","Missoula PaddleHeads",2023,88,420,365,126,23,4,21,35,13,7,44,78,0.345205479452055,0.414285714285714,0.602739726027397,1.01702544031311,0.257534246575342,0.0833333333333333,0.104761904761905,0.05,48,0.114285714285714,0.434804761904762,0.415712620826764,0.519508091651979,116,"kgreenwalt",0.831775700934579,0.835781041388518,0.248331108144192,0.890520694259012,0.833377837116155,0.537316421895861,0.729756341789052,70.0026702269693,52.6465220036504,67.171968887882,NA,NA,0
"K Hayes","Great Falls Voyagers",2021,34,87,77,22,0,0,4,10,0,0,21,18,0.285714285714286,0.367816091954023,0.441558441558442,0.809374533512464,0.155844155844156,0.114942528735632,0.241379310344828,0.0459770114942529,4,0.0459770114942529,0.359632183908046,0.386737115479336,0.403905188465603,104,"khayes",0.445927903871829,0.781041388518024,0.55807743658211,0.154873164218959,0.579973297730307,0.376635514018692,0.508805073431242,54.7983978638184,42.8837963901845,52.8895217752462,"Kyle Hayes","Kanas City Royals",1
"K Higgins","Colorado Springs Sky Sox",2022,85,352,335,118,13,3,3,13,2,1,62,99,0.352238805970149,0.378917378917379,0.435820895522388,0.814738274439767,0.0835820895522388,0.0369318181818182,0.176136363636364,0.00852272727272727,19,0.0539772727272727,0.358974358974359,0.403219653620203,0.505468647871367,80,"khiggins",0.196261682242991,0.198931909212283,0.054739652870494,0.511348464619493,0.197329773030708,0.260213618157543,0.2193391188251,31.8397863818425,35.8101804907727,34.1782366203869,NA,NA,0
"K Higgins","Colorado Springs Sky Sox",2023,30,98,87,27,3,0,2,10,0,0,17,22,0.310344827586207,0.381443298969072,0.413793103448276,0.795236402417348,0.103448275862069,0.102040816326531,0.173469387755102,0.0204081632653061,5,0.0510204081632653,0.355164948453608,0.415712620826764,0.519508091651979,71,"khiggins",0.259012016021362,0.400534045393858,0.432576769025367,0.530040053404539,0.31562082777036,0.476435246995995,0.371905874499332,38.9372496662216,48.9474751571689,44.0402602025955,NA,NA,0
"K Jenkins","Idaho Falls Chukars",2024,18,67,56,17,3,0,0,11,0,0,12,14,0.303571428571429,0.417910447761194,0.357142857142857,0.775053304904051,0.0535714285714286,0.164179104477612,0.17910447761194,0,3,0.0447761194029851,0.355746268656716,0.424262617051871,0.536937901498929,65,"kjenkins",0.126835781041389,0,0.882510013351135,0.496662216288384,0.0761014686248331,0.708878504672897,0.297573431241656,24.56608811749,63.0703711214764,39.2353582100823,NA,NA,0
"K Jimenez","Colorado Springs Sky Sox",2023,65,243,212,61,11,2,6,24,2,2,35,42,0.287735849056604,0.3625,0.443396226415094,0.805896226415094,0.155660377358491,0.0987654320987654,0.1440329218107,0.0246913580246913,19,0.0781893004115226,0.3546625,0.415712620826764,0.519508091651979,73,"kjimenez",0.444592790387183,0.45260347129506,0.397863818424566,0.718291054739653,0.447797062750334,0.542056074766355,0.480787716955941,46.86782376502,52.9344960454269,51.0784599285845,NA,NA,0
"K Jimenez","Colorado Springs Sky Sox",2024,90,392,338,110,24,0,6,40,4,6,68,80,0.325443786982249,0.396907216494845,0.449704142011834,0.84661135850668,0.124260355029586,0.102040816326531,0.173469387755102,0.0153061224489796,30,0.076530612244898,0.372778350515464,0.424262617051871,0.536937901498929,77,"kjimenez",0.333778371161549,0.296395193591455,0.432576769025367,0.530040053404539,0.318825100133511,0.476435246995995,0.373988651535381,39.1295060080107,48.9474751571689,44.1748923913395,NA,NA,0
"K Johnson","Idaho Falls Chukars",2024,30,118,95,30,8,1,0,13,10,0,19,21,0.315789473684211,0.449152542372881,0.421052631578947,0.870205173951829,0.105263157894737,0.110169491525424,0.161016949152542,0,9,0.076271186440678,0.395101694915254,0.424262617051871,0.536937901498929,84,"kjohnson",0.265687583444593,0,0.511348464619493,0.616822429906542,0.159412550066756,0.558811748998665,0.299202269692924,29.5647530040053,53.9525451226932,39.3406474858949,NA,NA,0
"K Kaler","Boise Hawks",2024,43,210,172,57,8,3,3,34,2,1,25,43,0.331395348837209,0.444976076555024,0.465116279069767,0.910092355624791,0.133720930232558,0.161904761904762,0.119047619047619,0.0142857142857143,14,0.0666666666666667,0.403861244019139,0.424262617051871,0.536937901498929,92,"kkaler",0.371161548731642,0.281708945260347,0.874499332443258,0.839786381842457,0.335380507343124,0.858878504672897,0.518604806408545,40.1228304405874,72.1841411478402,53.5229834838236,NA,NA,0
"K Kaufman","Ogden Raptors",2021,32,95,88,22,0,0,3,7,0,0,9,19,0.25,0.305263157894737,0.352272727272727,0.657535885167464,0.102272727272727,0.0736842105263158,0.0947368421052632,0.031578947368421,3,0.031578947368421,0.29478947368421,0.386737115479336,0.403905188465603,66,"kkaufman",0.253671562082777,0.560747663551402,0.186915887850467,0.922563417890521,0.376502002670227,0.517957276368491,0.426011348464619,42.5901201602136,51.470290002028,47.5376765159606,NA,NA,0
"K Liniak","Glacier Range Riders",2024,26,115,98,34,13,0,8,10,5,2,21,13,0.346938775510204,0.426086956521739,0.724489795918367,1.15057675244011,0.377551020408163,0.0869565217391304,0.182608695652174,0.0695652173913043,21,0.182608695652174,0.481608695652174,0.424262617051871,0.536937901498929,135,"kliniak",0.977303070761015,0.946595460614152,0.281708945260347,0.479305740987984,0.96502002670227,0.370627503337784,0.7569826435247,77.9012016021362,42.5187588724397,68.9318963936265,NA,NA,0
"K Maldonado","Grand Junction Jackalopes",2021,370,1108,1014,319,0,0,30,94,0,0,192,289,0.314595660749507,0.372743682310469,0.403353057199211,0.77609673950968,0.0887573964497042,0.0848375451263538,0.173285198555957,0.0270758122743682,30,0.0270758122743682,0.347041516245487,0.386737115479336,0.403905188465603,96,"kmaldonado",0.205607476635514,0.495327102803738,0.261682242990654,0.532710280373832,0.321495327102804,0.383644859813084,0.343247663551402,39.2897196261682,43.3096734942202,42.1877730670896,NA,NA,0
"K Micklus","Billings Mustangs",2026,39,172,144,51,15,1,8,22,5,0,16,27,0.354166666666667,0.456140350877193,0.638888888888889,1.09502923976608,0.284722222222222,0.127906976744186,0.0930232558139535,0.0465116279069767,24,0.13953488372093,0.469327485380117,0.450384809487762,0.58938642643552,110,"kmicklus",0.883845126835781,0.787716955941255,0.655540720961282,0.927903871829105,0.845393858477971,0.778104138851802,0.821842456608812,70.7236315086782,67.2764145203813,73.12448083541,NA,NA,0
"K Moody","Colorado Springs Sky Sox",2025,76,335,274,92,21,4,8,55,1,5,41,59,0.335766423357664,0.441791044776119,0.529197080291971,0.97098812506809,0.193430656934307,0.164179104477612,0.122388059701493,0.0238805970149254,33,0.0985074626865672,0.420976119402985,0.430165036674817,0.545487286609522,100,"kmoody",0.606141522029373,0.439252336448598,0.882510013351135,0.823765020026702,0.539385847797063,0.85607476635514,0.65022696929239,52.3631508678238,72.0137903062259,62.031133693647,NA,NA,0
"K O'Brien","Glacier Range Riders",2023,4,13,12,5,1,0,0,0,1,0,3,4,0.416666666666667,0.461538461538462,0.5,0.961538461538462,0.0833333333333333,0,0.230769230769231,0,1,0.0769230769230769,0.426538461538462,0.415712620826764,0.519508091651979,107,"ko'brien",0.194926568758344,0,0,0.210947930574099,0.116955941255007,0.0949265687583444,0.109245660881175,27.0173564753004,25.7675927803691,27.0617172076766,NA,NA,0
"K Oyama","Boise Hawks",2023,72,309,269,80,15,1,1,30,4,4,35,63,0.297397769516729,0.371335504885993,0.371747211895911,0.743082716781904,0.0743494423791821,0.0970873786407767,0.113268608414239,0.00323624595469255,17,0.0550161812297735,0.333270358306189,0.415712620826764,0.519508091651979,61,"koyama",0.174899866488652,0.15086782376502,0.373831775700935,0.858477970627503,0.165287049399199,0.591922563417891,0.314609479305741,29.9172229639519,55.9643074427094,40.3365804718599,NA,NA,0
"K Oyama","Ogden Raptors",2025,90,431,350,123,16,2,0,47,15,10,33,105,0.351428571428571,0.438388625592417,0.408571428571429,0.846960054163846,0.0571428571428572,0.109048723897912,0.0765661252900232,0,18,0.0417633410672854,0.379308056872038,0.430165036674817,0.545487286609522,77,"koyama",0.138851802403204,0,0.500667556742323,0.955941255006676,0.0833110814419226,0.705540720961282,0.301091455273698,24.9986648865154,62.867572500507,39.4627657853005,NA,NA,0
"K Quiggle","Idaho Falls Chukars",2021,58,261,237,89,0,0,13,24,0,0,54,76,0.375527426160338,0.432950191570881,0.540084388185654,0.973034579756535,0.164556962025316,0.0919540229885058,0.206896551724138,0.0498084291187739,13,0.0498084291187739,0.426670498084291,0.386737115479336,0.403905188465603,146,"kquiggle",0.489986648865154,0.834445927903872,0.32977303070761,0.343124165554072,0.627770360480641,0.335781041388518,0.525574098798398,57.6662216288384,40.4015412695194,53.9734835000054,NA,NA,0
"K Schmack","Great Falls Voyagers",2025,38,168,128,43,8,1,6,21,17,2,48,28,0.3359375,0.482142857142857,0.5546875,1.03683035714286,0.21875,0.125,0.285714285714286,0.0357142857142857,15,0.0892857142857143,0.452488095238095,0.430165036674817,0.545487286609522,114,"kschmack",0.708945260347129,0.635514018691589,0.630173564753004,0.0640854472630173,0.679572763684913,0.37543391188251,0.573124165554072,60.7743658210948,42.8107888866356,57.0471536295673,NA,NA,0
"K Schmack","Great Falls Voyagers",2026,79,395,314,112,23,1,24,54,18,9,74,64,0.356687898089172,0.465822784810127,0.665605095541401,1.13142788035153,0.308917197452229,0.136708860759494,0.187341772151899,0.0607594936708861,48,0.121518987341772,0.476863291139241,0.450384809487762,0.58938642643552,116,"kschmack",0.922563417890521,0.909212283044059,0.730307076101469,0.447263017356475,0.917222963951936,0.602937249666222,0.807222963951936,75.0333778371161,56.6335428919083,72.1794664336494,NA,NA,0
"K Stancato","Ogden Raptors",2025,57,188,157,49,11,0,6,21,8,1,19,32,0.312101910828025,0.417112299465241,0.496815286624204,0.913927586089444,0.184713375796178,0.111702127659574,0.101063829787234,0.0319148936170213,17,0.0904255319148936,0.402508021390374,0.430165036674817,0.545487286609522,88,"kstancato",0.55807743658211,0.568758344459279,0.527369826435247,0.899866488651535,0.562349799732977,0.694993324432577,0.608775033377837,53.7409879839786,62.2267288582438,59.3516510782442,NA,NA,0
"K Stancato","Ogden Raptors",2026,45,166,147,63,10,1,2,15,4,0,18,50,0.428571428571429,0.493975903614458,0.551020408163265,1.04499631177772,0.122448979591837,0.0903614457831325,0.108433734939759,0.0120481927710843,13,0.0783132530120482,0.458831325301205,0.450384809487762,0.58938642643552,103,"kstancato",0.324432576769025,0.242990654205607,0.315086782376502,0.874499332443258,0.291855807743658,0.566822429906542,0.388094125500668,37.5113484646195,54.4392618130197,45.0866802593396,NA,NA,0
"K Stone","Billings Mustangs",2021,31,11,10,3,0,0,0,1,0,0,4,3,0.3,0.363636363636364,0.3,0.663636363636364,0,0.0909090909090909,0.363636363636364,0,0,0,0.304909090909091,0.386737115479336,0.403905188465603,68,"kstone",0,0,0.317757009345794,0.0186915887850467,0,0.183177570093458,0.0641121495327103,20,31.1295883187994,24.1442549381318,NA,NA,0
"K Whatley","Missoula PaddleHeads",2022,34,149,125,37,9,1,2,10,8,1,34,25,0.296,0.381944444444444,0.432,0.813944444444444,0.136,0.0671140939597315,0.228187919463087,0.0134228187919463,12,0.0805369127516778,0.362034722222222,0.403219653620203,0.505468647871367,80,"kwhatley",0.376502002670227,0.269692923898531,0.148197596795728,0.221628838451268,0.333778371161549,0.181241655540721,0.280390520694259,40.0267022696929,31.0119651186372,38.1246426529445,NA,NA,0
"K Willman","Missoula PaddleHeads",2022,65,298,258,83,14,3,6,34,2,4,64,60,0.321705426356589,0.399328859060403,0.468992248062016,0.868321107122418,0.147286821705426,0.114093959731544,0.214765100671141,0.0201342281879195,23,0.0771812080536913,0.380644295302013,0.403219653620203,0.505468647871367,92,"kwillman",0.416555407209613,0.393858477970628,0.54739652870494,0.297730307076101,0.407476635514019,0.435046728971963,0.417126168224299,44.4485981308411,46.4327722571487,46.9633321466714,"Kamron Willman","Minnesota Twins",1
"K Willman","Missoula PaddleHeads",2023,21,89,75,32,8,1,2,10,2,2,9,21,0.426666666666667,0.49438202247191,0.64,1.13438202247191,0.213333333333333,0.112359550561798,0.101123595505618,0.0224719101123595,11,0.123595505617978,0.482898876404494,0.415712620826764,0.519508091651979,142,"kwillman",0.686248331108144,0.421895861148198,0.531375166889186,0.898531375166889,0.580507343124166,0.696595460614152,0.621138184245661,54.8304405874499,62.3240721963091,60.1508139421988,"Kamron Willman","Minnesota Twins",1
"K Willman","Missoula PaddleHeads",2024,53,220,192,69,12,1,10,23,1,4,38,46,0.359375,0.422727272727273,0.588541666666667,1.01126893939394,0.229166666666667,0.104545454545455,0.172727272727273,0.0454545454545454,23,0.104545454545455,0.433263636363636,0.424262617051871,0.536937901498929,109,"kwillman",0.747663551401869,0.769025367156208,0.461949265687583,0.538050734312417,0.756208277703605,0.496194926568758,0.665203604806408,65.3724966622163,50.1480429933076,62.9992340636698,"Kamron Willman","Minnesota Twins",1
"L Barns","Ogden Raptors",2023,53,200,172,54,7,0,2,12,12,4,24,45,0.313953488372093,0.39,0.38953488372093,0.77953488372093,0.0755813953488372,0.06,0.12,0.01,9,0.045,0.350015,0.415712620826764,0.519508091651979,69,"lbarns",0.181575433911883,0.220293724966622,0.11214953271028,0.834445927903872,0.197062750333778,0.437182910547397,0.281104806408545,31.8237650200267,46.5625633745691,38.1708145894689,NA,NA,0
"L Barns","Ogden Raptors",2024,84,360,315,97,14,2,2,21,14,2,51,79,0.307936507936508,0.375,0.384126984126984,0.759126984126984,0.0761904761904762,0.0583333333333333,0.141666666666667,0.00555555555555555,18,0.05,0.340846590909091,0.424262617051871,0.536937901498929,60,"lbarns",0.182910547396529,0.172229639519359,0.102803738317757,0.730307076101469,0.178638184245661,0.385180240320427,0.250927903871829,30.7182910547397,43.4029608598662,36.2201581496704,NA,NA,0
"L Fisher","Grand Junction Jackalopes",2023,26,72,67,22,6,0,3,4,1,0,13,13,0.328358208955224,0.375,0.552238805970149,0.927238805970149,0.223880597014925,0.0555555555555556,0.180555555555556,0.0416666666666667,9,0.125,0.402152777777778,0.415712620826764,0.519508091651979,97,"lfisher",0.731642189586115,0.723631508678238,0.0934579439252336,0.489986648865154,0.728437917222964,0.271895861148198,0.568648197596796,63.7062750333778,36.5199756641655,56.7578238777954,NA,NA,0
"L Helmig","Oakland Ballers",2025,80,314,273,89,14,1,8,38,2,1,56,66,0.326007326007326,0.410828025477707,0.472527472527473,0.88335549800518,0.146520146520146,0.121019108280255,0.178343949044586,0.0254777070063694,23,0.0732484076433121,0.390095541401274,0.430165036674817,0.545487286609522,82,"lhelmig",0.41388518024032,0.475300400534045,0.608811748998665,0.500667556742323,0.43845126835781,0.560146862483311,0.481044726301736,46.3070761014686,54.0336645710809,51.0950731954648,NA,NA,0
"L Johnstone","Oakland Ballers",2026,28,124,98,34,10,0,10,22,2,2,20,14,0.346938775510204,0.467741935483871,0.755102040816326,1.2228439763002,0.408163265306122,0.17741935483871,0.161290322580645,0.0806451612903226,20,0.161290322580645,0.506258064516129,0.450384809487762,0.58938642643552,132,"ljohnstone",0.986648865153538,0.970627503337784,0.929238985313752,0.612817089452603,0.980240320427236,0.786849132176235,0.912553404539386,78.8144192256342,67.807746907321,78.9881010172929,NA,NA,0
"L Meyer","Boise Hawks",2026,77,372,306,109,21,6,4,48,11,4,62,78,0.356209150326797,0.455284552845528,0.503267973856209,0.958552526701738,0.147058823529412,0.129032258064516,0.166666666666667,0.010752688172043,31,0.0833333333333333,0.420371273712737,0.450384809487762,0.58938642643552,86,"lmeyer",0.415220293724967,0.226969292389853,0.667556742323097,0.584779706275033,0.339919893190921,0.630307076101469,0.441555407209613,40.3951935914553,58.2964915838572,48.5424555271476,NA,NA,0
"L Moreno","Great Falls Voyagers",2025,19,65,49,17,2,0,1,8,8,0,12,14,0.346938775510204,0.507692307692308,0.448979591836735,0.956671899529042,0.102040816326531,0.123076923076923,0.184615384615385,0.0153846153846154,3,0.0461538461538461,0.436476923076923,0.430165036674817,0.545487286609522,100,"lmoreno",0.251001335113485,0.300400534045394,0.627503337783712,0.457943925233645,0.270761014686248,0.551201602136182,0.368915220293725,36.2456608811749,53.490164266883,43.8469421879888,NA,NA,0
"L Navarro","Missoula PaddleHeads",2023,67,300,247,88,17,0,10,45,5,3,44,61,0.356275303643725,0.46,0.546558704453441,1.00655870445344,0.190283400809717,0.15,0.146666666666667,0.0333333333333333,27,0.09,0.43815,0.415712620826764,0.519508091651979,116,"lnavarro",0.590120160213618,0.596795727636849,0.814419225634179,0.703604806408545,0.592790387182911,0.764552736982644,0.652907209612817,55.5674232309746,66.4530521192456,62.2043863339698,NA,NA,0
"L Navarro","Missoula PaddleHeads",2024,24,105,93,35,6,0,4,12,0,0,13,25,0.376344086021505,0.447619047619048,0.56989247311828,1.01751152073733,0.193548387096774,0.114285714285714,0.123809523809524,0.0380952380952381,10,0.0952380952380952,0.442952380952381,0.424262617051871,0.536937901498929,112,"lnavarro",0.607476635514019,0.679572763684913,0.550066755674232,0.814419225634179,0.636315086782377,0.669025367156208,0.647763684913218,58.1789052069426,60.648955587102,61.8719052396518,NA,NA,0
"L Navarro","Rocky Mountain Vibes",2022,60,263,211,79,19,2,6,46,4,2,25,52,0.374407582938389,0.490494296577947,0.568720379146919,1.05921467572487,0.194312796208531,0.174904942965779,0.0950570342205323,0.0228136882129278,27,0.102661596958175,0.459281368821293,0.403219653620203,0.505468647871367,134,"lnavarro",0.610146862483311,0.423230974632844,0.922563417890521,0.921228304405874,0.535380507343124,0.92196261682243,0.670684245660881,52.1228304405874,76.0170350841614,63.3535065859736,NA,NA,0
"L Navigato","Idaho Falls Chukars",2024,1,6,5,2,0,0,0,1,0,0,1,2,0.4,0.5,0.4,0.9,0,0.166666666666667,0.166666666666667,0,0,0,0.411,0.424262617051871,0.536937901498929,92,"lnavigato",0,0,0.894526034712951,0.584779706275033,0,0.755140186915888,0.264299065420561,20,65.8811600081119,37.0844795408697,NA,NA,0
"L Navigato","Missoula PaddleHeads",2021,38,159,135,45,0,0,6,24,0,0,19,39,0.333333333333333,0.433962264150943,0.466666666666667,0.90062893081761,0.133333333333333,0.150943396226415,0.119496855345912,0.0377358490566038,6,0.0377358490566038,0.401245283018868,0.386737115479336,0.403905188465603,128,"lnavigato",0.369826435246996,0.672897196261682,0.819759679572764,0.835781041388518,0.49105473965287,0.826969292389853,0.608624833110814,49.4632843791722,70.2453863313729,59.3419420261713,NA,NA,0
"L Roskam","Grand Junction Jackalopes",2021,57,252,222,73,0,0,8,30,0,0,41,65,0.328828828828829,0.408730158730159,0.436936936936937,0.845667095667096,0.108108108108108,0.119047619047619,0.162698412698413,0.0317460317460317,8,0.0317460317460317,0.377888888888889,0.386737115479336,0.403905188465603,114,"lroskam",0.267022696929239,0.563417890520694,0.592790387182911,0.600801068090788,0.385580774365821,0.596395193591455,0.459365821094793,43.1348464619493,56.2360575948084,49.6937333462787,NA,NA,0
"L Sparks","Missoula PaddleHeads",2022,88,406,346,138,28,5,18,49,0,11,60,87,0.398843930635838,0.460591133004926,0.664739884393064,1.12533101739799,0.265895953757225,0.120689655172414,0.147783251231527,0.0443349753694581,51,0.125615763546798,0.474266009852217,0.403219653620203,0.505468647871367,146,"lsparks",0.851802403204272,0.758344459279039,0.60347129506008,0.695594125500668,0.814419225634179,0.644926568758345,0.755096795727637,68.8651535380507,59.1847495437031,68.8099938509337,"Lamar Sparks","Milwaukee Brewers",1
"L Williams","Ogden Raptors",2022,22,81,71,28,3,0,2,8,1,1,25,23,0.394366197183099,0.45679012345679,0.52112676056338,0.97791688402017,0.126760563380282,0.0987654320987654,0.308641975308642,0.0246913580246913,5,0.0617283950617284,0.42816049382716,0.403219653620203,0.505468647871367,116,"lwilliams",0.344459279038718,0.45260347129506,0.397863818424566,0.0453938584779706,0.387716955941255,0.239252336448598,0.335754339118825,43.2630173564753,34.536605151085,41.7033992470091,NA,NA,0
"L Williams","Ogden Raptors",2023,80,360,299,94,24,1,13,56,3,2,86,56,0.31438127090301,0.425,0.531772575250836,0.956772575250836,0.217391304347826,0.155555555555556,0.238888888888889,0.0361111111111111,38,0.105555555555556,0.416575,0.415712620826764,0.519508091651979,105,"lwilliams",0.703604806408545,0.646194926568758,0.845126835781041,0.166889185580774,0.68064085447263,0.539919893190921,0.631388518024032,60.8384512683578,52.8047049280065,60.8134028069948,NA,NA,0
"L Williams","Ogden Raptors",2024,2,9,8,3,0,0,0,0,0,1,2,3,0.375,0.333333333333333,0.375,0.708333333333333,0,0,0.222222222222222,0,0,0,0.296,0.424262617051871,0.536937901498929,48,"lwilliams",0,0,0,0.253671562082777,0,0.11415220293725,0.0399532710280374,20,26.9357128371527,22.5826078513868,NA,NA,0
"M Annone","Rocky Mountain Vibes",2021,57,209,189,50,0,0,4,20,0,0,46,46,0.264550264550265,0.334928229665072,0.328042328042328,0.6629705577074,0.0634920634920635,0.0956937799043062,0.220095693779904,0.0191387559808612,4,0.0191387559808612,0.301684210526316,0.386737115479336,0.403905188465603,68,"mannone",0.156208277703605,0.379172229639519,0.363150867823765,0.267022696929239,0.245393858477971,0.319893190921228,0.271468624833111,34.7236315086782,39.4362198337051,37.5479249598153,NA,NA,0
"M Annone","Rocky Mountain Vibes",2022,60,252,220,69,19,0,3,21,8,2,31,47,0.313636363636364,0.390438247011952,0.440909090909091,0.831347337921043,0.127272727272727,0.0833333333333333,0.123015873015873,0.0119047619047619,22,0.0873015873015873,0.368342629482072,0.403219653620203,0.505468647871367,84,"mannone",0.351134846461949,0.238985313751669,0.248331108144192,0.819759679572764,0.306275033377837,0.505473965287049,0.375994659546061,38.3765020026702,50.7118231596025,44.3045621756907,NA,NA,0
"M Backstrom","Great Falls Voyagers",2024,45,202,177,62,15,6,12,20,4,1,65,29,0.350282485875706,0.425742574257426,0.706214689265537,1.13195726352296,0.355932203389831,0.099009900990099,0.321782178217822,0.0594059405940594,33,0.163366336633663,0.477292079207921,0.424262617051871,0.536937901498929,132,"mbackstrom",0.965287049399199,0.903871829105474,0.404539385847797,0.0400534045393859,0.940720961281709,0.240520694259012,0.695650867823765,76.4432576769025,34.6136686270533,64.9673667971995,NA,NA,0
"M Bardowell","Long Beach Coast",2026,80,378,310,111,25,2,13,49,14,5,72,71,0.358064516129032,0.46031746031746,0.57741935483871,1.03773681515617,0.219354838709677,0.12962962962963,0.19047619047619,0.0343915343915344,40,0.105820105820106,0.447846560846561,0.450384809487762,0.58938642643552,100,"mbardowell",0.716955941255007,0.612817089452603,0.675567423230975,0.432576769025367,0.675300400534045,0.566221628838451,0.637122830440587,60.5180240320427,54.4027580612452,61.1840728394662,NA,NA,0
"M Clayton","Glacier Range Riders",2023,75,320,271,84,18,0,13,34,12,3,44,53,0.309963099630996,0.40625,0.520295202952029,0.92654520295203,0.210332103321033,0.10625,0.1375,0.040625,31,0.096875,0.404309375,0.415712620826764,0.519508091651979,98,"mclayton",0.666221628838451,0.707610146862483,0.477970627503338,0.746328437917223,0.682777036048064,0.598731642189586,0.653361148197597,60.9666221628838,56.3780166294869,62.2337292469012,NA,NA,0
"M Deeb","Great Falls Voyagers",2021,81,339,311,95,0,0,10,28,0,0,67,85,0.305466237942122,0.36283185840708,0.401929260450161,0.76476111885724,0.0964630225080386,0.0825958702064897,0.1976401179941,0.0294985250737463,10,0.0294985250737463,0.341622418879056,0.386737115479336,0.403905188465603,93,"mdeeb",0.230974632843792,0.53671562082777,0.244325767690254,0.393858477970627,0.353271028037383,0.311615487316422,0.338691588785047,41.196261682243,38.9332792537011,41.8932651542121,NA,NA,0
"M Dinesen","Glacier Range Riders",2023,86,335,310,97,24,2,7,18,1,4,77,64,0.312903225806452,0.348348348348348,0.470967741935484,0.819316090283832,0.158064516129032,0.0537313432835821,0.229850746268657,0.0208955223880597,33,0.0985074626865672,0.355606606606607,0.415712620826764,0.519508091651979,74,"mdinesen",0.461949265687583,0.405874499332443,0.0894526034712951,0.216288384512684,0.439519359145527,0.14652870493992,0.336972630173565,46.3711615487316,28.9028594605557,41.7821504471558,NA,NA,0
"M Dinesen","Glacier Range Riders",2024,35,165,140,52,11,0,8,20,3,0,38,33,0.371428571428571,0.460122699386503,0.621428571428571,1.08155127081507,0.25,0.121212121212121,0.23030303030303,0.0484848484848485,19,0.115151515151515,0.46661963190184,0.424262617051871,0.536937901498929,124,"mdinesen",0.81041388518024,0.81041388518024,0.610146862483311,0.213618157543391,0.81041388518024,0.431708945260347,0.677867156208278,68.6248331108144,46.2299736361793,63.8178150317702,NA,NA,0
"M Edie","Billings Mustangs",2023,67,283,251,82,16,6,2,19,7,1,57,58,0.326693227091633,0.388489208633093,0.462151394422311,0.850640603055404,0.135458167330677,0.0671378091872792,0.201413427561837,0.00706713780918727,24,0.0848056537102474,0.373748201438849,0.415712620826764,0.519508091651979,82,"medie",0.375166889185581,0.182910547396529,0.149532710280374,0.372496662216288,0.29826435246996,0.249866488651535,0.281325100133511,37.8958611481976,35.1815047657676,38.1850545325091,NA,NA,0
"M Feinstein","Idaho Falls Chukars",2021,73,348,284,100,0,0,20,64,0,0,66,80,0.352112676056338,0.471264367816092,0.563380281690141,1.03464464950623,0.211267605633803,0.183908045977011,0.189655172413793,0.0574712643678161,20,0.0574712643678161,0.451781609195402,0.386737115479336,0.403905188465603,161,"mfeinstein",0.671562082777036,0.889185580774366,0.939919893190921,0.436582109479306,0.758611481975968,0.713417890520694,0.742793724966622,65.5166889185581,63.3461772459947,68.0147146078082,NA,NA,0
"M Feinstein","Idaho Falls Chukars",2022,28,144,113,40,7,0,7,26,4,1,29,26,0.353982300884956,0.486111111111111,0.601769911504425,1.08788102261554,0.247787610619469,0.180555555555556,0.201388888888889,0.0486111111111111,14,0.0972222222222222,0.468888888888889,0.403219653620203,0.505468647871367,140,"mfeinstein",0.806408544726302,0.815754339118825,0.93324432576769,0.373831775700935,0.810146862483311,0.68150867823765,0.76512349799733,68.6088117489987,61.4074224295275,69.4581270159768,NA,NA,0
"M Golda","Grand Junction Jackalopes",2023,50,199,165,50,7,2,2,21,5,3,30,39,0.303030303030303,0.391752577319588,0.406060606060606,0.797813183380194,0.103030303030303,0.105527638190955,0.150753768844221,0.0100502512562814,11,0.0552763819095477,0.355994845360825,0.415712620826764,0.519508091651979,72,"mgolda",0.256341789052069,0.221628838451268,0.469959946595461,0.680907877169559,0.242456608811749,0.564886515353805,0.355307076101469,34.5473965287049,54.3216386128574,42.9673020701857,NA,NA,0
"M Haas","Boise Hawks",2026,26,132,105,42,6,1,5,18,6,2,22,30,0.4,0.50381679389313,0.619047619047619,1.12286441294075,0.219047619047619,0.136363636363636,0.166666666666667,0.0378787878787879,12,0.0909090909090909,0.481977099236641,0.450384809487762,0.58938642643552,117,"mhaas",0.714285714285714,0.674232309746328,0.724966622162884,0.584779706275033,0.69826435246996,0.661882510013351,0.685530707610147,61.8958611481976,60.2149665382276,64.3131924441999,NA,NA,0
"M Handron","Modesto Roadsters",2026,69,340,277,101,24,1,12,58,2,3,40,64,0.364620938628159,0.473529411764706,0.588447653429603,1.06197706519431,0.223826714801444,0.170588235294118,0.117647058823529,0.0352941176470588,37,0.108823529411765,0.457729411764706,0.450384809487762,0.58938642643552,105,"mhandron",0.730307076101469,0.634178905206943,0.910547396528705,0.847797062750334,0.691855807743658,0.882309746328438,0.758514686248331,61.5113484646195,73.6077874670452,69.03092872477,NA,NA,0
"M Harris","Boise Hawks",2021,57,185,160,38,0,0,6,25,0,0,60,32,0.2375,0.340540540540541,0.35,0.69054054054054,0.1125,0.135135135135135,0.324324324324324,0.0324324324324324,6,0.0324324324324324,0.314983783783784,0.386737115479336,0.403905188465603,75,"mharris",0.285714285714286,0.579439252336449,0.712950600801068,0.0373831775700935,0.403204272363151,0.40894526034713,0.405213618157543,44.192256341789,44.8468870411681,46.1932964389354,NA,NA,0
"M Herron Jr.","Rocky Mountain Vibes",2023,83,352,323,98,14,3,13,21,4,2,88,68,0.303405572755418,0.351428571428571,0.486068111455108,0.83749668288368,0.18266253869969,0.0596590909090909,0.25,0.0369318181818182,30,0.0852272727272727,0.364905714285714,0.415712620826764,0.519508091651979,78,"m.",0.552736982643525,0.658210947930574,0.110814419225634,0.136181575433912,0.594926568758344,0.122229639519359,0.4294826435247,55.6955941255007,27.4264854998986,47.7620634972006,NA,NA,0
"M Hogan","Rocky Mountain Vibes",2023,45,187,152,44,6,3,10,27,5,2,46,25,0.289473684210526,0.408602150537634,0.565789473684211,0.974391624221845,0.276315789473684,0.144385026737968,0.245989304812834,0.053475935828877,19,0.101604278074866,0.41894623655914,0.415712620826764,0.519508091651979,107,"mhogan",0.869158878504673,0.858477970627503,0.786381842456609,0.145527369826435,0.864886515353805,0.497997329773031,0.736475300400534,71.8931909212283,50.2575542486311,67.606287150609,NA,NA,0
"M Jackson","Colorado Springs Sky Sox",2025,11,36,27,9,3,0,0,8,1,0,9,6,0.333333333333333,0.5,0.444444444444444,0.944444444444444,0.111111111111111,0.222222222222222,0.25,0,3,0.0833333333333333,0.427305555555555,0.430165036674817,0.545487286609522,98,"mjackson",0.27369826435247,0,0.979973297730307,0.136181575433912,0.164218958611482,0.600267022696929,0.316835781041389,29.8531375166889,56.4713039951328,40.4804901992513,NA,NA,0
"M Jefferson","Oakland Ballers",2024,39,168,147,47,6,1,3,17,4,0,26,37,0.319727891156463,0.404761904761905,0.435374149659864,0.840136054421769,0.115646258503401,0.101190476190476,0.154761904761905,0.0178571428571428,10,0.0595238095238095,0.375113095238095,0.424262617051871,0.536937901498929,76,"mjefferson",0.297730307076101,0.351134846461949,0.425901201602136,0.654205607476636,0.319092122830441,0.528638184245661,0.392433244325768,39.1455273698264,52.11924558913,45.3671639858895,NA,NA,0
"M Jung-Goldberg","Boise Hawks",2025,94,447,360,130,28,4,26,65,17,3,61,72,0.361111111111111,0.476404494382022,0.677777777777778,1.1541822721598,0.316666666666667,0.145413870246085,0.136465324384787,0.058165548098434,58,0.129753914988814,0.489298876404494,0.430165036674817,0.545487286609522,135,"mjung-goldberg",0.93324432576769,0.893190921228304,0.790387182910547,0.753004005340454,0.917222963951936,0.773564753004005,0.86694259012016,75.0333778371161,67.0006083958629,76.0397855378275,NA,NA,0
"M Koszewski","Missoula PaddleHeads",2026,90,450,341,116,19,5,6,92,5,9,35,86,0.340175953079179,0.476510067114094,0.478005865102639,0.954515932216733,0.13782991202346,0.204444444444444,0.0777777777777778,0.0133333333333333,30,0.0666666666666667,0.421237136465324,0.450384809487762,0.58938642643552,87,"mkoszewski",0.383177570093458,0.267022696929239,0.969292389853137,0.954606141522029,0.33671562082777,0.962683578104139,0.555804405874499,40.2029372496662,78.4911782599878,55.9275920472076,NA,NA,0
"M Miesse","Great Falls Voyagers",2026,3,14,9,3,0,0,0,3,1,1,0,3,0.333333333333333,0.5,0.333333333333333,0.833333333333333,0,0.214285714285714,0,0,0,0,0.389714285714286,0.450384809487762,0.58938642643552,68,"mmiesse",0,0,0.977303070761015,1,0,0.987516688918558,0.345630841121495,20,80,42.3418233599793,NA,NA,0
"M Miller","Boise Hawks",2021,79,367,330,108,0,0,6,37,0,0,66,102,0.327272727272727,0.395095367847411,0.381818181818182,0.776913549665593,0.0545454545454546,0.100817438692098,0.17983651226158,0.0163487738419619,6,0.0163487738419619,0.350713896457766,0.386737115479336,0.403905188465603,97,"mmiller",0.132176234979973,0.317757009345794,0.421895861148198,0.492656875834446,0.206408544726302,0.453738317757009,0.292973965287049,32.3845126835781,47.5684445345772,38.9380454599394,"Mitchel Miller","Pittsburgh Pirates",1
"M Minzey","Grand Junction Jackalopes",2025,84,396,324,106,24,2,24,63,4,3,88,56,0.327160493827161,0.439086294416244,0.635802469135803,1.07488876355205,0.308641975308642,0.159090909090909,0.222222222222222,0.0606060606060606,50,0.126262626262626,0.457477157360406,0.430165036674817,0.545487286609522,119,"mminzey",0.919893190921228,0.906542056074766,0.857142857142857,0.253671562082777,0.914552736982643,0.585580774365821,0.799412550066756,74.8731642189586,55.5789900628676,71.6745957258595,NA,NA,0
"M O'Connor","Missoula PaddleHeads",2022,67,301,266,77,18,2,14,21,11,3,68,43,0.289473684210526,0.362126245847176,0.530075187969925,0.892201433817101,0.240601503759398,0.0697674418604651,0.225913621262458,0.0465116279069767,34,0.112956810631229,0.385847176079734,0.403219653620203,0.505468647871367,95,"mo'connor",0.779706275033378,0.787716955941255,0.166889185580774,0.232309746328438,0.782910547396529,0.196328437917223,0.577606809078772,66.9746328437917,31.9286148854188,57.3369148947647,NA,NA,0
"M O'Connor","Missoula PaddleHeads",2023,87,391,334,101,21,6,18,42,12,3,78,56,0.302395209580838,0.396419437340153,0.562874251497006,0.95929368883716,0.260479041916168,0.107416879795396,0.199488491048593,0.0460358056265985,45,0.115089514066496,0.413240409207161,0.415712620826764,0.519508091651979,104,"mo'connor",0.83845126835781,0.78237650200267,0.488651535380507,0.383177570093458,0.816021361815754,0.441188251001335,0.684829773030708,68.9612817089453,46.8059217197323,64.2678835345265,NA,NA,0
"M O'Hara","Oakland Ballers",2025,37,121,110,37,8,0,1,6,4,1,27,28,0.336363636363636,0.388429752066116,0.436363636363636,0.824793388429752,0.1,0.0495867768595041,0.223140495867769,0.00826446280991735,9,0.0743801652892562,0.36496694214876,0.430165036674817,0.545487286609522,70,"mo'hara",0.240320427236315,0.194926568758344,0.0720961281708945,0.244325767690254,0.222162883845127,0.149599465954606,0.196765687583445,33.3297730307076,29.0894341918475,32.719073972189,NA,NA,0
"M O<U+2019>Hara","Boise Hawks",2026,64,302,234,88,14,3,9,59,4,5,38,62,0.376068376068376,0.5,0.576923076923077,1.07692307692308,0.200854700854701,0.195364238410596,0.125827814569536,0.0298013245033113,26,0.0860927152317881,0.464254966887417,0.450384809487762,0.58938642643552,109,"mo<u+2019>hara",0.636849132176235,0.543391188251001,0.962616822429907,0.809078771695594,0.599465954606141,0.893524699599466,0.702386515353805,55.9679572763685,74.2891908335023,65.4027638434901,NA,NA,0
"M OConnor","Missoula PaddleHeads",2021,58,241,223,69,0,0,11,18,0,0,50,58,0.309417040358744,0.360995850622407,0.457399103139013,0.81839495376142,0.147982062780269,0.0746887966804979,0.20746887966805,0.045643153526971,11,0.045643153526971,0.361141078838174,0.386737115479336,0.403905188465603,107,"moconnor",0.420560747663551,0.777036048064085,0.196261682242991,0.341789052069426,0.563150867823765,0.261748998664887,0.457660213618158,53.7890520694259,35.9034678564186,49.5834816660733,NA,NA,0
"M Ortega","Yuba-Sutter Freebirds",2026,23,107,89,35,8,0,3,9,7,2,13,24,0.393258426966292,0.476635514018692,0.584269662921348,1.06090517694004,0.191011235955056,0.0841121495327103,0.121495327102804,0.0280373831775701,11,0.102803738317757,0.458383177570093,0.450384809487762,0.58938642643552,105,"mortega",0.592790387182911,0.506008010680908,0.255006675567423,0.830440587449933,0.55807743658211,0.513951935914553,0.542633511348465,53.4846461949266,51.2269316568647,55.0762160587721,NA,NA,0
"M Piatnik","Billings Mustangs",2022,22,88,76,25,7,1,1,10,1,1,23,16,0.328947368421053,0.409090909090909,0.486842105263158,0.895933014354067,0.157894736842105,0.113636363636364,0.261363636363636,0.0113636363636364,9,0.102272727272727,0.391409090909091,0.403219653620203,0.505468647871367,98,"mpiatnik",0.457943925233645,0.232309746328438,0.543391188251001,0.105473965287049,0.367690253671562,0.346328437917223,0.360213618157543,42.0614152202937,41.0423849117826,43.2844644378998,NA,NA,0
"M Rich","Colorado Springs Sky Sox",2022,58,185,163,47,2,2,0,13,1,6,34,43,0.288343558282209,0.333333333333333,0.325153374233129,0.658486707566462,0.0368098159509202,0.0702702702702703,0.183783783783784,0,4,0.0216216216216216,0.293169398907104,0.403219653620203,0.505468647871367,47,"mrich",0.096128170894526,0,0.172229639519359,0.467289719626168,0.0576769025367156,0.305006675567423,0.144242323097463,23.4606141522029,38.5317379841817,29.3239263406583,NA,NA,0
"M Rodriguez","Idaho Falls Chukars",2023,2,9,9,3,0,0,1,0,0,0,2,2,0.333333333333333,0.333333333333333,0.666666666666667,1,0.333333333333333,0,0.222222222222222,0.111111111111111,1,0.111111111111111,0.430777777777778,0.415712620826764,0.519508091651979,109,"mrodriguez",0.946595460614152,0.993324432576769,0,0.253671562082777,0.965287049399199,0.11415220293725,0.667389853137517,77.9172229639519,26.9357128371527,63.1405547105084,NA,NA,0
"M Rosario","Missoula PaddleHeads",2024,81,402,344,133,18,3,10,47,8,2,62,102,0.386627906976744,0.468827930174564,0.543604651162791,1.01243258133735,0.156976744186046,0.116915422885572,0.154228855721393,0.0248756218905473,31,0.0771144278606965,0.442688279301746,0.424262617051871,0.536937901498929,112,"mrosario",0.451268357810414,0.460614152202937,0.57543391188251,0.65954606141522,0.455006675567423,0.61328437917223,0.510403871829106,47.3004005340454,57.2622186169134,52.9928692406442,NA,NA,0
"M Rosario","Missoula PaddleHeads",2025,87,415,374,143,28,4,13,29,7,5,41,98,0.382352941176471,0.431325301204819,0.582887700534759,1.01421300173958,0.200534759358289,0.0698795180722892,0.0987951807228916,0.0313253012048193,45,0.108433734939759,0.437236144578313,0.430165036674817,0.545487286609522,107,"mrosario",0.635514018691589,0.555407209612817,0.168224299065421,0.910547396528705,0.60347129506008,0.502269692923899,0.568050734312416,56.2082777036048,50.5171364834719,56.7192034262166,NA,NA,0
"M Sanford","Oakland Ballers",2026,31,135,112,40,7,1,8,19,1,3,21,24,0.357142857142857,0.444444444444444,0.651785714285714,1.09623015873016,0.294642857142857,0.140740740740741,0.155555555555556,0.0592592592592593,16,0.118518518518519,0.462703703703704,0.450384809487762,0.58938642643552,109,"msanford",0.897196261682243,0.901201602136182,0.759679572763685,0.650200267022697,0.898798397863819,0.71041388518024,0.832863818424566,73.9279038718291,63.1636584871223,73.8369095008468,NA,NA,0
"M Schwellenbach","Missoula PaddleHeads",2021,25,13,11,4,0,0,0,2,0,0,3,4,0.363636363636364,0.461538461538462,0.363636363636364,0.825174825174825,0,0.153846153846154,0.230769230769231,0,0,0,0.379384615384615,0.386737115479336,0.403905188465603,109,"mschwellenbach",0,0,0.830440587449933,0.210947930574099,0,0.551668891855808,0.193084112149533,20,53.5185560738187,32.481094318047,NA,NA,0
"M Skundrich","Billings Mustangs",2021,67,248,221,56,0,0,3,27,0,0,60,53,0.253393665158371,0.334677419354839,0.294117647058824,0.628795066413662,0.0407239819004525,0.108870967741935,0.241935483870968,0.0120967741935484,3,0.0120967741935484,0.290310483870968,0.386737115479336,0.403905188465603,59,"mskundrich",0.100133511348465,0.2456608811749,0.496662216288385,0.153538050734312,0.158344459279039,0.342256341789052,0.222713618157543,29.5006675567423,40.7949705942,34.3963666569576,NA,NA,0
"M Soper","Billings Mustangs",2026,77,394,316,105,24,4,11,65,2,5,58,66,0.332278481012658,0.443298969072165,0.537974683544304,0.981273652616469,0.205696202531646,0.16497461928934,0.147208121827411,0.0279187817258883,39,0.0989847715736041,0.425208762886598,0.450384809487762,0.58938642643552,90,"msoper",0.652870493991989,0.504672897196262,0.88785046728972,0.702269692923899,0.593591455273698,0.8043391188251,0.667353137516689,55.6154873164219,68.8704116812006,63.1381813866684,NA,NA,0
"M Sox","Missoula PaddleHeads",2025,18,3,3,1,0,0,0,0,0,0,1,1,0.333333333333333,0.333333333333333,0.333333333333333,0.666666666666667,0,0,0.333333333333333,0,0,0,0.296,0.430165036674817,0.545487286609522,39,"msox",0,0,0,0.0333778371161548,0,0.0150200267022697,0.00525700934579439,20,20.9125937943622,20.3398168225509,NA,NA,0
"M Sykes","Rocky Mountain Vibes",2024,45,181,158,48,8,1,3,11,8,2,38,36,0.30379746835443,0.374301675977654,0.424050632911392,0.798352308889046,0.120253164556962,0.0607734806629834,0.209944751381215,0.0165745856353591,12,0.0662983425414365,0.354307262569832,0.424262617051871,0.536937901498929,67,"msykes",0.313751668891856,0.325767690253672,0.116154873164219,0.332443257676903,0.318558077436582,0.213484646194927,0.281782376502003,39.1134846461949,32.9709997972014,38.2146132021532,NA,NA,0
"M Thomas","Great Falls Voyagers",2021,29,15,14,2,0,0,0,1,0,0,7,2,0.142857142857143,0.2,0.142857142857143,0.342857142857143,0,0.0666666666666667,0.466666666666667,0,0,0,0.1644,0.386737115479336,0.403905188465603,-13,"mthomas",0,0,0.138851802403204,0.0106809078771696,0,0.0811748998664887,0.028411214953271,20,24.9320624619753,21.8365211387639,NA,NA,0
"M Titialii","Colorado Springs Sky Sox",2025,4,15,13,5,0,0,0,2,0,0,5,5,0.384615384615385,0.466666666666667,0.384615384615385,0.851282051282051,0,0.133333333333333,0.333333333333333,0,0,0,0.388,0.430165036674817,0.545487286609522,79,"mtitialii",0,0,0.703604806408545,0.0333778371161548,0,0.402002670226969,0.140700934579439,20,44.4250659095518,29.095008468451,NA,NA,0
"M Warkentin","Ogden Raptors",2022,15,65,46,17,5,0,4,10,8,1,13,8,0.369565217391304,0.538461538461538,0.739130434782609,1.27759197324415,0.369565217391304,0.153846153846154,0.2,0.0615384615384615,9,0.138461538461538,0.531369230769231,0.403219653620203,0.505468647871367,180,"mwarkentin",0.973297730307076,0.914552736982643,0.830440587449933,0.381842456608812,0.949799732977303,0.628571428571429,0.837369826435247,76.9879839786382,58.1910363009532,74.1281810630333,"Matt Warkentin","Chicago Cubs",1
"M Wong","Grand Junction Jackalopes",2023,59,248,216,70,15,1,5,27,2,1,36,49,0.324074074074074,0.402439024390244,0.472222222222222,0.874661246612466,0.148148148148148,0.108870967741935,0.145161290322581,0.0201612903225806,21,0.0846774193548387,0.385252032520325,0.415712620826764,0.519508091651979,88,"mwong",0.421895861148198,0.395193591455274,0.496662216288385,0.712950600801068,0.411214953271028,0.593991989319092,0.47518691588785,44.6728971962617,56.0900425877104,50.7164201646224,NA,NA,0
"M Yonamine","Boise Hawks",2024,96,467,411,139,21,2,24,40,10,6,95,92,0.338199513381995,0.404710920770878,0.574209245742092,0.97892016651297,0.236009732360097,0.0856531049250535,0.203426124197002,0.0513918629550321,47,0.100642398286938,0.42154817987152,0.424262617051871,0.536937901498929,102,"myonamine",0.767690253671562,0.846461949265688,0.271028037383178,0.363150867823765,0.799198931909212,0.312483311081442,0.628848464619493,67.9519359145527,38.9860068951531,60.6492119486067,NA,NA,0
"N Adgar","Ogden Raptors",2024,3,3,3,1,0,0,0,0,0,0,0,1,0.333333333333333,0.333333333333333,0.333333333333333,0.666666666666667,0,0,0,0,0,0,0.296,0.424262617051871,0.536937901498929,41,"nadgar",0,0,0,1,0,0.45,0.1575,20,47.3413100790915,30.1809120036247,NA,NA,0
"N Blythe","Oakland Ballers",2026,86,374,332,110,23,1,18,35,2,5,64,68,0.331325301204819,0.393048128342246,0.569277108433735,0.962325236775981,0.237951807228916,0.0935828877005348,0.171122994652406,0.0481283422459893,42,0.112299465240642,0.413489304812834,0.450384809487762,0.58938642643552,84,"nblythe",0.773030707610147,0.807743658210948,0.344459279038718,0.551401869158878,0.786915887850467,0.43758344459279,0.66464953271028,67.214953271028,46.5868992090854,62.9634184493565,NA,NA,0
"N Burns II","Billings Mustangs",2026,37,159,122,38,10,1,3,32,2,3,17,24,0.311475409836066,0.452830188679245,0.483606557377049,0.936436746056294,0.172131147540984,0.20125786163522,0.106918238993711,0.0188679245283019,14,0.0880503144654088,0.411729559748428,0.450384809487762,0.58938642643552,83,"nburns",0.511348464619493,0.372496662216288,0.967957276368491,0.878504672897196,0.455807743658211,0.927703604806409,0.62097129506008,47.3484646194927,76.3658487122288,60.1400261065622,NA,NA,0
"N Emanuel","Great Falls Voyagers",2021,41,121,101,27,0,0,0,20,0,0,23,27,0.267326732673267,0.388429752066116,0.267326732673267,0.655756484739383,0,0.165289256198347,0.190082644628099,0,0,0,0.312198347107438,0.386737115479336,0.403905188465603,67,"nemanuel",0,0,0.889185580774366,0.433911882510013,0,0.684312416555407,0.239509345794393,20,61.5777732711418,35.4820544354186,NA,NA,0
"N Emanuel","Great Falls Voyagers",2022,25,98,88,27,2,0,0,6,3,1,11,25,0.306818181818182,0.36734693877551,0.329545454545455,0.696892393320965,0.0227272727272727,0.0612244897959184,0.112244897959184,0,2,0.0204081632653061,0.316816326530612,0.403219653620203,0.505468647871367,56,"nemanuel",0.0801068090787717,0,0.120160213618158,0.862483311081442,0.048064085447263,0.454205607476636,0.190213618157543,22.8838451268358,47.5968363415129,32.2955435450985,NA,NA,0
"N Gatewood","Missoula PaddleHeads",2021,83,349,320,111,0,0,18,29,0,0,66,93,0.346875,0.401146131805158,0.515625,0.916771131805158,0.16875,0.0830945558739255,0.189111747851003,0.0515759312320917,18,0.0515759312320917,0.40232664756447,0.386737115479336,0.403905188465603,131,"ngatewood",0.507343124165554,0.847797062750334,0.246995994659546,0.439252336448598,0.643524699599466,0.33351134846462,0.53502002670227,58.611481975968,40.2636382072602,54.5840749970333,NA,NA,0
"N Gatewood","Missoula PaddleHeads",2022,94,436,403,136,36,2,14,20,5,8,67,84,0.337468982630273,0.369266055045872,0.540942928039702,0.910208983085574,0.203473945409429,0.0458715596330275,0.153669724770642,0.0321100917431193,52,0.119266055045872,0.390834862385321,0.403219653620203,0.505468647871367,99,"ngatewood",0.644859813084112,0.571428571428571,0.0654205607476635,0.663551401869159,0.615487316421896,0.334579439252336,0.51716955941255,56.9292389853137,40.3285337659704,53.4302080973494,NA,NA,0
"N Klemp","Boise Hawks",2024,69,294,255,75,18,1,5,32,5,2,38,51,0.294117647058824,0.380952380952381,0.431372549019608,0.812324929971989,0.137254901960784,0.108843537414966,0.129251700680272,0.0170068027210884,24,0.0816326530612245,0.360465986394558,0.424262617051871,0.536937901498929,70,"nklemp",0.380507343124166,0.337783711615487,0.495327102803738,0.79305740987984,0.363417890520694,0.629305740987984,0.456478638184246,41.8050734312417,58.2356519975664,49.5071037897667,NA,NA,0
"N Klemp","Missoula PaddleHeads",2025,53,247,212,72,14,4,14,32,3,0,39,40,0.339622641509434,0.433198380566802,0.641509433962264,1.07470781452907,0.30188679245283,0.129554655870445,0.157894736842105,0.0566801619433198,32,0.129554655870445,0.459263157894737,0.430165036674817,0.545487286609522,118,"nklemp",0.914552736982643,0.885180240320427,0.674232309746328,0.639519359145527,0.902803738317757,0.658611481975968,0.817336448598131,74.1682242990654,60.0162238896776,72.8332092732235,NA,NA,0
"N Klemp","Missoula PaddleHeads",2026,90,472,406,133,28,1,26,54,4,8,50,78,0.327586206896552,0.404661016949153,0.5935960591133,0.998257076062453,0.266009852216749,0.114406779661017,0.105932203389831,0.0550847457627119,55,0.116525423728814,0.426360169491525,0.450384809487762,0.58938642643552,91,"nklemp",0.853137516688919,0.869158878504673,0.552736982643525,0.886515353805073,0.85954606141522,0.702937249666222,0.804732977303071,71.5727636849132,62.7093895761509,72.0185119259523,NA,NA,0
"N Marcelo","Boise Hawks",2023,40,109,96,28,6,0,0,12,0,0,28,22,0.291666666666667,0.37037037037037,0.354166666666667,0.724537037037037,0.0625,0.110091743119266,0.256880733944954,0,6,0.055045871559633,0.328166666666667,0.415712620826764,0.519508091651979,57,"nmarcelo",0.153538050734312,0,0.510013351134846,0.117489986648865,0.0921228304405875,0.333377837116155,0.176562082777036,25.5273698264352,40.2555262624214,31.4130985900299,NA,NA,0
"N Marcelo","Boise Hawks",2025,96,486,424,149,31,9,12,45,9,4,60,97,0.351415094339623,0.421161825726141,0.55188679245283,0.973048618178971,0.200471698113208,0.0925925925925926,0.123456790123457,0.0246913580246913,52,0.106995884773663,0.420831950207469,0.430165036674817,0.545487286609522,99,"nmarcelo",0.634178905206943,0.45260347129506,0.337783711615487,0.818424566088118,0.56154873164219,0.554072096128171,0.558931909212283,53.6929238985314,53.6645710809167,56.1297560870363,NA,NA,0
"N Marcelo","Glacier Range Riders",2022,13,26,20,6,0,0,0,4,2,0,9,6,0.3,0.461538461538462,0.3,0.761538461538461,0,0.153846153846154,0.346153846153846,0,0,0,0.366615384615385,0.403219653620203,0.505468647871367,74,"nmarcelo",0,0,0.830440587449933,0.0226969292389854,0,0.466955941255007,0.163434579439252,20,48.3715270736159,30.5645274388599,NA,NA,0
"N Martinez","Oakland Ballers",2024,88,400,325,103,20,0,21,72,3,0,90,62,0.316923076923077,0.445,0.572307692307692,1.01730769230769,0.255384615384615,0.18,0.225,0.0525,41,0.1025,0.4411075,0.424262617051871,0.536937901498929,111,"nmartinez",0.823765020026702,0.851802403204272,0.930574098798398,0.240320427236315,0.83497997329773,0.619959946595461,0.759722963951936,70.0987983978638,57.6678158588522,69.1090326547785,NA,NA,0
"N Michaels","Colorado Springs Sky Sox",2023,44,165,140,40,6,1,3,18,2,4,40,30,0.285714285714286,0.365853658536585,0.407142857142857,0.772996515679442,0.121428571428571,0.109090909090909,0.242424242424242,0.0181818181818182,10,0.0606060606060606,0.341762195121951,0.415712620826764,0.519508091651979,66,"nmichaels",0.321762349799733,0.363150867823765,0.502002670226969,0.152202937249666,0.338317757009346,0.344592790387183,0.340514018691589,40.2990654205608,40.9369296288785,42.0110683193631,NA,NA,0
"N Michaels","Ogden Raptors",2021,75,284,259,90,0,0,5,25,0,0,64,85,0.347490347490348,0.404929577464789,0.405405405405405,0.810334982870194,0.0579150579150579,0.0880281690140845,0.225352112676056,0.0176056338028169,5,0.0176056338028169,0.363503521126761,0.386737115479336,0.403905188465603,105,"nmichaels",0.141522029372497,0.344459279038718,0.297730307076101,0.237650200267023,0.222696929238985,0.270694259012016,0.239495994659546,33.3618157543391,36.4469681606165,35.4811914085677,NA,NA,0
"N Michaels","Rocky Mountain Vibes",2022,45,189,171,55,15,0,5,15,2,1,47,35,0.321637426900585,0.380952380952381,0.497076023391813,0.878028404344194,0.175438596491228,0.0793650793650794,0.248677248677249,0.0264550264550265,20,0.105820105820106,0.383301587301587,0.403219653620203,0.505468647871367,93,"nmichaels",0.522029372496662,0.485981308411215,0.225634178905207,0.137516688918558,0.507610146862483,0.185981308411215,0.395040053404539,50.456608811749,31.2999391604137,45.5356699785322,NA,NA,0
"N Pacheco","Ogden Raptors",2021,45,108,94,27,0,0,1,14,0,0,35,26,0.287234042553192,0.37962962962963,0.319148936170213,0.698778565799842,0.0319148936170213,0.12962962962963,0.324074074074074,0.00925925925925925,1,0.00925925925925925,0.322675925925926,0.386737115479336,0.403905188465603,77,"npacheco",0.0907877169559413,0.20694259012016,0.675567423230975,0.0387182910547397,0.137249666221629,0.388985313751669,0.225357142857143,28.2349799732977,43.6341512877712,34.5672459734404,NA,NA,0
"N Popa","Grand Junction Jackalopes",2022,93,433,392,159,19,5,6,23,12,5,58,129,0.405612244897959,0.449074074074074,0.525510204081633,0.974584278155707,0.119897959183673,0.0531177829099307,0.133949191685912,0.0138568129330254,30,0.069284064665127,0.425743055555556,0.403219653620203,0.505468647871367,115,"npopa",0.311081441922563,0.272363150867824,0.0841121495327103,0.770360480640854,0.295594125500668,0.392923898531375,0.329659546061415,37.7356475300401,43.8734536605151,41.3094274895628,NA,NA,0
"N Poss","Idaho Falls Chukars",2025,6,29,23,7,1,0,0,4,2,0,5,6,0.304347826086957,0.448275862068966,0.347826086956522,0.796101949025487,0.0434782608695652,0.137931034482759,0.172413793103448,0,1,0.0344827586206896,0.37251724137931,0.430165036674817,0.545487286609522,68,"nposs",0.102803738317757,0,0.7369826435247,0.543391188251001,0.0616822429906542,0.649866488651536,0.267546728971963,23.7009345794393,59.4848915027378,37.2944108223567,NA,NA,0
"N Scantlin","Grand Junction Jackalopes",2021,57,275,237,84,0,0,5,38,0,0,62,79,0.354430379746835,0.443636363636364,0.417721518987342,0.861357882623705,0.0632911392405063,0.138181818181818,0.225454545454545,0.0181818181818182,5,0.0181818181818182,0.388643636363636,0.386737115479336,0.403905188465603,118,"nscantlin",0.154873164218959,0.363150867823765,0.738317757009346,0.23497997329773,0.238184245660881,0.511815754339119,0.333955273698264,34.2910547396529,51.0971405394443,41.5871063788472,NA,NA,0
"N Scantlin","Grand Junction Jackalopes",2022,26,131,113,40,7,1,0,15,3,0,17,32,0.353982300884956,0.442748091603053,0.433628318584071,0.876376410187124,0.0796460176991151,0.114503816793893,0.129770992366412,0,8,0.0610687022900763,0.392709923664122,0.403219653620203,0.505468647871367,96,"nscantlin",0.190921228304406,0,0.555407209612817,0.790387182910547,0.114552736982644,0.661148197596796,0.305861148197597,26.8731642189586,60.1703508416143,39.7710821277927,NA,NA,0
"N Ultsch","Boise Hawks",2024,90,414,361,126,21,7,10,36,11,6,66,88,0.349030470914127,0.417874396135266,0.529085872576177,0.946960268711443,0.18005540166205,0.0869565217391304,0.159420289855072,0.0241545893719807,38,0.0917874396135266,0.410480676328502,0.424262617051871,0.536937901498929,97,"nultsch",0.544726301735648,0.443257676902537,0.281708945260347,0.628838451268358,0.504138851802403,0.437917222963952,0.480961281708945,50.2483311081442,46.6071790711823,51.0896792776465,NA,NA,0
"N Ultsch","Ogden Raptors",2023,89,388,343,128,27,5,7,35,8,2,67,89,0.373177842565598,0.440721649484536,0.542274052478134,0.98299570196267,0.169096209912536,0.0902061855670103,0.172680412371134,0.0180412371134021,39,0.100515463917526,0.427994845360825,0.415712620826764,0.519508091651979,110,"nultsch",0.5086782376502,0.360480640854473,0.313751668891856,0.539385847797063,0.449399198931909,0.415287049399199,0.437459946595461,46.9639519359146,45.2322044210099,48.277722040627,NA,NA,0
"N Vargas","Missoula PaddleHeads",2026,30,123,91,39,6,1,3,18,9,5,15,29,0.428571428571429,0.536585365853659,0.615384615384615,1.15196998123827,0.186813186813187,0.146341463414634,0.121951219512195,0.024390243902439,10,0.0813008130081301,0.489552845528455,0.450384809487762,0.58938642643552,124,"nvargas",0.570093457943925,0.447263017356475,0.795727636849132,0.827770360480641,0.520961281708945,0.810146862483311,0.622176234979973,51.2576769025367,69.2232812816873,60.217914279858,NA,NA,0
"O Johnson","Modesto Roadsters",2026,82,385,336,131,17,4,22,41,6,2,52,88,0.389880952380952,0.462337662337662,0.660714285714286,1.12305194805195,0.270833333333333,0.106493506493506,0.135064935064935,0.0571428571428571,43,0.111688311688312,0.480672727272727,0.450384809487762,0.58938642643552,115,"ojohnson",0.861148197596796,0.886515353805073,0.48064085447263,0.76502002670227,0.871295060080107,0.608611481975968,0.779355807743658,72.2777036048064,56.9783005475563,70.3781136390606,NA,NA,0
"O Sanchez","Billings Mustangs",2023,8,1,1,1,0,0,0,0,0,0,0,1,1,1,1,2,0,0,0,0,0,0,0.888,0.415712620826764,0.519508091651979,333,"osanchez",0,0,0,1,0,0.45,0.1575,20,47.3413100790915,30.1809120036247,NA,NA,0
"O Serratos Jr.","Great Falls Voyagers",2024,59,243,209,68,11,4,4,20,7,5,53,49,0.325358851674641,0.394190871369295,0.473684210526316,0.86787508189561,0.148325358851675,0.0823045267489712,0.218106995884774,0.0164609053497942,19,0.0781893004115226,0.378485477178423,0.424262617051871,0.536937901498929,81,"o.",0.425901201602136,0.324432576769025,0.240320427236315,0.280373831775701,0.385313751668892,0.258344459279039,0.340874499332443,43.1188251001335,35.6966132630298,42.034370044338,NA,NA,0
"O Taylor","Ogden Raptors",2021,65,217,182,54,0,0,4,35,0,0,58,50,0.296703296703297,0.410138248847926,0.362637362637363,0.772775611485289,0.0659340659340659,0.161290322580645,0.267281105990783,0.0184331797235023,4,0.0184331797235023,0.354626728110599,0.386737115479336,0.403905188465603,96,"otaylor",0.16154873164219,0.369826435246996,0.871829105473965,0.0867823765020027,0.244859813084112,0.518558077436582,0.340654205607477,34.6915887850467,51.5067937538025,42.0201301012978,NA,NA,0
"P Adams","Ogden Raptors",2022,84,393,316,103,9,2,5,62,3,4,68,87,0.325949367088608,0.436363636363636,0.414556962025316,0.850920598388953,0.0886075949367088,0.157760814249364,0.173027989821883,0.0127226463104326,16,0.0407124681933842,0.3828,0.403219653620203,0.505468647871367,90,"padams",0.204272363150868,0.256341789052069,0.84913217623498,0.534045393858478,0.225100133511348,0.707343124165554,0.39388518024032,33.5060080106809,62.9770837558305,45.4610181559274,NA,NA,0
"P Chung","Missoula PaddleHeads",2022,33,105,95,37,5,3,2,6,1,3,5,27,0.389473684210526,0.419047619047619,0.568421052631579,0.987468671679198,0.178947368421053,0.0571428571428571,0.0476190476190476,0.019047619047619,10,0.0952380952380952,0.421361904761905,0.403219653620203,0.505468647871367,116,"pchung",0.53671562082777,0.377837116154873,0.100133511348465,0.977303070761015,0.473164218958611,0.494859813084112,0.480757676902537,48.3898531375167,50.0669235449199,51.07651811817,NA,NA,0
"P Chung","Missoula PaddleHeads",2023,79,353,316,110,17,2,6,22,9,6,32,85,0.348101265822785,0.39943342776204,0.471518987341772,0.870952415103812,0.123417721518987,0.0623229461756374,0.0906515580736544,0.0169971671388102,25,0.0708215297450425,0.381311614730878,0.415712620826764,0.519508091651979,87,"pchung",0.32977303070761,0.336448598130841,0.124165554072096,0.93324432576769,0.332443257676903,0.488251001335113,0.386975967957276,39.9465954606141,49.6653822754005,45.0144017605748,NA,NA,0
"P Chung","Missoula PaddleHeads",2024,87,434,358,134,32,5,11,62,10,2,46,86,0.374301675977654,0.476851851851852,0.583798882681564,1.06065073453342,0.209497206703911,0.142857142857143,0.105990783410138,0.0253456221198157,48,0.110599078341014,0.458868055555556,0.424262617051871,0.536937901498929,121,"pchung",0.663551401869159,0.472630173564753,0.773030707610147,0.885180240320427,0.587182910547396,0.823497997329773,0.669893190921228,55.2309746328438,70.0344757655648,63.3023722450565,NA,NA,0
"P Coddou","Yuba-Sutter Freebirds",2025,64,306,242,77,7,1,6,59,2,3,67,63,0.318181818181818,0.450980392156863,0.429752066115702,0.880732458272565,0.111570247933884,0.19281045751634,0.218954248366013,0.0196078431372549,14,0.0457516339869281,0.396133986928105,0.430165036674817,0.545487286609522,84,"pcoddou",0.276368491321762,0.389853137516689,0.958611481975968,0.276368491321762,0.321762349799733,0.651602136181575,0.437206275033378,39.305740987984,59.5903467856419,48.2613245304594,NA,NA,0
"P Depasquale","Boise Hawks",2026,32,152,129,40,7,0,0,9,7,3,28,33,0.310077519379845,0.378378378378378,0.364341085271318,0.742719463649696,0.0542635658914728,0.0592105263157895,0.184210526315789,0,7,0.0460526315789474,0.334222972972973,0.450384809487762,0.58938642643552,46,"pdepasquale",0.128170894526035,0,0.109479305740988,0.461949265687583,0.0769025367156208,0.268090787716956,0.143818424566088,24.6141522029372,36.2887852362604,29.2965252381415,NA,NA,0
"P Harden","Oakland Ballers",2024,82,365,310,99,10,4,4,47,2,3,80,81,0.319354838709677,0.408839779005525,0.416129032258065,0.824968811263589,0.0967741935483871,0.128767123287671,0.219178082191781,0.010958904109589,18,0.0493150684931507,0.368453038674033,0.424262617051871,0.536937901498929,74,"pharden",0.232309746328438,0.230974632843792,0.666221628838451,0.27369826435247,0.231775700934579,0.48958611481976,0.322009345794392,33.9065420560748,49.7465017237883,40.8149131039839,NA,NA,0
"P Howard","Ogden Raptors",2024,95,426,389,140,25,3,4,22,10,4,60,108,0.359897172236504,0.404705882352941,0.470437017994859,0.8751429003478,0.110539845758355,0.0516431924882629,0.140845070422535,0.00938967136150234,32,0.0751173708920188,0.384308235294118,0.424262617051871,0.536937901498929,83,"phoward",0.272363150867824,0.210947930574099,0.0814419225634179,0.735647530040053,0.247797062750334,0.375834445927904,0.292610146862483,34.86782376502,42.8351247211519,38.9145279782517,NA,NA,0
"P Lester","Idaho Falls Chukars",2026,58,283,238,93,21,0,23,37,3,3,48,49,0.390756302521008,0.473309608540925,0.76890756302521,1.24221717156614,0.378151260504202,0.130742049469965,0.169611307420495,0.0812720848056537,44,0.15547703180212,0.520362989323843,0.450384809487762,0.58938642643552,136,"plester",0.978638184245661,0.97196261682243,0.688918558077437,0.560747663551402,0.975967957276368,0.631241655540721,0.855313751668892,78.5580774365821,58.3532751977287,75.2880891506737,NA,NA,0
"P Mills","Billings Mustangs",2024,46,217,167,51,12,2,12,45,2,3,49,25,0.305389221556886,0.451612903225806,0.616766467065868,1.06837937029167,0.311377245508982,0.207373271889401,0.225806451612903,0.0552995391705069,26,0.119815668202765,0.453410138248848,0.424262617051871,0.536937901498929,121,"pmills",0.926568758344459,0.870493991989319,0.97196261682243,0.233644859813084,0.904138851802403,0.639719626168224,0.811592122830441,74.2483311081442,58.8683836949909,72.4618919706139,NA,NA,0
"P Mills","Billings Mustangs",2025,76,331,279,88,16,1,9,40,8,4,64,62,0.315412186379928,0.410876132930514,0.476702508960573,0.887578641891087,0.161290322580645,0.120845921450151,0.193353474320242,0.027190332326284,26,0.0785498489425982,0.390613293051359,0.430165036674817,0.545487286609522,83,"pmills",0.48064085447263,0.496662216288385,0.606141522029373,0.419225634178905,0.487049399198932,0.522029372496662,0.499292389853138,49.2229639519359,51.7177043196106,52.2746151439637,NA,NA,0
"P Myro IV","Boise Hawks",2025,84,402,325,112,23,5,2,51,17,8,75,82,0.344615384615385,0.448877805486284,0.464615384615385,0.913493190101669,0.12,0.126865671641791,0.186567164179104,0.00497512437810945,30,0.0746268656716418,0.403478802992519,0.430165036674817,0.545487286609522,90,"pmyro",0.31241655540721,0.164218958611482,0.648865153538051,0.45260347129506,0.253137516688919,0.560547396528705,0.360730974632844,35.1882510013351,54.0580004055972,43.3179067283731,NA,NA,0
"P Parks","Ogden Raptors",2021,76,348,294,98,0,0,12,54,0,0,78,86,0.333333333333333,0.436781609195402,0.45578231292517,0.892563922120572,0.122448979591837,0.155172413793103,0.224137931034483,0.0344827586206896,12,0.0344827586206896,0.398965517241379,0.386737115479336,0.403905188465603,126,"pparks",0.325767690253672,0.61415220293725,0.839786381842457,0.242990654205608,0.441121495327103,0.571228304405875,0.486658878504673,46.4672897196262,54.7069559926993,51.4579759862779,NA,NA,0
"P Robertson","Colorado Springs Sky Sox",2023,92,408,320,106,21,8,11,70,11,4,70,66,0.33125,0.461728395061728,0.55,1.01172839506173,0.21875,0.17156862745098,0.17156862745098,0.0269607843137255,40,0.0980392156862745,0.438469135802469,0.415712620826764,0.519508091651979,117,"probertson",0.710280373831776,0.492656875834446,0.91588785046729,0.548731642189586,0.623230974632844,0.750667556742323,0.667833778371161,57.3938584779706,65.609409856013,63.1692503533016,NA,NA,0
"P Shelton","Grand Junction Jackalopes",2025,57,158,138,43,8,0,2,14,4,0,21,33,0.311594202898551,0.391025641025641,0.41304347826087,0.804069119286511,0.101449275362319,0.0886075949367089,0.132911392405063,0.0126582278481013,10,0.0632911392405063,0.360397435897436,0.430165036674817,0.545487286609522,67,"pshelton",0.249666221628838,0.255006675567423,0.304405874499332,0.777036048064085,0.251802403204272,0.517089452603471,0.344652870493992,35.1081441922563,51.4175623605759,42.2786066431492,NA,NA,0
"Q Alexander","Great Falls Voyagers",2021,56,239,217,62,0,0,0,22,0,0,49,62,0.285714285714286,0.351464435146443,0.285714285714286,0.637178720860729,0,0.0920502092050209,0.205020920502092,0,0,0,0.293874476987448,0.386737115479336,0.403905188465603,62,"qalexander",0,0,0.331108144192256,0.353805073431242,0,0.3413217623498,0.11946261682243,20,40.7381869803285,27.7221485053454,NA,NA,0
"Q Jones","Great Falls Voyagers",2021,25,21,20,3,0,0,0,1,0,0,7,3,0.15,0.19047619047619,0.15,0.34047619047619,0,0.0476190476190476,0.333333333333333,0,0,0,0.159714285714286,0.386737115479336,0.403905188465603,-14,"qjones",0,0,0.0680907877169559,0.0333778371161548,0,0.0524699599465954,0.0183644859813084,20,23.1879943216386,21.1870934334444,NA,NA,0
"Q Jones","Great Falls Voyagers",2022,20,2,2,1,0,0,0,0,0,0,1,1,0.5,0.5,0.5,1,0,0,0.5,0,0,0,0.444,0.403219653620203,0.505468647871367,123,"qjones",0,0,0,0.00801068090787715,0,0.00360480640854472,0.00126168224299065,20,20.2190225106469,20.0815560374122,NA,NA,0
"Q Landis","Colorado Springs Sky Sox",2025,75,323,255,85,13,2,8,54,11,3,34,62,0.333333333333333,0.464396284829721,0.494117647058823,0.958513931888545,0.16078431372549,0.1671826625387,0.105263157894737,0.0247678018575851,23,0.0712074303405573,0.423594427244582,0.430165036674817,0.545487286609522,99,"qlandis",0.477970627503338,0.457943925233645,0.901201602136182,0.889185580774366,0.469959946595461,0.895794392523365,0.619002002670227,48.1975967957276,74.4270938957615,60.0127296460511,NA,NA,0
"R Alexiades","Ogden Raptors",2021,51,112,99,32,0,0,2,13,0,0,24,30,0.323232323232323,0.401785714285714,0.383838383838384,0.785624098124098,0.0606060606060606,0.116071428571429,0.214285714285714,0.0178571428571428,2,0.0178571428571428,0.355464285714286,0.386737115479336,0.403905188465603,99,"ralexiades",0.146862483311081,0.351134846461949,0.568758344459279,0.304405874499332,0.228571428571429,0.449799732977303,0.306001335113485,33.7142857142857,47.3291421618333,39.7801439097274,NA,NA,0
"R Alexiades","Ogden Raptors",2022,91,422,352,116,23,6,14,62,1,6,83,73,0.329545454545455,0.425178147268409,0.548295454545455,0.973473601813863,0.21875,0.146919431279621,0.196682464454976,0.033175355450237,43,0.101895734597156,0.419641330166271,0.403219653620203,0.505468647871367,114,"ralexiades",0.710280373831776,0.594125500667557,0.799732977303071,0.405874499332443,0.663818424566088,0.622496662216288,0.649355807743658,59.8291054739653,57.8219428107889,61.9748211916243,NA,NA,0
"R Alexiades","Ogden Raptors",2023,94,443,365,119,31,4,29,73,0,5,81,55,0.326027397260274,0.433408577878104,0.671232876712329,1.10464145459043,0.345205479452055,0.164785553047404,0.182844243792325,0.0654627539503386,64,0.144469525959368,0.465020316027088,0.415712620826764,0.519508091651979,133,"ralexiades",0.958611481975968,0.93324432576769,0.886515353805073,0.472630173564753,0.948464619492657,0.700267022696929,0.861595460614152,76.9078771695594,62.5471506793754,75.6941432840329,NA,NA,0
"R Cash","Glacier Range Riders",2022,90,386,331,108,11,2,3,47,0,6,41,92,0.326283987915408,0.403645833333333,0.398791540785498,0.802437374118832,0.0725075528700906,0.121761658031088,0.106217616580311,0.0077720207253886,16,0.0414507772020725,0.358442708333333,0.403219653620203,0.505468647871367,79,"rcash",0.169559412550067,0.192256341789052,0.620827770360481,0.882510013351135,0.178638184245661,0.738584779706275,0.374619492656876,30.7182910547397,64.8752788481038,44.2156704100456,NA,NA,0
"R Cash","Missoula PaddleHeads",2023,69,298,264,78,8,4,3,26,3,3,32,63,0.295454545454545,0.361486486486487,0.390151515151515,0.751638001638002,0.0946969696969697,0.087248322147651,0.10738255033557,0.0100671140939597,15,0.0503355704697986,0.334408783783784,0.415712620826764,0.519508091651979,62,"rcash",0.224299065420561,0.222963951935915,0.289719626168224,0.87716955941255,0.223765020026702,0.554072096128171,0.339372496662216,33.4259012016021,53.6645710809167,41.9372795236092,NA,NA,0
"R Gil","Boise Hawks",2022,84,373,331,97,22,2,17,33,3,6,89,56,0.293051359516616,0.35656836461126,0.525679758308157,0.882248122919417,0.232628398791541,0.0884718498659517,0.238605898123324,0.0455764075067024,41,0.109919571045576,0.37955764075067,0.403219653620203,0.505468647871367,92,"rgil",0.759679572763685,0.775700934579439,0.303070761014686,0.168224299065421,0.766088117489987,0.242389853137517,0.582793724966622,65.9652870493992,34.7272358547962,57.6722008263482,NA,NA,0
"R Gil","Ogden Raptors",2024,67,253,215,65,15,0,18,27,8,3,83,32,0.302325581395349,0.395256916996047,0.623255813953488,1.01851273094954,0.32093023255814,0.106719367588933,0.328063241106719,0.0711462450592885,33,0.130434782608696,0.433616600790514,0.424262617051871,0.536937901498929,109,"rgil",0.935914552736983,0.951935914552737,0.483311081441923,0.034712950600801,0.942323097463284,0.281441922563418,0.711014686248331,76.5393858477971,37.0999797201379,65.960494945899,NA,NA,0
"R Gonzalez","Idaho Falls Chukars",2024,31,151,132,61,11,1,2,13,1,5,11,47,0.462121212121212,0.496688741721854,0.606060606060606,1.10274934778246,0.143939393939394,0.0860927152317881,0.0728476821192053,0.0132450331125828,14,0.0927152317880795,0.471701986754967,0.424262617051871,0.536937901498929,130,"rgonzalez",0.405874499332443,0.265687583444593,0.276368491321762,0.959946595460614,0.349799732977303,0.583978638184246,0.431762349799733,40.9879839786382,55.4816467248023,47.9094253319956,NA,NA,0
"R Grabosch","Boise Hawks",2025,14,56,51,16,4,0,2,3,1,1,12,10,0.313725490196078,0.357142857142857,0.509803921568627,0.866946778711485,0.196078431372549,0.0535714285714286,0.214285714285714,0.0357142857142857,6,0.107142857142857,0.37425,0.430165036674817,0.545487286609522,76,"rgrabosch",0.615487316421896,0.635514018691589,0.0854472630173565,0.304405874499332,0.623497997329773,0.183978638184246,0.469666221628838,57.4098798397864,31.1782599878321,50.3595585617658,NA,NA,0
"R Holgate","Great Falls Voyagers",2024,19,85,72,23,2,0,4,11,2,0,21,17,0.319444444444444,0.423529411764706,0.513888888888889,0.937418300653595,0.194444444444444,0.129411764705882,0.247058823529412,0.0470588235294118,6,0.0705882352941176,0.412658823529412,0.424262617051871,0.536937901498929,96,"rholgate",0.611481975967957,0.795727636849132,0.672897196261682,0.142857142857143,0.685180240320427,0.43437917222964,0.597399866488652,61.1108144192256,46.3922125329548,58.6163522012579,NA,NA,0
"R Jepson","Great Falls Voyagers",2021,73,287,254,84,0,0,4,33,0,0,50,80,0.330708661417323,0.407665505226481,0.377952755905512,0.785618261131993,0.0472440944881889,0.114982578397213,0.174216027874564,0.0139372822299651,4,0.0139372822299651,0.356146341463415,0.386737115479336,0.403905188465603,99,"rjepson",0.114819759679573,0.275033377837116,0.559412550066756,0.524699599465955,0.17890520694259,0.543791722296395,0.306615487316422,30.7343124165554,53.039951328331,39.8198431448698,NA,NA,0
"R Jepson","Great Falls Voyagers",2022,66,309,243,99,17,4,12,61,2,3,32,66,0.407407407407407,0.524271844660194,0.65843621399177,1.18270805865196,0.251028806584362,0.197411003236246,0.103559870550162,0.0388349514563107,33,0.106796116504854,0.502993527508091,0.403219653620203,0.505468647871367,160,"rjepson",0.818424566088118,0.683578104138852,0.963951935914553,0.893190921228304,0.764485981308411,0.932109479305741,0.823154205607477,65.8691588785047,76.6335428919083,73.2092732235132,NA,NA,0
"R Jepson","Great Falls Voyagers",2023,82,385,321,120,24,5,1,54,5,5,27,90,0.373831775700935,0.464935064935065,0.489096573208723,0.954031638143788,0.115264797507788,0.14025974025974,0.0701298701298701,0.00259740259740259,30,0.0779220779220779,0.419415584415584,0.415712620826764,0.519508091651979,106,"rjepson",0.295060080106809,0.149532710280374,0.7543391188251,0.962616822429907,0.236849132176235,0.848064085447263,0.450774365821095,34.2109479305741,71.5270736158994,49.1383755677099,NA,NA,0
"R Lee","Idaho Falls Chukars",2026,25,105,83,27,2,0,9,17,5,0,24,16,0.325301204819277,0.466666666666667,0.674698795180723,1.14136546184739,0.349397590361446,0.161904761904762,0.228571428571429,0.0857142857142857,11,0.104761904761905,0.485704761904762,0.450384809487762,0.58938642643552,118,"rlee",0.962616822429907,0.978638184245661,0.874499332443258,0.220293724966622,0.969025367156208,0.580106809078772,0.832903871829106,78.1415220293725,55.2464003244778,73.8394985813996,NA,NA,0
"R Major","Great Falls Voyagers",2024,92,383,340,113,21,9,7,33,4,5,62,76,0.332352941176471,0.392670157068063,0.508823529411765,0.901493686479828,0.176470588235294,0.0861618798955614,0.161879895561358,0.0182767624020888,37,0.0966057441253264,0.390282722513089,0.424262617051871,0.536937901498929,87,"rmajor",0.527369826435247,0.36849132176235,0.277703604806409,0.60347129506008,0.463818424566088,0.424299065420561,0.449986648865154,47.8291054739653,45.7797606976273,49.0874569835054,NA,NA,0
"R Martinez","Grand Junction Jackalopes",2021,45,168,142,43,0,0,6,26,0,0,27,37,0.302816901408451,0.410714285714286,0.429577464788732,0.840291750503018,0.126760563380282,0.154761904761905,0.160714285714286,0.0357142857142857,6,0.0357142857142857,0.377392857142857,0.386737115479336,0.403905188465603,113,"rmartinez",0.344459279038718,0.635514018691589,0.837116154873164,0.622162883845127,0.460881174899866,0.740387182910548,0.558708277703605,47.652870493992,64.9847901034273,56.1153003872833,NA,NA,0
"R McCarthy","Glacier Range Riders",2024,29,144,125,50,8,2,8,16,2,1,24,32,0.4,0.472222222222222,0.688,1.16022222222222,0.288,0.111111111111111,0.166666666666667,0.0555555555555556,18,0.125,0.493805555555556,0.424262617051871,0.536937901498929,139,"rmccarthy",0.88785046728972,0.871829105473965,0.51935914552737,0.584779706275033,0.881441922563418,0.548798397863818,0.765016688918558,72.8865153538051,53.344149259785,69.4512228011694,"Ryan McCarthy","Chicago White Sox",1
"R McCarthy","Great Falls Voyagers",2023,22,103,86,32,7,2,6,15,1,1,19,17,0.372093023255814,0.466019417475728,0.709302325581395,1.17532174305712,0.337209302325581,0.145631067961165,0.184466019417476,0.058252427184466,15,0.145631067961165,0.494203883495146,0.415712620826764,0.519508091651979,149,"rmccarthy",0.953271028037383,0.894526034712951,0.79305740987984,0.459279038718291,0.92977303070761,0.642857142857143,0.829352469959947,75.7863818424566,59.0590143987021,73.6099334390541,"Ryan McCarthy","Chicago White Sox",1
"R Mccarthy","Idaho Falls Chukars",2024,55,237,181,57,11,0,4,40,10,2,41,42,0.314917127071823,0.459227467811159,0.441988950276243,0.901216418087402,0.12707182320442,0.168776371308017,0.172995780590717,0.0168776371308017,15,0.0632911392405063,0.405583690987124,0.424262617051871,0.536937901498929,91,"rmccarthy",0.349799732977303,0.333778371161549,0.906542056074766,0.535380507343124,0.343391188251001,0.739519359145527,0.482036048064085,40.6034712950601,64.9320624619752,51.1591529391458,"Ryan McCarthy","Chicago White Sox",1
"R Narea","Ogden Raptors",2023,86,359,301,94,15,0,9,35,9,4,50,70,0.312292358803987,0.39541547277937,0.451827242524917,0.847242715304287,0.13953488372093,0.0974930362116992,0.139275766016713,0.0250696378830083,24,0.0668523676880223,0.374733524355301,0.415712620826764,0.519508091651979,82,"rnarea",0.392523364485981,0.465954606141522,0.383177570093458,0.738317757009346,0.421895861148198,0.542990654205607,0.464279038718291,45.3137516688919,52.9912796592983,50.0113272274184,NA,NA,0
"R Orsak","Glacier Range Riders",2024,19,59,53,18,5,0,0,6,0,0,8,13,0.339622641509434,0.406779661016949,0.433962264150943,0.840741925167893,0.0943396226415095,0.101694915254237,0.135593220338983,0,5,0.0847457627118644,0.373542372881356,0.424262617051871,0.536937901498929,77,"rorsak",0.222963951935915,0,0.429906542056075,0.761014686248331,0.133778371161549,0.57890520694259,0.289572763684913,28.0267022696929,55.1733928209288,38.7181893696668,NA,NA,0
"R Orsak","Yuba-Sutter Freebirds",2025,88,426,372,130,22,0,19,44,6,3,52,89,0.349462365591398,0.423529411764706,0.561827956989247,0.985357368753953,0.212365591397849,0.103286384976526,0.122065727699531,0.0446009389671361,41,0.0962441314553991,0.427305882352941,0.430165036674817,0.545487286609522,101,"rorsak",0.679572763684913,0.761014686248331,0.453938584779706,0.825100133511348,0.71214953271028,0.620961281708945,0.680233644859813,62.7289719626168,57.728655445143,63.9707865410963,NA,NA,0
"R Paller","Idaho Falls Chukars",2023,34,126,99,29,8,0,4,23,2,0,30,17,0.292929292929293,0.435483870967742,0.494949494949495,0.930433365917237,0.202020202020202,0.182539682539683,0.238095238095238,0.0317460317460317,12,0.0952380952380952,0.411145161290323,0.415712620826764,0.519508091651979,100,"rpaller",0.64218958611482,0.563417890520694,0.935914552736983,0.173564753004005,0.61068090787717,0.592857142857143,0.60444259012016,56.6408544726302,56.0210910565808,59.0715988651197,NA,NA,0
"R Pena","Missoula PaddleHeads",2024,91,450,389,127,27,1,24,46,11,3,126,75,0.326478149100257,0.409799554565701,0.586118251928021,0.995917806493722,0.259640102827764,0.102222222222222,0.28,0.0533333333333333,52,0.115555555555556,0.42904008908686,0.424262617051871,0.536937901498929,106,"rpena",0.837116154873164,0.857142857142857,0.437917222963952,0.068090787716956,0.845126835781041,0.271495327102804,0.644355807743658,70.7076101468625,36.4956398296492,61.6516176359537,NA,NA,0
"R Pena","Missoula PaddleHeads",2025,95,460,388,139,27,1,46,58,11,3,88,65,0.358247422680412,0.452173913043478,0.788659793814433,1.24083370685791,0.430412371134021,0.126086956521739,0.191304347826087,0.1,74,0.160869565217391,0.517958695652174,0.430165036674817,0.545487286609522,150,"rpena",0.990654205607477,0.990654205607477,0.644859813084112,0.427236315086782,0.990654205607477,0.546929238985314,0.83535046728972,79.4392523364486,53.2305820320422,73.9976482518312,NA,NA,0
"R Petersen","Idaho Falls Chukars",2026,5,21,19,6,0,0,1,0,1,1,3,5,0.315789473684211,0.333333333333333,0.473684210526316,0.807017543859649,0.157894736842105,0,0.142857142857143,0.0476190476190476,1,0.0476190476190476,0.345857142857143,0.450384809487762,0.58938642643552,54,"rpetersen",0.457943925233645,0.801068090787717,0,0.727636849132176,0.595193591455274,0.327436582109479,0.501478638184246,55.7116154873164,39.8945447170959,52.4159357908023,NA,NA,0
"R Phillips","Idaho Falls Chukars",2022,27,78,68,21,3,0,0,10,0,0,19,18,0.308823529411765,0.397435897435897,0.352941176470588,0.750377073906486,0.0441176470588235,0.128205128205128,0.243589743589744,0,3,0.0384615384615385,0.342269230769231,0.403219653620203,0.505468647871367,68,"rphillips",0.104138851802403,0,0.656875834445928,0.15086782376502,0.0624833110814419,0.429172229639519,0.190824432576769,23.7489986648865,46.0758466842425,32.3350270235283,NA,NA,0
"R Recio","Boise Hawks",2026,37,180,150,50,11,1,5,22,5,1,35,33,0.333333333333333,0.432584269662921,0.52,0.952584269662921,0.186666666666667,0.122222222222222,0.194444444444444,0.0277777777777778,17,0.0944444444444444,0.416831460674157,0.450384809487762,0.58938642643552,84,"rrecio",0.566088117489987,0.500667556742323,0.623497997329773,0.416555407209613,0.539919893190921,0.530373831775701,0.536578771695594,52.3951935914553,52.2247008720341,54.6848333818786,NA,NA,0
"R Shah","Ogden Raptors",2021,70,243,211,74,0,0,7,32,0,0,50,67,0.350710900473934,0.436213991769547,0.450236966824645,0.886450958594192,0.0995260663507109,0.131687242798354,0.205761316872428,0.0288065843621399,7,0.0288065843621399,0.39622633744856,0.386737115479336,0.403905188465603,124,"rshah",0.238985313751669,0.518024032042724,0.695594125500668,0.348464619492657,0.350600801068091,0.539385847797063,0.416675567423231,41.0360480640854,52.7722571486514,46.9342049904528,NA,NA,0
"R Washington Jr.","Grand Junction Jackalopes",2023,90,420,357,125,19,2,24,54,6,3,67,80,0.350140056022409,0.44047619047619,0.61624649859944,1.05672268907563,0.266106442577031,0.128571428571429,0.15952380952381,0.0571428571428571,45,0.107142857142857,0.453421428571429,0.415712620826764,0.519508091651979,125,"r.",0.854472630173565,0.886515353805073,0.662216288384513,0.627503337783712,0.867289719626168,0.646595460614152,0.790046728971963,72.0373831775701,59.2861488541878,71.0691823899371,NA,NA,0
"R Yeargain","Missoula PaddleHeads",2023,16,54,50,15,3,0,2,4,0,0,13,10,0.3,0.351851851851852,0.48,0.831851851851852,0.18,0.0740740740740741,0.240740740740741,0.037037037037037,5,0.0925925925925926,0.363981481481482,0.415712620826764,0.519508091651979,77,"ryeargain",0.542056074766355,0.660881174899867,0.190921228304406,0.160213618157543,0.58958611481976,0.177102803738318,0.445216955941255,55.3751668891856,30.7604948286352,48.7791406410132,NA,NA,0
"S Barmakian","Idaho Falls Chukars",2021,66,312,269,85,0,0,3,43,0,0,43,82,0.315985130111524,0.41025641025641,0.349442379182156,0.759698789438566,0.033457249070632,0.137820512820513,0.137820512820513,0.00961538461538461,3,0.00961538461538461,0.348682692307692,0.386737115479336,0.403905188465603,93,"sbarmakian",0.0934579439252336,0.213618157543391,0.735647530040053,0.744993324432577,0.141522029372497,0.739853137516689,0.350937917222964,28.4913217623498,64.9523423240722,42.6848765332211,NA,NA,0
"S Barmakian","Idaho Falls Chukars",2022,91,448,384,126,32,3,4,53,9,2,61,87,0.328125,0.419642857142857,0.458333333333333,0.87797619047619,0.130208333333333,0.118303571428571,0.136160714285714,0.00892857142857142,39,0.0870535714285714,0.388946428571429,0.403219653620203,0.505468647871367,95,"sbarmakian",0.365821094793057,0.204272363150868,0.584779706275033,0.755674232309746,0.301201602136182,0.661682242990654,0.427369826435247,38.0720961281709,60.2027986209694,47.625489498042,NA,NA,0
"S Barmakian","Rocky Mountain Vibes",2023,40,162,137,40,6,4,4,23,0,2,26,26,0.291970802919708,0.388888888888889,0.481751824817518,0.870640713706407,0.18978102189781,0.141975308641975,0.160493827160494,0.0246913580246913,14,0.0864197530864197,0.379333333333333,0.415712620826764,0.519508091651979,86,"sbarmakian",0.584779706275033,0.45260347129506,0.767690253671562,0.623497997329773,0.531909212283044,0.702803738317757,0.591722296395194,51.9145527369826,62.7012776313121,58.2493500329029,NA,NA,0
"S Baumgardt","Idaho Falls Chukars",2025,74,341,285,103,24,1,19,39,9,7,54,59,0.36140350877193,0.444117647058824,0.652631578947368,1.09674922600619,0.291228070175439,0.114369501466276,0.158357771260997,0.0557184750733138,44,0.129032258064516,0.464232352941176,0.430165036674817,0.545487286609522,123,"sbaumgardt",0.891855807743658,0.87716955941255,0.551401869158878,0.634178905206943,0.885981308411215,0.588651535380507,0.781915887850467,73.1588785046729,55.7655647941594,70.543599037725,NA,NA,0
"S Canton","Idaho Falls Chukars",2026,92,488,408,167,37,5,35,60,10,9,51,90,0.409313725490196,0.486652977412731,0.781862745098039,1.26851572251077,0.372549019607843,0.122950819672131,0.104508196721311,0.0717213114754098,77,0.157786885245902,0.528094455852156,0.450384809487762,0.58938642643552,141,"scanton",0.975967957276369,0.953271028037383,0.626168224299065,0.891855807743658,0.966889185580774,0.745727636849132,0.8894826435247,78.0133511348465,65.3092678969783,77.4967906188981,NA,NA,0
"S Coffman","Grand Junction Jackalopes",2025,77,378,333,127,23,2,12,33,3,5,37,90,0.381381381381381,0.435828877005348,0.570570570570571,1.00639944757592,0.189189189189189,0.0873015873015873,0.0978835978835979,0.0317460317460317,37,0.0978835978835979,0.434580213903743,0.430165036674817,0.545487286609522,106,"scoffman",0.578104138851802,0.563417890520694,0.29105473965287,0.914552736982643,0.572229639519359,0.571628838451268,0.572019359145527,54.3337783711616,54.7312918272156,56.9757381576534,NA,NA,0
"S Coffman","Long Beach Coast",2026,85,391,346,109,12,1,6,34,2,2,58,90,0.315028901734104,0.377604166666667,0.407514450867052,0.785118617533719,0.092485549132948,0.0869565217391304,0.148337595907928,0.0153452685421995,19,0.0485933503836317,0.349734375,0.450384809487762,0.58938642643552,53,"scoffman",0.214953271028037,0.299065420560748,0.281708945260347,0.691588785046729,0.248598130841121,0.466154873164219,0.324742990654206,34.9158878504673,48.3228554045833,40.9916178517104,NA,NA,0
"S Cullen","Idaho Falls Chukars",2023,48,206,182,52,9,1,6,20,3,0,49,36,0.285714285714286,0.365853658536585,0.445054945054945,0.81090860359153,0.159340659340659,0.0970873786407767,0.237864077669903,0.029126213592233,16,0.0776699029126214,0.359,0.415712620826764,0.519508091651979,74,"scullen",0.467289719626168,0.522029372496662,0.373831775700935,0.174899866488652,0.489185580774366,0.284312416555407,0.41747997329773,49.3511348464619,37.2743865341716,46.9862023582209,NA,NA,0
"S Davis","Rocky Mountain Vibes",2021,18,11,9,4,0,0,1,2,0,0,2,3,0.444444444444444,0.545454545454545,0.777777777777778,1.32323232323232,0.333333333333333,0.181818181818182,0.181818181818182,0.0909090909090909,1,0.0909090909090909,0.558636363636364,0.386737115479336,0.403905188465603,234,"sdavis",0.949265687583445,0.987983978638184,0.934579439252336,0.484646194926569,0.96475300400534,0.732109479305741,0.883327770360481,77.8851802403204,64.4818495234233,77.0989352406227,NA,NA,0
"S Gozzo","Ogden Raptors",2023,59,253,197,63,10,2,4,44,4,4,39,47,0.319796954314721,0.44578313253012,0.451776649746193,0.897559782276313,0.131979695431472,0.173913043478261,0.154150197628458,0.0158102766798419,16,0.0632411067193676,0.398915662650602,0.415712620826764,0.519508091651979,94,"sgozzo",0.36849132176235,0.308411214953271,0.921228304405875,0.660881174899866,0.344459279038718,0.804072096128171,0.505323765020027,40.6675567423231,68.854187791523,52.6644875238681,NA,NA,0
"S Greico","Ogden Raptors",2025,11,50,45,17,2,0,4,4,1,0,5,11,0.377777777777778,0.44,0.688888888888889,1.12888888888889,0.311111111111111,0.08,0.1,0.08,6,0.12,0.48392,0.430165036674817,0.545487286609522,129,"sgreico",0.925233644859813,0.969292389853137,0.226969292389853,0.907877169559413,0.942857142857143,0.533377837116155,0.799539385847797,76.5714285714286,52.4072196309065,71.6827944809433,NA,NA,0
"S Greico","Ogden Raptors",2026,48,233,203,70,15,2,20,23,5,2,61,33,0.344827586206897,0.420600858369099,0.733990147783251,1.15459100615235,0.389162561576355,0.0987124463519313,0.261802575107296,0.0858369098712446,37,0.158798283261803,0.485412017167382,0.450384809487762,0.58938642643552,118,"sgreico",0.982643524699599,0.981308411214953,0.395193591455274,0.102803738317757,0.982109479305741,0.263618157543391,0.730637516688919,78.9265687583445,36.0170350841614,67.2289286600429,NA,NA,0
"S Jabusch","Great Falls Voyagers",2021,126,425,359,99,0,0,9,66,0,0,98,90,0.275766016713092,0.388235294117647,0.350974930362117,0.739210224479764,0.075208913649025,0.155294117647059,0.230588235294118,0.0211764705882353,9,0.0211764705882353,0.339691764705882,0.386737115479336,0.403905188465603,87,"sjabusch",0.17890520694259,0.408544726301736,0.841121495327103,0.212283044058745,0.270761014686248,0.558144192256342,0.371345126835781,36.2456608811749,53.9119853984993,44.0040130748568,NA,NA,0
"S Kuchinski","Grand Junction Jackalopes",2024,52,224,187,57,9,0,15,32,4,0,54,33,0.304812834224599,0.417040358744395,0.593582887700535,1.01062324644493,0.288770053475936,0.142857142857143,0.241071428571429,0.0669642857142857,24,0.107142857142857,0.435991031390135,0.424262617051871,0.536937901498929,109,"skuchinski",0.889185580774366,0.939919893190921,0.773030707610147,0.156208277703605,0.909479305740988,0.495460614152203,0.764572763684913,74.5687583444593,50.1034272966944,69.4225271583762,NA,NA,0
"S Linscott","Glacier Range Riders",2022,50,224,206,67,15,3,4,14,2,2,26,45,0.325242718446602,0.370535714285714,0.485436893203884,0.855972607489598,0.160194174757282,0.0625,0.116071428571429,0.0178571428571428,22,0.0982142857142857,0.372236607142857,0.403219653620203,0.505468647871367,88,"slinscott",0.472630173564753,0.351134846461949,0.125500667556742,0.851802403204272,0.424032042723631,0.452336448598131,0.433938584779706,45.4419225634179,47.48326911377,48.0500987086961,NA,NA,0
"S Linscott","Rocky Mountain Vibes",2025,90,423,382,151,23,4,14,31,7,3,36,110,0.395287958115183,0.446808510638298,0.586387434554974,1.03319594519327,0.191099476439791,0.0732860520094563,0.0851063829787234,0.033096926713948,41,0.0969267139479905,0.447364066193853,0.430165036674817,0.545487286609522,111,"slinscott",0.594125500667557,0.592790387182911,0.181575433911883,0.941255006675567,0.593591455273698,0.523431241655541,0.569035380507343,55.6154873164219,51.8028797404178,56.7828516564722,NA,NA,0
"S Lynch","Billings Mustangs",2025,10,41,36,12,2,0,2,4,0,0,20,8,0.333333333333333,0.4,0.555555555555556,0.955555555555556,0.222222222222222,0.0975609756097561,0.48780487804878,0.0487804878048781,4,0.0975609756097561,0.4152,0.430165036674817,0.545487286609522,95,"slynch",0.727636849132176,0.819759679572764,0.384512683578104,0.00934579439252337,0.764485981308411,0.215687583444593,0.572406542056075,65.8691588785047,33.1048468870412,57.0007659363302,NA,NA,0
"S Lynch","Billings Mustangs",2026,30,121,88,31,7,0,8,27,5,1,30,16,0.352272727272727,0.520661157024793,0.704545454545455,1.22520661157025,0.352272727272727,0.223140495867769,0.247933884297521,0.0661157024793388,15,0.12396694214876,0.513661157024793,0.450384809487762,0.58938642643552,135,"slynch",0.963951935914553,0.935914552736983,0.982643524699599,0.138851802403204,0.952736982643525,0.602937249666222,0.830307076101469,77.1642189586115,56.6335428919083,73.6716398588951,NA,NA,0
"S Macias","Rocky Mountain Vibes",2021,36,125,113,38,0,0,8,12,0,0,26,30,0.336283185840708,0.4,0.548672566371681,0.948672566371681,0.212389380530973,0.096,0.208,0.064,8,0.064,0.413824,0.386737115479336,0.403905188465603,139,"smacias",0.680907877169559,0.930574098798398,0.365821094793057,0.34045393858478,0.780774365821095,0.354405874499332,0.631545393858478,66.8464619492657,41.5331575745285,60.8235433724932,NA,NA,0
"S Olsson","Boise Hawks",2023,28,134,108,42,7,0,1,15,7,4,13,34,0.388888888888889,0.477611940298507,0.481481481481481,0.959093421779989,0.0925925925925926,0.111940298507463,0.0970149253731343,0.00746268656716417,8,0.0597014925373134,0.42234328358209,0.415712620826764,0.519508091651979,108,"solsson",0.216288384512684,0.186915887850467,0.530040053404539,0.91588785046729,0.204539385847797,0.703671562082777,0.37923564753004,32.2723631508678,62.7540052727642,44.5140619437522,NA,NA,0
"S Rich","Idaho Falls Chukars",2025,51,221,192,74,8,0,13,22,4,2,47,53,0.385416666666667,0.454545454545455,0.630208333333333,1.08475378787879,0.244791666666667,0.0995475113122172,0.212669683257919,0.0588235294117647,21,0.0950226244343891,0.466422727272727,0.430165036674817,0.545487286609522,121,"srich",0.79305740987984,0.895861148197597,0.408544726301736,0.319092122830441,0.834178905206943,0.368291054739653,0.671118157543391,70.0507343124166,42.3767998377611,63.3815549586287,NA,NA,0
"S Rivas","Rocky Mountain Vibes",2024,93,443,404,138,31,5,31,30,5,4,95,71,0.341584158415842,0.390519187358916,0.673267326732673,1.06378651409159,0.331683168316832,0.0677200902934537,0.214446952595937,0.0699774266365688,67,0.151241534988713,0.451399548532731,0.424262617051871,0.536937901498929,117,"srivas",0.94392523364486,0.947930574098798,0.152202937249666,0.30173564753004,0.945527369826435,0.219492656875834,0.691415220293725,76.7316421895861,33.3360373149463,64.6935715287442,NA,NA,0
"S Skelly","Boise Hawks",2021,16,55,47,12,0,0,2,8,0,0,14,10,0.25531914893617,0.363636363636364,0.382978723404255,0.746615087040619,0.127659574468085,0.145454545454545,0.254545454545455,0.0363636363636364,2,0.0363636363636364,0.338218181818182,0.386737115479336,0.403905188465603,89,"sskelly",0.353805073431242,0.651535380507343,0.791722296395194,0.121495327102804,0.472897196261682,0.490120160213618,0.47892523364486,48.3738317757009,49.7789495031434,50.9580676828808,NA,NA,0
"S Strong","Colorado Springs Sky Sox",2022,4,17,14,5,1,1,0,2,0,1,4,3,0.357142857142857,0.411764705882353,0.571428571428571,0.983193277310924,0.214285714285714,0.117647058823529,0.235294117647059,0,2,0.117647058823529,0.407705882352941,0.403219653620203,0.505468647871367,115,"sstrong",0.68758344459279,0,0.578104138851802,0.184245660881175,0.412550066755674,0.40086782376502,0.408461281708945,44.7530040053405,44.3561143784222,46.4032277204224,NA,NA,0
"S Thompson","Rocky Mountain Vibes",2024,6,21,18,6,1,0,0,3,0,0,6,5,0.333333333333333,0.428571428571429,0.388888888888889,0.817460317460317,0.0555555555555556,0.142857142857143,0.285714285714286,0,1,0.0476190476190476,0.37052380952381,0.424262617051871,0.536937901498929,73,"sthompson",0.134846461949266,0,0.773030707610147,0.0640854472630173,0.0809078771695594,0.454005340453939,0.211491989319092,24.8544726301736,47.5846684242547,33.6709925887569,NA,NA,0
"S Troyer","Idaho Falls Chukars",2022,26,128,112,40,14,2,0,7,9,0,26,24,0.357142857142857,0.4375,0.517857142857143,0.955357142857143,0.160714285714286,0.0546875,0.203125,0,16,0.125,0.419265625,0.403219653620203,0.505468647871367,111,"stroyer",0.475300400534045,0,0.0907877169559413,0.364485981308411,0.285180240320427,0.213951935914553,0.260250333778371,37.1108144192256,32.9993916041371,36.8227666483273,NA,NA,0
"S Troyer","Idaho Falls Chukars",2023,57,263,226,68,14,0,1,26,8,1,58,53,0.300884955752212,0.390804597701149,0.376106194690265,0.766910792391415,0.075221238938053,0.0988593155893536,0.220532319391635,0.00380228136882129,15,0.0570342205323194,0.347413793103448,0.415712620826764,0.519508091651979,66,"stroyer",0.180240320427236,0.152202937249666,0.400534045393858,0.2630173564753,0.169025367156208,0.338651535380507,0.228394526034713,30.1415220293725,40.575948083553,34.7635845820253,NA,NA,0
"S Ullian","Ogden Raptors",2022,60,233,204,68,20,1,10,22,4,3,55,37,0.333333333333333,0.40343347639485,0.588235294117647,0.991668770512497,0.254901960784314,0.0944206008583691,0.236051502145923,0.0429184549356223,31,0.133047210300429,0.424763948497854,0.403219653620203,0.505468647871367,116,"sullian",0.822429906542056,0.740987983978638,0.351134846461949,0.17890520694259,0.789853137516689,0.273631508678238,0.609175567423231,67.3911882510013,36.6254309470696,59.3775418837718,NA,NA,0
"S Wilmer","Oakland Ballers",2024,83,357,290,90,24,0,9,49,8,3,85,57,0.310344827586207,0.42,0.486206896551724,0.906206896551724,0.175862068965517,0.137254901960784,0.238095238095238,0.0252100840336134,33,0.092436974789916,0.3989,0.424262617051871,0.536937901498929,90,"swilmer",0.524699599465955,0.469959946595461,0.732977303070761,0.173564753004005,0.502803738317757,0.481241655540721,0.495257009345794,50.1682242990654,49.2395051713648,52.0137652782722,NA,NA,0
"S Wilmer","Rocky Mountain Vibes",2023,52,180,130,46,7,1,10,35,12,1,44,28,0.353846153846154,0.52247191011236,0.653846153846154,1.17631806395851,0.3,0.194444444444444,0.244444444444444,0.0555555555555556,18,0.1,0.501129213483146,0.415712620826764,0.519508091651979,152,"swilmer",0.910547396528705,0.871829105473965,0.96128170894526,0.149532710280374,0.895060080106809,0.595994659546061,0.790387182910548,73.7036048064085,56.211721760292,71.0911895746356,NA,NA,0
"T Best","Oakland Ballers",2024,6,23,20,7,3,0,0,3,0,0,4,4,0.35,0.434782608695652,0.5,0.934782608695652,0.15,0.130434782608696,0.173913043478261,0,3,0.130434782608696,0.410217391304348,0.424262617051871,0.536937901498929,96,"tbest",0.429906542056075,0,0.682242990654206,0.527369826435247,0.257943925233645,0.612550066755674,0.382056074766355,35.4766355140187,57.2176029203001,44.6963763660097,NA,NA,0
"T Bouchard","Colorado Springs Sky Sox",2022,67,292,257,94,21,5,12,32,2,1,76,56,0.365758754863813,0.438356164383562,0.626459143968872,1.06481530835243,0.260700389105058,0.10958904109589,0.26027397260274,0.0410958904109589,38,0.13013698630137,0.456284246575342,0.403219653620203,0.505468647871367,133,"tbouchard",0.839786381842457,0.714285714285714,0.504672897196262,0.108144192256342,0.78958611481976,0.326234979973298,0.627413217623498,67.3751668891856,39.8215372135469,60.5564365621325,NA,NA,0
"T Bouchard","Colorado Springs Sky Sox",2023,71,316,270,83,18,1,10,43,1,2,82,54,0.307407407407407,0.401898734177215,0.492592592592593,0.894491326769808,0.185185185185185,0.136075949367089,0.259493670886076,0.0316455696202532,29,0.0917721518987342,0.391924050632911,0.415712620826764,0.519508091651979,91,"tbouchard",0.560747663551402,0.562082777036048,0.723631508678238,0.113484646194927,0.56128170894526,0.449065420560748,0.522006008010681,53.6769025367156,47.28452646522,53.7428395740962,NA,NA,0
"T Brunson","Great Falls Voyagers",2021,33,127,116,33,0,0,2,11,0,0,34,31,0.28448275862069,0.346456692913386,0.336206896551724,0.68266358946511,0.0517241379310345,0.0866141732283465,0.267716535433071,0.015748031496063,2,0.015748031496063,0.309606299212598,0.386737115479336,0.403905188465603,73,"tbrunson",0.120160213618158,0.307076101468625,0.279038718291055,0.0854472630173565,0.194926568758344,0.191922563417891,0.193875166889186,31.6955941255007,31.6609207057392,32.5322286589642,NA,NA,0
"T Budnick","Ogden Raptors",2021,42,28,24,5,0,0,0,4,0,0,10,5,0.208333333333333,0.321428571428571,0.208333333333333,0.529761904761905,0,0.142857142857143,0.357142857142857,0,0,0,0.257142857142857,0.386737115479336,0.403905188465603,35,"tbudnick",0,0,0.773030707610147,0.0200267022696929,0,0.434178905206943,0.15196261682243,20,46.3800446156966,29.8229716172044,NA,NA,0
"T Carranza","Billings Mustangs",2021,76,317,258,70,0,0,13,59,0,0,83,57,0.271317829457364,0.406940063091483,0.422480620155039,0.829420683246521,0.151162790697674,0.186119873817035,0.261829652996845,0.0410094637223975,13,0.0410094637223975,0.374255520504732,0.386737115479336,0.403905188465603,110,"tcarranza",0.43524699599466,0.712950600801068,0.945260347129506,0.101468624833111,0.546328437917223,0.565554072096128,0.55305740987984,52.7797062750334,54.3621983370513,55.7500242726302,NA,NA,0
"T Clark","Oakland Ballers",2024,38,160,138,43,8,0,4,11,11,0,26,31,0.311594202898551,0.40625,0.456521739130435,0.862771739130435,0.144927536231884,0.06875,0.1625,0.025,12,0.075,0.3852,0.424262617051871,0.536937901498929,81,"tclark",0.407209612817089,0.461949265687583,0.158878504672897,0.602136181575434,0.429105473965287,0.358344459279039,0.4043391188251,45.7463284379172,41.7724599472724,46.1367681802,NA,NA,0
"T Clark-Chiapparelli","Ogden Raptors",2024,1,6,5,2,0,0,0,1,0,0,1,2,0.4,0.5,0.4,0.9,0,0.166666666666667,0.166666666666667,0,0,0,0.411,0.424262617051871,0.536937901498929,92,"tclark-chiapparelli",0,0,0.894526034712951,0.584779706275033,0,0.755140186915888,0.264299065420561,20,65.8811600081119,37.0844795408697,NA,NA,0
"T Clarkson","Glacier Range Riders",2025,94,435,364,109,22,2,14,58,9,4,66,71,0.299450549450549,0.404597701149425,0.486263736263736,0.890861437413162,0.186813186813187,0.133333333333333,0.151724137931034,0.032183908045977,38,0.0873563218390805,0.391204597701149,0.430165036674817,0.545487286609522,83,"tclarkson",0.568758344459279,0.572763684913218,0.703604806408545,0.675567423230975,0.570360480640855,0.690987983978638,0.612580106809079,54.2216288384513,61.9833705130805,59.5976137307572,NA,NA,0
"T Cobb","Oakland Ballers",2026,53,252,219,75,12,0,12,32,0,1,44,51,0.342465753424658,0.424603174603175,0.561643835616438,0.986247010219613,0.219178082191781,0.126984126984127,0.174603174603175,0.0476190476190476,24,0.0952380952380952,0.427904761904762,0.450384809487762,0.58938642643552,90,"tcobb",0.715620827770361,0.801068090787717,0.650200267022697,0.523364485981308,0.749799732977303,0.593124165554072,0.694963284379172,64.9879839786382,56.0373149462584,64.9229209143769,NA,NA,0
"T Collins","Missoula PaddleHeads",2026,5,8,6,2,2,0,0,2,0,0,2,0,0.333333333333333,0.5,0.666666666666667,1.16666666666667,0.333333333333333,0.25,0.25,0,2,0.25,0.49025,0.450384809487762,0.58938642643552,124,"tcollins",0.946595460614152,0,0.98931909212283,0.136181575433912,0.567957276368491,0.605407209612817,0.581064753004005,54.0774365821095,56.7836138714257,57.5604388491537,NA,NA,0
"T Cruz","Great Falls Voyagers",2025,56,249,219,73,10,5,6,29,0,1,47,52,0.333333333333333,0.409638554216867,0.506849315068493,0.916487869285361,0.17351598173516,0.116465863453815,0.188755020080321,0.0240963855421687,21,0.0843373493975904,0.399927710843373,0.430165036674817,0.545487286609522,88,"tcruz",0.515353805073431,0.441922563417891,0.570093457943925,0.44192256341789,0.485981308411215,0.51241655540721,0.495233644859813,49.1588785046729,51.1336442912188,52.0122549812831,NA,NA,0
"T Cruz","Great Falls Voyagers",2026,85,422,354,136,31,3,23,59,3,4,69,79,0.384180790960452,0.471428571428571,0.68361581920904,1.15504439063761,0.299435028248588,0.139810426540284,0.163507109004739,0.0545023696682464,57,0.135071090047393,0.48952380952381,0.450384809487762,0.58938642643552,121,"tcruz",0.907877169559413,0.867823765020027,0.751668891855808,0.598130841121495,0.891855807743658,0.682576769025367,0.818608144192256,73.5113484646195,61.4723179882377,72.9154125807739,NA,NA,0
"T Darden","Boise Hawks",2025,95,452,371,159,25,8,18,68,10,3,58,108,0.428571428571429,0.524336283185841,0.684636118598383,1.20897240178422,0.256064690026954,0.150442477876106,0.128318584070796,0.0398230088495575,51,0.11283185840708,0.514524336283186,0.430165036674817,0.545487286609522,147,"tdarden",0.827770360480641,0.69826435246996,0.818424566088118,0.799732977303071,0.775967957276368,0.810013351134847,0.787883845126836,66.5580774365821,69.2151693368485,70.9293720400876,NA,NA,0
"T Davis","Oakland Ballers",2024,7,4,3,1,0,0,0,1,0,0,1,1,0.333333333333333,0.5,0.333333333333333,0.833333333333333,0,0.25,0.25,0,0,0,0.3945,0.424262617051871,0.536937901498929,80,"tdavis",0,0,0.98931909212283,0.136181575433912,0,0.605407209612817,0.211892523364486,20,56.7836138714257,33.6968833942846,NA,NA,0
"T DeBonville","Idaho Falls Chukars",2021,51,236,214,69,0,0,8,22,0,0,47,61,0.322429906542056,0.385593220338983,0.434579439252336,0.820172659591319,0.11214953271028,0.0932203389830508,0.199152542372881,0.0338983050847458,8,0.0338983050847458,0.36506779661017,0.386737115479336,0.403905188465603,107,"tdebonville",0.283044058744993,0.602136181575434,0.34045393858478,0.384512683578104,0.41068090787717,0.360280373831776,0.393040720961282,44.6408544726302,41.8900831474346,45.4064317076065,NA,NA,0
"T DeBonville","Idaho Falls Chukars",2022,31,128,119,40,7,2,4,8,0,1,34,27,0.336134453781513,0.375,0.529411764705882,0.904411764705882,0.19327731092437,0.0625,0.265625,0.03125,13,0.1015625,0.3908515625,0.403219653620203,0.505468647871367,98,"tdebonville",0.604806408544726,0.554072096128171,0.125500667556742,0.0947930574098799,0.584512683578104,0.111682242990654,0.419022029372497,55.0707610146862,26.7856418576354,47.0858819595025,NA,NA,0
"T DeBonville","Missoula PaddleHeads",2023,68,256,233,74,12,3,11,19,1,3,70,48,0.317596566523605,0.3671875,0.536480686695279,0.903668186695279,0.218884120171674,0.07421875,0.2734375,0.04296875,26,0.1015625,0.38932421875,0.415712620826764,0.519508091651979,92,"tdebonville",0.712950600801068,0.743658210947931,0.193591455273698,0.0774365821094793,0.725233644859813,0.1413217623498,0.520864485981309,63.5140186915888,28.5864936118434,53.6690507783423,NA,NA,0
"T Dixon","Ogden Raptors",2021,50,90,81,24,0,0,2,9,0,0,19,22,0.296296296296296,0.366666666666667,0.37037037037037,0.737037037037037,0.0740740740740741,0.1,0.211111111111111,0.0222222222222222,2,0.0222222222222222,0.332755555555556,0.386737115479336,0.403905188465603,87,"tdixon",0.172229639519359,0.417890520694259,0.412550066755674,0.328437917222964,0.270493991989319,0.374699599465955,0.306965954606142,36.2296395193591,42.7661731900223,39.8424975997066,NA,NA,0
"T Dooley","Idaho Falls Chukars",2026,84,437,358,128,26,6,12,52,16,2,67,84,0.357541899441341,0.457943925233645,0.564245810055866,1.02218973528951,0.206703910614525,0.118993135011442,0.153318077803204,0.0274599542334096,44,0.100686498855835,0.443873831775701,0.450384809487762,0.58938642643552,97,"tdooley",0.655540720961282,0.497997329773031,0.591455273698264,0.668891855807744,0.592523364485981,0.62630173564753,0.604345794392523,55.5514018691589,58.053133238694,59.0653419204505,NA,NA,0
"T Dooley","Rocky Mountain Vibes",2025,43,204,164,56,13,0,0,31,5,2,34,43,0.341463414634146,0.455445544554455,0.420731707317073,0.876177251871529,0.0792682926829268,0.151960784313725,0.166666666666667,0,13,0.0637254901960784,0.394589108910891,0.430165036674817,0.545487286609522,83,"tdooley",0.18958611481976,0,0.825100133511348,0.584779706275033,0.113751668891856,0.716955941255007,0.324873164218959,26.8251001335113,63.5611437842223,41.0000323635069,NA,NA,0
"T Fontenot","Ogden Raptors",2025,93,426,370,126,36,1,7,32,12,4,80,82,0.340540540540541,0.406698564593301,0.5,0.906698564593301,0.159459459459459,0.0751173708920188,0.187793427230047,0.0164319248826291,44,0.103286384976526,0.396265550239234,0.430165036674817,0.545487286609522,86,"tfontenot",0.468624833110814,0.321762349799733,0.198931909212283,0.445927903871829,0.409879839786382,0.310080106809079,0.374949933244326,44.5927903871829,38.8399918880552,44.237030324606,NA,NA,0
"T Ganus","Ogden Raptors",2026,76,243,198,73,8,0,1,33,4,3,21,64,0.368686868686869,0.46218487394958,0.424242424242424,0.886427298192004,0.0555555555555556,0.135802469135802,0.0864197530864197,0.00411522633744856,9,0.037037037037037,0.398147058823529,0.450384809487762,0.58938642643552,75,"tganus",0.134846461949266,0.154873164218959,0.718291054739653,0.939919893190921,0.142857142857143,0.818024032042724,0.379165554072096,28.5714285714286,69.701886027175,44.5095310527849,NA,NA,0
"T Garcia","Rocky Mountain Vibes",2025,77,335,287,108,16,3,4,31,9,6,32,85,0.376306620209059,0.444444444444444,0.494773519163763,0.939217963608207,0.118466898954704,0.0925373134328358,0.0955223880597015,0.0119402985074627,23,0.0686567164179104,0.411279279279279,0.430165036674817,0.545487286609522,94,"tgarcia",0.304405874499332,0.241655540720961,0.336448598130841,0.919893190921228,0.279305740987984,0.598998664886515,0.39119826435247,36.758344459279,56.3942405191645,45.2873340021791,NA,NA,0
"T Halsema","Idaho Falls Chukars",2023,92,405,345,107,25,4,6,52,3,5,71,72,0.310144927536232,0.4,0.457971014492754,0.857971014492754,0.147826086956522,0.128395061728395,0.175308641975309,0.0148148148148148,35,0.0864197530864197,0.377350617283951,0.415712620826764,0.519508091651979,84,"thalsema",0.417890520694259,0.287049399198932,0.660881174899867,0.518024032042724,0.365554072096128,0.596595460614152,0.446418558077437,41.9332443257677,56.2482255120665,48.8568130575963,NA,NA,0
"T Halsema","Rocky Mountain Vibes",2024,86,384,339,112,19,4,10,38,3,4,62,79,0.330383480825959,0.3984375,0.498525073746313,0.896962573746313,0.168141592920354,0.0989583333333333,0.161458333333333,0.0260416666666667,33,0.0859375,0.391044270833333,0.424262617051871,0.536937901498929,87,"thalsema",0.503337783711616,0.481975967957276,0.403204272363151,0.608811748998665,0.49479305740988,0.495727636849132,0.495120160213618,49.6875834445928,50.1196511863719,52.0049192530503,NA,NA,0
"T Hardy","Idaho Falls Chukars",2024,21,101,84,30,5,2,1,12,3,1,16,22,0.357142857142857,0.45,0.5,0.95,0.142857142857143,0.118811881188119,0.158415841584158,0.0099009900990099,8,0.0792079207920792,0.4167,0.424262617051871,0.536937901498929,99,"thardy",0.401869158878505,0.216288384512684,0.587449933244326,0.632843791722296,0.327636849132176,0.607877169559413,0.425720961281709,39.6582109479306,56.933684850943,47.518905681953,NA,NA,0
"T Jeffries","Rocky Mountain Vibes",2023,12,42,31,11,2,0,0,7,4,0,5,9,0.354838709677419,0.523809523809524,0.419354838709677,0.943164362519201,0.0645161290322581,0.166666666666667,0.119047619047619,0,2,0.0476190476190476,0.434571428571429,0.415712620826764,0.519508091651979,107,"tjeffries",0.158878504672897,0,0.894526034712951,0.839786381842457,0.0953271028037383,0.869893190921228,0.36642523364486,25.7196261682243,72.8533765970391,43.6859876802917,NA,NA,0
"T Jorgensen","Boise Hawks",2021,70,279,260,81,0,0,4,19,0,0,35,77,0.311538461538462,0.3584229390681,0.357692307692308,0.716115246760408,0.0461538461538461,0.0681003584229391,0.125448028673835,0.014336917562724,4,0.014336917562724,0.322186379928315,0.386737115479336,0.403905188465603,81,"tjorgensen",0.106809078771696,0.28437917222964,0.156208277703605,0.81041388518024,0.177837116154873,0.450600801068091,0.273304405874499,30.6702269692924,47.377813830866,37.6665911518172,NA,NA,0
"T Jorgensen","Boise Hawks",2022,95,460,401,116,21,4,4,36,18,5,69,87,0.28927680798005,0.369565217391304,0.391521197007481,0.761086414398786,0.102244389027431,0.0782608695652174,0.15,0.00869565217391304,29,0.0630434782608696,0.340545652173913,0.403219653620203,0.505468647871367,69,"tjorgensen",0.252336448598131,0.200267022696929,0.21762349799733,0.684913217623498,0.23150867823765,0.427903871829105,0.30024699599466,33.890520694259,45.9987832082742,39.4081793369796,NA,NA,0
"T Kelly","Idaho Falls Chukars",2021,36,136,122,44,0,0,5,14,0,0,22,39,0.360655737704918,0.426470588235294,0.483606557377049,0.910077145612343,0.122950819672131,0.102941176470588,0.161764705882353,0.0367647058823529,5,0.0367647058823529,0.402919117647059,0.386737115479336,0.403905188465603,130,"tkelly",0.327102803738318,0.656875834445928,0.448598130841121,0.606141522029372,0.459012016021362,0.519492656875834,0.480180240320427,47.5407209612817,51.5635773676739,51.0391922068675,NA,NA,0
"T Kelly","Idaho Falls Chukars",2022,38,161,133,45,12,1,4,22,5,1,13,28,0.338345864661654,0.447204968944099,0.533834586466165,0.981039555410265,0.195488721804511,0.136645962732919,0.0807453416149068,0.0248447204968944,17,0.105590062111801,0.428111801242236,0.403219653620203,0.505468647871367,117,"tkelly",0.612817089452603,0.459279038718291,0.728971962616822,0.947930574098798,0.551401869158879,0.827503337783712,0.64803738317757,53.0841121495327,70.2778341107281,61.8895972900957,NA,NA,0
"T Krabbe","Great Falls Voyagers",2022,16,61,54,16,5,0,2,4,1,2,12,9,0.296296296296296,0.344262295081967,0.5,0.844262295081967,0.203703703703704,0.0655737704918033,0.19672131147541,0.0327868852459016,7,0.114754098360656,0.36116393442623,0.403219653620203,0.505468647871367,84,"tkrabbe",0.646194926568758,0.584779706275033,0.133511348464619,0.404539385847797,0.621628838451268,0.255473965287049,0.493474632843792,57.2977303070761,35.5222064489961,51.898551193674,NA,NA,0
"T Lewis","Ogden Raptors",2022,77,289,247,72,20,1,5,26,9,5,75,46,0.291497975708502,0.372822299651568,0.441295546558704,0.814117846210272,0.149797570850202,0.0899653979238754,0.259515570934256,0.0173010380622837,26,0.0899653979238754,0.358282229965157,0.403219653620203,0.505468647871367,80,"tlewis",0.428571428571429,0.341789052069426,0.311081441922563,0.11214953271028,0.393858477970627,0.221562082777036,0.33355473965287,43.6315086782377,33.4617724599473,41.5612155733195,NA,NA,0
"T Lomack","Billings Mustangs",2023,89,400,351,113,14,4,10,33,3,10,74,85,0.321937321937322,0.375314861460957,0.47008547008547,0.845400331546427,0.148148148148148,0.0825,0.185,0.025,28,0.07,0.366962216624685,0.415712620826764,0.519508091651979,81,"tlomack",0.421895861148198,0.461949265687583,0.242990654205607,0.456608811748999,0.437917222963952,0.339118825100134,0.403337783711615,46.2750333778371,40.6043398904887,46.0720411663808,NA,NA,0
"T Lomack","Yuba-Sutter Freebirds",2024,80,337,281,94,9,3,2,54,2,0,57,80,0.334519572953737,0.445103857566766,0.409252669039146,0.854356526605911,0.0747330960854093,0.160237388724036,0.169139465875371,0.0059347181008902,14,0.0415430267062315,0.386448071216617,0.424262617051871,0.536937901498929,81,"tlomack",0.176234979973298,0.173564753004005,0.86648865153538,0.56475300400534,0.175166889185581,0.730707610146862,0.369606141522029,30.5100133511348,64.3966741026161,43.8916038275241,NA,NA,0
"T Lozano","Oakland Ballers",2025,46,188,173,53,9,2,5,11,1,2,26,37,0.30635838150289,0.347593582887701,0.468208092485549,0.81580167537325,0.161849710982659,0.0585106382978723,0.138297872340426,0.0265957446808511,16,0.0851063829787234,0.354780748663102,0.430165036674817,0.545487286609522,67,"tlozano",0.481975967957276,0.488651535380507,0.104138851802403,0.740987983978638,0.484646194926569,0.390720961281709,0.451772363150868,49.0787716955941,43.7396065706753,49.2028868248163,NA,NA,0
"T McCaffrey","Idaho Falls Chukars",2025,54,240,208,69,16,0,8,19,6,6,38,45,0.331730769230769,0.393305439330544,0.524038461538462,0.917343900869006,0.192307692307692,0.0791666666666667,0.158333333333333,0.0333333333333333,24,0.1,0.395589958158996,0.430165036674817,0.545487286609522,87,"tmccaffrey",0.600801068090788,0.596795727636849,0.222963951935915,0.635514018691589,0.599198931909212,0.408611481975968,0.532493324432577,55.9519359145527,44.8266071790712,54.4207471654962,NA,NA,0
"T McCaffrey","Long Beach Coast",2026,15,70,61,24,4,0,7,6,3,0,12,13,0.39344262295082,0.471428571428571,0.80327868852459,1.27470725995316,0.409836065573771,0.0857142857142857,0.171428571428571,0.1,11,0.157142857142857,0.537728571428572,0.450384809487762,0.58938642643552,141,"tmccaffrey",0.98931909212283,0.990654205607477,0.272363150867824,0.550066755674232,0.989853137516689,0.397329773030708,0.782469959946596,79.3911882510013,44.1411478401947,70.5794146520384,NA,NA,0
"T McKenzie","Oakland Ballers",2025,89,389,331,99,14,4,16,44,9,3,88,65,0.299093655589124,0.392764857881137,0.510574018126888,0.903338876008025,0.211480362537764,0.113110539845758,0.226221079691517,0.0411311053984576,34,0.0874035989717224,0.393932816537468,0.430165036674817,0.545487286609522,85,"tmckenzie",0.672897196261682,0.716955941255007,0.535380507343124,0.230974632843792,0.690520694259012,0.398397863818425,0.588277703604806,61.4312416555407,44.2060433989049,58.0266891053648,NA,NA,0
"T McKenzie","RedPocket Mobiles",2026,89,358,316,101,21,1,15,34,3,3,73,64,0.319620253164557,0.387640449438202,0.534810126582278,0.922450576020481,0.215189873417722,0.0949720670391061,0.20391061452514,0.0418994413407821,37,0.103351955307263,0.399662921348315,0.450384809487762,0.58938642643552,77,"tmckenzie",0.694259012016021,0.728971962616822,0.356475300400534,0.360480640854473,0.708144192256342,0.358277703604806,0.585690921228304,62.4886515353805,41.768403974853,57.8594776529985,NA,NA,0
"T Minder","Boise Hawks",2023,91,381,330,102,17,3,8,31,10,8,52,74,0.309090909090909,0.377308707124011,0.451515151515152,0.828823858639162,0.142424242424242,0.0813648293963255,0.136482939632546,0.020997375328084,28,0.073490813648294,0.36302110817942,0.415712620826764,0.519508091651979,78,"tminder",0.400534045393858,0.407209612817089,0.230974632843792,0.750333778371162,0.403204272363151,0.464686248331108,0.424722963951936,44.192256341789,48.2336240113567,47.4543944248465,NA,NA,0
"T Moore","Oakland Ballers",2026,35,145,126,40,7,1,10,12,5,2,21,22,0.317460317460317,0.393103448275862,0.626984126984127,1.02008757525999,0.30952380952381,0.0827586206896552,0.144827586206897,0.0689655172413793,18,0.124137931034483,0.434131034482759,0.450384809487762,0.58938642643552,94,"tmoore",0.923898531375167,0.945260347129506,0.2456608811749,0.71562082777036,0.932443257676903,0.457142857142857,0.766088117489987,75.9465954606142,47.7752991279659,69.520480705956,NA,NA,0
"T Reynolds","Grand Junction Jackalopes",2021,21,46,41,12,0,0,0,5,0,0,11,12,0.292682926829268,0.369565217391304,0.292682926829268,0.662248144220573,0,0.108695652173913,0.239130434782609,0,0,0,0.306652173913044,0.386737115479336,0.403905188465603,68,"treynolds",0,0,0.493991989319092,0.165554072096128,0,0.346194926568758,0.121168224299065,20,41.0342729669438,27.8324001855508,NA,NA,0
"T Rogers","Idaho Falls Chukars",2024,88,406,322,100,23,0,14,65,13,6,77,63,0.31055900621118,0.438423645320197,0.512422360248447,0.950846005568644,0.201863354037267,0.160098522167488,0.189655172413793,0.0344827586206896,37,0.0911330049261084,0.415830049261084,0.424262617051871,0.536937901498929,99,"trogers",0.640854472630174,0.61415220293725,0.865153538050734,0.436582109479306,0.630173564753004,0.672296395193592,0.64491655540721,57.8104138851802,60.847698235652,61.6878647636925,NA,NA,0
"T Rogers","Idaho Falls Chukars",2025,92,460,383,145,37,2,28,61,14,2,68,78,0.378590078328982,0.478260869565217,0.704960835509138,1.18322170507436,0.326370757180157,0.132608695652174,0.147826086956522,0.0608695652173913,67,0.145652173913043,0.501193478260869,0.430165036674817,0.545487286609522,140,"trogers",0.941255006675567,0.910547396528705,0.700934579439252,0.694259012016021,0.928971962616822,0.697930574098798,0.848107476635514,75.7383177570094,62.4051916446968,74.8222704078881,NA,NA,0
"T Rogers","Oakland Ballers",2026,28,103,90,28,3,0,5,9,2,2,22,20,0.311111111111111,0.378640776699029,0.511111111111111,0.88975188781014,0.2,0.087378640776699,0.213592233009709,0.0485436893203883,8,0.0776699029126214,0.385747572815534,0.450384809487762,0.58938642643552,71,"trogers",0.622162883845127,0.813084112149533,0.292389853137517,0.309746328437917,0.698531375166889,0.300200267022697,0.559115487316422,61.9118825100133,38.2397079699858,56.1416227062364,NA,NA,0
"T Sandoval","Grand Junction Jackalopes",2021,18,58,54,14,0,0,2,4,0,0,22,12,0.259259259259259,0.310344827586207,0.37037037037037,0.680715197956577,0.111111111111111,0.0689655172413793,0.379310344827586,0.0344827586206896,2,0.0344827586206896,0.303758620689655,0.386737115479336,0.403905188465603,72,"tsandoval",0.27369826435247,0.61415220293725,0.16154873164219,0.0146862483311081,0.409879839786382,0.0954606141522029,0.299833110814419,44.5927903871829,25.8000405597242,39.381425504601,NA,NA,0
"T Specht","Great Falls Voyagers",2025,93,419,372,114,21,6,9,37,3,7,74,78,0.306451612903226,0.367541766109785,0.467741935483871,0.835283701593656,0.161290322580645,0.0883054892601432,0.176610978520286,0.0214797136038186,36,0.0859188544152745,0.363379474940334,0.430165036674817,0.545487286609522,71,"tspecht",0.479305740987984,0.411214953271028,0.300400534045394,0.510013351134846,0.452069425901202,0.394726301735648,0.431999332443258,47.1241655540721,43.9829649158386,47.9247440585995,NA,NA,0
"T Specht","Great Falls Voyagers",2026,95,499,426,135,29,15,14,67,1,5,55,77,0.316901408450704,0.406813627254509,0.553990610328638,0.960804237583148,0.237089201877934,0.134268537074148,0.110220440881764,0.0280561122244489,58,0.11623246492986,0.412507014028056,0.450384809487762,0.58938642643552,84,"tspecht",0.770360480640854,0.5086782376502,0.710280373831776,0.867823765020027,0.665687583444593,0.781174899866489,0.706108144192256,59.9412550066756,67.4629892516731,65.6433325781848,NA,NA,0
"T Stone","Ogden Raptors",2026,73,318,268,84,15,0,8,45,1,4,61,61,0.313432835820896,0.408805031446541,0.458955223880597,0.867760255327138,0.145522388059701,0.141509433962264,0.191823899371069,0.0251572327044025,23,0.0723270440251572,0.383059748427673,0.450384809487762,0.58938642643552,69,"tstone",0.412550066755674,0.468624833110814,0.76502002670227,0.423230974632844,0.43497997329773,0.611214953271028,0.496662216288384,46.0987983978638,57.1364834719124,52.1045988543319,NA,NA,0
"T Tomaka","Boise Hawks",2021,25,44,43,13,0,0,2,1,0,0,7,11,0.302325581395349,0.318181818181818,0.441860465116279,0.760042283298097,0.13953488372093,0.0227272727272727,0.159090909090909,0.0454545454545454,2,0.0454545454545454,0.333181818181818,0.386737115479336,0.403905188465603,92,"ttomaka",0.392523364485981,0.769025367156208,0.0440587449933244,0.630173564753004,0.543124165554072,0.30781041388518,0.46076435246996,52.5874499332443,38.702088825796,49.7841354089129,NA,NA,0
"T Van Marter","Idaho Falls Chukars",2021,49,208,189,60,0,0,1,19,0,0,28,59,0.317460317460317,0.379807692307692,0.333333333333333,0.713141025641026,0.0158730158730159,0.0913461538461538,0.134615384615385,0.0048076923076923,1,0.0048076923076923,0.325014423076923,0.386737115479336,0.403905188465603,81,"tmarter",0.0747663551401869,0.162883845126836,0.327102803738318,0.769025367156208,0.110013351134846,0.525967957276368,0.255597463284379,26.6008010680908,51.9570066923545,36.5220017907807,NA,NA,0
"T Viola","Boise Hawks",2024,94,445,385,132,30,0,28,38,20,2,83,74,0.342857142857143,0.426966292134831,0.638961038961039,1.06592733109587,0.296103896103896,0.0853932584269663,0.186516853932584,0.0629213483146067,58,0.130337078651685,0.456921348314607,0.424262617051871,0.536937901498929,120,"tviola",0.899866488651535,0.921228304405875,0.269692923898531,0.453938584779706,0.908411214953271,0.35260347129506,0.713878504672897,74.5046728971963,41.423646319205,66.145614205422,NA,NA,0
"T Weldon","Colorado Springs Sky Sox",2024,3,1,1,1,0,0,0,0,0,0,0,1,1,1,1,2,0,0,0,0,0,0,0.888,0.424262617051871,0.536937901498929,322,"tweldon",0,0,0,1,0,0.45,0.1575,20,47.3413100790915,30.1809120036247,NA,NA,0
"T Williams","Modesto Roadsters",2026,67,308,253,90,11,3,15,43,7,5,47,61,0.355731225296443,0.454545454545455,0.600790513833992,1.05533596837945,0.245059288537549,0.13961038961039,0.152597402597403,0.0487012987012987,29,0.0941558441558442,0.452064935064935,0.450384809487762,0.58938642643552,103,"twilliams",0.794392523364486,0.818424566088118,0.750333778371162,0.671562082777036,0.804005340453939,0.714886515353805,0.772813751668892,68.2403204272363,63.4354086392213,69.9552304821084,NA,NA,0
"T Wyatt","Idaho Falls Chukars",2021,42,171,149,44,0,0,6,22,0,0,39,38,0.295302013422819,0.385964912280702,0.416107382550336,0.802072294831037,0.120805369127517,0.128654970760234,0.228070175438596,0.0350877192982456,6,0.0350877192982456,0.359824561403509,0.386737115479336,0.403905188465603,103,"twyatt",0.317757009345794,0.630173564753004,0.663551401869159,0.222963951935915,0.442723631508678,0.465287049399199,0.45062082777036,46.5634178905207,48.2701277631312,49.1284507589242,NA,NA,0
"T Wyatt","Idaho Falls Chukars",2023,83,304,267,78,17,0,14,32,2,3,49,47,0.292134831460674,0.368421052631579,0.51310861423221,0.881529666863789,0.220973782771536,0.105263157894737,0.161184210526316,0.0460526315789474,31,0.101973684210526,0.382503289473684,0.415712620826764,0.519508091651979,87,"twyatt",0.724966622162884,0.783711615487316,0.467289719626168,0.615487316421896,0.748464619492657,0.533978638184246,0.673394526034713,64.9078771695594,52.443723382681,63.528701036711,NA,NA,0
"T Wyatt","Idaho Falls Chukars",2024,93,431,373,123,27,2,17,49,7,0,74,77,0.329758713136729,0.417249417249417,0.549597855227882,0.966847272477299,0.219839142091153,0.11368909512761,0.17169373549884,0.0394431554524362,46,0.106728538283063,0.420759906759907,0.424262617051871,0.536937901498929,101,"twyatt",0.719626168224299,0.690253671562083,0.546061415220294,0.546061415220294,0.707877169559412,0.546061415220294,0.651241655540721,62.4726301735648,53.1778543905902,62.0967237343172,NA,NA,0
"T Wyatt","Idaho Falls Chukars",2025,81,382,331,111,28,1,15,42,6,3,73,67,0.335347432024169,0.416230366492147,0.561933534743202,0.978163901235349,0.226586102719033,0.109947643979058,0.191099476439791,0.0392670157068063,44,0.115183246073298,0.42284554973822,0.430165036674817,0.545487286609522,100,"twyatt",0.738317757009346,0.68758344459279,0.507343124165554,0.428571428571429,0.718024032042724,0.471895861148198,0.63187917222964,63.0814419225634,48.6716690326506,60.8451190437662,NA,NA,0
"T Wyatt","Idaho Falls Chukars",2026,71,367,317,123,21,3,23,35,9,6,39,76,0.38801261829653,0.455040871934605,0.690851735015773,1.14589260695038,0.302839116719243,0.0953678474114442,0.106267029972752,0.0626702997275204,47,0.128065395095368,0.485008174386921,0.450384809487762,0.58938642643552,118,"twyatt",0.91588785046729,0.919893190921228,0.359145527369826,0.881174899866489,0.917489986648865,0.594058744993324,0.804289052069426,75.0493991989319,56.0940985601298,71.9898162831591,NA,NA,0
"T Yukumoto","Missoula PaddleHeads",2026,76,347,263,94,19,0,4,67,8,7,17,71,0.357414448669202,0.489855072463768,0.475285171102662,0.96514024356643,0.11787072243346,0.193083573487032,0.0489913544668588,0.0115273775216138,23,0.0662824207492795,0.427846376811594,0.450384809487762,0.58938642643552,89,"tyukumoto",0.303070761014686,0.23497997329773,0.959946595460614,0.974632843791722,0.275834445927904,0.966555407209613,0.517586782376502,36.5500667556742,78.7264246603123,53.4571776864408,NA,NA,0
"U Cantu","Rocky Mountain Vibes",2022,83,386,337,116,21,1,14,41,4,4,71,80,0.344213649851632,0.417098445595855,0.537091988130564,0.954190433726419,0.192878338278932,0.106217616580311,0.183937823834197,0.0362694300518135,36,0.0932642487046632,0.414349740932643,0.403219653620203,0.505468647871367,110,"ucantu",0.60347129506008,0.648865153538051,0.476635514018692,0.465954606141522,0.621628838451268,0.471829105473965,0.569198931909212,57.2977303070761,48.6676130602312,56.793423735396,NA,NA,0
"U Romo","RedPocket Mobiles",2026,21,3,3,1,0,0,0,0,0,0,1,1,0.333333333333333,0.333333333333333,0.333333333333333,0.666666666666667,0,0,0.333333333333333,0,0,0,0.296,0.450384809487762,0.58938642643552,31,"uromo",0,0,0,0.0333778371161548,0,0.0150200267022697,0.00525700934579439,20,20.9125937943622,20.3398168225509,NA,NA,0
"V Esposito","Grand Junction Jackalopes",2021,67,306,267,80,0,0,15,39,0,0,72,65,0.299625468164794,0.388888888888889,0.468164794007491,0.85705368289638,0.168539325842697,0.127450980392157,0.235294117647059,0.0490196078431372,15,0.0490196078431372,0.379558823529412,0.386737115479336,0.403905188465603,116,"vesposito",0.506008010680908,0.825100133511348,0.654205607476635,0.184245660881175,0.633644859813084,0.442723631508678,0.566822429906542,58.018691588785,46.8992090853782,56.6398049559317,NA,NA,0
"V Rodriguez","Idaho Falls Chukars",2023,34,4,4,2,1,0,0,0,0,0,0,1,0.5,0.5,0.75,1.25,0.25,0,0,0,1,0.25,0.53975,0.415712620826764,0.519508091651979,165,"vrodriguez",0.81041388518024,0,0,1,0.486248331108144,0.45,0.473561415220294,49.1748998664886,47.3413100790915,50.6113466455225,NA,NA,0
"V Temesvary","Great Falls Voyagers",2026,85,408,321,125,33,2,22,54,22,10,54,68,0.389408099688474,0.493857493857494,0.710280373831776,1.20413786768927,0.320872274143302,0.132352941176471,0.132352941176471,0.053921568627451,57,0.139705882352941,0.503501228501229,0.450384809487762,0.58938642643552,130,"vtemesvary",0.934579439252336,0.861148197596796,0.69826435246996,0.78237650200267,0.90520694259012,0.73611481975968,0.846024699599466,74.3124165554072,64.7252078685865,74.6876382191441,NA,NA,0
"W Crenshaw","Billings Mustangs",2023,15,64,51,16,4,0,4,11,0,1,14,8,0.313725490196078,0.428571428571429,0.627450980392157,1.05602240896359,0.313725490196078,0.171875,0.21875,0.0625,8,0.125,0.447333333333333,0.415712620826764,0.519508091651979,124,"wcrenshaw",0.929238985313752,0.918558077436582,0.917222963951936,0.277703604806409,0.924966622162884,0.629439252336449,0.821532042723632,75.497997329773,58.2437639424052,73.104415461126,"Wyatt Crenshaw","Arizona Diamondbacks",1
"W Fuenning","Ogden Raptors",2024,8,17,15,5,1,0,1,2,0,0,7,3,0.333333333333333,0.411764705882353,0.6,1.01176470588235,0.266666666666667,0.117647058823529,0.411764705882353,0.0588235294117647,2,0.117647058823529,0.436235294117647,0.424262617051871,0.536937901498929,109,"wfuenning",0.855807743658211,0.895861148197597,0.578104138851802,0.013351134846462,0.871829105473965,0.323965287049399,0.680076769025367,72.3097463284379,39.6836341512878,63.9606459755979,NA,NA,0
"W Grant","Boise Hawks",2026,58,273,225,70,16,2,9,43,0,2,49,43,0.311111111111111,0.418518518518519,0.52,0.938518518518518,0.208888888888889,0.157509157509158,0.179487179487179,0.032967032967033,27,0.0989010989010989,0.408633333333333,0.450384809487762,0.58938642643552,81,"wgrant",0.660881174899867,0.588785046728972,0.847797062750334,0.495327102803738,0.632042723631509,0.689185580774366,0.652042723631509,57.9225634178905,61.8738592577571,62.1485053453726,NA,NA,0
"W Little","Idaho Falls Chukars",2021,67,328,287,98,0,0,11,41,0,0,49,87,0.341463414634146,0.423780487804878,0.456445993031359,0.880226480836237,0.114982578397213,0.125,0.149390243902439,0.0335365853658537,11,0.0335365853658537,0.392246951219512,0.386737115479336,0.403905188465603,123,"wlittle",0.293724966622163,0.599465954606141,0.630173564753004,0.686248331108144,0.416021361815754,0.655407209612817,0.499806408544726,44.9612817089453,59.821537213547,52.3078416777242,NA,NA,0
"W Mitchell","Idaho Falls Chukars",2026,85,407,350,113,18,1,20,38,11,7,83,74,0.322857142857143,0.399014778325123,0.551428571428571,0.950443349753695,0.228571428571429,0.0933660933660934,0.203931203931204,0.0491400491400491,39,0.0958230958230958,0.409822660098522,0.450384809487762,0.58938642643552,82,"wmitchell",0.744993324432577,0.829105473965287,0.343124165554072,0.359145527369826,0.778638184245661,0.350333778371162,0.628731642189586,66.7182910547397,41.2857432569458,60.6416604636612,NA,NA,0
"W Rogers","Great Falls Voyagers",2026,42,123,113,37,9,1,5,7,1,2,24,22,0.327433628318584,0.365853658536585,0.557522123893805,0.923375782430391,0.230088495575221,0.056910569105691,0.195121951219512,0.040650406504065,15,0.121951219512195,0.395512195121951,0.450384809487762,0.58938642643552,76,"wrogers",0.750333778371162,0.708945260347129,0.0987983978638184,0.409879839786382,0.733778371161549,0.238785046728972,0.560530707610147,64.0267022696929,34.5082133441493,56.2331035524343,NA,NA,0
"X Casserilla","Missoula PaddleHeads",2026,90,452,382,146,33,2,33,51,16,2,58,78,0.382198952879581,0.472283813747228,0.738219895287958,1.21050370903519,0.356020942408377,0.11283185840708,0.128318584070796,0.0730088495575221,68,0.150442477876106,0.511117516629712,0.450384809487762,0.58938642643552,130,"xcasserilla",0.966622162883845,0.954606141522029,0.534045393858478,0.799732977303071,0.961815754339119,0.653604806408545,0.853941922563418,77.7089452603471,59.7120259582235,75.1994131417414,NA,NA,0
"X Croxton","Boise Hawks",2026,12,38,29,9,2,1,0,8,0,0,7,6,0.310344827586207,0.459459459459459,0.448275862068966,0.907735321528425,0.137931034482759,0.210526315789474,0.184210526315789,0,3,0.0789473684210526,0.405567567567568,0.450384809487762,0.58938642643552,78,"xcroxton",0.384512683578104,0,0.975967957276369,0.461949265687583,0.230707610146862,0.744659546061415,0.410590787716956,33.8424566088117,65.2443723382681,46.5408805031446,NA,NA,0
"X Washington","Great Falls Voyagers",2023,65,303,275,105,17,1,4,17,4,5,43,83,0.381818181818182,0.418604651162791,0.494545454545455,0.913150105708245,0.112727272727273,0.0561056105610561,0.141914191419142,0.0132013201320132,22,0.0726072607260726,0.398501661129568,0.415712620826764,0.519508091651979,96,"xwashington",0.287049399198932,0.264352469959947,0.0947930574098798,0.728971962616823,0.277970627503338,0.380173564753004,0.313741655540721,36.6782376502003,43.0987629284121,40.2804837265499,NA,NA,0
"X Washington","Great Falls Voyagers",2024,94,438,374,139,30,5,13,53,6,4,87,91,0.371657754010695,0.453089244851259,0.582887700534759,1.03597694538602,0.211229946524064,0.121004566210046,0.198630136986301,0.0296803652968037,48,0.10958904109589,0.446757437070938,0.424262617051871,0.536937901498929,115,"xwashington",0.668891855807744,0.540720961281709,0.607476635514019,0.387182910547397,0.61762349799733,0.508344459279039,0.579375834445928,57.0574098798398,50.8862299736362,57.4512659525119,NA,NA,0
"Z Almond","Missoula PaddleHeads",2021,79,355,308,109,0,0,25,47,0,0,47,84,0.353896103896104,0.43943661971831,0.597402597402597,1.03683921712091,0.243506493506494,0.132394366197183,0.132394366197183,0.0704225352112676,25,0.0704225352112676,0.449428169014084,0.386737115479336,0.403905188465603,162,"zalmond",0.787716955941255,0.949265687583445,0.699599465954606,0.781041388518024,0.852336448598131,0.736248331108144,0.811705607476636,71.1401869158879,64.7333198134253,72.4692276988468,NA,NA,0
"Z Chamizo","Yuba-Sutter Freebirds",2026,91,410,344,114,27,1,18,52,6,8,60,68,0.331395348837209,0.419512195121951,0.572674418604651,0.992186613726602,0.241279069767442,0.126829268292683,0.146341463414634,0.0439024390243902,46,0.11219512195122,0.425236585365854,0.450384809487762,0.58938642643552,90,"zchamizo",0.781041388518024,0.755674232309746,0.647530040053405,0.706275033377837,0.770894526034713,0.673965287049399,0.736969292389853,66.2536715620828,60.9490975461367,67.6382191440931,NA,NA,0
"Z Denton","Colorado Springs Sky Sox",2025,49,228,188,60,15,0,9,31,7,2,56,36,0.319148936170213,0.429824561403509,0.542553191489362,0.97237775289287,0.223404255319149,0.135964912280702,0.245614035087719,0.0394736842105263,24,0.105263157894737,0.422745614035088,0.430165036674817,0.545487286609522,99,"zdenton",0.728971962616822,0.691588785046729,0.720961281708945,0.146862483311081,0.714018691588785,0.462616822429907,0.626028037383177,62.8411214953271,48.1078888663557,60.4668975263493,NA,NA,0
"Z Roos","Grand Junction Jackalopes",2025,89,446,355,121,32,4,14,65,22,4,64,71,0.340845070422535,0.466367713004484,0.571830985915493,1.03819869891998,0.230985915492958,0.145739910313901,0.143497757847534,0.031390134529148,50,0.112107623318386,0.449174887892377,0.430165036674817,0.545487286609522,113,"zroos",0.757009345794392,0.556742323097463,0.794392523364486,0.719626168224299,0.676902536715621,0.760747663551402,0.706248331108144,60.6141522029372,66.2218616913405,65.6523943601195,NA,NA,0
"Z Roos","Yuba-Sutter Freebirds",2026,40,183,153,49,13,2,4,23,4,2,22,30,0.320261437908497,0.417582417582418,0.509803921568627,0.927386339151045,0.189542483660131,0.12568306010929,0.120218579234973,0.0218579234972678,19,0.103825136612022,0.404159340659341,0.450384809487762,0.58938642643552,79,"zroos",0.583444592790387,0.415220293724967,0.639519359145527,0.833110814419226,0.516154873164219,0.726635514018692,0.589823097463284,50.9692923898531,64.1492597850335,58.1265844633591,NA,NA,0
"Z Stewart","Missoula PaddleHeads",2026,7,36,26,13,3,0,4,9,1,0,6,6,0.5,0.638888888888889,1.07692307692308,1.71581196581197,0.576923076923077,0.25,0.166666666666667,0.111111111111111,7,0.194444444444444,0.679916666666667,0.450384809487762,0.58938642643552,225,"zstewart",0.993324432576769,0.993324432576769,0.98931909212283,0.584779706275033,0.993324432576769,0.807276368491322,0.928207610146863,79.5994659546062,69.0488744676536,80,NA,NA,0
"Z Zurbrugg","Great Falls Voyagers",2021,34,105,89,26,0,0,0,16,0,0,14,26,0.292134831460674,0.4,0.292134831460674,0.692134831460674,0,0.152380952380952,0.133333333333333,0,0,0,0.325028571428571,0.386737115479336,0.403905188465603,76,"zzurbrugg",0,0,0.826435246995995,0.774365821094793,0,0.803004005340454,0.281051401869159,20,68.7892922328128,38.1673624820652,NA,NA,0
