rk,name,team,era,w,l,app,gs,sv,ip,h,r,er,bb,k,k_9,hr,whip,bf,wp,hbp,season,player_type,ip_raw,bb_9,hr_9,h_9,k_bb,k_pct,bb_pct,k_minus_bb_pct,gs_pct,league_era,league_fip_component,fip_constant,fip
1,K Maldonado,Grand Junction Jackalopes,8.6,0,0,94,24,0,193.66666666666666,259,212,185,115,192,8.92,NA,1.93,NA,NA,NA,2021,pitcher,193.2,5.344234079173838,NA,12.036144578313253,1.6695652173913043,NA,NA,NA,0.2553191489361702,6.796524985640436,-0.4025703618609994,7.199095347501435,NA
2,D Pena,Missoula PaddleHeads,5.06,0,0,18,18,0,96,92,56,54,40,109,10.22,NA,1.38,NA,NA,NA,2021,pitcher,96,3.75,NA,8.625,2.725,NA,NA,NA,1,6.796524985640436,-0.4025703618609994,7.199095347501435,NA
3,Q Jones,Great Falls Voyagers,6.68,0,0,18,17,0,95.66666666666667,139,87,71,27,53,4.99,NA,1.74,NA,NA,NA,2021,pitcher,95.2,2.5400696864111496,NA,13.076655052264808,1.962962962962963,NA,NA,NA,0.9444444444444444,6.796524985640436,-0.4025703618609994,7.199095347501435,NA
4,M Dallas,Boise Hawks,4.52,0,0,16,13,0,83.66666666666667,77,45,42,46,104,11.19,NA,1.47,NA,NA,NA,2021,pitcher,83.2,4.948207171314741,NA,8.282868525896413,2.260869565217391,NA,NA,NA,0.8125,6.796524985640436,-0.4025703618609994,7.199095347501435,NA
5,I Fuentes,Grand Junction Jackalopes,4.56,0,0,15,15,0,81,105,44,41,17,81,9,NA,1.51,NA,NA,NA,2021,pitcher,81,1.8888888888888888,NA,11.666666666666666,4.764705882352941,NA,NA,NA,1,6.796524985640436,-0.4025703618609994,7.199095347501435,NA
6,A Smith,Billings Mustangs,6.92,0,0,18,17,0,79.33333333333333,96,76,61,46,84,9.53,NA,1.79,NA,NA,NA,2021,pitcher,79.1,5.218487394957983,NA,10.890756302521009,1.826086956521739,NA,NA,NA,0.9444444444444444,6.796524985640436,-0.4025703618609994,7.199095347501435,NA
7,M Mogollon,Missoula PaddleHeads,4.13,0,0,30,8,0,72,66,39,33,25,75,9.38,NA,1.26,NA,NA,NA,2021,pitcher,72,3.125,NA,8.25,3,NA,NA,NA,0.26666666666666666,6.796524985640436,-0.4025703618609994,7.199095347501435,NA
8,A Becerra,Great Falls Voyagers,5.4,0,0,24,8,0,71.66666666666667,92,53,43,36,65,8.16,NA,1.79,NA,NA,NA,2021,pitcher,71.2,4.520930232558139,NA,11.553488372093023,1.8055555555555556,NA,NA,NA,0.3333333333333333,6.796524985640436,-0.4025703618609994,7.199095347501435,NA
9,B Matthews,Grand Junction Jackalopes,5.93,0,0,17,12,0,71.33333333333333,75,50,47,36,82,10.35,NA,1.56,NA,NA,NA,2021,pitcher,71.1,4.542056074766355,NA,9.462616822429908,2.2777777777777777,NA,NA,NA,0.7058823529411765,6.796524985640436,-0.4025703618609994,7.199095347501435,NA
10,N Tellache,Ogden Raptors,5.5,0,0,12,12,0,68.66666666666667,81,47,42,15,63,8.26,NA,1.4,NA,NA,NA,2021,pitcher,68.2,1.966019417475728,NA,10.616504854368932,4.2,NA,NA,NA,1,6.796524985640436,-0.4025703618609994,7.199095347501435,NA
11,H Dollander,Great Falls Voyagers,9.18,0,0,13,12,0,67.66666666666667,107,73,69,25,57,7.58,NA,1.95,NA,NA,NA,2021,pitcher,67.2,3.3251231527093594,NA,14.231527093596059,2.28,NA,NA,NA,0.9230769230769231,6.796524985640436,-0.4025703618609994,7.199095347501435,NA
12,N Floyd,Idaho Falls Chukars,4.41,0,0,15,11,0,67.33333333333333,71,39,33,26,52,6.95,NA,1.44,NA,NA,NA,2021,pitcher,67.1,3.4752475247524757,NA,9.490099009900991,2,NA,NA,NA,0.7333333333333333,6.796524985640436,-0.4025703618609994,7.199095347501435,NA
12,A Solis,Rocky Mountain Vibes,8.55,0,0,15,13,0,67.33333333333333,102,74,64,31,62,8.29,NA,1.98,NA,NA,NA,2021,pitcher,67.1,4.143564356435644,NA,13.633663366336634,2,NA,NA,NA,0.8666666666666667,6.796524985640436,-0.4025703618609994,7.199095347501435,NA
14,M Schwellenbach,Missoula PaddleHeads,4.27,0,0,19,11,0,65.33333333333333,73,42,31,28,64,8.82,NA,1.55,NA,NA,NA,2021,pitcher,65.1,3.857142857142857,NA,10.056122448979593,2.2857142857142856,NA,NA,NA,0.5789473684210527,6.796524985640436,-0.4025703618609994,7.199095347501435,NA
15,Z Penrod,Boise Hawks,5.97,0,0,13,13,0,63.333333333333336,60,46,42,40,72,10.23,NA,1.58,NA,NA,NA,2021,pitcher,63.1,5.684210526315789,NA,8.526315789473683,1.8,NA,NA,NA,1,6.796524985640436,-0.4025703618609994,7.199095347501435,NA
16,A Bond,Billings Mustangs,5.89,0,0,11,10,0,62.666666666666664,72,42,41,19,55,7.9,NA,1.45,NA,NA,NA,2021,pitcher,62.2,2.7287234042553195,NA,10.340425531914894,2.8947368421052633,NA,NA,NA,0.9090909090909091,6.796524985640436,-0.4025703618609994,7.199095347501435,NA
17,J Ochoa,Rocky Mountain Vibes,8.03,0,0,18,13,0,61.666666666666664,80,60,55,35,46,6.71,NA,1.86,NA,NA,NA,2021,pitcher,61.2,5.108108108108108,NA,11.675675675675675,1.3142857142857143,NA,NA,NA,0.7222222222222222,6.796524985640436,-0.4025703618609994,7.199095347501435,NA
17,E Rosales,Rocky Mountain Vibes,9.78,0,0,34,8,0,61.666666666666664,103,81,67,40,55,8.03,NA,2.32,NA,NA,NA,2021,pitcher,61.2,5.837837837837838,NA,15.032432432432433,1.375,NA,NA,NA,0.23529411764705882,6.796524985640436,-0.4025703618609994,7.199095347501435,NA
19,N Lang,Billings Mustangs,3.96,0,0,37,2,0,61.333333333333336,66,30,27,21,52,7.63,NA,1.42,NA,NA,NA,2021,pitcher,61.1,3.0815217391304346,NA,9.684782608695652,2.4761904761904763,NA,NA,NA,0.05405405405405406,6.796524985640436,-0.4025703618609994,7.199095347501435,NA
20,D Silva,Idaho Falls Chukars,5.19,0,0,11,11,0,60.666666666666664,81,37,35,16,49,7.27,NA,1.6,NA,NA,NA,2021,pitcher,60.2,2.3736263736263736,NA,12.016483516483516,3.0625,NA,NA,NA,1,6.796524985640436,-0.4025703618609994,7.199095347501435,NA
21,S Jabusch,Great Falls Voyagers,6.25,0,0,22,8,0,59,79,63,41,31,36,5.49,NA,1.86,NA,NA,NA,2021,pitcher,59,4.728813559322034,NA,12.05084745762712,1.1612903225806452,NA,NA,NA,0.36363636363636365,6.796524985640436,-0.4025703618609994,7.199095347501435,NA
22,K Gould,Missoula PaddleHeads,4.4,0,0,25,5,0,57.333333333333336,59,32,28,19,57,8.95,NA,1.36,NA,NA,NA,2021,pitcher,57.1,2.9825581395348837,NA,9.261627906976743,3,NA,NA,NA,0.2,6.796524985640436,-0.4025703618609994,7.199095347501435,NA
22,J Varela,Grand Junction Jackalopes,8.63,0,0,17,10,0,57.333333333333336,84,60,55,24,54,8.48,NA,1.88,NA,NA,NA,2021,pitcher,57.1,3.7674418604651163,NA,13.186046511627907,2.25,NA,NA,NA,0.5882352941176471,6.796524985640436,-0.4025703618609994,7.199095347501435,NA
24,H Sanchez,Rocky Mountain Vibes,9.79,0,0,20,9,0,57,97,72,62,40,39,6.16,NA,2.4,NA,NA,NA,2021,pitcher,57,6.315789473684211,NA,15.31578947368421,0.975,NA,NA,NA,0.45,6.796524985640436,-0.4025703618609994,7.199095347501435,NA
25,M Simon,Missoula PaddleHeads,2.86,0,0,33,1,0,56.666666666666664,51,18,18,12,84,13.34,NA,1.11,NA,NA,NA,2021,pitcher,56.2,1.9058823529411766,NA,8.1,7,NA,NA,NA,0.030303030303030304,6.796524985640436,-0.4025703618609994,7.199095347501435,NA
26,G Viney,Billings Mustangs,8.31,0,0,15,14,0,56.333333333333336,78,56,52,31,55,8.79,NA,1.93,NA,NA,NA,2021,pitcher,56.1,4.952662721893491,NA,12.461538461538462,1.7741935483870968,NA,NA,NA,0.9333333333333333,6.796524985640436,-0.4025703618609994,7.199095347501435,NA
27,M Gabbert,Boise Hawks,6.33,0,0,12,8,0,54,79,41,38,12,36,6,NA,1.69,NA,NA,NA,2021,pitcher,54,2,NA,13.166666666666666,3,NA,NA,NA,0.6666666666666666,6.796524985640436,-0.4025703618609994,7.199095347501435,NA
27,J Slocum,Idaho Falls Chukars,6.83,0,0,14,14,0,54,93,54,41,18,24,4,NA,2.06,NA,NA,NA,2021,pitcher,54,3,NA,15.5,1.3333333333333333,NA,NA,NA,1,6.796524985640436,-0.4025703618609994,7.199095347501435,NA
29,A Donatella,Ogden Raptors,6.04,0,0,20,9,0,53.666666666666664,78,45,36,15,43,7.21,NA,1.73,NA,NA,NA,2021,pitcher,53.2,2.515527950310559,NA,13.080745341614907,2.8666666666666667,NA,NA,NA,0.45,6.796524985640436,-0.4025703618609994,7.199095347501435,NA
30,M Lines,Boise Hawks,5.57,0,0,10,10,0,53.333333333333336,59,42,33,22,43,7.26,NA,1.52,NA,NA,NA,2021,pitcher,53.1,3.7125,NA,9.956249999999999,1.9545454545454546,NA,NA,NA,1,6.796524985640436,-0.4025703618609994,7.199095347501435,NA
31,R Aleaziz,Ogden Raptors,7.47,0,0,20,9,0,53,85,48,44,17,47,7.98,NA,1.92,NA,NA,NA,2021,pitcher,53,2.8867924528301887,NA,14.433962264150944,2.764705882352941,NA,NA,NA,0.45,6.796524985640436,-0.4025703618609994,7.199095347501435,NA
32,J Lopez,Rocky Mountain Vibes,9.46,0,0,29,6,0,52.333333333333336,84,65,55,31,45,7.74,NA,2.2,NA,NA,NA,2021,pitcher,52.1,5.3312101910828025,NA,14.445859872611464,1.4516129032258065,NA,NA,NA,0.20689655172413793,6.796524985640436,-0.4025703618609994,7.199095347501435,NA
33,M Miller,Ogden Raptors,6.06,0,0,17,10,0,52,59,45,35,30,65,11.25,NA,1.71,NA,NA,NA,2021,pitcher,52,5.1923076923076925,NA,10.211538461538462,2.1666666666666665,NA,NA,NA,0.5882352941176471,6.796524985640436,-0.4025703618609994,7.199095347501435,NA
34,R Martin,Billings Mustangs,5.55,0,0,18,10,0,48.666666666666664,56,35,30,26,39,7.21,NA,1.68,NA,NA,NA,2021,pitcher,48.2,4.808219178082192,NA,10.356164383561644,1.5,NA,NA,NA,0.5555555555555556,6.796524985640436,-0.4025703618609994,7.199095347501435,NA
35,T Chapman,Billings Mustangs,5.59,0,0,37,0,0,48.333333333333336,48,38,30,47,47,8.75,NA,1.97,NA,NA,NA,2021,pitcher,48.1,8.751724137931035,NA,8.937931034482759,1,NA,NA,NA,0,6.796524985640436,-0.4025703618609994,7.199095347501435,NA
36,C Campbell,Ogden Raptors,6.36,0,0,31,1,0,46.666666666666664,59,35,33,16,45,8.68,NA,1.61,NA,NA,NA,2021,pitcher,46.2,3.085714285714286,NA,11.37857142857143,2.8125,NA,NA,NA,0.03225806451612903,6.796524985640436,-0.4025703618609994,7.199095347501435,NA
36,M Mixon,Ogden Raptors,6.94,0,0,32,1,0,46.666666666666664,43,38,36,19,37,7.14,NA,1.33,NA,NA,NA,2021,pitcher,46.2,3.6642857142857146,NA,8.292857142857143,1.9473684210526316,NA,NA,NA,0.03125,6.796524985640436,-0.4025703618609994,7.199095347501435,NA
38,T Budnick,Ogden Raptors,10.45,0,0,23,6,0,45.666666666666664,90,58,53,16,30,5.91,NA,2.32,NA,NA,NA,2021,pitcher,45.2,3.153284671532847,NA,17.737226277372265,1.875,NA,NA,NA,0.2608695652173913,6.796524985640436,-0.4025703618609994,7.199095347501435,NA
38,C Grant-DeBose,Great Falls Voyagers,5.72,0,0,17,6,0,45.666666666666664,43,31,29,25,43,8.47,NA,1.49,NA,NA,NA,2021,pitcher,45.2,4.927007299270073,NA,8.474452554744525,1.72,NA,NA,NA,0.35294117647058826,6.796524985640436,-0.4025703618609994,7.199095347501435,NA
38,K Hayes,Great Falls Voyagers,8.08,0,0,11,9,0,45.666666666666664,68,42,41,24,35,6.9,NA,2.01,NA,NA,NA,2021,pitcher,45.2,4.7299270072992705,NA,13.401459854014599,1.4583333333333333,NA,NA,NA,0.8181818181818182,6.796524985640436,-0.4025703618609994,7.199095347501435,NA
41,C Crader,Grand Junction Jackalopes,6.85,0,0,9,8,0,44.666666666666664,51,35,34,10,32,6.45,NA,1.37,NA,NA,NA,2021,pitcher,44.2,2.0149253731343286,NA,10.276119402985076,3.2,NA,NA,NA,0.8888888888888888,6.796524985640436,-0.4025703618609994,7.199095347501435,NA
42,P Wenzel,Missoula PaddleHeads,4.91,0,0,20,4,0,44,51,31,24,28,32,6.55,NA,1.8,NA,NA,NA,2021,pitcher,44,5.7272727272727275,NA,10.431818181818182,1.1428571428571428,NA,NA,NA,0.2,6.796524985640436,-0.4025703618609994,7.199095347501435,NA
43,A Kern,Great Falls Voyagers,6.07,0,0,32,1,0,43,55,32,29,27,55,11.51,NA,1.91,NA,NA,NA,2021,pitcher,43,5.651162790697675,NA,11.511627906976743,2.037037037037037,NA,NA,NA,0.03125,6.796524985640436,-0.4025703618609994,7.199095347501435,NA
44,G Larson,Great Falls Voyagers,3.16,0,0,31,0,0,42.666666666666664,44,19,15,8,44,9.28,NA,1.22,NA,NA,NA,2021,pitcher,42.2,1.6875,NA,9.28125,5.5,NA,NA,NA,0,6.796524985640436,-0.4025703618609994,7.199095347501435,NA
45,J Dobrash,Grand Junction Jackalopes,8.64,0,0,11,6,0,41.666666666666664,66,43,40,22,38,8.21,NA,2.11,NA,NA,NA,2021,pitcher,41.2,4.752000000000001,NA,14.256,1.7272727272727273,NA,NA,NA,0.5454545454545454,6.796524985640436,-0.4025703618609994,7.199095347501435,NA
46,O Farfan,Rocky Mountain Vibes,5.49,0,0,26,0,0,41,48,29,25,21,55,12.07,NA,1.68,NA,NA,NA,2021,pitcher,41,4.609756097560975,NA,10.536585365853659,2.619047619047619,NA,NA,NA,0,6.796524985640436,-0.4025703618609994,7.199095347501435,NA
47,J Pineda,Rocky Mountain Vibes,9.82,0,0,31,0,0,40.333333333333336,69,61,44,24,29,6.47,NA,2.31,NA,NA,NA,2021,pitcher,40.1,5.355371900826446,NA,15.396694214876032,1.2083333333333333,NA,NA,NA,0,6.796524985640436,-0.4025703618609994,7.199095347501435,NA
48,S Hupp,Great Falls Voyagers,8.1,0,0,18,5,0,40,59,38,36,14,25,5.63,NA,1.82,NA,NA,NA,2021,pitcher,40,3.15,NA,13.275,1.7857142857142858,NA,NA,NA,0.2777777777777778,6.796524985640436,-0.4025703618609994,7.199095347501435,NA
49,M Geoffrion,Idaho Falls Chukars,10.66,0,0,15,6,0,39.666666666666664,58,50,47,24,35,7.94,NA,2.07,NA,NA,NA,2021,pitcher,39.2,5.445378151260504,NA,13.15966386554622,1.4583333333333333,NA,NA,NA,0.4,6.796524985640436,-0.4025703618609994,7.199095347501435,NA
49,G Lyttle,Great Falls Voyagers,4.99,0,0,8,7,0,39.666666666666664,37,26,22,18,43,9.76,NA,1.39,NA,NA,NA,2021,pitcher,39.2,4.084033613445379,NA,8.394957983193278,2.388888888888889,NA,NA,NA,0.875,6.796524985640436,-0.4025703618609994,7.199095347501435,NA
51,A Kaufman,Billings Mustangs,7.09,0,0,24,0,0,39.333333333333336,49,42,31,29,28,6.41,NA,1.98,NA,NA,NA,2021,pitcher,39.1,6.635593220338983,NA,11.211864406779661,0.9655172413793104,NA,NA,NA,0,6.796524985640436,-0.4025703618609994,7.199095347501435,NA
52,D Cornett,Billings Mustangs,5.45,0,0,7,7,0,38,46,33,23,11,32,7.58,NA,1.5,NA,NA,NA,2021,pitcher,38,2.6052631578947367,NA,10.894736842105264,2.909090909090909,NA,NA,NA,1,6.796524985640436,-0.4025703618609994,7.199095347501435,NA
52,J Sigman,Ogden Raptors,5.21,0,0,21,3,0,38,40,25,22,19,42,9.95,NA,1.55,NA,NA,NA,2021,pitcher,38,4.5,NA,9.473684210526315,2.210526315789474,NA,NA,NA,0.14285714285714285,6.796524985640436,-0.4025703618609994,7.199095347501435,NA
54,Y Laureano,Billings Mustangs,11.92,0,0,21,5,0,37,53,52,49,45,33,8.03,NA,2.65,NA,NA,NA,2021,pitcher,37,10.945945945945946,NA,12.891891891891891,0.7333333333333333,NA,NA,NA,0.23809523809523808,6.796524985640436,-0.4025703618609994,7.199095347501435,NA
54,K Pilot,Billings Mustangs,4.62,0,0,9,8,0,37,32,21,19,27,47,11.43,NA,1.59,NA,NA,NA,2021,pitcher,37,6.5675675675675675,NA,7.783783783783784,1.7407407407407407,NA,NA,NA,0.8888888888888888,6.796524985640436,-0.4025703618609994,7.199095347501435,NA
54,T Reynolds,Grand Junction Jackalopes,3.89,0,0,9,5,0,37,36,24,16,10,42,10.22,NA,1.24,NA,NA,NA,2021,pitcher,37,2.4324324324324325,NA,8.756756756756756,4.2,NA,NA,NA,0.5555555555555556,6.796524985640436,-0.4025703618609994,7.199095347501435,NA
57,D Pearce,Ogden Raptors,3.75,0,0,22,2,0,36,32,17,15,17,50,12.5,NA,1.36,NA,NA,NA,2021,pitcher,36,4.25,NA,8,2.9411764705882355,NA,NA,NA,0.09090909090909091,6.796524985640436,-0.4025703618609994,7.199095347501435,NA
58,M Thomas,Great Falls Voyagers,6.56,0,0,24,0,0,35.666666666666664,43,28,26,19,27,6.81,NA,1.74,NA,NA,NA,2021,pitcher,35.2,4.794392523364486,NA,10.850467289719626,1.4210526315789473,NA,NA,NA,0,6.796524985640436,-0.4025703618609994,7.199095347501435,NA
59,J Cunningham,Ogden Raptors,4.08,0,0,21,2,0,35.333333333333336,51,25,16,4,20,5.09,NA,1.56,NA,NA,NA,2021,pitcher,35.1,1.0188679245283019,NA,12.990566037735848,5,NA,NA,NA,0.09523809523809523,6.796524985640436,-0.4025703618609994,7.199095347501435,NA
59,J Waters,Idaho Falls Chukars,5.35,0,0,20,0,0,35.333333333333336,26,24,21,26,31,7.9,NA,1.47,NA,NA,NA,2021,pitcher,35.1,6.6226415094339615,NA,6.6226415094339615,1.1923076923076923,NA,NA,NA,0,6.796524985640436,-0.4025703618609994,7.199095347501435,NA
61,N Jenkins,Idaho Falls Chukars,6.49,0,0,30,0,0,34.666666666666664,42,27,25,17,27,7.01,NA,1.7,NA,NA,NA,2021,pitcher,34.2,4.413461538461538,NA,10.903846153846155,1.588235294117647,NA,NA,NA,0,6.796524985640436,-0.4025703618609994,7.199095347501435,NA
62,D Ellis,Idaho Falls Chukars,8.47,0,0,6,6,0,34,49,36,32,13,22,5.82,NA,1.82,NA,NA,NA,2021,pitcher,34,3.4411764705882355,NA,12.970588235294118,1.6923076923076923,NA,NA,NA,1,6.796524985640436,-0.4025703618609994,7.199095347501435,NA
63,J Nunnally,Idaho Falls Chukars,5.18,0,0,28,0,0,33,32,20,19,19,43,11.73,NA,1.55,NA,NA,NA,2021,pitcher,33,5.181818181818182,NA,8.727272727272727,2.263157894736842,NA,NA,NA,0,6.796524985640436,-0.4025703618609994,7.199095347501435,NA
64,B Demco,Great Falls Voyagers,8.91,0,0,27,0,0,32.333333333333336,30,35,32,41,47,13.08,NA,2.2,NA,NA,NA,2021,pitcher,32.1,11.412371134020617,NA,8.350515463917525,1.146341463414634,NA,NA,NA,0,6.796524985640436,-0.4025703618609994,7.199095347501435,NA
64,V Rodriguez,Idaho Falls Chukars,6.12,0,0,27,1,0,32.333333333333336,37,23,22,13,39,10.86,NA,1.55,NA,NA,NA,2021,pitcher,32.1,3.6185567010309274,NA,10.298969072164947,3,NA,NA,NA,0.037037037037037035,6.796524985640436,-0.4025703618609994,7.199095347501435,NA
66,W Freeman,Missoula PaddleHeads,6.03,0,0,19,1,0,31.333333333333332,40,23,21,13,19,5.46,NA,1.69,NA,NA,NA,2021,pitcher,31.1,3.7340425531914896,NA,11.48936170212766,1.4615384615384615,NA,NA,NA,0.05263157894736842,6.796524985640436,-0.4025703618609994,7.199095347501435,NA
67,C Burica,Missoula PaddleHeads,9,0,0,9,5,0,31,45,32,31,6,26,7.55,NA,1.65,NA,NA,NA,2021,pitcher,31,1.7419354838709677,NA,13.064516129032258,4.333333333333333,NA,NA,NA,0.5555555555555556,6.796524985640436,-0.4025703618609994,7.199095347501435,NA
67,C Kelly,Billings Mustangs,4.94,0,0,24,0,0,31,35,20,17,10,27,7.84,NA,1.45,NA,NA,NA,2021,pitcher,31,2.903225806451613,NA,10.161290322580646,2.7,NA,NA,NA,0,6.796524985640436,-0.4025703618609994,7.199095347501435,NA
69,M Castillo,Billings Mustangs,7.92,0,0,9,6,0,30.666666666666668,40,30,27,19,29,8.51,NA,1.92,NA,NA,NA,2021,pitcher,30.2,5.576086956521739,NA,11.739130434782608,1.5263157894736843,NA,NA,NA,0.6666666666666666,6.796524985640436,-0.4025703618609994,7.199095347501435,NA
70,K Stone,Billings Mustangs,7.8,0,0,28,0,0,30,39,26,26,26,36,10.8,NA,2.17,NA,NA,NA,2021,pitcher,30,7.8,NA,11.7,1.3846153846153846,NA,NA,NA,0,6.796524985640436,-0.4025703618609994,7.199095347501435,NA
71,T Johnson,Grand Junction Jackalopes,7.67,0,0,30,0,0,29.333333333333332,40,32,25,26,30,9.2,NA,2.25,NA,NA,NA,2021,pitcher,29.1,7.9772727272727275,NA,12.272727272727273,1.1538461538461537,NA,NA,NA,0,6.796524985640436,-0.4025703618609994,7.199095347501435,NA
72,C Eusay,Missoula PaddleHeads,9.43,0,0,11,4,0,27.666666666666668,36,30,29,18,22,7.16,NA,1.95,NA,NA,NA,2021,pitcher,27.2,5.855421686746988,NA,11.710843373493976,1.2222222222222223,NA,NA,NA,0.36363636363636365,6.796524985640436,-0.4025703618609994,7.199095347501435,NA
73,C Clark,Grand Junction Jackalopes,3.95,0,0,24,0,0,27.333333333333332,31,16,12,8,43,14.16,NA,1.43,NA,NA,NA,2021,pitcher,27.1,2.6341463414634148,NA,10.207317073170731,5.375,NA,NA,NA,0,6.796524985640436,-0.4025703618609994,7.199095347501435,NA
74,A Herrera,Rocky Mountain Vibes,11.47,0,0,20,1,0,26.666666666666668,43,37,34,32,24,8.1,NA,2.81,NA,NA,NA,2021,pitcher,26.2,10.799999999999999,NA,14.5125,0.75,NA,NA,NA,0.05,6.796524985640436,-0.4025703618609994,7.199095347501435,NA
75,J Agnew,Grand Junction Jackalopes,9.35,0,0,18,0,0,26,38,28,27,12,24,8.31,NA,1.92,NA,NA,NA,2021,pitcher,26,4.153846153846154,NA,13.153846153846153,2,NA,NA,NA,0,6.796524985640436,-0.4025703618609994,7.199095347501435,NA
76,J Crump,Missoula PaddleHeads,7.01,0,0,25,0,0,25.666666666666668,28,21,20,16,24,8.42,NA,1.71,NA,NA,NA,2021,pitcher,25.2,5.6103896103896105,NA,9.818181818181818,1.5,NA,NA,NA,0,6.796524985640436,-0.4025703618609994,7.199095347501435,NA
77,K McGinnis,Idaho Falls Chukars,6.75,0,0,23,0,0,25.333333333333332,14,19,19,29,42,14.92,NA,1.7,NA,NA,NA,2021,pitcher,25.1,10.302631578947368,NA,4.973684210526316,1.4482758620689655,NA,NA,NA,0,6.796524985640436,-0.4025703618609994,7.199095347501435,NA
78,J Gomez,Rocky Mountain Vibes,8.14,0,0,15,0,0,24.333333333333332,37,27,22,27,26,9.62,NA,2.63,NA,NA,NA,2021,pitcher,24.1,9.986301369863014,NA,13.684931506849315,0.9629629629629629,NA,NA,NA,0,6.796524985640436,-0.4025703618609994,7.199095347501435,NA
79,M Townsend,Grand Junction Jackalopes,3.8,0,0,17,1,0,23.666666666666668,29,13,10,10,16,6.08,NA,1.65,NA,NA,NA,2021,pitcher,23.2,3.8028169014084505,NA,11.028169014084506,1.6,NA,NA,NA,0.058823529411764705,6.796524985640436,-0.4025703618609994,7.199095347501435,NA
80,A Wright,Missoula PaddleHeads,7.71,0,0,5,5,0,23.333333333333332,41,23,20,6,19,7.33,NA,2.01,NA,NA,NA,2021,pitcher,23.1,2.3142857142857145,NA,15.814285714285715,3.1666666666666665,NA,NA,NA,1,6.796524985640436,-0.4025703618609994,7.199095347501435,NA
81,C Cook,Missoula PaddleHeads,8.61,0,0,16,2,0,23,31,23,22,12,29,11.35,NA,1.87,NA,NA,NA,2021,pitcher,23,4.695652173913044,NA,12.130434782608695,2.4166666666666665,NA,NA,NA,0.125,6.796524985640436,-0.4025703618609994,7.199095347501435,NA
81,A Fishberg,Idaho Falls Chukars,3.52,0,0,13,0,0,23,14,10,9,13,28,10.96,NA,1.17,NA,NA,NA,2021,pitcher,23,5.086956521739131,NA,5.478260869565218,2.1538461538461537,NA,NA,NA,0,6.796524985640436,-0.4025703618609994,7.199095347501435,NA
81,B Norman,Great Falls Voyagers,4.7,0,0,15,1,0,23,20,16,12,20,19,7.43,NA,1.74,NA,NA,NA,2021,pitcher,23,7.826086956521739,NA,7.826086956521739,0.95,NA,NA,NA,0.06666666666666667,6.796524985640436,-0.4025703618609994,7.199095347501435,NA
84,C Estrada,Idaho Falls Chukars,10.72,0,0,18,0,0,22.666666666666668,35,30,27,12,19,7.54,NA,2.07,NA,NA,NA,2021,pitcher,22.2,4.764705882352941,NA,13.897058823529411,1.5833333333333333,NA,NA,NA,0,6.796524985640436,-0.4025703618609994,7.199095347501435,NA
85,C Mink,Ogden Raptors,8.46,0,0,12,4,0,22.333333333333332,30,26,21,18,22,8.87,NA,2.15,NA,NA,NA,2021,pitcher,22.1,7.253731343283582,NA,12.08955223880597,1.2222222222222223,NA,NA,NA,0.3333333333333333,6.796524985640436,-0.4025703618609994,7.199095347501435,NA
86,A Eggleston,Great Falls Voyagers,8.59,0,0,17,0,0,22,33,24,21,9,27,11.05,NA,1.91,NA,NA,NA,2021,pitcher,22,3.6818181818181817,NA,13.5,3,NA,NA,NA,0,6.796524985640436,-0.4025703618609994,7.199095347501435,NA
87,S Gustafson,Great Falls Voyagers,9.97,0,0,5,5,0,21.666666666666668,33,25,24,7,20,8.31,NA,1.85,NA,NA,NA,2021,pitcher,21.2,2.9076923076923076,NA,13.707692307692307,2.857142857142857,NA,NA,NA,1,6.796524985640436,-0.4025703618609994,7.199095347501435,NA
88,S Davis,Rocky Mountain Vibes,6.75,0,0,15,0,0,21.333333333333332,26,21,16,15,21,8.86,NA,1.92,NA,NA,NA,2021,pitcher,21.1,6.328125,NA,10.96875,1.4,NA,NA,NA,0,6.796524985640436,-0.4025703618609994,7.199095347501435,NA
88,A Guajardo,Rocky Mountain Vibes,7.59,0,0,10,1,0,21.333333333333332,23,22,18,14,23,9.7,NA,1.73,NA,NA,NA,2021,pitcher,21.1,5.90625,NA,9.703125,1.6428571428571428,NA,NA,NA,0.1,6.796524985640436,-0.4025703618609994,7.199095347501435,NA
90,J Seever,Billings Mustangs,7.97,0,0,5,4,0,20.333333333333332,33,20,18,4,13,5.75,NA,1.82,NA,NA,NA,2021,pitcher,20.1,1.7704918032786887,NA,14.606557377049182,3.25,NA,NA,NA,0.8,6.796524985640436,-0.4025703618609994,7.199095347501435,NA
91,O Marcelino,Rocky Mountain Vibes,4.5,0,0,15,0,0,20,22,13,10,11,24,10.8,NA,1.65,NA,NA,NA,2021,pitcher,20,4.95,NA,9.9,2.1818181818181817,NA,NA,NA,0,6.796524985640436,-0.4025703618609994,7.199095347501435,NA
91,L Summers,Grand Junction Jackalopes,7.65,0,0,14,1,0,20,30,19,17,14,22,9.9,NA,2.2,NA,NA,NA,2021,pitcher,20,6.3,NA,13.5,1.5714285714285714,NA,NA,NA,0.07142857142857142,6.796524985640436,-0.4025703618609994,7.199095347501435,NA
91,T Tomaka,Boise Hawks,4.05,0,0,13,0,0,20,23,10,9,6,30,13.5,NA,1.45,NA,NA,NA,2021,pitcher,20,2.7,NA,10.35,5,NA,NA,NA,0,6.796524985640436,-0.4025703618609994,7.199095347501435,NA
94,G Westberg,Missoula PaddleHeads,4.58,0,0,23,1,0,19.666666666666668,10,10,10,17,27,12.36,NA,1.37,NA,NA,NA,2021,pitcher,19.2,7.779661016949152,NA,4.576271186440677,1.588235294117647,NA,NA,NA,0.043478260869565216,6.796524985640436,-0.4025703618609994,7.199095347501435,NA
95,S Macias,Rocky Mountain Vibes,3.26,0,0,4,4,0,19.333333333333332,22,9,7,3,8,3.72,NA,1.29,NA,NA,NA,2021,pitcher,19.1,1.396551724137931,NA,10.241379310344827,2.6666666666666665,NA,NA,NA,1,6.796524985640436,-0.4025703618609994,7.199095347501435,NA
96,A Leija,Idaho Falls Chukars,10.61,0,0,18,1,0,18.666666666666668,32,22,22,11,21,10.13,NA,2.3,NA,NA,NA,2021,pitcher,18.2,5.303571428571428,NA,15.428571428571427,1.9090909090909092,NA,NA,NA,0.05555555555555555,6.796524985640436,-0.4025703618609994,7.199095347501435,NA
97,R Mintzer,Great Falls Voyagers,15,0,0,10,3,0,18,30,31,30,14,15,7.5,NA,2.44,NA,NA,NA,2021,pitcher,18,7,NA,15,1.0714285714285714,NA,NA,NA,0.3,6.796524985640436,-0.4025703618609994,7.199095347501435,NA
98,G Bautista,Billings Mustangs,6.11,0,0,8,0,0,17.666666666666668,27,14,12,4,16,8.15,NA,1.75,NA,NA,NA,2021,pitcher,17.2,2.0377358490566038,NA,13.754716981132075,4,NA,NA,NA,0,6.796524985640436,-0.4025703618609994,7.199095347501435,NA
99,F Achecar,Billings Mustangs,5.19,0,0,9,0,0,17.333333333333332,23,11,10,1,13,6.75,NA,1.38,NA,NA,NA,2021,pitcher,17.1,0.5192307692307693,NA,11.942307692307693,13,NA,NA,NA,0,6.796524985640436,-0.4025703618609994,7.199095347501435,NA
99,G Bremer,Idaho Falls Chukars,3.63,0,0,11,0,0,17.333333333333332,12,8,7,12,25,12.98,NA,1.38,NA,NA,NA,2021,pitcher,17.1,6.230769230769231,NA,6.230769230769231,2.0833333333333335,NA,NA,NA,0,6.796524985640436,-0.4025703618609994,7.199095347501435,NA
101,J Talamante,Missoula PaddleHeads,7.71,0,0,7,3,0,16.333333333333332,23,14,14,6,9,4.96,NA,1.78,NA,NA,NA,2021,pitcher,16.1,3.306122448979592,NA,12.673469387755103,1.5,NA,NA,NA,0.42857142857142855,6.796524985640436,-0.4025703618609994,7.199095347501435,NA
102,A Leach,Grand Junction Jackalopes,5.28,0,0,15,0,0,15.333333333333334,21,9,9,9,10,5.87,NA,1.96,NA,NA,NA,2021,pitcher,15.1,5.282608695652174,NA,12.326086956521738,1.1111111111111112,NA,NA,NA,0,6.796524985640436,-0.4025703618609994,7.199095347501435,NA
103,J Broughton,Ogden Raptors,12.6,0,0,8,2,0,15,24,26,21,6,12,7.2,NA,2,NA,NA,NA,2021,pitcher,15,3.6,NA,14.4,2,NA,NA,NA,0.25,6.796524985640436,-0.4025703618609994,7.199095347501435,NA
103,T Dixon,Ogden Raptors,7.2,0,0,6,3,0,15,16,12,12,9,18,10.8,NA,1.67,NA,NA,NA,2021,pitcher,15,5.4,NA,9.6,2,NA,NA,NA,0.5,6.796524985640436,-0.4025703618609994,7.199095347501435,NA
105,J Rosario,Billings Mustangs,19.47,0,0,13,3,0,14.333333333333334,16,31,31,24,10,6.28,NA,2.79,NA,NA,NA,2021,pitcher,14.1,15.069767441860465,NA,10.046511627906977,0.4166666666666667,NA,NA,NA,0.23076923076923078,6.796524985640436,-0.4025703618609994,7.199095347501435,NA
106,T Whitty,Ogden Raptors,8.31,0,0,10,1,0,13,27,15,12,7,12,8.31,NA,2.62,NA,NA,NA,2021,pitcher,13,4.846153846153846,NA,18.692307692307693,1.7142857142857142,NA,NA,NA,0.1,6.796524985640436,-0.4025703618609994,7.199095347501435,NA
107,D Mervis,Billings Mustangs,15.32,0,0,3,3,0,12.333333333333334,22,22,21,6,14,10.22,NA,2.27,NA,NA,NA,2021,pitcher,12.1,4.378378378378378,NA,16.054054054054053,2.3333333333333335,NA,NA,NA,1,6.796524985640436,-0.4025703618609994,7.199095347501435,NA
108,B Parr,Billings Mustangs,4.63,0,0,10,0,0,11.666666666666666,13,6,6,2,10,7.71,NA,1.29,NA,NA,NA,2021,pitcher,11.2,1.542857142857143,NA,10.028571428571428,5,NA,NA,NA,0,6.796524985640436,-0.4025703618609994,7.199095347501435,NA
108,C Stratton,Grand Junction Jackalopes,5.4,0,0,8,0,0,11.666666666666666,13,8,7,6,9,6.94,NA,1.63,NA,NA,NA,2021,pitcher,11.2,4.628571428571429,NA,10.028571428571428,1.5,NA,NA,NA,0,6.796524985640436,-0.4025703618609994,7.199095347501435,NA
110,C Sepulveda,Billings Mustangs,10.32,0,0,10,0,0,11.333333333333334,14,15,13,9,14,11.12,NA,2.03,NA,NA,NA,2021,pitcher,11.1,7.147058823529411,NA,11.117647058823529,1.5555555555555556,NA,NA,NA,0,6.796524985640436,-0.4025703618609994,7.199095347501435,NA
111,R Alexiades,Ogden Raptors,10.64,0,0,4,3,0,11,22,18,13,5,18,14.73,NA,2.45,NA,NA,NA,2021,pitcher,11,4.090909090909091,NA,18,3.6,NA,NA,NA,0.75,6.796524985640436,-0.4025703618609994,7.199095347501435,NA
112,N Diplan,Rocky Mountain Vibes,6.75,0,0,3,1,0,10.666666666666666,13,9,8,6,15,12.66,NA,1.78,NA,NA,NA,2021,pitcher,10.2,5.0625,NA,10.96875,2.5,NA,NA,NA,0.3333333333333333,6.796524985640436,-0.4025703618609994,7.199095347501435,NA
113,J Matthews,Great Falls Voyagers,10.8,0,0,8,0,0,10,19,18,12,5,18,16.2,NA,2.4,NA,NA,NA,2021,pitcher,10,4.5,NA,17.1,3.6,NA,NA,NA,0,6.796524985640436,-0.4025703618609994,7.199095347501435,NA
114,P Parks,Ogden Raptors,5.59,0,0,8,1,0,9.666666666666666,15,7,6,2,5,4.66,NA,1.76,NA,NA,NA,2021,pitcher,9.2,1.8620689655172415,NA,13.965517241379311,2.5,NA,NA,NA,0.125,6.796524985640436,-0.4025703618609994,7.199095347501435,NA
115,N Emanuel,Great Falls Voyagers,10,0,0,6,0,0,9,16,11,10,7,9,9,NA,2.56,NA,NA,NA,2021,pitcher,9,7,NA,16,1.2857142857142858,NA,NA,NA,0,6.796524985640436,-0.4025703618609994,7.199095347501435,NA
116,F Rodriguez,Rocky Mountain Vibes,15.58,0,0,3,2,0,8.666666666666666,15,16,15,5,7,7.27,NA,2.31,NA,NA,NA,2021,pitcher,8.2,5.1923076923076925,NA,15.576923076923078,1.4,NA,NA,NA,0.6666666666666666,6.796524985640436,-0.4025703618609994,7.199095347501435,NA
117,T Jorgensen,Boise Hawks,15.12,0,0,2,2,0,8.333333333333334,18,16,14,4,5,5.4,NA,2.64,NA,NA,NA,2021,pitcher,8.1,4.319999999999999,NA,19.439999999999998,1.25,NA,NA,NA,1,6.796524985640436,-0.4025703618609994,7.199095347501435,NA
118,J Boushelle,Boise Hawks,17.18,0,0,7,0,0,7.333333333333333,14,14,14,7,12,14.73,NA,2.86,NA,NA,NA,2021,pitcher,7.1,8.590909090909092,NA,17.181818181818183,1.7142857142857142,NA,NA,NA,0,6.796524985640436,-0.4025703618609994,7.199095347501435,NA
118,C Caffrey,Ogden Raptors,7.36,0,0,5,0,0,7.333333333333333,11,6,6,2,6,7.36,NA,1.77,NA,NA,NA,2021,pitcher,7.1,2.4545454545454546,NA,13.5,3,NA,NA,NA,0,6.796524985640436,-0.4025703618609994,7.199095347501435,NA
118,J Newman,Missoula PaddleHeads,0,0,0,8,0,0,7.333333333333333,4,0,0,3,12,14.73,NA,0.95,NA,NA,NA,2021,pitcher,7.1,3.681818181818182,NA,4.909090909090909,4,NA,NA,NA,0,6.796524985640436,-0.4025703618609994,7.199095347501435,NA
121,A Amicangelo,Billings Mustangs,5.68,0,0,2,0,0,6.333333333333333,8,8,4,1,1,1.42,NA,1.42,NA,NA,NA,2021,pitcher,6.1,1.4210526315789473,NA,11.368421052631579,1,NA,NA,NA,0,6.796524985640436,-0.4025703618609994,7.199095347501435,NA
122,D Maberry,Ogden Raptors,3,0,0,2,1,0,6,6,2,2,3,14,21,NA,1.5,NA,NA,NA,2021,pitcher,6,4.5,NA,9,4.666666666666667,NA,NA,NA,0.5,6.796524985640436,-0.4025703618609994,7.199095347501435,NA
123,K De La Cruz,Ogden Raptors,3.38,0,0,8,1,0,5.333333333333333,5,2,2,4,8,13.5,NA,1.69,NA,NA,NA,2021,pitcher,5.1,6.75,NA,8.4375,2,NA,NA,NA,0.125,6.796524985640436,-0.4025703618609994,7.199095347501435,NA
123,B West,Idaho Falls Chukars,13.5,0,0,4,1,0,5.333333333333333,8,8,8,7,4,6.75,NA,2.81,NA,NA,NA,2021,pitcher,5.1,11.8125,NA,13.5,0.5714285714285714,NA,NA,NA,0.25,6.796524985640436,-0.4025703618609994,7.199095347501435,NA
125,E Carrillo,Rocky Mountain Vibes,13.5,0,0,4,0,0,4.666666666666667,6,12,7,11,5,9.64,NA,3.64,NA,NA,NA,2021,pitcher,4.2,21.21428571428571,NA,11.571428571428571,0.45454545454545453,NA,NA,NA,0,6.796524985640436,-0.4025703618609994,7.199095347501435,NA
1,D Abbadessa,Ogden Raptors,0,0,0,0,0,0,0,NA,NA,NA,NA,NA,0,NA,NA,NA,NA,NA,2021,pitcher,0,NA,NA,NA,NA,NA,NA,NA,NA,6.796524985640436,-0.4025703618609994,7.199095347501435,NA
1,W Abreu,Billings Mustangs,0,NA,NA,NA,NA,NA,0,NA,NA,NA,NA,NA,0,NA,NA,NA,NA,NA,2021,pitcher,0,NA,NA,NA,NA,NA,NA,NA,NA,6.796524985640436,-0.4025703618609994,7.199095347501435,NA
4,D Ackerman,Ogden Raptors,0,NA,NA,NA,NA,NA,0,NA,NA,NA,NA,NA,0,NA,NA,NA,NA,NA,2021,pitcher,0,NA,NA,NA,NA,NA,NA,NA,NA,6.796524985640436,-0.4025703618609994,7.199095347501435,NA
6,J Akins,Missoula PaddleHeads,0,0,0,0,0,0,0,NA,NA,NA,NA,NA,0,NA,NA,NA,NA,NA,2021,pitcher,0,NA,NA,NA,NA,NA,NA,NA,NA,6.796524985640436,-0.4025703618609994,7.199095347501435,NA
8,Q Alexander,Great Falls Voyagers,0,0,0,0,0,0,0,NA,NA,NA,NA,NA,0,NA,NA,NA,NA,NA,2021,pitcher,0,NA,NA,NA,NA,NA,NA,NA,NA,6.796524985640436,-0.4025703618609994,7.199095347501435,NA
10,Z Almond,Missoula PaddleHeads,0,0,0,0,0,0,0,NA,NA,NA,NA,NA,0,NA,NA,NA,NA,NA,2021,pitcher,0,NA,NA,NA,NA,NA,NA,NA,NA,6.796524985640436,-0.4025703618609994,7.199095347501435,NA
12,J Anderson,Grand Junction Jackalopes,0,0,0,0,0,0,0,NA,NA,NA,NA,NA,0,NA,NA,NA,NA,NA,2021,pitcher,0,NA,NA,NA,NA,NA,NA,NA,NA,6.796524985640436,-0.4025703618609994,7.199095347501435,NA
12,M Annone,Rocky Mountain Vibes,0,0,0,0,0,0,0,NA,NA,NA,NA,NA,0,NA,NA,NA,NA,NA,2021,pitcher,0,NA,NA,NA,NA,NA,NA,NA,NA,6.796524985640436,-0.4025703618609994,7.199095347501435,NA
14,A Armstrong,Ogden Raptors,18,0,0,2,0,0,3,7,6,6,2,2,6,NA,3,NA,NA,NA,2021,pitcher,3,6,NA,21,1,NA,NA,NA,0,6.796524985640436,-0.4025703618609994,7.199095347501435,NA
15,T Atencio,Billings Mustangs,0,NA,NA,NA,NA,NA,0,NA,NA,NA,NA,NA,0,NA,NA,NA,NA,NA,2021,pitcher,0,NA,NA,NA,NA,NA,NA,NA,NA,6.796524985640436,-0.4025703618609994,7.199095347501435,NA
16,A Atwood,Great Falls Voyagers,10.13,0,0,3,0,0,2.6666666666666665,7,5,3,0,3,10.13,NA,2.63,NA,NA,NA,2021,pitcher,2.2,0,NA,23.625,NA,NA,NA,NA,0,6.796524985640436,-0.4025703618609994,7.199095347501435,NA
17,J Azuaje,Billings Mustangs,0,0,0,0,0,0,0,NA,NA,NA,NA,NA,0,NA,NA,NA,NA,NA,2021,pitcher,0,NA,NA,NA,NA,NA,NA,NA,NA,6.796524985640436,-0.4025703618609994,7.199095347501435,NA
17,J Barfield,Rocky Mountain Vibes,0,0,0,0,0,0,0,NA,NA,NA,NA,NA,0,NA,NA,NA,NA,NA,2021,pitcher,0,NA,NA,NA,NA,NA,NA,NA,NA,6.796524985640436,-0.4025703618609994,7.199095347501435,NA
19,S Barmakian,Idaho Falls Chukars,0,0,0,1,0,0,1.6666666666666665,2,0,0,0,4,21.6,NA,1.2,NA,NA,NA,2021,pitcher,1.2,0,NA,10.8,NA,NA,NA,NA,0,6.796524985640436,-0.4025703618609994,7.199095347501435,NA
20,G Barnes,Rocky Mountain Vibes,0,0,0,0,0,0,0,NA,NA,NA,NA,NA,0,NA,NA,NA,NA,NA,2021,pitcher,0,NA,NA,NA,NA,NA,NA,NA,NA,6.796524985640436,-0.4025703618609994,7.199095347501435,NA
27,B Broussard,Billings Mustangs,0,0,0,0,0,0,0,NA,NA,NA,NA,NA,0,NA,NA,NA,NA,NA,2021,pitcher,0,NA,NA,NA,NA,NA,NA,NA,NA,6.796524985640436,-0.4025703618609994,7.199095347501435,NA
27,B Brown,Missoula PaddleHeads,0,NA,NA,NA,NA,NA,0,NA,NA,NA,NA,NA,0,NA,NA,NA,NA,NA,2021,pitcher,0,NA,NA,NA,NA,NA,NA,NA,NA,6.796524985640436,-0.4025703618609994,7.199095347501435,NA
27,H Brown,Idaho Falls Chukars,0,0,0,0,0,0,0,NA,NA,NA,NA,NA,0,NA,NA,NA,NA,NA,2021,pitcher,0,NA,NA,NA,NA,NA,NA,NA,NA,6.796524985640436,-0.4025703618609994,7.199095347501435,NA
27,T Brunson,Great Falls Voyagers,0,0,0,0,0,0,0,NA,NA,NA,NA,NA,0,NA,NA,NA,NA,NA,2021,pitcher,0,NA,NA,NA,NA,NA,NA,NA,NA,6.796524985640436,-0.4025703618609994,7.199095347501435,NA
33,A Buendia,Rocky Mountain Vibes,0,0,0,1,0,0,2,2,0,0,2,0,0,NA,2,NA,NA,NA,2021,pitcher,2,9,NA,9,0,NA,NA,NA,0,6.796524985640436,-0.4025703618609994,7.199095347501435,NA
37,T Carranza,Billings Mustangs,0,0,0,0,0,0,0,NA,NA,NA,NA,NA,0,NA,NA,NA,NA,NA,2021,pitcher,0,NA,NA,NA,NA,NA,NA,NA,NA,6.796524985640436,-0.4025703618609994,7.199095347501435,NA
41,A Christensen,Ogden Raptors,0,NA,NA,NA,NA,NA,0,NA,NA,NA,NA,NA,0,NA,NA,NA,NA,NA,2021,pitcher,0,NA,NA,NA,NA,NA,NA,NA,NA,6.796524985640436,-0.4025703618609994,7.199095347501435,NA
43,A Click,Billings Mustangs,0,NA,NA,NA,NA,NA,0,NA,NA,NA,NA,NA,0,NA,NA,NA,NA,NA,2021,pitcher,0,NA,NA,NA,NA,NA,NA,NA,NA,6.796524985640436,-0.4025703618609994,7.199095347501435,NA
43,C Comer,Billings Mustangs,0,0,0,0,0,0,0,NA,NA,NA,NA,NA,0,NA,NA,NA,NA,NA,2021,pitcher,0,NA,NA,NA,NA,NA,NA,NA,NA,6.796524985640436,-0.4025703618609994,7.199095347501435,NA
48,K Crowl,Great Falls Voyagers,2.25,0,0,3,0,0,4,3,9,1,5,4,9,NA,2,NA,NA,NA,2021,pitcher,4,11.25,NA,6.75,0.8,NA,NA,NA,0,6.796524985640436,-0.4025703618609994,7.199095347501435,NA
50,P Culbertson,Billings Mustangs,0,NA,NA,NA,NA,NA,0,NA,NA,NA,NA,NA,0,NA,NA,NA,NA,NA,2021,pitcher,0,NA,NA,NA,NA,NA,NA,NA,NA,6.796524985640436,-0.4025703618609994,7.199095347501435,NA
53,B Daniel,Great Falls Voyagers,0,0,0,0,0,0,0,NA,NA,NA,NA,NA,0,NA,NA,NA,NA,NA,2021,pitcher,0,NA,NA,NA,NA,NA,NA,NA,NA,6.796524985640436,-0.4025703618609994,7.199095347501435,NA
53,D Davis,Ogden Raptors,0,NA,NA,NA,NA,NA,0,NA,NA,NA,NA,NA,0,NA,NA,NA,NA,NA,2021,pitcher,0,NA,NA,NA,NA,NA,NA,NA,NA,6.796524985640436,-0.4025703618609994,7.199095347501435,NA
57,T DeBonville,Idaho Falls Chukars,0,0,0,0,0,0,0,NA,NA,NA,NA,NA,0,NA,NA,NA,NA,NA,2021,pitcher,0,NA,NA,NA,NA,NA,NA,NA,NA,6.796524985640436,-0.4025703618609994,7.199095347501435,NA
57,M Deeb,Great Falls Voyagers,0,0,0,0,0,0,0,NA,NA,NA,NA,NA,0,NA,NA,NA,NA,NA,2021,pitcher,0,NA,NA,NA,NA,NA,NA,NA,NA,6.796524985640436,-0.4025703618609994,7.199095347501435,NA
59,D Delorefice,Missoula PaddleHeads,5.4,0,0,3,0,0,3.3333333333333335,2,2,2,2,4,10.8,NA,1.2,NA,NA,NA,2021,pitcher,3.1,5.3999999999999995,NA,5.3999999999999995,2,NA,NA,NA,0,6.796524985640436,-0.4025703618609994,7.199095347501435,NA
61,E Dennis,Rocky Mountain Vibes,0,NA,NA,NA,NA,NA,0,NA,NA,NA,NA,NA,0,NA,NA,NA,NA,NA,2021,pitcher,0,NA,NA,NA,NA,NA,NA,NA,NA,6.796524985640436,-0.4025703618609994,7.199095347501435,NA
66,A Don,Idaho Falls Chukars,0,0,0,0,0,0,0,NA,NA,NA,NA,NA,0,NA,NA,NA,NA,NA,2021,pitcher,0,NA,NA,NA,NA,NA,NA,NA,NA,6.796524985640436,-0.4025703618609994,7.199095347501435,NA
69,A Elder,Grand Junction Jackalopes,0,0,0,0,0,0,0,NA,NA,NA,NA,NA,0,NA,NA,NA,NA,NA,2021,pitcher,0,NA,NA,NA,NA,NA,NA,NA,NA,6.796524985640436,-0.4025703618609994,7.199095347501435,NA
71,J Elvir,Grand Junction Jackalopes,0,0,0,0,0,0,0,NA,NA,NA,NA,NA,0,NA,NA,NA,NA,NA,2021,pitcher,0,NA,NA,NA,NA,NA,NA,NA,NA,6.796524985640436,-0.4025703618609994,7.199095347501435,NA
73,J Esparza,Rocky Mountain Vibes,0,0,0,1,0,0,0.3333333333333333,3,3,0,2,0,0,NA,15,NA,NA,NA,2021,pitcher,0.1,54,NA,81,0,NA,NA,NA,0,6.796524985640436,-0.4025703618609994,7.199095347501435,NA
74,V Esposito,Grand Junction Jackalopes,0,0,0,0,0,0,0,NA,NA,NA,NA,NA,0,NA,NA,NA,NA,NA,2021,pitcher,0,NA,NA,NA,NA,NA,NA,NA,NA,6.796524985640436,-0.4025703618609994,7.199095347501435,NA
77,C Evans,Rocky Mountain Vibes,0,NA,NA,NA,NA,NA,0,NA,NA,NA,NA,NA,0,NA,NA,NA,NA,NA,2021,pitcher,0,NA,NA,NA,NA,NA,NA,NA,NA,6.796524985640436,-0.4025703618609994,7.199095347501435,NA
79,M Feinstein,Idaho Falls Chukars,0,0,0,0,0,0,0,NA,NA,NA,NA,NA,0,NA,NA,NA,NA,NA,2021,pitcher,0,NA,NA,NA,NA,NA,NA,NA,NA,6.796524985640436,-0.4025703618609994,7.199095347501435,NA
82,A Franco,Billings Mustangs,0,NA,NA,NA,NA,NA,0,NA,NA,NA,NA,NA,0,NA,NA,NA,NA,NA,2021,pitcher,0,NA,NA,NA,NA,NA,NA,NA,NA,6.796524985640436,-0.4025703618609994,7.199095347501435,NA
86,C Gallardo,Rocky Mountain Vibes,0,0,0,1,0,0,0.3333333333333333,0,0,0,0,1,27,NA,0,NA,NA,NA,2021,pitcher,0.1,0,NA,0,NA,NA,NA,NA,0,6.796524985640436,-0.4025703618609994,7.199095347501435,NA
87,J Garcia,Billings Mustangs,0,0,0,0,0,0,0,NA,NA,NA,NA,NA,0,NA,NA,NA,NA,NA,2021,pitcher,0,NA,NA,NA,NA,NA,NA,NA,NA,6.796524985640436,-0.4025703618609994,7.199095347501435,NA
87,M Garcia,Rocky Mountain Vibes,0,NA,NA,NA,NA,NA,0,NA,NA,NA,NA,NA,0,NA,NA,NA,NA,NA,2021,pitcher,0,NA,NA,NA,NA,NA,NA,NA,NA,6.796524985640436,-0.4025703618609994,7.199095347501435,NA
87,N Gatewood,Missoula PaddleHeads,0,0,0,0,0,0,0,NA,NA,NA,NA,NA,0,NA,NA,NA,NA,NA,2021,pitcher,0,NA,NA,NA,NA,NA,NA,NA,NA,6.796524985640436,-0.4025703618609994,7.199095347501435,NA
91,J Goldfarb,Ogden Raptors,0,0,0,0,0,0,0,NA,NA,NA,NA,NA,0,NA,NA,NA,NA,NA,2021,pitcher,0,NA,NA,NA,NA,NA,NA,NA,NA,6.796524985640436,-0.4025703618609994,7.199095347501435,NA
97,J Gutierrez,Grand Junction Jackalopes,0,0,0,0,0,0,0,NA,NA,NA,NA,NA,0,NA,NA,NA,NA,NA,2021,pitcher,0,NA,NA,NA,NA,NA,NA,NA,NA,6.796524985640436,-0.4025703618609994,7.199095347501435,NA
97,C Hacker,Billings Mustangs,0,NA,NA,NA,NA,NA,0,NA,NA,NA,NA,NA,0,NA,NA,NA,NA,NA,2021,pitcher,0,NA,NA,NA,NA,NA,NA,NA,NA,6.796524985640436,-0.4025703618609994,7.199095347501435,NA
97,M Harris,Boise Hawks,0,0,0,0,0,0,0,NA,NA,NA,NA,NA,0,NA,NA,NA,NA,NA,2021,pitcher,0,NA,NA,NA,NA,NA,NA,NA,NA,6.796524985640436,-0.4025703618609994,7.199095347501435,NA
102,H Hisky,Idaho Falls Chukars,0,0,0,0,0,0,0,NA,NA,NA,NA,NA,0,NA,NA,NA,NA,NA,2021,pitcher,0,NA,NA,NA,NA,NA,NA,NA,NA,6.796524985640436,-0.4025703618609994,7.199095347501435,NA
102,J Hollow,Boise Hawks,0,NA,NA,NA,NA,NA,0,NA,NA,NA,NA,NA,0,NA,NA,NA,NA,NA,2021,pitcher,0,NA,NA,NA,NA,NA,NA,NA,NA,6.796524985640436,-0.4025703618609994,7.199095347501435,NA
102,G Horton,Missoula PaddleHeads,0,0,0,0,0,0,0,NA,NA,NA,NA,NA,0,NA,NA,NA,NA,NA,2021,pitcher,0,NA,NA,NA,NA,NA,NA,NA,NA,6.796524985640436,-0.4025703618609994,7.199095347501435,NA
102,D Hubbard,Grand Junction Jackalopes,0,0,0,0,0,0,0,NA,NA,NA,NA,NA,0,NA,NA,NA,NA,NA,2021,pitcher,0,NA,NA,NA,NA,NA,NA,NA,NA,6.796524985640436,-0.4025703618609994,7.199095347501435,NA
108,C Jefferson,Billings Mustangs,0,NA,NA,NA,NA,NA,0,NA,NA,NA,NA,NA,0,NA,NA,NA,NA,NA,2021,pitcher,0,NA,NA,NA,NA,NA,NA,NA,NA,6.796524985640436,-0.4025703618609994,7.199095347501435,NA
110,B Jenks,Grand Junction Jackalopes,0,NA,NA,NA,NA,NA,0,NA,NA,NA,NA,NA,0,NA,NA,NA,NA,NA,2021,pitcher,0,NA,NA,NA,NA,NA,NA,NA,NA,6.796524985640436,-0.4025703618609994,7.199095347501435,NA
111,R Jepson,Great Falls Voyagers,27,0,0,2,0,0,1.6666666666666665,6,5,5,0,0,0,NA,3.6,NA,NA,NA,2021,pitcher,1.2,0,NA,32.400000000000006,NA,NA,NA,NA,0,6.796524985640436,-0.4025703618609994,7.199095347501435,NA
111,F Jezioro,Grand Junction Jackalopes,16.2,0,0,3,0,0,1.6666666666666665,1,3,3,2,3,16.2,NA,1.8,NA,NA,NA,2021,pitcher,1.2,10.8,NA,5.4,1.5,NA,NA,NA,0,6.796524985640436,-0.4025703618609994,7.199095347501435,NA
113,J Johnson,Grand Junction Jackalopes,0,NA,NA,NA,NA,NA,0,NA,NA,NA,NA,NA,0,NA,NA,NA,NA,NA,2021,pitcher,0,NA,NA,NA,NA,NA,NA,NA,NA,6.796524985640436,-0.4025703618609994,7.199095347501435,NA
118,K Kaufman,Ogden Raptors,0,0,0,0,0,0,0,NA,NA,NA,NA,NA,0,NA,NA,NA,NA,NA,2021,pitcher,0,NA,NA,NA,NA,NA,NA,NA,NA,6.796524985640436,-0.4025703618609994,7.199095347501435,NA
120,T Kelly,Idaho Falls Chukars,0,0,0,0,0,0,0,NA,NA,NA,NA,NA,0,NA,NA,NA,NA,NA,2021,pitcher,0,NA,NA,NA,NA,NA,NA,NA,NA,6.796524985640436,-0.4025703618609994,7.199095347501435,NA
122,B Kloess,Great Falls Voyagers,0,NA,NA,NA,NA,NA,0,NA,NA,NA,NA,NA,0,NA,NA,NA,NA,NA,2021,pitcher,0,NA,NA,NA,NA,NA,NA,NA,NA,6.796524985640436,-0.4025703618609994,7.199095347501435,NA
122,J Kruzel,Billings Mustangs,0,NA,NA,NA,NA,NA,0,NA,NA,NA,NA,NA,0,NA,NA,NA,NA,NA,2021,pitcher,0,NA,NA,NA,NA,NA,NA,NA,NA,6.796524985640436,-0.4025703618609994,7.199095347501435,NA
1,J Agnew,Grand Junction Jackalopes,5.45,10,3,17,16,0,102.33333333333333,117,67,62,15,98,8.62,20,1.29,429,3,1,2022,pitcher,102.1,1.3192182410423454,1.7589576547231272,10.289902280130294,6.533333333333333,0.22843822843822845,0.03496503496503497,0.19347319347319347,0.9411764705882353,6.188213484242365,1.2197287540247828,4.968484730217582,6.062947270934194
2,N Barros,Glacier Range Riders,4.85,8,6,19,17,0,102,114,67,55,36,87,7.68,10,1.47,464,2,7,2022,pitcher,102,3.176470588235294,0.8823529411764706,10.058823529411764,2.4166666666666665,0.1875,0.07758620689655173,0.10991379310344827,0.8947368421052632,6.188213484242365,1.2197287540247828,4.968484730217582,5.801818063550915
3,R Orta,Ogden Raptors,5.34,7,6,17,17,0,94.33333333333333,115,61,56,25,82,7.82,8,1.48,422,5,6,2022,pitcher,94.1,2.385159010600707,0.7632508833922261,10.97173144876325,3.28,0.1943127962085308,0.05924170616113744,0.13507109004739337,1,6.188213484242365,1.2197287540247828,4.968484730217582,5.318308051772352
4,C Day,Ogden Raptors,5.3,9,3,18,18,0,90,120,72,53,32,76,7.6,15,1.69,422,4,8,2022,pitcher,90,3.2,1.5,12,2.375,0.18009478672985782,0.07582938388625593,0.10426540284360189,1,6.188213484242365,1.2197287540247828,4.968484730217582,6.7795958413286925
4,M Lines,Boise Hawks,7.1,3,8,26,12,0,90,133,77,71,27,55,5.5,15,1.78,424,6,2,2022,pitcher,90,2.7,1.5,13.3,2.037037037037037,0.12971698113207547,0.06367924528301887,0.0660377358490566,0.46153846153846156,6.188213484242365,1.2197287540247828,4.968484730217582,6.879595841328693
6,P Arevalo,Great Falls Voyagers,4.85,8,1,16,14,0,89,107,55,48,13,60,6.07,11,1.35,393,3,9,2022,pitcher,89,1.3146067415730338,1.1123595505617978,10.820224719101123,4.615384615384615,0.15267175572519084,0.03307888040712468,0.11959287531806617,0.875,6.188213484242365,1.2197287540247828,4.968484730217582,5.968484730217582
6,I Fuentes,Grand Junction Jackalopes,6.37,8,5,18,16,0,89,114,68,63,34,85,8.6,9,1.66,416,4,10,2022,pitcher,89,3.438202247191011,0.9101123595505618,11.52808988764045,2.5,0.20432692307692307,0.08173076923076923,0.12259615384615384,0.8888888888888888,6.188213484242365,1.2197287540247828,4.968484730217582,5.856125179655784
8,W Buraconak,Colorado Springs Sky Sox,5.11,5,3,18,14,0,88,122,69,50,27,89,9.1,10,1.69,410,7,8,2022,pitcher,88,2.7613636363636362,1.0227272727272727,12.477272727272727,3.2962962962962963,0.21707317073170732,0.06585365853658537,0.15121951219512195,0.7777777777777778,6.188213484242365,1.2197287540247828,4.968484730217582,5.616212002944854
8,J Dicenso,Idaho Falls Chukars,6.34,5,6,18,18,0,88,111,80,62,33,77,7.88,12,1.64,416,11,10,2022,pitcher,88,3.375,1.2272727272727273,11.352272727272727,2.3333333333333335,0.18509615384615385,0.07932692307692307,0.10576923076923078,1,6.188213484242365,1.2197287540247828,4.968484730217582,6.457121093853945
10,A Crowson,Missoula PaddleHeads,4.23,7,0,18,18,0,87.33333333333333,93,60,41,46,59,6.08,7,1.59,402,14,6,2022,pitcher,87.1,4.740458015267176,0.7213740458015268,9.583969465648856,1.2826086956521738,0.14676616915422885,0.11442786069651742,0.032338308457711434,1,6.188213484242365,1.2197287540247828,4.968484730217582,6.445583966858803
11,M Gabbert,Boise Hawks,6.62,5,6,19,16,0,87,111,69,64,26,95,9.83,6,1.57,394,5,1,2022,pitcher,87,2.689655172413793,0.6206896551724138,11.482758620689655,3.6538461538461537,0.24111675126903553,0.06598984771573604,0.1751269035532995,0.8421052631578947,6.188213484242365,1.2197287540247828,4.968484730217582,4.612162891137122
11,Q Jones,Great Falls Voyagers,6.31,6,5,18,16,0,87,113,75,61,28,58,6,12,1.62,411,10,5,2022,pitcher,87,2.896551724137931,1.2413793103448276,11.689655172413794,2.0714285714285716,0.1411192214111922,0.0681265206812652,0.072992700729927,0.8888888888888888,6.188213484242365,1.2197287540247828,4.968484730217582,6.566185879642869
13,Y Perez,Rocky Mountain Vibes,7.92,4,4,22,15,0,86.33333333333333,116,90,76,58,87,9.07,10,2.02,434,6,5,2022,pitcher,86.1,6.046332046332046,1.0424710424710426,12.092664092664092,1.5,0.20046082949308755,0.1336405529953917,0.06682027649769584,0.6818181818181818,6.188213484242365,1.2197287540247828,4.968484730217582,6.648021409754262
13,T Solomon,Glacier Range Riders,6.25,4,6,26,10,0,86.33333333333333,102,75,60,41,69,7.19,14,1.66,407,7,7,2022,pitcher,86.1,4.274131274131275,1.4594594594594594,10.633204633204635,1.6829268292682926,0.16953316953316952,0.10073710073710074,0.06879606879606878,0.38461538461538464,6.188213484242365,1.2197287540247828,4.968484730217582,7.146090907823759
15,E Gill,Billings Mustangs,3.26,3,1,16,15,0,85.66666666666667,85,34,31,29,80,8.4,8,1.33,359,8,NA,2022,pitcher,85.2,3.046692607003891,0.8404669260700388,8.929961089494164,2.7586206896551726,0.22284122562674094,0.0807799442896936,0.14206128133704735,0.9375,6.188213484242365,1.2197287540247828,4.968484730217582,NA
15,T Naumann,Great Falls Voyagers,5.46,4,5,15,14,0,85.66666666666667,105,59,52,23,82,8.61,8,1.49,389,12,3,2022,pitcher,85.2,2.4163424124513617,0.8404669260700388,11.03112840466926,3.5652173913043477,0.21079691516709512,0.05912596401028278,0.15167095115681234,0.9333333333333333,6.188213484242365,1.2197287540247828,4.968484730217582,5.1786014617350915
17,V Rodriguez,Idaho Falls Chukars,5.44,3,4,28,11,1,84.33333333333333,99,62,51,34,82,8.75,7,1.58,394,4,5,2022,pitcher,84.1,3.628458498023716,0.7470355731225297,10.565217391304348,2.411764705882353,0.20812182741116753,0.08629441624365482,0.12182741116751271,0.39285714285714285,6.188213484242365,1.2197287540247828,4.968484730217582,5.490223860652364
18,M Timmins,Missoula PaddleHeads,6.1,5,4,17,17,0,82.66666666666667,107,65,56,21,67,7.29,10,1.55,375,5,6,2022,pitcher,82.2,2.286290322580645,1.0887096774193548,11.649193548387096,3.1904761904761907,0.17866666666666667,0.056,0.12266666666666667,1,6.188213484242365,1.2197287540247828,4.968484730217582,5.899936343120808
19,J Dobrash,Grand Junction Jackalopes,7.87,5,4,18,16,0,82.33333333333333,109,82,72,47,77,8.42,8,1.89,409,6,11,2022,pitcher,82.1,5.137651821862349,0.8744939271255061,11.914979757085021,1.6382978723404256,0.1882640586797066,0.11491442542787286,0.07334963325183375,0.8888888888888888,6.188213484242365,1.2197287540247828,4.968484730217582,6.474557604711508
20,P Snavely,Colorado Springs Sky Sox,6.8,4,4,16,16,0,82,109,70,62,30,68,7.46,10,1.7,385,9,8,2022,pitcher,82,3.292682926829268,1.0975609756097562,11.963414634146341,2.2666666666666666,0.17662337662337663,0.07792207792207792,0.0987012987012987,1,6.188213484242365,1.2197287540247828,4.968484730217582,6.285557900949289
21,I Kahaloa,Grand Junction Jackalopes,6.31,2,5,17,14,0,81.33333333333333,96,64,57,27,99,10.95,9,1.51,370,1,7,2022,pitcher,81.1,2.987704918032787,0.9959016393442623,10.622950819672132,3.6666666666666665,0.26756756756756755,0.07297297297297298,0.19459459459459458,0.8235294117647058,6.188213484242365,1.2197287540247828,4.968484730217582,5.226681451529057
22,R Hamby,Glacier Range Riders,4.11,4,3,15,15,0,81,80,44,37,26,59,6.56,5,1.31,350,4,1,2022,pitcher,81,2.888888888888889,0.5555555555555556,8.88888888888889,2.269230769230769,0.16857142857142857,0.07428571428571429,0.09428571428571428,1,6.188213484242365,1.2197287540247828,4.968484730217582,5.31416374256326
23,K Pilot,Billings Mustangs,5.02,7,5,25,15,1,80.66666666666667,88,52,45,46,81,9.04,5,1.66,376,11,6,2022,pitcher,80.2,5.132231404958677,0.5578512396694214,9.818181818181818,1.7608695652173914,0.2154255319148936,0.12234042553191489,0.09308510638297872,0.6,6.188213484242365,1.2197287540247828,4.968484730217582,5.699889688895268
24,M Thomas,Great Falls Voyagers,6.78,1,6,20,12,0,78.33333333333333,101,75,59,34,52,5.97,10,1.72,378,8,10,2022,pitcher,78.1,3.9063829787234043,1.148936170212766,11.604255319148937,1.5294117647058822,0.13756613756613756,0.08994708994708994,0.047619047619047616,0.6,6.188213484242365,1.2197287540247828,4.968484730217582,6.985506006813326
25,J Slocum,Idaho Falls Chukars,6.78,7,6,16,15,0,75.66666666666667,94,69,57,27,47,5.59,16,1.6,348,3,5,2022,pitcher,75.2,3.211453744493392,1.9030837004405285,11.180616740088105,1.7407407407407407,0.13505747126436782,0.07758620689655173,0.05747126436781609,0.9375,6.188213484242365,1.2197287540247828,4.968484730217582,7.743815126693352
26,R Baldenebro,Grand Junction Jackalopes,5.65,6,3,22,9,0,73.33333333333333,80,54,46,37,55,6.75,9,1.6,331,7,5,2022,pitcher,73.1,4.540909090909091,1.1045454545454547,9.818181818181818,1.4864864864864864,0.1661631419939577,0.11178247734138973,0.05438066465256798,0.4090909090909091,6.188213484242365,1.2197287540247828,4.968484730217582,6.782121093853945
26,A Schneider,Colorado Springs Sky Sox,7.61,2,7,27,8,1,73.33333333333333,92,70,62,44,66,8.1,12,1.85,361,17,11,2022,pitcher,73.1,5.4,1.4727272727272729,11.290909090909091,1.5,0.18282548476454294,0.12188365650969529,0.060941828254847646,0.2962962962962963,6.188213484242365,1.2197287540247828,4.968484730217582,7.545757457490309
28,A Becerra-Lopez,Great Falls Voyagers,5.45,5,3,34,1,2,71,76,50,43,50,81,10.27,7,1.77,349,7,11,2022,pitcher,71,6.338028169014085,0.8873239436619719,9.633802816901408,1.62,0.23209169054441262,0.14326647564469913,0.08882521489971348,0.029411764705882353,6.188213484242365,1.2197287540247828,4.968484730217582,6.545949518949976
29,G Gorrell,Boise Hawks,7.36,2,8,16,13,0,69.66666666666667,101,75,57,36,62,8.01,9,1.97,351,6,4,2022,pitcher,69.2,4.650717703349282,1.1626794258373205,13.047846889952153,1.7222222222222223,0.17663817663817663,0.10256410256410256,0.07407407407407407,0.8125,6.188213484242365,1.2197287540247828,4.968484730217582,6.590494299595572
29,D Pena,Missoula PaddleHeads,5.17,6,4,19,11,0,69.66666666666667,71,46,40,35,83,10.72,4,1.52,319,6,9,2022,pitcher,69.2,4.521531100478469,0.5167464114832535,9.17224880382775,2.3714285714285714,0.2601880877742947,0.109717868338558,0.15047021943573669,0.5789473684210527,6.188213484242365,1.2197287540247828,4.968484730217582,5.226857935959209
31,P Portela,Ogden Raptors,6.25,5,4,14,13,0,67.66666666666667,91,54,47,27,51,6.78,10,1.74,309,4,3,2022,pitcher,67.2,3.591133004926108,1.3300492610837438,12.103448275862068,1.8888888888888888,0.1650485436893204,0.08737864077669903,0.07766990291262137,0.9285714285714286,6.188213484242365,1.2197287540247828,4.968484730217582,6.712327094749601
32,J Wesselmann,Rocky Mountain Vibes,5.21,3,3,14,12,0,67.33333333333333,79,45,39,20,65,8.69,8,1.47,292,2,2,2022,pitcher,67.1,2.6732673267326734,1.0693069306930694,10.55940594059406,3.25,0.2226027397260274,0.0684931506849315,0.1541095890410959,0.8571428571428571,6.188213484242365,1.2197287540247828,4.968484730217582,5.562544136158175
33,R Ottesen,Ogden Raptors,8.45,2,5,20,11,0,65,88,65,61,39,61,8.45,11,1.95,319,11,3,2022,pitcher,65,5.4,1.523076923076923,12.184615384615384,1.564102564102564,0.19122257053291536,0.12225705329153605,0.06896551724137931,0.55,6.188213484242365,1.2197287540247828,4.968484730217582,7.230023191756043
34,A Stout,Glacier Range Riders,5.2,2,5,17,16,0,64,71,41,37,26,58,8.16,8,1.52,288,2,3,2022,pitcher,64,3.65625,1.125,9.984375,2.230769230769231,0.2013888888888889,0.09027777777777778,0.11111111111111112,0.9411764705882353,6.188213484242365,1.2197287540247828,4.968484730217582,6.140359730217582
35,A Villa,Grand Junction Jackalopes,3.13,7,1,20,7,0,63.333333333333336,57,27,22,24,81,11.51,2,1.28,275,5,4,2022,pitcher,63.1,3.4105263157894736,0.28421052631578947,8.1,3.375,0.29454545454545455,0.08727272727272728,0.20727272727272728,0.35,6.188213484242365,1.2197287540247828,4.968484730217582,4.147432098638634
36,B Pooler,Great Falls Voyagers,6.43,3,4,13,13,0,63,80,54,45,23,52,7.43,13,1.63,299,NA,5,2022,pitcher,63,3.2857142857142856,1.8571428571428572,11.428571428571429,2.260869565217391,0.17391304347826086,0.07692307692307693,0.09698996655518394,1,6.188213484242365,1.2197287540247828,4.968484730217582,7.333564095296946
37,J Binder,Idaho Falls Chukars,7.38,4,7,16,14,0,61,87,56,50,39,53,7.82,1,2.07,305,6,5,2022,pitcher,61,5.754098360655738,0.14754098360655737,12.836065573770492,1.358974358974359,0.1737704918032787,0.12786885245901639,0.04590163934426231,0.875,6.188213484242365,1.2197287540247828,4.968484730217582,5.607828992512664
37,A Fishberg,Idaho Falls Chukars,7.08,4,1,34,1,1,61,64,49,48,34,71,10.48,7,1.61,294,12,10,2022,pitcher,61,5.016393442622951,1.0327868852459017,9.442622950819672,2.088235294117647,0.24149659863945577,0.11564625850340136,0.1258503401360544,0.029411764705882353,6.188213484242365,1.2197287540247828,4.968484730217582,6.296353582676598
39,J Gonzalez,Ogden Raptors,7.5,3,1,27,4,0,60,77,59,50,26,55,8.25,6,1.72,283,4,6,2022,pitcher,60,3.9,0.9,11.55,2.1153846153846154,0.19434628975265017,0.09187279151943463,0.10247349823321554,0.14814814814814814,6.188213484242365,1.2197287540247828,4.968484730217582,6.035151396884248
40,J Nelson,Boise Hawks,5.92,1,0,26,0,0,59.333333333333336,77,42,39,17,38,5.76,9,1.58,274,5,5,2022,pitcher,59.1,2.5786516853932584,1.3651685393258426,11.679775280898875,2.235294117647059,0.1386861313868613,0.06204379562043796,0.07664233576642335,0,6.188213484242365,1.2197287540247828,4.968484730217582,6.771855516734435
41,K Serwa,Billings Mustangs,2.44,5,2,10,10,0,59,57,21,16,9,50,7.63,4,1.12,236,2,NA,2022,pitcher,59,1.3728813559322033,0.6101694915254238,8.694915254237289,5.555555555555555,0.211864406779661,0.038135593220338986,0.17372881355932202,1,6.188213484242365,1.2197287540247828,4.968484730217582,NA
42,K Adkins,Colorado Springs Sky Sox,6.17,4,2,38,1,0,58.333333333333336,74,49,40,25,46,7.1,8,1.7,270,11,4,2022,pitcher,58.1,3.857142857142857,1.2342857142857142,11.417142857142856,1.84,0.17037037037037037,0.09259259259259259,0.07777777777777778,0.02631578947368421,6.188213484242365,1.2197287540247828,4.968484730217582,6.665627587360438
43,K McGinnis,Idaho Falls Chukars,4.47,3,2,44,0,0,56.333333333333336,51,34,28,33,74,11.82,5,1.49,252,12,2,2022,pitcher,56.1,5.272189349112426,0.7988165680473372,8.14792899408284,2.242424242424242,0.29365079365079366,0.13095238095238096,0.1626984126984127,0,6.188213484242365,1.2197287540247828,4.968484730217582,5.35901727459628
44,N Alexander,Missoula PaddleHeads,5.01,1,1,35,1,0,55.666666666666664,53,34,31,27,66,10.67,9,1.44,246,5,3,2022,pitcher,55.2,4.365269461077845,1.4550898203592815,8.568862275449103,2.4444444444444446,0.2682926829268293,0.10975609756097561,0.1585365853658537,0.02857142857142857,6.188213484242365,1.2197287540247828,4.968484730217582,6.315790119439138
45,M Dallas,Boise Hawks,7.24,2,3,30,4,0,54.666666666666664,56,46,44,32,56,9.22,5,1.61,262,6,8,2022,pitcher,54.2,5.2682926829268295,0.8231707317073171,9.219512195121952,1.75,0.21374045801526717,0.12213740458015267,0.0916030534351145,0.13333333333333333,6.188213484242365,1.2197287540247828,4.968484730217582,6.303850583876118
45,F Pace,Billings Mustangs,3.13,8,3,37,0,1,54.666666666666664,66,27,19,11,47,7.74,4,1.41,237,5,1,2022,pitcher,54.2,1.8109756097560976,0.6585365853658537,10.865853658536587,4.2727272727272725,0.19831223628691982,0.046413502109704644,0.15189873417721517,0,6.188213484242365,1.2197287540247828,4.968484730217582,4.858728632656606
45,A Seidel,Missoula PaddleHeads,4.77,7,2,10,10,0,54.666666666666664,53,31,29,23,49,8.07,7,1.39,237,5,3,2022,pitcher,54.2,3.7865853658536586,1.152439024390244,8.725609756097562,2.130434782608696,0.20675105485232068,0.0970464135021097,0.10970464135021098,1,6.188213484242365,1.2197287540247828,4.968484730217582,6.26726521802246
48,C Allen,Rocky Mountain Vibes,8.44,1,2,22,5,0,53.333333333333336,69,59,50,22,46,7.76,11,1.71,254,2,4,2022,pitcher,53.1,3.7125,1.85625,11.643749999999999,2.090909090909091,0.18110236220472442,0.08661417322834646,0.09448818897637797,0.22727272727272727,6.188213484242365,1.2197287540247828,4.968484730217582,7.387234730217582
48,N Jenkins,Idaho Falls Chukars,4.56,5,1,42,0,7,53.333333333333336,69,32,27,16,64,10.8,6,1.59,250,2,3,2022,pitcher,53.1,2.6999999999999997,1.0125,11.643749999999999,4,0.256,0.064,0.192,0,6.188213484242365,1.2197287540247828,4.968484730217582,5.099734730217581
50,K Kyle,Glacier Range Riders,6.45,2,4,14,11,0,53,66,40,38,38,47,7.98,9,1.96,259,1,5,2022,pitcher,53,6.452830188679245,1.528301886792453,11.20754716981132,1.236842105263158,0.18146718146718147,0.14671814671814673,0.034749034749034735,0.7857142857142857,6.188213484242365,1.2197287540247828,4.968484730217582,7.836409258519469
51,K Pindel,Boise Hawks,5.81,4,7,19,7,1,52.666666666666664,66,35,34,10,63,10.77,8,1.44,234,5,NA,2022,pitcher,52.2,1.7088607594936709,1.3670886075949367,11.278481012658228,6.3,0.2692307692307692,0.042735042735042736,0.22649572649572647,0.3684210526315789,6.188213484242365,1.2197287540247828,4.968484730217582,NA
52,J Leo,Rocky Mountain Vibes,8.71,3,3,12,10,0,51.666666666666664,82,57,50,15,51,8.88,17,1.88,255,4,6,2022,pitcher,51.2,2.6129032258064515,2.9612903225806453,14.283870967741937,3.4,0.2,0.058823529411764705,0.1411764705882353,0.8333333333333334,6.188213484242365,1.2197287540247828,4.968484730217582,8.491065375378872
53,J Nunnally Jr,Idaho Falls Chukars,5.79,3,4,43,0,5,51.333333333333336,49,38,33,36,81,14.2,7,1.66,238,12,2,2022,pitcher,51.1,6.311688311688312,1.2272727272727273,8.59090909090909,2.25,0.3403361344537815,0.15126050420168066,0.18907563025210086,0,6.188213484242365,1.2197287540247828,4.968484730217582,5.80614706787992
53,F Rodriguez,Rocky Mountain Vibes,10.52,3,4,27,6,0,51.333333333333336,82,75,60,44,60,10.52,10,2.45,288,16,7,2022,pitcher,51.1,7.7142857142857135,1.7532467532467533,14.376623376623376,1.3636363636363635,0.20833333333333334,0.1527777777777778,0.05555555555555555,0.2222222222222222,6.188213484242365,1.2197287540247828,4.968484730217582,8.143809405542257
55,Y Laureano,Glacier Range Riders,6.57,4,3,17,9,0,50.666666666666664,50,38,37,40,33,5.86,7,1.78,235,5,1,2022,pitcher,50.2,7.105263157894737,1.243421052631579,8.881578947368421,0.825,0.14042553191489363,0.1702127659574468,-0.02978723404255318,0.5294117647058824,6.188213484242365,1.2197287540247828,4.968484730217582,7.889537361796529
55,N McBride,Boise Hawks,5.33,0,4,44,0,4,50.666666666666664,43,35,30,29,64,11.37,6,1.42,224,9,NA,2022,pitcher,50.2,5.151315789473684,1.0657894736842106,7.6381578947368425,2.206896551724138,0.2857142857142857,0.12946428571428573,0.15624999999999997,0,6.188213484242365,1.2197287540247828,4.968484730217582,NA
55,D Ragins,Billings Mustangs,8.17,2,3,25,8,0,50.666666666666664,62,49,46,32,52,9.24,3,1.86,252,3,7,2022,pitcher,50.2,5.684210526315789,0.5328947368421053,11.013157894736842,1.625,0.20634920634920634,0.12698412698412698,0.07936507936507936,0.32,6.188213484242365,1.2197287540247828,4.968484730217582,5.994800519691266
58,C Williams,Colorado Springs Sky Sox,6.84,1,4,12,11,0,50,80,46,38,15,34,6.12,6,1.9,248,6,5,2022,pitcher,50,2.7,1.08,14.4,2.2666666666666666,0.13709677419354838,0.06048387096774194,0.07661290322580644,0.9166666666666666,6.188213484242365,1.2197287540247828,4.968484730217582,6.368484730217581
59,B Knoten,Rocky Mountain Vibes,7.61,1,5,12,11,0,49.666666666666664,78,47,42,22,30,5.44,3,2.01,251,6,10,2022,pitcher,49.2,3.986577181208054,0.5436241610738255,14.134228187919463,1.3636363636363635,0.11952191235059761,0.08764940239043825,0.03187250996015936,0.9166666666666666,6.188213484242365,1.2197287540247828,4.968484730217582,6.478551844311541
60,S Hellinger,Missoula PaddleHeads,2.01,1,1,39,0,17,49.333333333333336,37,11,11,13,74,13.5,NA,1.01,196,3,1,2022,pitcher,49.1,2.3716216216216215,NA,6.75,5.6923076923076925,0.37755102040816324,0.0663265306122449,0.3112244897959183,0,6.188213484242365,1.2197287540247828,4.968484730217582,NA
60,B Spears,Boise Hawks,7.11,2,3,13,9,0,49.333333333333336,67,47,39,21,46,8.39,6,1.78,238,3,7,2022,pitcher,49.1,3.8310810810810807,1.0945945945945945,12.222972972972972,2.1904761904761907,0.19327731092436976,0.08823529411764706,0.10504201680672269,0.6923076923076923,6.188213484242365,1.2197287540247828,4.968484730217582,6.3874036491365
62,C Stratton,Ogden Raptors,4.22,5,2,36,2,0,49,47,28,23,22,53,9.73,1,1.41,221,7,3,2022,pitcher,49,4.040816326530612,0.1836734693877551,8.63265306122449,2.409090909090909,0.2398190045248869,0.09954751131221719,0.14027149321266968,0.05555555555555555,6.188213484242365,1.2197287540247828,4.968484730217582,4.6011377914420715
63,K De La Cruz,Colorado Springs Sky Sox,8.69,3,6,12,12,0,48.666666666666664,54,48,47,37,41,7.58,5,1.87,236,9,4,2022,pitcher,48.2,6.842465753424658,0.9246575342465754,9.986301369863014,1.1081081081081081,0.17372881355932204,0.15677966101694915,0.01694915254237289,1,6.188213484242365,1.2197287540247828,4.968484730217582,7.146566921998404
64,B Smith,Billings Mustangs,5.4,3,1,35,0,0,48.333333333333336,57,39,29,26,49,9.12,8,1.72,232,3,4,2022,pitcher,48.1,4.841379310344827,1.489655172413793,10.613793103448275,1.8846153846153846,0.21120689655172414,0.11206896551724138,0.09913793103448276,0,6.188213484242365,1.2197287540247828,4.968484730217582,6.954691626769305
65,M Quigley,Great Falls Voyagers,4.15,4,0,40,0,13,47.666666666666664,48,24,22,12,44,8.31,3,1.26,206,4,1,2022,pitcher,47.2,2.265734265734266,0.5664335664335665,9.062937062937063,3.6666666666666665,0.21359223300970873,0.05825242718446602,0.1553398058252427,0,6.188213484242365,1.2197287540247828,4.968484730217582,4.758694520427372
66,M Harris,Billings Mustangs,4.4,2,0,30,1,0,47,55,25,23,9,45,8.62,5,1.36,197,3,2,2022,pitcher,47,1.7234042553191489,0.9574468085106383,10.53191489361702,5,0.22842639593908629,0.04568527918781726,0.18274111675126903,0.03333333333333333,6.188213484242365,1.2197287540247828,4.968484730217582,5.138697496175029
67,J Cunningham,Billings Mustangs,6.02,1,2,26,3,0,46.333333333333336,62,39,31,14,32,6.22,1,1.64,221,5,6,2022,pitcher,46.1,2.7194244604316546,0.19424460431654675,12.043165467625899,2.2857142857142856,0.14479638009049775,0.06334841628959276,0.081447963800905,0.11538461538461539,6.188213484242365,1.2197287540247828,4.968484730217582,5.162729334534128
68,C Thompson,Missoula PaddleHeads,3.35,7,1,37,0,0,45.666666666666664,46,20,17,14,43,8.47,6,1.31,197,7,3,2022,pitcher,45.2,2.759124087591241,1.1824817518248176,9.065693430656935,3.0714285714285716,0.2182741116751269,0.07106598984771574,0.14720812182741116,0,6.188213484242365,1.2197287540247828,4.968484730217582,5.91009056963364
69,R Romano,Idaho Falls Chukars,4.87,3,2,10,7,0,44.333333333333336,50,32,24,13,37,7.51,3,1.42,201,6,2,2022,pitcher,44.1,2.6390977443609023,0.6090225563909775,10.150375939849624,2.8461538461538463,0.18407960199004975,0.06467661691542288,0.11940298507462686,0.7,6.188213484242365,1.2197287540247828,4.968484730217582,5.194048639992018
70,T Schoeninger,Colorado Springs Sky Sox,9.78,2,5,11,11,0,42.333333333333336,71,54,46,17,31,6.59,6,2.08,218,9,4,2022,pitcher,42.1,3.6141732283464565,1.2755905511811023,15.094488188976378,1.8235294117647058,0.14220183486238533,0.0779816513761468,0.06422018348623854,1,6.188213484242365,1.2197287540247828,4.968484730217582,6.8346264625010456
71,B Bonvillain,Billings Mustangs,1.73,3,2,41,1,10,41.666666666666664,30,9,8,7,62,13.39,1,0.89,166,3,6,2022,pitcher,41.2,1.512,0.21600000000000003,6.48,8.857142857142858,0.37349397590361444,0.04216867469879518,0.3313253012048193,0.024390243902439025,6.188213484242365,1.2197287540247828,4.968484730217582,3.2404847302175814
72,S Kiley,Billings Mustangs,5.01,3,1,12,7,0,41.333333333333336,40,24,23,19,29,6.31,4,1.43,184,2,6,2022,pitcher,41.1,4.137096774193548,0.8709677419354839,8.709677419354838,1.5263157894736843,0.15760869565217392,0.10326086956521739,0.05434782608695653,0.5833333333333334,6.188213484242365,1.2197287540247828,4.968484730217582,6.637839568927259
73,B Demco,Great Falls Voyagers,5.58,4,3,34,0,1,40.333333333333336,31,27,25,36,64,14.28,3,1.66,199,4,13,2022,pitcher,40.1,8.033057851239668,0.6694214876033058,6.917355371900826,1.7777777777777777,0.32160804020100503,0.18090452261306533,0.1407035175879397,0,6.188213484242365,1.2197287540247828,4.968484730217582,6.406501259143202
73,T Walker,Idaho Falls Chukars,8.48,3,4,9,9,0,40.333333333333336,56,40,38,17,36,8.03,7,1.81,194,6,4,2022,pitcher,40.1,3.7933884297520657,1.56198347107438,12.49586776859504,2.1176470588235294,0.18556701030927836,0.08762886597938144,0.09793814432989692,1,6.188213484242365,1.2197287540247828,4.968484730217582,7.001542581457251
75,J Gainer,Great Falls Voyagers,4.12,1,6,29,0,2,39.333333333333336,41,30,18,19,32,7.32,4,1.53,178,3,1,2022,pitcher,39.1,4.347457627118644,0.9152542372881355,9.38135593220339,1.6842105263157894,0.1797752808988764,0.10674157303370786,0.07303370786516854,0,6.188213484242365,1.2197287540247828,4.968484730217582,6.1888237132684285
75,L Vanwey,Glacier Range Riders,6.64,2,2,9,9,0,39.333333333333336,47,31,29,21,46,10.53,8,1.73,188,5,5,2022,pitcher,39.1,4.805084745762712,1.830508474576271,10.754237288135593,2.1904761904761907,0.24468085106382978,0.11170212765957446,0.13297872340425532,1,6.188213484242365,1.2197287540247828,4.968484730217582,7.25662032343792
77,J Coleman,Glacier Range Riders,6.23,0,3,34,0,6,39,44,28,27,19,53,12.23,3,1.62,181,4,4,2022,pitcher,39,4.384615384615385,0.6923076923076923,10.153846153846153,2.789473684210526,0.292817679558011,0.10497237569060773,0.18784530386740328,0,6.188213484242365,1.2197287540247828,4.968484730217582,5.019766781499633
78,N Merkel,Missoula PaddleHeads,2.79,5,1,7,7,0,38.666666666666664,36,16,12,13,33,7.68,2,1.27,166,4,2,2022,pitcher,38.2,3.0258620689655173,0.4655172413793104,8.379310344827587,2.5384615384615383,0.19879518072289157,0.0783132530120482,0.12048192771084337,1,6.188213484242365,1.2197287540247828,4.968484730217582,5.097795075045168
79,A Cartier,Idaho Falls Chukars,5.26,0,0,24,0,0,37.666666666666664,48,31,22,17,27,6.45,2,1.73,187,3,4,2022,pitcher,37.2,4.061946902654867,0.4778761061946903,11.469026548672566,1.588235294117647,0.1443850267379679,0.09090909090909091,0.053475935828877,0,6.188213484242365,1.2197287540247828,4.968484730217582,5.89768827004059
79,A Edwards,Glacier Range Riders,8.6,0,5,8,8,0,37.666666666666664,52,39,36,18,28,6.69,8,1.86,183,7,2,2022,pitcher,37.2,4.300884955752212,1.9115044247787611,12.424778761061948,1.5555555555555556,0.15300546448087432,0.09836065573770492,0.054644808743169404,1,6.188213484242365,1.2197287540247828,4.968484730217582,7.835741367385723
81,C Spear,Great Falls Voyagers,10.13,0,2,20,2,2,37.333333333333336,55,44,42,21,26,6.27,10,2.04,189,8,4,2022,pitcher,37.1,5.0625,2.4107142857142856,13.258928571428571,1.2380952380952381,0.13756613756613756,0.1111111111111111,0.026455026455026454,0.1,6.188213484242365,1.2197287540247828,4.968484730217582,9.066699015931867
81,C Wilkerson,Colorado Springs Sky Sox,9.88,0,2,31,0,0,37.333333333333336,45,45,41,47,49,11.81,7,2.46,203,7,1,2022,pitcher,37.1,11.330357142857142,1.6875,10.848214285714285,1.0425531914893618,0.2413793103448276,0.2315270935960591,0.009852216748768489,0,6.188213484242365,1.2197287540247828,4.968484730217582,8.638127587360438
83,T Reynolds,Grand Junction Jackalopes,3.41,0,3,38,0,16,37,41,20,14,11,44,10.7,5,1.41,164,NA,4,2022,pitcher,37,2.675675675675676,1.2162162162162162,9.972972972972974,4,0.2682926829268293,0.06707317073170732,0.20121951219512196,0,6.188213484242365,1.2197287540247828,4.968484730217582,5.563079324812176
84,M Townsend,Grand Junction Jackalopes,7.85,2,2,34,0,0,36.666666666666664,53,34,32,8,39,9.57,6,1.66,172,3,3,2022,pitcher,36.2,1.9636363636363638,1.4727272727272729,13.00909090909091,4.875,0.22674418604651161,0.046511627906976744,0.18023255813953487,0,6.188213484242365,1.2197287540247828,4.968484730217582,5.868484730217582
85,H DePrimo,Boise Hawks,5.25,2,3,31,1,3,36,47,24,21,14,30,7.5,6,1.69,173,1,1,2022,pitcher,36,3.5,1.5,11.75,2.142857142857143,0.17341040462427745,0.08092485549132948,0.09248554913294797,0.03225806451612903,6.188213484242365,1.2197287540247828,4.968484730217582,6.718484730217582
85,E Rosario,Grand Junction Jackalopes,7.25,1,0,16,3,0,36,50,32,29,24,22,5.5,3,2.06,179,4,4,2022,pitcher,36,6,0.75,12.5,0.9166666666666666,0.12290502793296089,0.1340782122905028,-0.011173184357541902,0.1875,6.188213484242365,1.2197287540247828,4.968484730217582,7.162929174662026
87,N Boyle,Missoula PaddleHeads,4.54,3,0,18,0,0,35.666666666666664,40,27,18,18,29,7.32,2,1.63,166,9,NA,2022,pitcher,35.2,4.542056074766355,0.5046728971962617,10.093457943925234,1.6111111111111112,0.1746987951807229,0.10843373493975904,0.06626506024096386,0,6.188213484242365,1.2197287540247828,4.968484730217582,NA
87,S Kornstad,Idaho Falls Chukars,8.33,3,3,8,8,0,35.666666666666664,55,40,33,17,19,4.79,6,2.02,179,3,2,2022,pitcher,35.2,4.289719626168225,1.5140186915887852,13.878504672897197,1.1176470588235294,0.10614525139664804,0.09497206703910614,0.011173184357541902,1,6.188213484242365,1.2197287540247828,4.968484730217582,7.688110898441881
89,T Brown,Great Falls Voyagers,6.37,0,0,9,8,0,35.333333333333336,38,27,25,21,34,8.66,4,1.67,169,1,4,2022,pitcher,35.1,5.349056603773585,1.0188679245283019,9.679245283018867,1.619047619047619,0.20118343195266272,0.1242603550295858,0.07692307692307693,0.8888888888888888,6.188213484242365,1.2197287540247828,4.968484730217582,6.638296050972299
89,P Maybach,Billings Mustangs,6.37,1,4,10,7,0,35.333333333333336,51,28,25,15,25,6.37,1,1.87,168,3,1,2022,pitcher,35.1,3.820754716981132,0.25471698113207547,12.990566037735848,1.6666666666666667,0.1488095238095238,0.08928571428571429,0.05952380952380952,0.7,6.188213484242365,1.2197287540247828,4.968484730217582,5.279805484934562
91,A Smith,Grand Junction Jackalopes,10.03,2,4,10,6,0,35,60,45,39,17,34,8.74,7,2.2,182,3,2,2022,pitcher,35,4.371428571428571,1.8,15.428571428571429,2,0.18681318681318682,0.09340659340659341,0.09340659340659341,0.6,6.188213484242365,1.2197287540247828,4.968484730217582,7.254199015931867
92,M Sparks,Missoula PaddleHeads,6.75,3,1,7,7,0,34.666666666666664,49,30,26,5,15,3.89,5,1.56,158,1,NA,2022,pitcher,34.2,1.2980769230769231,1.2980769230769231,12.721153846153847,3,0.0949367088607595,0.03164556962025317,0.06329113924050633,1,6.188213484242365,1.2197287540247828,4.968484730217582,NA
93,P Bayer,Rocky Mountain Vibes,8.13,3,4,26,0,1,34.333333333333336,36,35,31,34,53,13.89,NA,2.04,177,13,5,2022,pitcher,34.1,8.9126213592233,NA,9.436893203883495,1.5588235294117647,0.2994350282485876,0.192090395480226,0.10734463276836159,0,6.188213484242365,1.2197287540247828,4.968484730217582,NA
94,C Benton,Colorado Springs Sky Sox,8.74,3,3,28,0,3,34,43,39,33,21,37,9.79,7,1.88,166,4,2,2022,pitcher,34,5.5588235294117645,1.8529411764705883,11.382352941176471,1.7619047619047619,0.22289156626506024,0.12650602409638553,0.0963855421686747,0,6.188213484242365,1.2197287540247828,4.968484730217582,7.497896494923464
94,M Cirino,Ogden Raptors,7.41,0,1,34,0,0,34,47,30,28,13,36,9.53,6,1.76,165,1,6,2022,pitcher,34,3.4411764705882355,1.588235294117647,12.441176470588236,2.769230769230769,0.21818181818181817,0.07878787878787878,0.1393939393939394,0,6.188213484242365,1.2197287540247828,4.968484730217582,6.8214259066881695
94,J Ibarra,Grand Junction Jackalopes,2.38,2,0,20,1,0,34,29,13,9,16,40,10.59,NA,1.32,148,5,1,2022,pitcher,34,4.235294117647059,NA,7.676470588235294,2.5,0.2702702702702703,0.10810810810810811,0.16216216216216217,0.05,6.188213484242365,1.2197287540247828,4.968484730217582,NA
94,M Pozo,Rocky Mountain Vibes,3.97,0,1,31,0,10,34,42,19,15,11,47,12.44,2,1.56,161,4,5,2022,pitcher,34,2.911764705882353,0.5294117647058824,11.117647058823529,4.2727272727272725,0.2919254658385093,0.06832298136645963,0.22360248447204967,0,6.188213484242365,1.2197287540247828,4.968484730217582,4.380249436099935
94,A Steinfort,Glacier Range Riders,3.97,3,1,33,0,4,34,31,15,15,18,28,7.41,4,1.44,146,4,NA,2022,pitcher,34,4.764705882352941,1.0588235294117647,8.205882352941176,1.5555555555555556,0.1917808219178082,0.1232876712328767,0.0684931506849315,0,6.188213484242365,1.2197287540247828,4.968484730217582,NA
99,L Bender,Idaho Falls Chukars,5.88,1,0,29,0,0,33.666666666666664,37,24,22,25,38,10.16,1,1.84,172,11,7,2022,pitcher,33.2,6.683168316831684,0.26732673267326734,9.891089108910892,1.52,0.22093023255813954,0.14534883720930233,0.0755813953488372,0,6.188213484242365,1.2197287540247828,4.968484730217582,5.948682750019562
100,B McCabe,Ogden Raptors,6.48,3,3,27,0,0,33.333333333333336,32,26,24,26,45,12.15,3,1.74,156,7,1,2022,pitcher,33.1,7.02,0.8099999999999999,8.639999999999999,1.7307692307692308,0.28846153846153844,0.16666666666666666,0.12179487179487178,0,6.188213484242365,1.2197287540247828,4.968484730217582,5.868484730217581
100,G Young,Colorado Springs Sky Sox,2.97,1,0,30,1,4,33.333333333333336,30,13,11,18,20,5.4,1,1.44,147,6,3,2022,pitcher,33.1,4.859999999999999,0.26999999999999996,8.1,1.1111111111111112,0.1360544217687075,0.12244897959183673,0.013605442176870763,0.03333333333333333,6.188213484242365,1.2197287540247828,4.968484730217582,6.048484730217582
102,M Peterson,Boise Hawks,6.27,1,3,14,2,1,33,46,27,23,7,26,7.09,1,1.61,151,1,1,2022,pitcher,33,1.9090909090909092,0.2727272727272727,12.545454545454545,3.7142857142857144,0.17218543046357615,0.046357615894039736,0.1258278145695364,0.14285714285714285,6.188213484242365,1.2197287540247828,4.968484730217582,4.5139392756721275
103,D Baird,Rocky Mountain Vibes,7.16,4,2,9,5,0,32.666666666666664,46,28,26,11,30,8.27,4,1.74,152,5,2,2022,pitcher,32.2,3.0306122448979593,1.1020408163265307,12.673469387755103,2.727272727272727,0.19736842105263158,0.07236842105263158,0.125,0.5555555555555556,6.188213484242365,1.2197287540247828,4.968484730217582,5.917464322054316
103,S Davis,Rocky Mountain Vibes,5.79,3,2,29,0,2,32.666666666666664,40,23,21,17,49,13.5,4,1.74,150,6,4,2022,pitcher,32.2,4.683673469387755,1.1020408163265307,11.020408163265307,2.8823529411764706,0.32666666666666666,0.11333333333333333,0.21333333333333332,0,6.188213484242365,1.2197287540247828,4.968484730217582,5.488892893482888
103,C Grant-Debose,Great Falls Voyagers,9.64,1,3,10,5,0,32.666666666666664,50,39,35,16,20,5.51,4,2.02,162,5,2,2022,pitcher,32.2,4.408163265306123,1.1020408163265307,13.775510204081634,1.25,0.12345679012345678,0.09876543209876543,0.024691358024691357,0.5,6.188213484242365,1.2197287540247828,4.968484730217582,6.988892893482888
106,T Wyatt,Idaho Falls Chukars,8.91,1,1,17,2,0,32.333333333333336,46,32,32,28,43,11.97,10,2.29,172,6,4,2022,pitcher,32.1,7.793814432989691,2.783505154639175,12.804123711340205,1.5357142857142858,0.25,0.16279069767441862,0.08720930232558138,0.11764705882352941,6.188213484242365,1.2197287540247828,4.968484730217582,9.298381637434076
107,C Griffin,Colorado Springs Sky Sox,5.34,2,2,29,1,9,32,35,22,19,18,38,10.69,1,1.66,151,8,5,2022,pitcher,32,5.0625,0.28125,9.84375,2.111111111111111,0.25165562913907286,0.11920529801324503,0.13245033112582782,0.034482758620689655,6.188213484242365,1.2197287540247828,4.968484730217582,5.155984730217582
107,E McRae,Billings Mustangs,4.22,3,1,6,6,0,32,35,17,15,10,17,4.78,2,1.41,140,1,1,2022,pitcher,32,2.8125,0.5625,9.84375,1.7,0.12142857142857143,0.07142857142857142,0.05,1,6.188213484242365,1.2197287540247828,4.968484730217582,5.749734730217582
107,Z Smith,Missoula PaddleHeads,7.88,1,1,15,1,0,32,46,28,28,15,29,8.16,2,1.91,151,8,1,2022,pitcher,32,4.21875,0.5625,12.9375,1.9333333333333333,0.19205298013245034,0.09933774834437085,0.09271523178807949,0.06666666666666667,6.188213484242365,1.2197287540247828,4.968484730217582,5.468484730217582
107,D Swain,Missoula PaddleHeads,3.94,2,1,28,0,1,32,27,14,14,25,48,13.5,2,1.63,146,2,1,2022,pitcher,32,7.03125,0.5625,7.59375,1.92,0.3287671232876712,0.17123287671232876,0.15753424657534246,0,6.188213484242365,1.2197287540247828,4.968484730217582,5.218484730217582
111,A Valle,Rocky Mountain Vibes,7.47,1,1,17,4,0,31.333333333333332,43,33,26,18,39,11.2,3,1.95,157,7,2,2022,pitcher,31.1,5.170212765957447,0.8617021276595745,12.351063829787234,2.1666666666666665,0.2484076433121019,0.11464968152866242,0.1337579617834395,0.23529411764705882,6.188213484242365,1.2197287540247828,4.968484730217582,5.638697496175029
112,A Garcia,Great Falls Voyagers,10.74,1,5,7,7,0,31,51,38,37,22,31,9,3,2.35,168,8,5,2022,pitcher,31,6.387096774193548,0.8709677419354839,14.806451612903226,1.4090909090909092,0.18452380952380953,0.13095238095238096,0.053571428571428575,1,6.188213484242365,1.2197287540247828,4.968484730217582,6.839452472153066
112,D Pearce,Ogden Raptors,6.39,1,1,16,4,4,31,50,25,22,14,34,9.87,4,2.06,153,4,2,2022,pitcher,31,4.064516129032258,1.1612903225806452,14.516129032258064,2.4285714285714284,0.2222222222222222,0.0915032679738562,0.130718954248366,0.25,6.188213484242365,1.2197287540247828,4.968484730217582,6.000742794733711
114,C Costello,Boise Hawks,5.93,3,2,6,5,0,30.333333333333332,42,24,20,19,20,5.93,3,2.01,149,3,2,2022,pitcher,30.1,5.637362637362638,0.8901098901098902,12.461538461538462,1.0526315789473684,0.1342281879194631,0.12751677852348994,0.006711409395973145,0.8333333333333334,6.188213484242365,1.2197287540247828,4.968484730217582,7.012440774173626
114,D Day,Glacier Range Riders,5.34,0,2,12,3,0,30.333333333333332,23,18,18,20,44,13.05,3,1.42,139,2,7,2022,pitcher,30.1,5.934065934065934,0.8901098901098902,6.824175824175825,2.2,0.31654676258992803,0.14388489208633093,0.1726618705035971,0.25,6.188213484242365,1.2197287540247828,4.968484730217582,6.023429785162636
114,G Fletcher,Rocky Mountain Vibes,5.04,2,2,6,6,0,30.333333333333332,40,18,17,11,20,5.93,3,1.68,138,3,3,2022,pitcher,30.1,3.2637362637362637,0.8901098901098902,11.868131868131869,1.8181818181818181,0.14492753623188406,0.07971014492753623,0.06521739130434784,1,6.188213484242365,1.2197287540247828,4.968484730217582,6.320133081865933
117,J Parisi,Grand Junction Jackalopes,4.5,1,0,6,6,0,30,33,17,15,12,27,8.1,3,1.5,131,NA,NA,2022,pitcher,30,3.6,0.9,9.9,2.25,0.20610687022900764,0.0916030534351145,0.11450381679389314,1,6.188213484242365,1.2197287540247828,4.968484730217582,NA
118,N Draves,Rocky Mountain Vibes,5.46,3,0,23,0,0,29.666666666666668,48,18,18,14,39,11.83,2,2.09,150,5,2,2022,pitcher,29.2,4.247191011235955,0.6067415730337078,14.561797752808989,2.7857142857142856,0.26,0.09333333333333334,0.16666666666666669,0,6.188213484242365,1.2197287540247828,4.968484730217582,4.833653269543424
118,T Elliott,Missoula PaddleHeads,3.03,1,0,21,0,0,29.666666666666668,28,15,10,19,30,9.1,1,1.58,131,2,2,2022,pitcher,29.2,5.764044943820225,0.3033707865168539,8.49438202247191,1.5789473684210527,0.22900763358778625,0.1450381679389313,0.08396946564885496,0,6.188213484242365,1.2197287540247828,4.968484730217582,5.507810572914211
120,B Barnett,Billings Mustangs,5.97,3,2,22,0,0,28.666666666666668,30,22,19,23,21,6.59,NA,1.85,137,4,2,2022,pitcher,28.2,7.220930232558139,NA,9.41860465116279,0.9130434782608695,0.15328467153284672,0.1678832116788321,-0.014598540145985384,0,6.188213484242365,1.2197287540247828,4.968484730217582,NA
120,C Grant-Debose,Colorado Springs Sky Sox,5.34,1,2,19,1,0,28.666666666666668,37,26,17,17,30,9.42,7,1.88,149,3,4,2022,pitcher,28.2,5.337209302325581,2.197674418604651,11.616279069767442,1.7647058823529411,0.20134228187919462,0.11409395973154363,0.08724832214765099,0.05263157894736842,6.188213484242365,1.2197287540247828,4.968484730217582,8.247554497659442
122,R Monsion,Missoula PaddleHeads,7.07,3,1,8,7,0,28,43,29,22,13,22,7.07,6,2,142,3,4,2022,pitcher,28,4.178571428571429,1.9285714285714286,13.821428571428571,1.6923076923076923,0.15492957746478872,0.09154929577464789,0.06338028169014083,0.875,6.188213484242365,1.2197287540247828,4.968484730217582,8.004199015931867
123,J Correa,Billings Mustangs,4.23,4,0,10,2,0,27.666666666666668,20,17,13,7,22,7.16,1,0.98,112,4,7,2022,pitcher,27.2,2.2771084337349397,0.3253012048192771,6.506024096385542,3.142857142857143,0.19642857142857142,0.0625,0.13392857142857142,0.2,6.188213484242365,1.2197287540247828,4.968484730217582,5.366075091663364
124,C Schultz,Missoula PaddleHeads,8.33,2,1,8,6,0,27,39,27,25,7,25,8.33,3,1.7,131,9,NA,2022,pitcher,27,2.3333333333333335,1,13,3.5714285714285716,0.19083969465648856,0.05343511450381679,0.13740458015267176,0.75,6.188213484242365,1.2197287540247828,4.968484730217582,NA
125,S Duprey,Ogden Raptors,7.52,1,1,9,5,0,26.333333333333332,33,26,22,15,26,8.89,2,1.82,133,5,7,2022,pitcher,26.1,5.126582278481013,0.6835443037974683,11.278481012658228,1.7333333333333334,0.19548872180451127,0.11278195488721804,0.08270676691729323,0.5555555555555556,6.188213484242365,1.2197287540247828,4.968484730217582,6.487472071989734
1,F Aberouette,Glacier Range Riders,0,0,0,0,0,0,0,NA,NA,NA,NA,NA,0,NA,NA,NA,NA,NA,2022,pitcher,0,NA,NA,NA,NA,NA,NA,NA,NA,6.188213484242365,1.2197287540247828,4.968484730217582,NA
1,F Achecar,Ogden Raptors,0,0,0,0,0,0,0,NA,NA,NA,NA,NA,0,NA,NA,NA,NA,NA,2022,pitcher,0,NA,NA,NA,NA,NA,NA,NA,NA,6.188213484242365,1.2197287540247828,4.968484730217582,NA
1,C Adams,Colorado Springs Sky Sox,0,0,0,0,0,0,0,NA,NA,NA,NA,NA,0,NA,NA,NA,NA,NA,2022,pitcher,0,NA,NA,NA,NA,NA,NA,NA,NA,6.188213484242365,1.2197287540247828,4.968484730217582,NA
4,P Adams,Ogden Raptors,0,0,0,1,0,0,1,1,NA,NA,1,NA,0,NA,2,5,NA,NA,2022,pitcher,1,9,NA,9,NA,NA,0.2,NA,0,6.188213484242365,1.2197287540247828,4.968484730217582,NA
7,J Ajamian,Boise Hawks,3,1,0,1,1,0,6,6,3,2,2,6,9,NA,1.33,26,NA,NA,2022,pitcher,6,3,NA,9,3,0.23076923076923078,0.07692307692307693,0.15384615384615385,1,6.188213484242365,1.2197287540247828,4.968484730217582,NA
8,J Akins,Missoula PaddleHeads,0,0,0,0,0,0,0,NA,NA,NA,NA,NA,0,NA,NA,NA,NA,NA,2022,pitcher,0,NA,NA,NA,NA,NA,NA,NA,NA,6.188213484242365,1.2197287540247828,4.968484730217582,NA
10,R Alexiades,Ogden Raptors,0,0,0,0,0,0,0,NA,NA,NA,NA,NA,0,NA,NA,NA,NA,NA,2022,pitcher,0,NA,NA,NA,NA,NA,NA,NA,NA,6.188213484242365,1.2197287540247828,4.968484730217582,NA
10,P Alfons,Ogden Raptors,0,NA,NA,NA,NA,NA,0,NA,NA,NA,NA,NA,0,NA,NA,NA,NA,NA,2022,pitcher,0,NA,NA,NA,NA,NA,NA,NA,NA,6.188213484242365,1.2197287540247828,4.968484730217582,NA
12,P Alfonseca,Rocky Mountain Vibes,13.97,0,0,7,0,0,9.666666666666666,14,15,15,16,9,8.38,NA,3.1,59,3,1,2022,pitcher,9.2,14.896551724137932,NA,13.03448275862069,0.5625,0.15254237288135594,0.2711864406779661,-0.11864406779661016,0,6.188213484242365,1.2197287540247828,4.968484730217582,NA
14,R Allen,Colorado Springs Sky Sox,0,0,0,0,0,0,0,NA,NA,NA,NA,NA,0,NA,NA,NA,NA,NA,2022,pitcher,0,NA,NA,NA,NA,NA,NA,NA,NA,6.188213484242365,1.2197287540247828,4.968484730217582,NA
14,A Alonso,Colorado Springs Sky Sox,0,0,0,0,0,0,0,NA,NA,NA,NA,NA,0,NA,NA,NA,NA,NA,2022,pitcher,0,NA,NA,NA,NA,NA,NA,NA,NA,6.188213484242365,1.2197287540247828,4.968484730217582,NA
16,G Alvarez,Rocky Mountain Vibes,9.58,0,2,9,2,1,20.666666666666668,33,22,22,9,23,10.02,3,2.03,102,NA,NA,2022,pitcher,20.2,3.919354838709677,1.3064516129032258,14.370967741935482,2.5555555555555554,0.22549019607843138,0.08823529411764706,0.13725490196078433,0.2222222222222222,6.188213484242365,1.2197287540247828,4.968484730217582,NA
17,M Annone,Rocky Mountain Vibes,0,0,0,0,0,0,0,NA,NA,NA,NA,NA,0,NA,NA,NA,NA,NA,2022,pitcher,0,NA,NA,NA,NA,NA,NA,NA,NA,6.188213484242365,1.2197287540247828,4.968484730217582,NA
19,J Asa,Idaho Falls Chukars,21.6,0,0,2,0,0,1.6666666666666665,4,7,4,5,2,10.8,NA,5.4,16,NA,1,2022,pitcher,1.2,27.000000000000004,NA,21.6,0.4,0.125,0.3125,-0.1875,0,6.188213484242365,1.2197287540247828,4.968484730217582,NA
20,A Atwood,Great Falls Voyagers,5.06,0,0,6,0,0,5.333333333333333,9,3,3,2,1,1.69,NA,2.06,27,NA,1,2022,pitcher,5.1,3.375,NA,15.1875,0.5,0.037037037037037035,0.07407407407407407,-0.037037037037037035,0,6.188213484242365,1.2197287540247828,4.968484730217582,NA
21,J Baggs,Boise Hawks,5.93,0,0,6,0,0,13.666666666666666,10,11,9,13,17,11.2,NA,1.68,69,4,5,2022,pitcher,13.2,8.560975609756097,NA,6.585365853658537,1.3076923076923077,0.2463768115942029,0.18840579710144928,0.05797101449275363,0,6.188213484242365,1.2197287540247828,4.968484730217582,NA
22,B Bagshaw,Idaho Falls Chukars,0,NA,NA,NA,NA,NA,0,NA,NA,NA,NA,NA,0,NA,NA,NA,NA,NA,2022,pitcher,0,NA,NA,NA,NA,NA,NA,NA,NA,6.188213484242365,1.2197287540247828,4.968484730217582,NA
22,J Bailey,Boise Hawks,0,0,0,0,0,0,0,NA,NA,NA,NA,NA,0,NA,NA,NA,NA,NA,2022,pitcher,0,NA,NA,NA,NA,NA,NA,NA,NA,6.188213484242365,1.2197287540247828,4.968484730217582,NA
25,D Baird,Idaho Falls Chukars,0,NA,NA,NA,NA,NA,0,NA,NA,NA,NA,NA,0,NA,NA,NA,NA,NA,2022,pitcher,0,NA,NA,NA,NA,NA,NA,NA,NA,6.188213484242365,1.2197287540247828,4.968484730217582,NA
27,J Barfield,Rocky Mountain Vibes,0,0,0,0,0,0,0,NA,NA,NA,NA,NA,0,NA,NA,NA,NA,NA,2022,pitcher,0,NA,NA,NA,NA,NA,NA,NA,NA,6.188213484242365,1.2197287540247828,4.968484730217582,NA
27,S Barmakian,Idaho Falls Chukars,0,0,0,0,0,0,0,NA,NA,NA,NA,NA,0,NA,NA,NA,NA,NA,2022,pitcher,0,NA,NA,NA,NA,NA,NA,NA,NA,6.188213484242365,1.2197287540247828,4.968484730217582,NA
31,J Barth,Billings Mustangs,0,0,0,0,0,0,0,NA,NA,NA,NA,NA,0,NA,NA,NA,NA,NA,2022,pitcher,0,NA,NA,NA,NA,NA,NA,NA,NA,6.188213484242365,1.2197287540247828,4.968484730217582,NA
31,A Bates,Glacier Range Riders,0,0,0,0,0,0,0,NA,NA,NA,NA,NA,0,NA,NA,NA,NA,NA,2022,pitcher,0,NA,NA,NA,NA,NA,NA,NA,NA,6.188213484242365,1.2197287540247828,4.968484730217582,NA
34,K Beaucha,Ogden Raptors,0,NA,NA,NA,NA,NA,0,NA,NA,NA,NA,NA,0,NA,NA,NA,NA,NA,2022,pitcher,0,NA,NA,NA,NA,NA,NA,NA,NA,6.188213484242365,1.2197287540247828,4.968484730217582,NA
38,J Bermudez,Idaho Falls Chukars,0,0,0,0,0,0,0,NA,NA,NA,NA,NA,0,NA,NA,NA,NA,NA,2022,pitcher,0,NA,NA,NA,NA,NA,NA,NA,NA,6.188213484242365,1.2197287540247828,4.968484730217582,NA
39,J Beuckelaere,Glacier Range Riders,10.13,0,1,4,0,0,5.333333333333333,9,6,6,1,5,8.44,NA,1.88,27,1,1,2022,pitcher,5.1,1.6875,NA,15.1875,5,0.18518518518518517,0.037037037037037035,0.14814814814814814,0,6.188213484242365,1.2197287540247828,4.968484730217582,NA
40,M Biasiello,Glacier Range Riders,4.85,0,0,7,0,0,13,17,7,7,3,16,11.08,3,1.54,59,NA,1,2022,pitcher,13,2.076923076923077,2.076923076923077,11.76923076923077,5.333333333333333,0.2711864406779661,0.05084745762711865,0.22033898305084745,0,6.188213484242365,1.2197287540247828,4.968484730217582,6.430023191756043
41,D Binder,Rocky Mountain Vibes,0,0,0,1,0,0,2,NA,NA,NA,1,2,9,NA,0.5,6,NA,NA,2022,pitcher,2,4.5,NA,NA,2,0.3333333333333333,0.16666666666666666,0.16666666666666666,0,6.188213484242365,1.2197287540247828,4.968484730217582,NA
43,M Blaise,Ogden Raptors,6.75,0,0,1,0,0,1.3333333333333333,1,1,1,1,1,6.75,NA,1.5,6,NA,1,2022,pitcher,1.1,6.75,NA,6.75,1,0.16666666666666666,0.16666666666666666,0,0,6.188213484242365,1.2197287540247828,4.968484730217582,NA
44,C Bocchino,Great Falls Voyagers,0,0,0,0,0,0,0,NA,NA,NA,NA,NA,0,NA,NA,NA,NA,NA,2022,pitcher,0,NA,NA,NA,NA,NA,NA,NA,NA,6.188213484242365,1.2197287540247828,4.968484730217582,NA
44,J Bogacz,Idaho Falls Chukars,0,NA,NA,NA,NA,NA,0,NA,NA,NA,NA,NA,0,NA,NA,NA,NA,NA,2022,pitcher,0,NA,NA,NA,NA,NA,NA,NA,NA,6.188213484242365,1.2197287540247828,4.968484730217582,NA
44,B Bohning,Ogden Raptors,0,0,0,0,0,0,0,NA,NA,NA,NA,NA,0,NA,NA,NA,NA,NA,2022,pitcher,0,NA,NA,NA,NA,NA,NA,NA,NA,6.188213484242365,1.2197287540247828,4.968484730217582,NA
44,B Bohning,Idaho Falls Chukars,0,0,0,0,0,0,0,NA,NA,NA,NA,NA,0,NA,NA,NA,NA,NA,2022,pitcher,0,NA,NA,NA,NA,NA,NA,NA,NA,6.188213484242365,1.2197287540247828,4.968484730217582,NA
44,V Bologna,Glacier Range Riders,0,0,0,0,0,0,0,NA,NA,NA,NA,NA,0,NA,NA,NA,NA,NA,2022,pitcher,0,NA,NA,NA,NA,NA,NA,NA,NA,6.188213484242365,1.2197287540247828,4.968484730217582,NA
49,J Bolt,Colorado Springs Sky Sox,13.5,0,0,2,0,0,3.3333333333333335,6,5,5,4,3,8.1,2,3,19,1,NA,2022,pitcher,3.1,10.799999999999999,5.3999999999999995,16.2,0.75,0.15789473684210525,0.21052631578947367,-0.05263157894736842,0,6.188213484242365,1.2197287540247828,4.968484730217582,NA
50,M Bono,Grand Junction Jackalopes,8.44,0,0,8,0,0,10.666666666666666,19,11,10,6,14,11.81,1,2.34,56,1,1,2022,pitcher,10.2,5.0625,0.84375,16.03125,2.3333333333333335,0.25,0.10714285714285714,0.14285714285714285,0,6.188213484242365,1.2197287540247828,4.968484730217582,5.530984730217582
52,N Bottari,Colorado Springs Sky Sox,0,0,0,0,0,0,0,NA,NA,NA,NA,NA,0,NA,NA,NA,NA,NA,2022,pitcher,0,NA,NA,NA,NA,NA,NA,NA,NA,6.188213484242365,1.2197287540247828,4.968484730217582,NA
52,T Bouchard,Colorado Springs Sky Sox,0,0,0,0,0,0,0,NA,NA,NA,NA,NA,0,NA,NA,NA,NA,NA,2022,pitcher,0,NA,NA,NA,NA,NA,NA,NA,NA,6.188213484242365,1.2197287540247828,4.968484730217582,NA
54,N Boudreau,Boise Hawks,16.2,0,0,2,0,0,1.6666666666666665,1,3,3,2,2,10.8,NA,1.8,9,1,1,2022,pitcher,1.2,10.8,NA,5.4,1,0.2222222222222222,0.2222222222222222,0,0,6.188213484242365,1.2197287540247828,4.968484730217582,NA
55,S Boyd,Missoula PaddleHeads,0,NA,NA,NA,NA,NA,0,NA,NA,NA,NA,NA,0,NA,NA,NA,NA,NA,2022,pitcher,0,NA,NA,NA,NA,NA,NA,NA,NA,6.188213484242365,1.2197287540247828,4.968484730217582,NA
57,S Brewer,Idaho Falls Chukars,20.57,0,0,3,2,0,7,15,16,16,12,8,10.29,1,3.86,50,2,1,2022,pitcher,7,15.428571428571429,1.2857142857142858,19.285714285714285,0.6666666666666666,0.16,0.24,-0.07999999999999999,0.6666666666666666,6.188213484242365,1.2197287540247828,4.968484730217582,10.111341873074725
58,J Broughton,Ogden Raptors,0,0,0,0,0,0,0,NA,NA,NA,NA,NA,0,NA,NA,NA,NA,NA,2022,pitcher,0,NA,NA,NA,NA,NA,NA,NA,NA,6.188213484242365,1.2197287540247828,4.968484730217582,NA
58,B Broussard,Glacier Range Riders,0,0,0,0,0,0,0,NA,NA,NA,NA,NA,0,NA,NA,NA,NA,NA,2022,pitcher,0,NA,NA,NA,NA,NA,NA,NA,NA,6.188213484242365,1.2197287540247828,4.968484730217582,NA
58,B Brown,Idaho Falls Chukars,0,NA,NA,NA,NA,NA,0,NA,NA,NA,NA,NA,0,NA,NA,NA,NA,NA,2022,pitcher,0,NA,NA,NA,NA,NA,NA,NA,NA,6.188213484242365,1.2197287540247828,4.968484730217582,NA
58,R Brown,Idaho Falls Chukars,0,NA,NA,NA,NA,NA,0,NA,NA,NA,NA,NA,0,NA,NA,NA,NA,NA,2022,pitcher,0,NA,NA,NA,NA,NA,NA,NA,NA,6.188213484242365,1.2197287540247828,4.968484730217582,NA
63,T Brunson,Great Falls Voyagers,0,0,0,0,0,0,0,NA,NA,NA,NA,NA,0,NA,NA,NA,NA,NA,2022,pitcher,0,NA,NA,NA,NA,NA,NA,NA,NA,6.188213484242365,1.2197287540247828,4.968484730217582,NA
64,V Buelna,Rocky Mountain Vibes,11.57,1,0,5,0,0,9.333333333333334,16,12,12,6,8,7.71,1,2.36,49,NA,1,2022,pitcher,9.1,5.785714285714286,0.9642857142857142,15.428571428571427,1.3333333333333333,0.16326530612244897,0.12244897959183673,0.040816326530612235,0,6.188213484242365,1.2197287540247828,4.968484730217582,6.89705615878901
65,A Buendia,Idaho Falls Chukars,0,0,0,0,0,0,0,NA,NA,NA,NA,NA,0,NA,NA,NA,NA,NA,2022,pitcher,0,NA,NA,NA,NA,NA,NA,NA,NA,6.188213484242365,1.2197287540247828,4.968484730217582,NA
65,G Buhner,Ogden Raptors,0,0,0,0,0,0,0,NA,NA,NA,NA,NA,0,NA,NA,NA,NA,NA,2022,pitcher,0,NA,NA,NA,NA,NA,NA,NA,NA,6.188213484242365,1.2197287540247828,4.968484730217582,NA
68,S Burto,Ogden Raptors,6.05,3,0,4,4,0,19.333333333333332,21,13,13,12,12,5.59,4,1.71,92,2,6,2022,pitcher,19.1,5.586206896551724,1.8620689655172415,9.775862068965518,1,0.13043478260869565,0.13043478260869565,0,1,6.188213484242365,1.2197287540247828,4.968484730217582,9.209864040562408
69,M Cabeza,Boise Hawks,14.54,0,0,6,0,1,8.666666666666666,18,15,14,5,8,8.31,3,2.65,48,2,NA,2022,pitcher,8.2,5.1923076923076925,3.1153846153846154,18.692307692307693,1.6,0.16666666666666666,0.10416666666666667,0.062499999999999986,0,6.188213484242365,1.2197287540247828,4.968484730217582,NA
70,E Callahan,Idaho Falls Chukars,0,0,0,0,0,0,0,NA,NA,NA,NA,NA,0,NA,NA,NA,NA,NA,2022,pitcher,0,NA,NA,NA,NA,NA,NA,NA,NA,6.188213484242365,1.2197287540247828,4.968484730217582,NA
71,C Campbell,Ogden Raptors,18,0,1,4,0,0,6,14,12,12,4,3,4.5,2,3,35,NA,2,2022,pitcher,6,6,3,21,0.75,0.08571428571428572,0.11428571428571428,-0.028571428571428567,0,6.188213484242365,1.2197287540247828,4.968484730217582,11.301818063550915
72,U Cantu,Rocky Mountain Vibes,27,0,0,1,0,0,0.3333333333333333,3,1,1,NA,NA,0,NA,9,4,NA,NA,2022,pitcher,0.1,NA,NA,81,NA,NA,NA,NA,0,6.188213484242365,1.2197287540247828,4.968484730217582,NA
73,J Carr,Colorado Springs Sky Sox,0,0,0,0,0,0,0,NA,NA,NA,NA,NA,0,NA,NA,NA,NA,NA,2022,pitcher,0,NA,NA,NA,NA,NA,NA,NA,NA,6.188213484242365,1.2197287540247828,4.968484730217582,NA
74,P Carreno,Rocky Mountain Vibes,108,0,0,1,0,0,1,13,12,12,NA,1,9,NA,13,18,NA,2,2022,pitcher,1,NA,NA,117,NA,0.05555555555555555,NA,NA,0,6.188213484242365,1.2197287540247828,4.968484730217582,NA
76,R Cash,Glacier Range Riders,0,0,0,0,0,0,0,NA,NA,NA,NA,NA,0,NA,NA,NA,NA,NA,2022,pitcher,0,NA,NA,NA,NA,NA,NA,NA,NA,6.188213484242365,1.2197287540247828,4.968484730217582,NA
77,M Castillo,Grand Junction Jackalopes,7.56,0,0,9,0,0,8.333333333333334,4,7,7,6,9,9.72,NA,1.2,37,NA,NA,2022,pitcher,8.1,6.4799999999999995,NA,4.319999999999999,1.5,0.24324324324324326,0.16216216216216217,0.08108108108108109,0,6.188213484242365,1.2197287540247828,4.968484730217582,NA
78,A Castro,Great Falls Voyagers,10.13,2,2,7,4,0,18.666666666666668,30,26,21,12,14,6.75,3,2.25,98,5,4,2022,pitcher,18.2,5.785714285714286,1.4464285714285714,14.464285714285714,1.1666666666666667,0.14285714285714285,0.12244897959183673,0.020408163265306117,0.5714285714285714,6.188213484242365,1.2197287540247828,4.968484730217582,8.129199015931867
79,T Caulfield,Rocky Mountain Vibes,8.72,0,0,10,0,0,21.666666666666668,34,25,21,17,16,6.65,NA,2.35,118,3,3,2022,pitcher,21.2,7.061538461538461,NA,14.123076923076923,0.9411764705882353,0.13559322033898305,0.1440677966101695,-0.008474576271186446,0,6.188213484242365,1.2197287540247828,4.968484730217582,NA
80,T Chapman,Colorado Springs Sky Sox,16.2,0,1,6,0,0,5,12,9,9,6,8,14.4,3,3.6,31,4,NA,2022,pitcher,5,10.8,5.4,21.6,1.3333333333333333,0.25806451612903225,0.1935483870967742,0.06451612903225806,0,6.188213484242365,1.2197287540247828,4.968484730217582,NA
81,E Chavarria,Missoula PaddleHeads,27,0,0,1,0,0,1.3333333333333333,2,4,4,2,1,6.75,1,3,8,NA,1,2022,pitcher,1.1,13.5,6.75,13.5,0.5,0.125,0.25,-0.125,0,6.188213484242365,1.2197287540247828,4.968484730217582,19.968484730217583
82,P Chung,Missoula PaddleHeads,36,0,1,1,1,0,2,8,8,8,1,1,4.5,NA,4.5,16,NA,1,2022,pitcher,2,4.5,NA,36,1,0.0625,0.0625,0,1,6.188213484242365,1.2197287540247828,4.968484730217582,NA
83,P Chung,Idaho Falls Chukars,0,0,0,0,0,0,0,NA,NA,NA,NA,NA,0,NA,NA,NA,NA,NA,2022,pitcher,0,NA,NA,NA,NA,NA,NA,NA,NA,6.188213484242365,1.2197287540247828,4.968484730217582,NA
84,N Cicci,Missoula PaddleHeads,0,0,0,1,0,0,0.3333333333333333,NA,NA,NA,NA,NA,0,NA,NA,1,NA,NA,2022,pitcher,0.1,NA,NA,NA,NA,NA,NA,NA,0,6.188213484242365,1.2197287540247828,4.968484730217582,NA
86,R Cole,Glacier Range Riders,0,0,0,0,0,0,0,NA,NA,NA,NA,NA,0,NA,NA,NA,NA,NA,2022,pitcher,0,NA,NA,NA,NA,NA,NA,NA,NA,6.188213484242365,1.2197287540247828,4.968484730217582,NA
87,V Cole,Boise Hawks,17.69,0,2,3,3,0,9.666666666666666,24,22,19,6,6,5.59,1,3.1,61,NA,2,2022,pitcher,9.2,5.586206896551724,0.9310344827586208,22.344827586206897,1,0.09836065573770492,0.09836065573770492,0,1,6.188213484242365,1.2197287540247828,4.968484730217582,7.554691626769306
89,D Connors,Ogden Raptors,0,0,0,0,0,0,0,NA,NA,NA,NA,NA,0,NA,NA,NA,NA,NA,2022,pitcher,0,NA,NA,NA,NA,NA,NA,NA,NA,6.188213484242365,1.2197287540247828,4.968484730217582,NA
89,A Cornell,Colorado Springs Sky Sox,0,0,0,0,0,0,0,NA,NA,NA,NA,NA,0,NA,NA,NA,NA,NA,2022,pitcher,0,NA,NA,NA,NA,NA,NA,NA,NA,6.188213484242365,1.2197287540247828,4.968484730217582,NA
93,B Crosby,Colorado Springs Sky Sox,0,0,0,0,0,0,0,NA,NA,NA,NA,NA,0,NA,NA,NA,NA,NA,2022,pitcher,0,NA,NA,NA,NA,NA,NA,NA,NA,6.188213484242365,1.2197287540247828,4.968484730217582,NA
95,J Cruce,Grand Junction Jackalopes,0,NA,NA,NA,NA,NA,0,NA,NA,NA,NA,NA,0,NA,NA,NA,NA,NA,2022,pitcher,0,NA,NA,NA,NA,NA,NA,NA,NA,6.188213484242365,1.2197287540247828,4.968484730217582,NA
97,H Cruz,Ogden Raptors,13.5,0,1,1,1,0,2.6666666666666665,7,4,4,1,3,10.13,1,3,15,NA,NA,2022,pitcher,2.2,3.375,3.375,23.625,3,0.2,0.06666666666666667,0.13333333333333336,1,6.188213484242365,1.2197287540247828,4.968484730217582,NA
100,B Daniel,Great Falls Voyagers,0,0,0,0,0,0,0,NA,NA,NA,NA,NA,0,NA,NA,NA,NA,NA,2022,pitcher,0,NA,NA,NA,NA,NA,NA,NA,NA,6.188213484242365,1.2197287540247828,4.968484730217582,NA
100,B Dansereau,Ogden Raptors,0,0,0,0,0,0,0,NA,NA,NA,NA,NA,0,NA,NA,NA,NA,NA,2022,pitcher,0,NA,NA,NA,NA,NA,NA,NA,NA,6.188213484242365,1.2197287540247828,4.968484730217582,NA
100,B Davis,Missoula PaddleHeads,0,0,0,1,0,0,0,NA,NA,NA,NA,NA,0,NA,NA,NA,NA,NA,2022,pitcher,0,NA,NA,NA,NA,NA,NA,NA,0,6.188213484242365,1.2197287540247828,4.968484730217582,NA
107,L De Paula,Rocky Mountain Vibes,9,0,0,1,0,0,2,3,2,2,NA,2,9,NA,1.5,9,NA,NA,2022,pitcher,2,NA,NA,13.5,NA,0.2222222222222222,NA,NA,0,6.188213484242365,1.2197287540247828,4.968484730217582,NA
108,C De guzman,Great Falls Voyagers,0,0,0,0,0,0,0,NA,NA,NA,NA,NA,0,NA,NA,NA,NA,NA,2022,pitcher,0,NA,NA,NA,NA,NA,NA,NA,NA,6.188213484242365,1.2197287540247828,4.968484730217582,NA
108,T DeBonville,Idaho Falls Chukars,0,0,0,0,0,0,0,NA,NA,NA,NA,NA,0,NA,NA,NA,NA,NA,2022,pitcher,0,NA,NA,NA,NA,NA,NA,NA,NA,6.188213484242365,1.2197287540247828,4.968484730217582,NA
110,S DePalma,Glacier Range Riders,27,0,2,5,0,0,5,15,15,15,5,4,7.2,NA,4,36,5,NA,2022,pitcher,5,9,NA,27,0.8,0.1111111111111111,0.1388888888888889,-0.02777777777777779,0,6.188213484242365,1.2197287540247828,4.968484730217582,NA
112,M DeSanti,Idaho Falls Chukars,0,NA,NA,NA,NA,NA,0,NA,NA,NA,NA,NA,0,NA,NA,NA,NA,NA,2022,pitcher,0,NA,NA,NA,NA,NA,NA,NA,NA,6.188213484242365,1.2197287540247828,4.968484730217582,NA
112,M Deeb,Great Falls Voyagers,0,0,0,0,0,0,0,NA,NA,NA,NA,NA,0,NA,NA,NA,NA,NA,2022,pitcher,0,NA,NA,NA,NA,NA,NA,NA,NA,6.188213484242365,1.2197287540247828,4.968484730217582,NA
114,D Delorefice,Missoula PaddleHeads,5.4,0,0,2,0,0,3.3333333333333335,5,3,2,5,2,5.4,NA,3,18,1,1,2022,pitcher,3.1,13.5,NA,13.5,0.4,0.1111111111111111,0.2777777777777778,-0.16666666666666669,0,6.188213484242365,1.2197287540247828,4.968484730217582,NA
116,S Dexter,Colorado Springs Sky Sox,9.15,1,3,4,4,0,19.666666666666668,30,25,20,9,22,10.07,1,1.98,101,3,2,2022,pitcher,19.2,4.11864406779661,0.45762711864406774,13.728813559322033,2.4444444444444446,0.21782178217821782,0.0891089108910891,0.12871287128712872,1,6.188213484242365,1.2197287540247828,4.968484730217582,5.070179645471819
117,E Diaz,Colorado Springs Sky Sox,0,0,0,0,0,0,0,NA,NA,NA,NA,NA,0,NA,NA,NA,NA,NA,2022,pitcher,0,NA,NA,NA,NA,NA,NA,NA,NA,6.188213484242365,1.2197287540247828,4.968484730217582,NA
117,G Diaz,Rocky Mountain Vibes,0,0,0,0,0,0,0,NA,NA,NA,NA,NA,0,NA,NA,NA,NA,NA,2022,pitcher,0,NA,NA,NA,NA,NA,NA,NA,NA,6.188213484242365,1.2197287540247828,4.968484730217582,NA
119,L Diaz,Colorado Springs Sky Sox,7.66,0,1,13,1,0,24.666666666666668,30,23,21,21,25,9.12,2,2.07,128,11,6,2022,pitcher,24.2,7.662162162162161,0.7297297297297297,10.945945945945946,1.1904761904761905,0.1953125,0.1640625,0.03125,0.07692307692307693,6.188213484242365,1.2197287540247828,4.968484730217582,7.279295541028392
121,M Dinesen,Glacier Range Riders,0,0,0,0,0,0,0,NA,NA,NA,NA,NA,0,NA,NA,NA,NA,NA,2022,pitcher,0,NA,NA,NA,NA,NA,NA,NA,NA,6.188213484242365,1.2197287540247828,4.968484730217582,NA
121,B Dixon,Billings Mustangs,0,0,0,0,0,0,0,NA,NA,NA,NA,NA,0,NA,NA,NA,NA,NA,2022,pitcher,0,NA,NA,NA,NA,NA,NA,NA,NA,6.188213484242365,1.2197287540247828,4.968484730217582,NA
124,H Dollander,Great Falls Voyagers,1.35,2,0,2,2,0,13.333333333333334,6,3,2,1,12,8.1,1,0.53,51,NA,2,2022,pitcher,13.1,0.6749999999999999,0.6749999999999999,4.05,12,0.23529411764705882,0.0196078431372549,0.21568627450980393,1,6.188213484242365,1.2197287540247828,4.968484730217582,4.818484730217581
125,A Don,Idaho Falls Chukars,0,0,0,0,0,0,0,NA,NA,NA,NA,NA,0,NA,NA,NA,NA,NA,2022,pitcher,0,NA,NA,NA,NA,NA,NA,NA,NA,6.188213484242365,1.2197287540247828,4.968484730217582,NA
1,A Villa,Missoula PaddleHeads,2.82,13,1,18,18,0,108.66666666666667,99,40,34,35,129,10.68,9,1.23,451,7,5,2023,pitcher,108.2,2.8987730061349692,0.7453987730061349,8.199386503067485,3.6857142857142855,0.2860310421286031,0.07760532150776053,0.20842572062084255,1,6.532585219269415,1.7438257113343976,4.788759507935017,4.595507974192686
2,A Schneider,Colorado Springs Sky Sox,7,5,9,19,18,0,100.33333333333333,128,88,78,46,93,8.34,16,1.73,470,16,11,2023,pitcher,100.1,4.12624584717608,1.435215946843854,11.481727574750831,2.0217391304347827,0.19787234042553192,0.09787234042553192,0.1,0.9473684210526315,6.532585219269415,1.7438257113343976,4.788759507935017,6.712347547802127
3,P Long,Rocky Mountain Vibes,5.96,9,4,19,18,0,99.66666666666667,127,73,66,43,67,6.05,9,1.71,470,5,9,2023,pitcher,99.2,3.882943143812709,0.8127090301003345,11.468227424749163,1.558139534883721,0.1425531914893617,0.09148936170212765,0.05106382978723406,0.9473684210526315,6.532585219269415,1.7438257113343976,4.788759507935017,6.183408337366456
4,J Kleinsorge,Grand Junction Jackalopes,4.17,8,2,18,17,0,99.33333333333333,108,60,46,33,113,10.24,14,1.42,441,9,6,2023,pitcher,99.1,2.9899328859060406,1.2684563758389262,9.78523489932886,3.4242424242424243,0.2562358276643991,0.07482993197278912,0.18140589569161,0.9444444444444444,6.532585219269415,1.7438257113343976,4.788759507935017,5.523658836794078
5,I Fuentes,Missoula PaddleHeads,5.27,9,3,18,18,0,97.33333333333333,116,61,57,27,72,6.66,13,1.47,421,6,4,2023,pitcher,97.1,2.4965753424657535,1.202054794520548,10.726027397260275,2.6666666666666665,0.171021377672209,0.06413301662707839,0.10688836104513062,1,6.532585219269415,1.7438257113343976,4.788759507935017,6.001088275058305
6,D Silva,Idaho Falls Chukars,6.12,5,6,16,15,0,97,117,67,66,25,65,6.03,11,1.46,428,4,9,2023,pitcher,97,2.3195876288659796,1.0206185567010309,10.855670103092784,2.6,0.15186915887850466,0.05841121495327103,0.09345794392523363,0.9375,6.532585219269415,1.7438257113343976,4.788759507935017,5.974326518244296
7,C Schultz,Missoula PaddleHeads,3.82,7,3,18,17,0,96.66666666666667,87,48,41,26,91,8.47,11,1.17,403,9,4,2023,pitcher,96.2,2.4206896551724135,1.0241379310344827,8.1,3.5,0.22580645161290322,0.06451612903225806,0.16129032258064516,0.9444444444444444,6.532585219269415,1.7438257113343976,4.788759507935017,5.316345714831569
8,F Racioppo,Grand Junction Jackalopes,7.58,3,8,20,16,0,95,119,88,80,69,67,6.35,18,1.98,464,8,16,2023,pitcher,95,6.536842105263158,1.7052631578947368,11.273684210526316,0.9710144927536232,0.14439655172413793,0.14870689655172414,-0.0043103448275862155,0.8,6.532585219269415,1.7438257113343976,4.788759507935017,8.525601613198175
9,T Naumann,Great Falls Voyagers,7.16,3,7,22,18,0,93,139,93,74,37,70,6.77,14,1.89,466,15,4,2023,pitcher,93,3.5806451612903225,1.3548387096774193,13.451612903225806,1.8918918918918919,0.15021459227467812,0.07939914163090128,0.07081545064377684,0.8181818181818182,6.532585219269415,1.7438257113343976,4.788759507935017,6.562953056322114
10,B Gilliam,Ogden Raptors,6.26,9,6,18,18,0,92,117,73,64,30,88,8.61,12,1.6,424,7,9,2023,pitcher,92,2.9347826086956523,1.173913043478261,11.445652173913043,2.933333333333333,0.20754716981132076,0.07075471698113207,0.1367924528301887,1,6.532585219269415,1.7438257113343976,4.788759507935017,5.843107334021974
11,C Day,Rocky Mountain Vibes,7,8,6,20,18,0,91.33333333333333,125,79,71,39,62,6.11,13,1.8,431,7,7,2023,pitcher,91.1,3.843065693430657,1.281021897810219,12.317518248175183,1.5897435897435896,0.14385150812064965,0.09048723897911833,0.05336426914153132,0.9,6.532585219269415,1.7438257113343976,4.788759507935017,6.792409142971514
12,J Pintaro,Glacier Range Riders,6.95,5,6,21,14,0,90.66666666666667,114,79,70,33,86,8.54,16,1.62,424,8,15,2023,pitcher,90.2,3.2757352941176467,1.588235294117647,11.316176470588236,2.606060606060606,0.2028301886792453,0.07783018867924528,0.125,0.6666666666666666,6.532585219269415,1.7438257113343976,4.788759507935017,6.774053625582076
13,N Barros,Glacier Range Riders,4.58,9,5,22,15,0,90.33333333333333,94,53,46,42,92,9.17,10,1.51,410,5,7,2023,pitcher,90.1,4.184501845018451,0.996309963099631,9.365313653136532,2.1904761904761907,0.22439024390243903,0.1024390243902439,0.12195121951219513,0.6818181818181818,6.532585219269415,1.7438257113343976,4.788759507935017,5.818279803137969
14,A Smith,Boise Hawks,6.6,5,6,16,16,0,90,102,77,66,47,55,5.5,12,1.66,418,4,6,2023,pitcher,90,4.7,1.2,10.2,1.1702127659574468,0.13157894736842105,0.11244019138755981,0.019138755980861233,1,6.532585219269415,1.7438257113343976,4.788759507935017,7.066537285712795
15,M Tindall,Colorado Springs Sky Sox,5.82,7,3,21,16,0,86.66666666666667,120,78,56,36,61,6.33,11,1.8,419,6,12,2023,pitcher,86.2,3.738461538461538,1.1423076923076922,12.461538461538462,1.6944444444444444,0.14558472553699284,0.08591885441527446,0.05966587112171838,0.7619047619047619,6.532585219269415,1.7438257113343976,4.788759507935017,6.692605661781171
16,T Morrill,Rocky Mountain Vibes,8.9,4,10,22,15,2,86,110,104,85,78,107,11.2,8,2.19,448,8,10,2023,pitcher,86,8.162790697674419,0.8372093023255814,11.511627906976743,1.3717948717948718,0.23883928571428573,0.17410714285714285,0.06473214285714288,0.6818181818181818,6.532585219269415,1.7438257113343976,4.788759507935017,6.579457182353622
17,P Maybach,Billings Mustangs,5.51,4,3,16,16,0,85,95,70,52,33,70,7.41,6,1.51,389,7,13,2023,pitcher,85,3.4941176470588236,0.6352941176470588,10.058823529411764,2.121212121212121,0.17994858611825193,0.08483290488431877,0.09511568123393316,1,6.532585219269415,1.7438257113343976,4.788759507935017,5.682877154993841
18,T Walker,Idaho Falls Chukars,10.15,3,11,18,17,0,83.33333333333333,134,98,94,54,61,6.59,21,2.26,433,6,7,2023,pitcher,83.1,5.832000000000001,2.2680000000000002,14.472000000000001,1.1296296296296295,0.14087759815242495,0.12471131639722864,0.016166281755196313,0.9444444444444444,6.532585219269415,1.7438257113343976,4.788759507935017,8.796759507935018
19,C Jessee,Colorado Springs Sky Sox,6.33,2,2,26,16,0,81,106,67,57,68,85,9.44,9,2.15,414,15,9,2023,pitcher,81,7.555555555555555,1,11.777777777777779,1.25,0.20531400966183574,0.1642512077294686,0.04106280193236714,0.6153846153846154,6.532585219269415,1.7438257113343976,4.788759507935017,6.986290372132548
19,M Voelker,Boise Hawks,6.78,7,5,17,16,0,81,123,70,61,35,42,4.67,19,1.95,398,6,4,2023,pitcher,81,3.888888888888889,2.111111111111111,13.666666666666666,1.2,0.10552763819095477,0.08793969849246232,0.017587939698492455,0.9411764705882353,6.532585219269415,1.7438257113343976,4.788759507935017,8.245549631391807
21,K Patel,Billings Mustangs,5.11,4,5,16,15,0,79.33333333333333,87,51,45,35,69,7.83,8,1.54,354,6,2,2023,pitcher,79.1,3.9705882352941178,0.9075630252100841,9.869747899159664,1.9714285714285715,0.19491525423728814,0.09887005649717515,0.096045197740113,0.9375,6.532585219269415,1.7438257113343976,4.788759507935017,5.759347743229135
21,B Spears,Boise Hawks,5.11,9,6,16,16,0,79.33333333333333,75,50,45,34,69,7.83,6,1.37,362,6,18,2023,pitcher,79.1,3.857142857142857,0.680672268907563,8.508403361344538,2.0294117647058822,0.19060773480662985,0.09392265193370165,0.0966850828729282,1,6.532585219269415,1.7438257113343976,4.788759507935017,5.998843541548463
23,L Trueman,Billings Mustangs,5.95,4,5,16,14,0,78.66666666666667,103,56,52,25,42,4.81,12,1.63,350,1,3,2023,pitcher,78.2,2.8601694915254234,1.3728813559322033,11.783898305084746,1.68,0.12,0.07142857142857142,0.04857142857142857,0.875,6.532585219269415,1.7438257113343976,4.788759507935017,6.7718103553926445
24,N Zegna,Glacier Range Riders,5.99,5,4,15,15,0,76.66666666666667,101,57,51,25,49,5.75,10,1.64,353,5,5,2023,pitcher,76.2,2.934782608695652,1.1739130434782608,11.856521739130434,1.96,0.1388101983002833,0.0708215297450425,0.0679886685552408,1,6.532585219269415,1.7438257113343976,4.788759507935017,6.3800638557611045
25,J Mullholland,Ogden Raptors,5.59,8,1,15,15,0,75.66666666666667,114,54,47,30,69,8.21,11,1.9,362,7,NA,2023,pitcher,75.2,3.568281938325991,1.3083700440528634,13.559471365638766,2.3,0.19060773480662985,0.08287292817679558,0.10773480662983427,1,6.532585219269415,1.7438257113343976,4.788759507935017,NA
26,W Buraconak,Colorado Springs Sky Sox,6.84,6,4,17,12,0,75,89,64,57,34,65,7.8,13,1.64,348,5,6,2023,pitcher,75,4.08,1.56,10.68,1.911764705882353,0.1867816091954023,0.09770114942528736,0.08908045977011493,0.7058823529411765,6.532585219269415,1.7438257113343976,4.788759507935017,6.9087595079350175
27,J Diaz,Colorado Springs Sky Sox,8.63,2,4,24,11,0,73,106,75,70,50,73,9,16,2.14,370,4,9,2023,pitcher,73,6.164383561643835,1.9726027397260273,13.068493150684931,1.46,0.1972972972972973,0.13513513513513514,0.062162162162162166,0.4583333333333333,6.532585219269415,1.7438257113343976,4.788759507935017,8.062732110674744
28,T Jackson,Billings Mustangs,4.78,4,3,28,4,4,69.66666666666667,68,48,37,40,86,11.11,9,1.55,323,12,7,2023,pitcher,69.2,5.167464114832535,1.1626794258373205,8.78468899521531,2.15,0.26625386996904027,0.1238390092879257,0.14241486068111459,0.14285714285714285,6.532585219269415,1.7438257113343976,4.788759507935017,6.023209268700567
29,K Pindel,Boise Hawks,6.62,3,2,14,14,0,66.66666666666667,92,53,49,23,58,7.83,6,1.72,305,4,2,2023,pitcher,66.2,3.105,0.8099999999999999,12.42,2.5217391304347827,0.1901639344262295,0.07540983606557378,0.11475409836065573,1,6.532585219269415,1.7438257113343976,4.788759507935017,5.343759507935017
29,M Stone,Ogden Raptors,5.26,4,5,14,13,0,66.66666666666667,68,46,39,32,81,10.93,10,1.5,304,5,4,2023,pitcher,66.2,4.319999999999999,1.3499999999999999,9.18,2.53125,0.26644736842105265,0.10526315789473684,0.16118421052631582,0.9285714285714286,6.532585219269415,1.7438257113343976,4.788759507935017,5.928759507935017
31,B Held,Great Falls Voyagers,5.89,4,5,17,10,0,65.66666666666667,76,48,43,28,79,10.83,14,1.58,304,7,5,2023,pitcher,65.2,3.8375634517766493,1.9187817258883246,10.416243654822335,2.8214285714285716,0.2598684210526316,0.09210526315789473,0.16776315789473684,0.5882352941176471,6.532585219269415,1.7438257113343976,4.788759507935017,6.661855954635525
32,M Harris,Billings Mustangs,5.51,3,7,28,4,0,65.33333333333333,86,51,40,13,60,8.27,10,1.52,296,1,2,2023,pitcher,65.1,1.7908163265306123,1.3775510204081634,11.846938775510205,4.615384615384615,0.20270270270270271,0.04391891891891892,0.1587837837837838,0.14285714285714285,6.532585219269415,1.7438257113343976,4.788759507935017,5.630596242628895
33,C Minchey,Great Falls Voyagers,4.18,3,4,13,11,0,64.66666666666667,76,44,30,9,37,5.15,6,1.31,281,4,6,2023,pitcher,64.2,1.2525773195876289,0.8350515463917525,10.577319587628866,4.111111111111111,0.13167259786476868,0.03202846975088968,0.09964412811387899,0.8461538461538461,6.532585219269415,1.7438257113343976,4.788759507935017,5.546491466697904
34,G Blackman,Great Falls Voyagers,5.8,3,5,19,9,0,63.666666666666664,83,55,41,27,47,6.64,5,1.73,304,8,2,2023,pitcher,63.2,3.816753926701571,0.7068062827225131,11.732984293193718,1.7407407407407407,0.15460526315789475,0.08881578947368421,0.06578947368421054,0.47368421052631576,6.532585219269415,1.7438257113343976,4.788759507935017,5.699754272332923
34,Z Ottinger,Rocky Mountain Vibes,4.95,5,0,18,9,0,63.666666666666664,79,41,35,28,36,5.09,9,1.68,296,1,7,2023,pitcher,63.2,3.9581151832460733,1.2722513089005236,11.167539267015707,1.2857142857142858,0.12162162162162163,0.0945945945945946,0.02702702702702703,0.5,6.532585219269415,1.7438257113343976,4.788759507935017,7.1447804503433945
36,P Miner,Glacier Range Riders,6.25,6,4,13,11,0,63.333333333333336,96,57,44,15,49,6.96,9,1.75,297,5,3,2023,pitcher,63.1,2.131578947368421,1.2789473684210526,13.642105263157895,3.2666666666666666,0.16498316498316498,0.050505050505050504,0.11447811447811448,0.8461538461538461,6.532585219269415,1.7438257113343976,4.788759507935017,5.941391086882386
37,A Bloebaum,Grand Junction Jackalopes,6.86,2,3,16,9,0,63,80,54,48,25,74,10.57,11,1.67,295,5,4,2023,pitcher,63,3.5714285714285716,1.5714285714285714,11.428571428571429,2.96,0.25084745762711863,0.0847457627118644,0.16610169491525423,0.5625,6.532585219269415,1.7438257113343976,4.788759507935017,6.090346809522319
38,P Arevalo,Ogden Raptors,5.11,5,3,12,12,0,61.666666666666664,60,39,35,22,50,7.3,11,1.33,263,NA,4,2023,pitcher,61.2,3.210810810810811,1.6054054054054054,8.756756756756758,2.272727272727273,0.19011406844106463,0.08365019011406843,0.10646387832699619,1,6.532585219269415,1.7438257113343976,4.788759507935017,6.7509216700971795
38,K Bartlett,Grand Junction Jackalopes,8.76,2,3,21,3,2,61.666666666666664,97,65,60,26,52,7.59,9,1.99,309,4,4,2023,pitcher,61.2,3.794594594594595,1.3135135135135136,14.156756756756756,2,0.16828478964401294,0.08414239482200647,0.08414239482200647,0.14285714285714285,6.532585219269415,1.7438257113343976,4.788759507935017,6.459029778205288
40,J White,Glacier Range Riders,7.04,3,7,14,13,0,61.333333333333336,79,58,48,36,69,10.13,6,1.88,292,2,NA,2023,pitcher,61.1,5.282608695652174,0.8804347826086956,11.592391304347826,1.9166666666666667,0.2363013698630137,0.1232876712328767,0.113013698630137,0.9285714285714286,6.532585219269415,1.7438257113343976,4.788759507935017,NA
41,D Baird,Idaho Falls Chukars,10.24,1,7,21,8,0,60.666666666666664,109,72,69,39,53,7.86,9,2.44,330,16,7,2023,pitcher,60.2,5.785714285714286,1.3351648351648353,16.17032967032967,1.358974358974359,0.1606060606060606,0.11818181818181818,0.042424242424242434,0.38095238095238093,6.532585219269415,1.7438257113343976,4.788759507935017,7.244803463978974
41,V Rodriguez,Idaho Falls Chukars,8.16,3,2,30,3,0,60.666666666666664,85,65,55,34,56,8.31,4,1.96,303,6,7,2023,pitcher,60.2,5.043956043956044,0.5934065934065934,12.60989010989011,1.6470588235294117,0.1848184818481848,0.11221122112211221,0.0726072607260726,0.1,6.532585219269415,1.7438257113343976,4.788759507935017,5.827221046396556
43,C Allen,Grand Junction Jackalopes,6.9,2,6,13,12,0,60,76,50,46,33,49,7.35,9,1.82,282,4,1,2023,pitcher,60,4.95,1.35,11.4,1.4848484848484849,0.17375886524822695,0.11702127659574468,0.05673758865248227,0.9230769230769231,6.532585219269415,1.7438257113343976,4.788759507935017,6.805426174601684
44,G Gorrell,Boise Hawks,5.49,4,1,16,2,1,57.333333333333336,69,37,35,20,54,8.48,5,1.55,255,3,NA,2023,pitcher,57.1,3.13953488372093,0.7848837209302325,10.831395348837209,2.7,0.21176470588235294,0.0784313725490196,0.13333333333333333,0.125,6.532585219269415,1.7438257113343976,4.788759507935017,NA
44,D Gotto,Idaho Falls Chukars,8.16,3,6,11,11,0,57.333333333333336,97,65,52,20,34,5.34,9,2.04,292,3,6,2023,pitcher,57.1,3.13953488372093,1.4127906976744184,15.226744186046512,1.7,0.11643835616438356,0.0684931506849315,0.04794520547945205,1,6.532585219269415,1.7438257113343976,4.788759507935017,7.003875787004785
46,J Clark,Glacier Range Riders,6.79,5,3,13,11,0,57,71,53,43,30,49,7.74,14,1.77,273,4,7,2023,pitcher,57,4.7368421052631575,2.210526315789474,11.210526315789474,1.6333333333333333,0.1794871794871795,0.10989010989010989,0.0695970695970696,0.8461538461538461,6.532585219269415,1.7438257113343976,4.788759507935017,8.209812139513964
46,A Garcia,Missoula PaddleHeads,5.53,3,3,32,5,9,57,51,39,35,36,76,12,3,1.53,264,18,6,2023,pitcher,57,5.684210526315789,0.47368421052631576,8.052631578947368,2.111111111111111,0.2878787878787879,0.13636363636363635,0.15151515151515155,0.15625,6.532585219269415,1.7438257113343976,4.788759507935017,5.016829683373614
48,B Bagshaw,Idaho Falls Chukars,8.73,0,5,29,5,5,55.666666666666664,83,64,54,39,36,5.82,9,2.19,294,11,6,2023,pitcher,55.2,6.3053892215568865,1.4550898203592815,13.419161676646707,0.9230769230769231,0.12244897959183673,0.1326530612244898,-0.010204081632653073,0.1724137931034483,6.532585219269415,1.7438257113343976,4.788759507935017,8.022292442066753
49,K Pilot,Missoula PaddleHeads,3.95,8,1,9,9,0,54.666666666666664,54,27,24,21,46,7.57,5,1.37,227,4,5,2023,pitcher,54.2,3.457317073170732,0.8231707317073171,8.890243902439025,2.1904761904761907,0.2026431718061674,0.09251101321585903,0.11013215859030837,1,6.532585219269415,1.7438257113343976,4.788759507935017,5.72168633720331
49,J Slocum,Idaho Falls Chukars,9.22,2,7,16,9,0,54.666666666666664,96,74,56,22,30,4.94,8,2.16,290,3,8,2023,pitcher,54.2,3.6219512195121952,1.3170731707317074,15.804878048780488,1.3636363636363635,0.10344827586206896,0.07586206896551724,0.027586206896551724,0.5625,6.532585219269415,1.7438257113343976,4.788759507935017,7.239979020130139
49,R Widell,Boise Hawks,5.27,5,3,11,11,0,54.666666666666664,63,39,32,28,56,9.22,6,1.66,255,4,4,2023,pitcher,54.2,4.609756097560976,0.9878048780487805,10.371951219512196,2,0.2196078431372549,0.10980392156862745,0.10980392156862745,1,6.532585219269415,1.7438257113343976,4.788759507935017,5.922905849398433
52,Z Penrod,Missoula PaddleHeads,2.98,4,1,13,10,2,54.333333333333336,39,29,18,32,65,10.77,8,1.31,236,2,1,2023,pitcher,54.1,5.300613496932515,1.3251533742331287,6.460122699386503,2.03125,0.2754237288135593,0.13559322033898305,0.13983050847457626,0.7692307692307693,6.532585219269415,1.7438257113343976,4.788759507935017,6.132317790143606
52,C Stratton,Ogden Raptors,7.79,1,5,20,4,1,54.333333333333336,68,58,47,34,60,9.94,10,1.88,269,11,3,2023,pitcher,54.1,5.631901840490797,1.656441717791411,11.263803680981594,1.7647058823529411,0.22304832713754646,0.12639405204460966,0.09665427509293681,0.2,6.532585219269415,1.7438257113343976,4.788759507935017,7.015753372965692
54,E Baram,Ogden Raptors,6.88,3,6,14,9,0,53.666666666666664,64,44,41,23,40,6.71,9,1.62,250,6,11,2023,pitcher,53.2,3.857142857142857,1.5093167701863355,10.732919254658386,1.7391304347826086,0.16,0.092,0.068,0.6428571428571429,6.532585219269415,1.7438257113343976,4.788759507935017,7.378821619736259
54,J Dicenso,Idaho Falls Chukars,11.24,1,5,14,14,0,53.666666666666664,84,71,67,38,44,7.38,9,2.27,289,12,7,2023,pitcher,53.2,6.372670807453416,1.5093167701863355,14.08695652173913,1.1578947368421053,0.1522491349480969,0.1314878892733564,0.020761245674740497,1,6.532585219269415,1.7438257113343976,4.788759507935017,7.84466012905303
56,B Pooler,Great Falls Voyagers,7.79,2,3,19,7,2,52,77,48,45,21,54,9.35,6,1.88,253,4,5,2023,pitcher,52,3.6346153846153846,1.0384615384615385,13.326923076923077,2.5714285714285716,0.2134387351778656,0.08300395256916997,0.13043478260869562,0.3684210526315789,6.532585219269415,1.7438257113343976,4.788759507935017,5.711836431011941
57,J Cunningham,Rocky Mountain Vibes,5.96,3,3,48,1,1,51.333333333333336,72,43,34,16,27,4.73,3,1.71,242,3,7,2023,pitcher,51.1,2.8051948051948052,0.525974025974026,12.623376623376624,1.6875,0.1115702479338843,0.06611570247933884,0.045454545454545456,0.020833333333333332,6.532585219269415,1.7438257113343976,4.788759507935017,5.84070755988307
58,M Guzman,Rocky Mountain Vibes,9.41,4,2,23,4,0,50.666666666666664,70,61,53,41,60,10.66,7,2.19,269,11,6,2023,pitcher,50.2,7.282894736842105,1.243421052631579,12.43421052631579,1.4634146341463414,0.22304832713754646,0.1524163568773234,0.07063197026022305,0.17391304347826086,6.532585219269415,1.7438257113343976,4.788759507935017,6.999285823724492
58,E Swanson,Missoula PaddleHeads,2.66,4,2,32,0,0,50.666666666666664,43,16,15,28,61,10.84,3,1.4,223,5,7,2023,pitcher,50.2,4.973684210526316,0.5328947368421053,7.6381578947368425,2.1785714285714284,0.273542600896861,0.12556053811659193,0.14798206278026907,0,6.532585219269415,1.7438257113343976,4.788759507935017,5.222970034250807
60,B Kaminer,Colorado Springs Sky Sox,9.18,5,4,15,9,0,50,68,59,51,43,35,6.3,10,2.22,263,5,5,2023,pitcher,50,7.74,1.8,12.24,0.813953488372093,0.13307984790874525,0.1634980988593156,-0.030418250950570352,0.6,6.532585219269415,1.7438257113343976,4.788759507935017,8.868759507935017
60,C Linton,Colorado Springs Sky Sox,4.86,3,4,42,0,0,50,49,39,27,31,66,11.88,8,1.6,235,6,4,2023,pitcher,50,5.58,1.44,8.82,2.129032258064516,0.28085106382978725,0.13191489361702127,0.14893617021276598,0,6.532585219269415,1.7438257113343976,4.788759507935017,6.328759507935017
60,R Ottesen,Ogden Raptors,8.1,3,0,24,2,0,50,70,47,45,27,50,9,7,1.94,247,5,1,2023,pitcher,50,4.86,1.26,12.6,1.8518518518518519,0.20242914979757085,0.10931174089068826,0.09311740890688258,0.08333333333333333,6.532585219269415,1.7438257113343976,4.788759507935017,6.288759507935017
63,C Wills,Colorado Springs Sky Sox,5.14,3,4,45,0,13,49,59,40,28,25,65,11.94,7,1.71,232,10,1,2023,pitcher,49,4.591836734693878,1.2857142857142858,10.83673469387755,2.6,0.2801724137931034,0.10775862068965517,0.17241379310344826,0,6.532585219269415,1.7438257113343976,4.788759507935017,5.584677875281956
64,J Gonzalez,Idaho Falls Chukars,4.34,3,0,14,5,0,47.666666666666664,65,34,23,14,41,7.74,5,1.66,225,5,5,2023,pitcher,47.2,2.6433566433566433,0.9440559440559441,12.272727272727273,2.9285714285714284,0.18222222222222223,0.06222222222222222,0.12000000000000001,0.35714285714285715,6.532585219269415,1.7438257113343976,4.788759507935017,5.6279203470958565
64,M Timmins,Missoula PaddleHeads,4.72,6,1,21,3,0,47.666666666666664,53,26,25,13,44,8.31,6,1.38,209,NA,4,2023,pitcher,47.2,2.4545454545454546,1.132867132867133,10.006993006993007,3.3846153846153846,0.21052631578947367,0.06220095693779904,0.14832535885167464,0.14285714285714285,6.532585219269415,1.7438257113343976,4.788759507935017,5.648899368074877
66,C Macca,Rocky Mountain Vibes,7.99,1,6,40,2,3,47.333333333333336,67,47,42,35,35,6.65,5,2.15,242,3,6,2023,pitcher,47.1,6.654929577464788,0.9507042253521126,12.73943661971831,1,0.1446280991735537,0.1446280991735537,0,0.05,6.532585219269415,1.7438257113343976,4.788759507935017,7.28171725441389
67,E McRae,Billings Mustangs,7.85,4,1,12,9,0,47,59,48,41,28,36,6.89,7,1.85,232,10,5,2023,pitcher,47,5.361702127659575,1.3404255319148937,11.297872340425531,1.2857142857142858,0.15517241379310345,0.1206896551724138,0.034482758620689655,0.75,6.532585219269415,1.7438257113343976,4.788759507935017,7.299397805807358
67,M Shill,Ogden Raptors,6.7,2,0,41,0,0,47,73,41,35,20,43,8.23,7,1.98,233,3,6,2023,pitcher,47,3.8297872340425534,1.3404255319148937,13.97872340425532,2.15,0.18454935622317598,0.08583690987124463,0.09871244635193134,0,6.532585219269415,1.7438257113343976,4.788759507935017,6.554716954743528
69,R Brown,Idaho Falls Chukars,9.2,3,0,28,0,1,46,73,54,47,24,31,6.07,10,2.11,242,5,9,2023,pitcher,46,4.695652173913044,1.9565217391304348,14.282608695652174,1.2916666666666667,0.128099173553719,0.09917355371900827,0.02892561983471073,0,6.532585219269415,1.7438257113343976,4.788759507935017,8.419194290543713
70,J Evans,Billings Mustangs,9.07,2,4,11,9,0,45.666666666666664,54,46,46,38,24,4.73,6,2.01,224,5,9,2023,pitcher,45.2,7.489051094890511,1.1824817518248176,10.642335766423358,0.631578947368421,0.10714285714285714,0.16964285714285715,-0.06250000000000001,0.8181818181818182,6.532585219269415,1.7438257113343976,4.788759507935017,8.533285055380272
70,M Sox,Boise Hawks,6.9,1,5,12,10,1,45.666666666666664,55,39,35,21,39,7.69,10,1.66,215,2,5,2023,pitcher,45.2,4.138686131386861,1.9708029197080292,10.83941605839416,1.8571428571428572,0.1813953488372093,0.09767441860465116,0.08372093023255815,0.8333333333333334,6.532585219269415,1.7438257113343976,4.788759507935017,7.635474836402171
72,M Peterson,Boise Hawks,7.94,3,2,19,0,2,45.333333333333336,73,46,40,9,36,7.15,9,1.81,214,2,4,2023,pitcher,45.1,1.7867647058823528,1.7867647058823528,14.492647058823529,4,0.16822429906542055,0.04205607476635514,0.1261682242990654,0,6.532585219269415,1.7438257113343976,4.788759507935017,6.641700684405605
73,D Day,Missoula PaddleHeads,4.2,4,2,9,9,0,45,47,27,21,14,48,9.6,4,1.36,192,1,6,2023,pitcher,45,2.8,0.8,9.4,3.4285714285714284,0.25,0.07291666666666667,0.17708333333333331,1,6.532585219269415,1.7438257113343976,4.788759507935017,5.1443150634905725
73,A Dill,Missoula PaddleHeads,6.8,3,2,20,2,1,45,68,43,34,18,54,10.8,5,1.91,219,6,1,2023,pitcher,45,3.6,1,13.6,3,0.2465753424657534,0.0821917808219178,0.1643835616438356,0.1,6.532585219269415,1.7438257113343976,4.788759507935017,5.099870619046128
75,B Traxel,Rocky Mountain Vibes,5.64,2,3,9,9,0,44.666666666666664,66,30,28,13,34,6.85,4,1.77,205,2,1,2023,pitcher,44.2,2.619402985074627,0.8059701492537313,13.298507462686567,2.6153846153846154,0.16585365853658537,0.06341463414634146,0.10243902439024391,1,6.532585219269415,1.7438257113343976,4.788759507935017,5.370849060173823
76,J Coleman,Glacier Range Riders,2.86,5,0,41,0,8,44,33,14,14,12,58,11.86,6,1.02,179,4,7,2023,pitcher,44,2.4545454545454546,1.2272727272727273,6.75,4.833333333333333,0.3240223463687151,0.0670391061452514,0.2569832402234637,0,6.532585219269415,1.7438257113343976,4.788759507935017,5.220577689753199
77,N Alexander,Boise Hawks,3.09,2,1,27,0,9,43.666666666666664,44,19,15,14,46,9.48,3,1.33,185,4,3,2023,pitcher,43.2,2.885496183206107,0.6183206106870229,9.068702290076336,3.2857142857142856,0.24864864864864866,0.07567567567567568,0.17297297297297298,0,6.532585219269415,1.7438257113343976,4.788759507935017,4.74295798121746
78,D Marrufo,Boise Hawks,6.91,2,0,34,0,3,43,54,36,33,30,33,6.91,4,1.95,219,6,10,2023,pitcher,43,6.27906976744186,0.8372093023255814,11.30232558139535,1.1,0.1506849315068493,0.136986301369863,0.0136986301369863,0,6.532585219269415,1.7438257113343976,4.788759507935017,7.253875787004785
79,K McGinnis,Billings Mustangs,5.91,4,2,31,0,0,42.666666666666664,43,31,28,33,40,8.44,5,1.78,206,14,7,2023,pitcher,42.2,6.9609375,1.0546875,9.0703125,1.2121212121212122,0.1941747572815534,0.16019417475728157,0.03398058252427183,0,6.532585219269415,1.7438257113343976,4.788759507935017,7.249697007935017
79,M Quigley,Glacier Range Riders,6.12,1,4,36,0,2,42.666666666666664,60,34,29,14,33,6.96,5,1.73,200,4,1,2023,pitcher,42.2,2.953125,1.0546875,12.65625,2.357142857142857,0.165,0.07,0.095,0,6.532585219269415,1.7438257113343976,4.788759507935017,5.820009507935017
81,S Gustafson,Great Falls Voyagers,7.65,1,3,15,7,0,42.333333333333336,68,46,36,20,31,6.59,5,2.08,220,1,6,2023,pitcher,42.1,4.251968503937007,1.0629921259842519,14.456692913385826,1.55,0.1409090909090909,0.09090909090909091,0.04999999999999999,0.4666666666666667,6.532585219269415,1.7438257113343976,4.788759507935017,6.702145334706671
81,N Jenkins,Billings Mustangs,6.17,2,2,36,0,2,42.333333333333336,58,38,29,20,42,8.93,5,1.84,203,9,2,2023,pitcher,42.1,4.251968503937007,1.0629921259842519,12.330708661417322,2.1,0.20689655172413793,0.09852216748768473,0.1083743842364532,0,6.532585219269415,1.7438257113343976,4.788759507935017,5.898995728407458
81,H Schilperoort,Billings Mustangs,3.19,3,1,36,0,8,42.333333333333336,37,16,15,14,55,11.69,3,1.2,180,5,5,2023,pitcher,42.1,2.9763779527559056,0.6377952755905512,7.866141732283464,3.9285714285714284,0.3055555555555556,0.07777777777777778,0.2277777777777778,0,6.532585219269415,1.7438257113343976,4.788759507935017,4.458050846517694
84,N Draves,Colorado Springs Sky Sox,4.71,1,1,24,5,0,42,55,25,22,14,45,9.64,3,1.64,198,6,5,2023,pitcher,42,3,0.6428571428571429,11.785714285714286,3.2142857142857144,0.22727272727272727,0.0707070707070707,0.15656565656565657,0.20833333333333334,6.532585219269415,1.7438257113343976,4.788759507935017,4.931616650792161
85,C Thompson,Missoula PaddleHeads,4.46,1,4,37,0,1,40.333333333333336,35,23,20,17,40,8.93,2,1.29,180,6,3,2023,pitcher,40.1,3.7933884297520657,0.44628099173553715,7.8099173553719,2.3529411764705883,0.2222222222222222,0.09444444444444444,0.12777777777777777,0,6.532585219269415,1.7438257113343976,4.788759507935017,4.93751983851353
86,R Hamby,Glacier Range Riders,7.03,2,3,9,8,0,39.666666666666664,54,42,31,20,33,7.49,4,1.87,198,6,2,2023,pitcher,39.2,4.53781512605042,0.9075630252100841,12.252100840336135,1.65,0.16666666666666666,0.10101010101010101,0.06565656565656565,0.8888888888888888,6.532585219269415,1.7438257113343976,4.788759507935017,6.099683877682916
86,J Walker,Colorado Springs Sky Sox,9.76,2,0,15,7,0,39.666666666666664,70,46,43,16,24,5.45,10,2.17,202,2,1,2023,pitcher,39.2,3.6302521008403366,2.26890756302521,15.882352941176471,1.5,0.1188118811881188,0.07920792079207921,0.0396039603960396,0.4666666666666667,6.532585219269415,1.7438257113343976,4.788759507935017,8.141700684405606
88,J Smith,Grand Junction Jackalopes,13.38,1,2,17,4,0,39,63,59,58,38,31,7.15,12,2.59,211,10,5,2023,pitcher,39,8.76923076923077,2.769230769230769,14.538461538461538,0.8157894736842105,0.14691943127962084,0.18009478672985782,-0.033175355450236976,0.23529411764705882,6.532585219269415,1.7438257113343976,4.788759507935017,10.506708225883735
88,B Williams,Idaho Falls Chukars,6.46,3,4,36,0,9,39,44,29,28,21,39,9,7,1.67,182,6,2,2023,pitcher,39,4.846153846153846,1.6153846153846154,10.153846153846153,1.8571428571428572,0.21428571428571427,0.11538461538461539,0.09890109890109888,0,6.532585219269415,1.7438257113343976,4.788759507935017,6.89132361049912
90,R Butz,Rocky Mountain Vibes,5.82,1,1,31,0,1,38.666666666666664,47,28,25,22,33,7.68,5,1.78,187,2,3,2023,pitcher,38.2,5.120689655172414,1.163793103448276,10.939655172413794,1.5,0.17647058823529413,0.11764705882352941,0.05882352941176472,0,6.532585219269415,1.7438257113343976,4.788759507935017,6.702552611383293
90,C Woods,Rocky Mountain Vibes,8.84,2,3,11,9,0,38.666666666666664,53,47,38,31,31,7.22,7,2.17,199,4,1,2023,pitcher,38.2,7.2155172413793105,1.6293103448275863,12.336206896551724,1,0.15577889447236182,0.15577889447236182,0,0.8181818181818182,6.532585219269415,1.7438257113343976,4.788759507935017,8.021518128624672
92,L Malone,Boise Hawks,9,2,4,22,0,0,38,62,41,38,14,28,6.63,8,2,180,6,NA,2023,pitcher,38,3.3157894736842106,1.894736842105263,14.68421052631579,2,0.15555555555555556,0.07777777777777778,0.07777777777777778,0,6.532585219269415,1.7438257113343976,4.788759507935017,NA
92,N McBride,Boise Hawks,3.55,0,1,35,0,2,38,42,16,15,22,52,12.32,3,1.68,177,5,1,2023,pitcher,38,5.2105263157894735,0.7105263157894737,9.947368421052632,2.3636363636363638,0.2937853107344633,0.12429378531073447,0.1694915254237288,0,6.532585219269415,1.7438257113343976,4.788759507935017,4.8940226658297545
94,K Dickey,Rocky Mountain Vibes,5.97,1,5,12,6,0,37.666666666666664,37,33,25,41,22,5.26,5,2.07,194,4,5,2023,pitcher,37.2,9.79646017699115,1.1946902654867257,8.840707964601771,0.5365853658536586,0.1134020618556701,0.211340206185567,-0.0979381443298969,0.5,6.532585219269415,1.7438257113343976,4.788759507935017,9.009998445988115
94,J Natoli,Glacier Range Riders,4.78,3,0,34,0,3,37.666666666666664,34,21,20,35,35,8.36,3,1.83,178,3,2,2023,pitcher,37.2,8.36283185840708,0.7168141592920354,8.123893805309734,1,0.19662921348314608,0.19662921348314608,0,0,6.532585219269415,1.7438257113343976,4.788759507935017,6.912653313244752
96,Q Waterhouse,Ogden Raptors,4.82,3,2,32,0,0,37.333333333333336,38,26,20,14,32,7.71,2,1.39,167,3,3,2023,pitcher,37.1,3.375,0.4821428571428571,9.160714285714285,2.2857142857142856,0.19161676646706588,0.08383233532934131,0.10778443113772457,0,6.532585219269415,1.7438257113343976,4.788759507935017,5.136973793649303
97,R Cloude,Glacier Range Riders,6.32,0,0,31,1,0,37,50,30,26,10,38,9.24,6,1.62,179,6,4,2023,pitcher,37,2.4324324324324325,1.4594594594594594,12.162162162162161,3.8,0.2122905027932961,0.055865921787709494,0.1564245810055866,0.03225806451612903,6.532585219269415,1.7438257113343976,4.788759507935017,5.977948697124207
97,E Kowalski,Boise Hawks,4.38,2,1,21,0,1,37,38,23,18,17,40,9.73,3,1.49,171,3,6,2023,pitcher,37,4.135135135135135,0.7297297297297297,9.243243243243244,2.3529411764705883,0.23391812865497075,0.09941520467836257,0.13450292397660818,0,6.532585219269415,1.7438257113343976,4.788759507935017,5.545516264691774
97,C Repetti,Billings Mustangs,2.43,6,1,8,6,0,37,37,15,10,14,20,4.86,4,1.38,162,4,3,2023,pitcher,37,3.4054054054054053,0.972972972972973,9,1.4285714285714286,0.12345679012345678,0.08641975308641975,0.037037037037037035,0.75,6.532585219269415,1.7438257113343976,4.788759507935017,6.49146221063772
100,C Housley,Glacier Range Riders,3.96,3,1,29,0,0,36.333333333333336,38,19,16,18,33,8.17,2,1.54,165,4,8,2023,pitcher,36.1,4.458715596330275,0.4954128440366972,9.412844036697248,1.8333333333333333,0.2,0.10909090909090909,0.09090909090909093,0,6.532585219269415,1.7438257113343976,4.788759507935017,5.834631067568045
101,J Kengott,Billings Mustangs,10.5,0,4,10,8,0,36,51,46,42,36,26,6.5,7,2.42,192,6,6,2023,pitcher,36,9,1.75,12.75,0.7222222222222222,0.13541666666666666,0.1875,-0.05208333333333334,0.8,6.532585219269415,1.7438257113343976,4.788759507935017,9.372092841268351
102,T Johnson,Grand Junction Jackalopes,8.83,3,3,20,0,0,35.666666666666664,42,39,35,25,40,10.09,7,1.88,177,7,8,2023,pitcher,35.2,6.308411214953272,1.766355140186916,10.598130841121495,1.6,0.22598870056497175,0.14124293785310735,0.0847457627118644,0,6.532585219269415,1.7438257113343976,4.788759507935017,7.872871657467728
102,D Kubiuk,Ogden Raptors,0.5,1,0,35,0,15,35.666666666666664,26,3,2,9,50,12.62,1,0.98,142,3,1,2023,pitcher,35.2,2.2710280373831777,0.25233644859813087,6.560747663551402,5.555555555555555,0.352112676056338,0.06338028169014084,0.28873239436619713,0,6.532585219269415,1.7438257113343976,4.788759507935017,3.190628666813522
104,R Robles,Glacier Range Riders,7.46,0,2,38,0,2,35,44,31,29,21,33,8.49,6,1.86,169,5,5,2023,pitcher,35,5.4,1.542857142857143,11.314285714285715,1.5714285714285714,0.1952662721893491,0.1242603550295858,0.07100591715976332,0,6.532585219269415,1.7438257113343976,4.788759507935017,7.3601880793635885
105,J LaRossa,Missoula PaddleHeads,4.5,0,0,34,0,0,34,27,18,17,22,43,11.38,4,1.44,152,5,3,2023,pitcher,34,5.823529411764706,1.0588235294117647,7.147058823529412,1.9545454545454546,0.28289473684210525,0.14473684210526316,0.1381578947368421,0,6.532585219269415,1.7438257113343976,4.788759507935017,5.994641860876194
106,F Pace,Ogden Raptors,6.42,1,2,24,1,0,33.666666666666664,45,26,24,13,23,6.15,3,1.72,160,4,1,2023,pitcher,33.2,3.4752475247524757,0.801980198019802,12.02970297029703,1.7692307692307692,0.14375,0.08125,0.062499999999999986,0.041666666666666664,6.532585219269415,1.7438257113343976,4.788759507935017,5.828363468331057
107,J Bogacz,Idaho Falls Chukars,7.02,1,2,30,0,0,33.333333333333336,44,39,26,24,34,9.18,1,2.04,172,3,1,2023,pitcher,33.1,6.4799999999999995,0.26999999999999996,11.879999999999999,1.4166666666666667,0.19767441860465115,0.13953488372093023,0.05813953488372092,0,6.532585219269415,1.7438257113343976,4.788759507935017,5.388759507935017
108,L Fuenmayor,Missoula PaddleHeads,5.45,4,2,34,0,0,33,33,20,20,18,39,10.64,3,1.55,154,1,5,2023,pitcher,33,4.909090909090909,0.8181818181818182,9,2.1666666666666665,0.2532467532467532,0.11688311688311688,0.13636363636363635,0,6.532585219269415,1.7438257113343976,4.788759507935017,5.6978504170259265
108,K Ward,Rocky Mountain Vibes,6,1,2,10,5,0,33,38,24,22,29,28,7.64,3,2.03,164,6,3,2023,pitcher,33,7.909090909090909,0.8181818181818182,10.363636363636363,0.9655172413793104,0.17073170731707318,0.17682926829268292,-0.006097560975609734,0.5,6.532585219269415,1.7438257113343976,4.788759507935017,7.182698901874412
108,T Wyatt,Idaho Falls Chukars,10.36,0,4,11,6,0,33,54,39,38,11,35,9.55,9,1.97,164,2,2,2023,pitcher,33,3,2.4545454545454546,14.727272727272727,3.1818181818181817,0.21341463414634146,0.06707317073170732,0.14634146341463414,0.5454545454545454,6.532585219269415,1.7438257113343976,4.788759507935017,7.394820113995623
111,D Landis,Colorado Springs Sky Sox,8.27,2,0,28,0,2,32.666666666666664,37,33,30,25,30,8.27,6,1.9,166,12,7,2023,pitcher,32.2,6.887755102040817,1.653061224489796,10.193877551020408,1.2,0.18072289156626506,0.15060240963855423,0.03012048192771083,0,6.532585219269415,1.7438257113343976,4.788759507935017,8.278555426302365
111,B McPherson,Billings Mustangs,5.23,3,0,8,7,0,32.666666666666664,40,19,19,14,24,6.61,1,1.65,146,5,1,2023,pitcher,32.2,3.857142857142857,0.2755102040816327,11.020408163265307,1.7142857142857142,0.1643835616438356,0.0958904109589041,0.0684931506849315,0.875,6.532585219269415,1.7438257113343976,4.788759507935017,5.094881956914609
113,M Hess,Ogden Raptors,5.34,3,1,6,5,0,32,47,24,19,10,16,4.5,3,1.78,152,6,1,2023,pitcher,32,2.8125,0.84375,13.21875,1.6,0.10526315789473684,0.06578947368421052,0.039473684210526314,0.8333333333333334,6.532585219269415,1.7438257113343976,4.788759507935017,6.038759507935017
113,M Simon,Missoula PaddleHeads,5.63,1,3,32,0,12,32,35,21,20,13,46,12.94,2,1.5,145,1,4,2023,pitcher,32,3.65625,0.5625,9.84375,3.5384615384615383,0.31724137931034485,0.0896551724137931,0.22758620689655173,0,6.532585219269415,1.7438257113343976,4.788759507935017,4.320009507935017
115,J Zigan,Idaho Falls Chukars,10.52,0,0,19,0,1,31.666666666666668,50,39,37,13,21,5.97,7,1.99,156,6,NA,2023,pitcher,31.2,3.694736842105263,1.9894736842105263,14.210526315789473,1.6153846153846154,0.1346153846153846,0.08333333333333333,0.05128205128205128,0,6.532585219269415,1.7438257113343976,4.788759507935017,NA
116,J Dobrash,Grand Junction Jackalopes,15.85,1,5,10,7,0,30.666666666666668,59,57,54,30,24,7.04,11,2.9,190,9,11,2023,pitcher,30.2,8.804347826086957,3.2282608695652173,17.315217391304348,0.8,0.12631578947368421,0.15789473684210525,-0.03157894736842104,0.7,6.532585219269415,1.7438257113343976,4.788759507935017,11.89745516010893
117,D Ross,Colorado Springs Sky Sox,8.6,2,3,26,0,0,30.333333333333332,40,30,29,17,27,8.01,4,1.88,144,NA,2,2023,pitcher,30.1,5.043956043956044,1.1868131868131868,11.868131868131869,1.588235294117647,0.1875,0.11805555555555555,0.06944444444444445,0,6.532585219269415,1.7438257113343976,4.788759507935017,6.60194632112183
118,B McCabe,Ogden Raptors,7.5,1,2,34,0,2,30,32,29,25,27,55,16.5,4,1.97,155,5,4,2023,pitcher,30,8.1,1.2,9.6,2.037037037037037,0.3548387096774194,0.17419354838709677,0.1806451612903226,0,6.532585219269415,1.7438257113343976,4.788759507935017,5.955426174601684
118,I Oxnevad,Boise Hawks,7.5,1,2,7,6,0,30,37,28,25,15,22,6.6,4,1.73,142,5,4,2023,pitcher,30,4.5,1.2,11.1,1.4666666666666666,0.15492957746478872,0.1056338028169014,0.049295774647887314,0.8571428571428571,6.532585219269415,1.7438257113343976,4.788759507935017,6.9554261746016834
120,C Runge,Missoula PaddleHeads,10.01,1,3,9,4,0,29.666666666666668,41,37,33,22,11,3.34,5,2.12,157,5,11,2023,pitcher,29.2,6.674157303370786,1.5168539325842696,12.438202247191011,0.5,0.07006369426751592,0.14012738853503184,-0.07006369426751592,0.4444444444444444,6.532585219269415,1.7438257113343976,4.788759507935017,9.575276361867601
120,N Zeglin,Rocky Mountain Vibes,3.03,3,0,6,6,0,29.666666666666668,28,10,10,9,39,11.83,1,1.25,125,2,1,2023,pitcher,29.2,2.730337078651685,0.3033707865168539,8.49438202247191,4.333333333333333,0.312,0.072,0.24,1,6.532585219269415,1.7438257113343976,4.788759507935017,3.608984227036141
122,B McFadden,Boise Hawks,5.28,1,0,30,0,0,29,30,17,17,17,29,9,3,1.62,135,2,5,2023,pitcher,29,5.275862068965517,0.9310344827586207,9.310344827586206,1.7058823529411764,0.21481481481481482,0.1259259259259259,0.0888888888888889,0,6.532585219269415,1.7438257113343976,4.788759507935017,6.409449163107431
123,C Marley,Grand Junction Jackalopes,6.59,1,0,24,0,6,28.666666666666668,39,23,21,19,25,7.85,3,2.02,142,3,2,2023,pitcher,28.2,5.965116279069767,0.9418604651162791,12.244186046511627,1.3157894736842106,0.176056338028169,0.13380281690140844,0.04225352112676056,0,6.532585219269415,1.7438257113343976,4.788759507935017,6.60271299630711
124,P Harris,Great Falls Voyagers,10.16,3,0,16,1,0,28.333333333333332,50,34,32,9,27,8.58,7,2.08,147,4,2,2023,pitcher,28.1,2.8588235294117648,2.223529411764706,15.882352941176471,3,0.1836734693877551,0.061224489795918366,0.12244897959183675,0.0625,6.532585219269415,1.7438257113343976,4.788759507935017,7.259347743229135
125,B Lorah,Great Falls Voyagers,7.39,0,2,11,3,0,28,46,29,23,9,27,8.68,6,1.96,141,3,3,2023,pitcher,28,2.892857142857143,1.9285714285714286,14.785714285714286,3,0.19148936170212766,0.06382978723404255,0.12765957446808512,0.2727272727272727,6.532585219269415,1.7438257113343976,4.788759507935017,6.93161665079216
1,E Acosta,Idaho Falls Chukars,0,0,0,0,0,0,0,NA,NA,NA,NA,NA,0,NA,NA,NA,NA,NA,2023,pitcher,0,NA,NA,NA,NA,NA,NA,NA,NA,6.532585219269415,1.7438257113343976,4.788759507935017,NA
1,J Ajamian,Billings Mustangs,0,0,0,0,0,0,0,NA,NA,NA,NA,NA,0,NA,NA,NA,NA,NA,2023,pitcher,0,NA,NA,NA,NA,NA,NA,NA,NA,6.532585219269415,1.7438257113343976,4.788759507935017,NA
1,J Akins,Missoula PaddleHeads,0,0,0,0,0,0,0,NA,NA,NA,NA,NA,0,NA,NA,NA,NA,NA,2023,pitcher,0,NA,NA,NA,NA,NA,NA,NA,NA,6.532585219269415,1.7438257113343976,4.788759507935017,NA
5,R Alexiades,Ogden Raptors,0,0,0,0,0,0,0,NA,NA,NA,NA,NA,0,NA,NA,NA,NA,NA,2023,pitcher,0,NA,NA,NA,NA,NA,NA,NA,NA,6.532585219269415,1.7438257113343976,4.788759507935017,NA
5,R Allen Jr.,Boise Hawks,0,0,0,0,0,0,0,NA,NA,NA,NA,NA,0,NA,NA,NA,NA,NA,2023,pitcher,0,NA,NA,NA,NA,NA,NA,NA,NA,6.532585219269415,1.7438257113343976,4.788759507935017,NA
8,L Almonte,Rocky Mountain Vibes,10.57,0,1,7,0,0,7.666666666666667,11,9,9,9,3,3.52,NA,2.61,42,NA,1,2023,pitcher,7.2,10.565217391304348,NA,12.91304347826087,0.3333333333333333,0.07142857142857142,0.21428571428571427,-0.14285714285714285,0,6.532585219269415,1.7438257113343976,4.788759507935017,NA
9,A Alonso,Boise Hawks,0,0,0,0,0,0,0,NA,NA,NA,NA,NA,0,NA,NA,NA,NA,NA,2023,pitcher,0,NA,NA,NA,NA,NA,NA,NA,NA,6.532585219269415,1.7438257113343976,4.788759507935017,NA
10,J Alvarez,Missoula PaddleHeads,12,0,0,2,0,0,3,2,4,4,4,2,6,1,2,16,NA,1,2023,pitcher,3,12,3,6,0.5,0.125,0.25,-0.125,0,6.532585219269415,1.7438257113343976,4.788759507935017,12.788759507935017
11,E Americaan,Rocky Mountain Vibes,0,0,0,0,0,0,0,NA,NA,NA,NA,NA,0,NA,NA,NA,NA,NA,2023,pitcher,0,NA,NA,NA,NA,NA,NA,NA,NA,6.532585219269415,1.7438257113343976,4.788759507935017,NA
13,J Ariza,Rocky Mountain Vibes,45,0,0,1,0,0,1,6,5,5,1,2,18,2,7,10,NA,NA,2023,pitcher,1,9,18,54,2,0.2,0.1,0.1,0,6.532585219269415,1.7438257113343976,4.788759507935017,NA
14,J Armstrong,Great Falls Voyagers,7.2,0,0,5,0,0,5,7,4,4,2,1,1.8,2,1.8,24,1,NA,2023,pitcher,5,3.6,3.6,12.6,0.5,0.041666666666666664,0.08333333333333333,-0.041666666666666664,0,6.532585219269415,1.7438257113343976,4.788759507935017,NA
15,E Arteaga,Boise Hawks,0,0,0,0,0,0,0,NA,NA,NA,NA,NA,0,NA,NA,NA,NA,NA,2023,pitcher,0,NA,NA,NA,NA,NA,NA,NA,NA,6.532585219269415,1.7438257113343976,4.788759507935017,NA
16,A Atwood,Great Falls Voyagers,9,0,0,1,0,0,2,1,2,2,1,NA,0,NA,1,8,2,1,2023,pitcher,2,4.5,NA,4.5,NA,NA,0.125,NA,0,6.532585219269415,1.7438257113343976,4.788759507935017,NA
17,A Baeza,Boise Hawks,0,0,0,0,0,0,0,NA,NA,NA,NA,NA,0,NA,NA,NA,NA,NA,2023,pitcher,0,NA,NA,NA,NA,NA,NA,NA,NA,6.532585219269415,1.7438257113343976,4.788759507935017,NA
20,R Baldenebro,Grand Junction Jackalopes,13.5,0,0,4,1,0,8,18,14,12,7,6,6.75,1,3.13,47,2,1,2023,pitcher,8,7.875,1.125,20.25,0.8571428571428571,0.1276595744680851,0.14893617021276595,-0.021276595744680854,0.25,6.532585219269415,1.7438257113343976,4.788759507935017,7.913759507935017
22,J Barfield,Rocky Mountain Vibes,0,0,0,0,0,0,0,NA,NA,NA,NA,NA,0,NA,NA,NA,NA,NA,2023,pitcher,0,NA,NA,NA,NA,NA,NA,NA,NA,6.532585219269415,1.7438257113343976,4.788759507935017,NA
22,S Barmakian,Rocky Mountain Vibes,0,0,0,0,0,0,0,NA,NA,NA,NA,NA,0,NA,NA,NA,NA,NA,2023,pitcher,0,NA,NA,NA,NA,NA,NA,NA,NA,6.532585219269415,1.7438257113343976,4.788759507935017,NA
24,L Barns,Ogden Raptors,4.5,0,0,2,0,0,2,4,2,1,NA,1,4.5,NA,2,11,NA,NA,2023,pitcher,2,NA,NA,18,NA,0.09090909090909091,NA,NA,0,6.532585219269415,1.7438257113343976,4.788759507935017,NA
27,C Barton,Grand Junction Jackalopes,9.49,2,0,17,1,0,24.666666666666668,41,32,26,18,13,4.74,4,2.39,131,1,NA,2023,pitcher,24.2,6.5675675675675675,1.4594594594594594,14.959459459459458,0.7222222222222222,0.09923664122137404,0.13740458015267176,-0.03816793893129772,0.058823529411764705,6.532585219269415,1.7438257113343976,4.788759507935017,NA
28,A Bates,Glacier Range Riders,0,0,0,0,0,0,0,NA,NA,NA,NA,NA,0,NA,NA,NA,NA,NA,2023,pitcher,0,NA,NA,NA,NA,NA,NA,NA,NA,6.532585219269415,1.7438257113343976,4.788759507935017,NA
29,A Becerra-Lopez,Great Falls Voyagers,4.82,0,0,9,0,0,9.333333333333334,12,9,5,8,7,6.75,NA,2.14,51,NA,2,2023,pitcher,9.1,7.7142857142857135,NA,11.571428571428571,0.875,0.13725490196078433,0.1568627450980392,-0.019607843137254888,0,6.532585219269415,1.7438257113343976,4.788759507935017,NA
30,T Benincaso,Ogden Raptors,0,NA,NA,NA,NA,NA,0,NA,NA,NA,NA,NA,0,NA,NA,NA,NA,NA,2023,pitcher,0,NA,NA,NA,NA,NA,NA,NA,NA,6.532585219269415,1.7438257113343976,4.788759507935017,NA
30,A Bernard,Missoula PaddleHeads,0,0,0,0,0,0,0,NA,NA,NA,NA,NA,0,NA,NA,NA,NA,NA,2023,pitcher,0,NA,NA,NA,NA,NA,NA,NA,NA,6.532585219269415,1.7438257113343976,4.788759507935017,NA
33,B Blessie,Great Falls Voyagers,9.31,0,0,10,0,0,9.666666666666666,9,12,10,10,15,13.97,2,1.97,51,NA,2,2023,pitcher,9.2,9.310344827586208,1.8620689655172415,8.379310344827587,1.5,0.29411764705882354,0.19607843137254902,0.09803921568627452,0,6.532585219269415,1.7438257113343976,4.788759507935017,8.099104335521226
35,K Blum,Missoula PaddleHeads,6.41,0,0,32,0,0,26.666666666666668,17,29,19,35,41,13.84,3,1.95,140,9,7,2023,pitcher,26.2,11.8125,1.0125,5.7375,1.1714285714285715,0.29285714285714287,0.25,0.04285714285714287,0,6.532585219269415,1.7438257113343976,4.788759507935017,7.901259507935017
36,C Bocchino,Great Falls Voyagers,0,0,0,0,0,0,0,NA,NA,NA,NA,NA,0,NA,NA,NA,NA,NA,2023,pitcher,0,NA,NA,NA,NA,NA,NA,NA,NA,6.532585219269415,1.7438257113343976,4.788759507935017,NA
38,B Bohning,Idaho Falls Chukars,0,0,0,0,0,0,0,NA,NA,NA,NA,NA,0,NA,NA,NA,NA,NA,2023,pitcher,0,NA,NA,NA,NA,NA,NA,NA,NA,6.532585219269415,1.7438257113343976,4.788759507935017,NA
39,B Bonner,Ogden Raptors,9,0,0,2,0,0,2,5,2,2,1,1,4.5,NA,3,12,NA,NA,2023,pitcher,2,4.5,NA,22.5,1,0.08333333333333333,0.08333333333333333,0,0,6.532585219269415,1.7438257113343976,4.788759507935017,NA
40,N Bottari,Colorado Springs Sky Sox,0,0,0,0,0,0,0,NA,NA,NA,NA,NA,0,NA,NA,NA,NA,NA,2023,pitcher,0,NA,NA,NA,NA,NA,NA,NA,NA,6.532585219269415,1.7438257113343976,4.788759507935017,NA
40,T Bouchard,Colorado Springs Sky Sox,0,0,0,0,0,0,0,NA,NA,NA,NA,NA,0,NA,NA,NA,NA,NA,2023,pitcher,0,NA,NA,NA,NA,NA,NA,NA,NA,6.532585219269415,1.7438257113343976,4.788759507935017,NA
42,N Boudreau,Boise Hawks,6.75,0,0,1,0,0,1.3333333333333333,2,1,1,3,NA,0,NA,3.75,9,1,NA,2023,pitcher,1.1,20.25,NA,13.5,NA,NA,0.3333333333333333,NA,0,6.532585219269415,1.7438257113343976,4.788759507935017,NA
43,L Bowman,Ogden Raptors,0,0,0,0,0,0,0,NA,NA,NA,NA,NA,0,NA,NA,NA,NA,NA,2023,pitcher,0,NA,NA,NA,NA,NA,NA,NA,NA,6.532585219269415,1.7438257113343976,4.788759507935017,NA
44,N Boyle,Missoula PaddleHeads,3,0,0,5,0,1,6,5,2,2,1,5,7.5,NA,1,24,NA,NA,2023,pitcher,6,1.5,NA,7.5,5,0.20833333333333334,0.041666666666666664,0.16666666666666669,0,6.532585219269415,1.7438257113343976,4.788759507935017,NA
45,A Brautman,Grand Junction Jackalopes,0,0,0,0,0,0,0,NA,NA,NA,NA,NA,0,NA,NA,NA,NA,NA,2023,pitcher,0,NA,NA,NA,NA,NA,NA,NA,NA,6.532585219269415,1.7438257113343976,4.788759507935017,NA
45,J Broughton,Ogden Raptors,0,0,0,0,0,0,0,NA,NA,NA,NA,NA,0,NA,NA,NA,NA,NA,2023,pitcher,0,NA,NA,NA,NA,NA,NA,NA,NA,6.532585219269415,1.7438257113343976,4.788759507935017,NA
47,B Brown,Great Falls Voyagers,18,0,0,2,1,0,5,13,10,10,2,2,3.6,4,3,30,NA,NA,2023,pitcher,5,3.6,7.2,23.4,1,0.06666666666666667,0.06666666666666667,0,0.5,6.532585219269415,1.7438257113343976,4.788759507935017,NA
48,B Brown,Idaho Falls Chukars,0,0,0,0,0,0,0,NA,NA,NA,NA,NA,0,NA,NA,NA,NA,NA,2023,pitcher,0,NA,NA,NA,NA,NA,NA,NA,NA,6.532585219269415,1.7438257113343976,4.788759507935017,NA
50,A Buendia,Grand Junction Jackalopes,10.5,0,0,3,0,0,6,7,7,7,5,2,3,2,2,30,NA,1,2023,pitcher,6,7.5,3,10.5,0.4,0.06666666666666667,0.16666666666666666,-0.09999999999999999,0,6.532585219269415,1.7438257113343976,4.788759507935017,11.455426174601683
53,M Byrne,Rocky Mountain Vibes,Inf,0,0,1,0,0,0,NA,2,2,2,NA,0,NA,NA,3,NA,1,2023,pitcher,0,NA,NA,NA,NA,NA,0.6666666666666666,NA,0,6.532585219269415,1.7438257113343976,4.788759507935017,NA
54,R Campbell,Rocky Mountain Vibes,11.32,0,1,3,3,0,10.333333333333334,16,13,13,10,9,7.84,2,2.52,55,5,1,2023,pitcher,10.1,8.709677419354838,1.7419354838709677,13.935483870967742,0.9,0.16363636363636364,0.18181818181818182,-0.018181818181818188,1,6.532585219269415,1.7438257113343976,4.788759507935017,8.756501443418887
55,T Candelaria,Missoula PaddleHeads,0,0,0,0,0,0,0,NA,NA,NA,NA,NA,0,NA,NA,NA,NA,NA,2023,pitcher,0,NA,NA,NA,NA,NA,NA,NA,NA,6.532585219269415,1.7438257113343976,4.788759507935017,NA
55,A Canty,Billings Mustangs,0,NA,NA,NA,NA,NA,0,NA,NA,NA,NA,NA,0,NA,NA,NA,NA,NA,2023,pitcher,0,NA,NA,NA,NA,NA,NA,NA,NA,6.532585219269415,1.7438257113343976,4.788759507935017,NA
57,B Carson,Rocky Mountain Vibes,21.6,0,1,1,1,0,1.6666666666666665,4,6,4,2,3,16.2,NA,3.6,13,NA,NA,2023,pitcher,1.2,10.8,NA,21.6,1.5,0.23076923076923078,0.15384615384615385,0.07692307692307693,1,6.532585219269415,1.7438257113343976,4.788759507935017,NA
58,C Carver,Missoula PaddleHeads,15.12,0,1,4,3,0,8.333333333333334,20,15,14,4,7,7.56,1,2.88,49,NA,NA,2023,pitcher,8.1,4.319999999999999,1.0799999999999998,21.599999999999998,1.75,0.14285714285714285,0.08163265306122448,0.061224489795918366,0.75,6.532585219269415,1.7438257113343976,4.788759507935017,NA
59,R Cash,Missoula PaddleHeads,18,0,0,1,0,0,1,2,2,2,NA,NA,0,NA,2,7,NA,2,2023,pitcher,1,NA,NA,18,NA,NA,NA,NA,0,6.532585219269415,1.7438257113343976,4.788759507935017,NA
60,M Castillo,Great Falls Voyagers,0,NA,NA,NA,NA,NA,0,NA,NA,NA,NA,NA,0,NA,NA,NA,NA,NA,2023,pitcher,0,NA,NA,NA,NA,NA,NA,NA,NA,6.532585219269415,1.7438257113343976,4.788759507935017,NA
61,A Cedano,Rocky Mountain Vibes,8.25,0,2,12,0,5,12,18,11,11,9,11,8.25,1,2.25,60,2,NA,2023,pitcher,12,6.75,0.75,13.5,1.2222222222222223,0.18333333333333332,0.15,0.033333333333333326,0,6.532585219269415,1.7438257113343976,4.788759507935017,NA
62,J Cervantes,Great Falls Voyagers,9.56,0,3,5,4,0,16,23,23,17,10,9,5.06,2,2.06,83,1,3,2023,pitcher,16,5.625,1.125,12.9375,0.9,0.10843373493975904,0.12048192771084337,-0.012048192771084335,0.8,6.532585219269415,1.7438257113343976,4.788759507935017,7.726259507935017
63,D Champagne,Ogden Raptors,27,0,0,5,0,0,4.333333333333333,7,13,13,9,6,12.46,2,3.69,30,4,1,2023,pitcher,4.1,18.692307692307693,4.153846153846154,14.53846153846154,0.6666666666666666,0.2,0.3,-0.09999999999999998,0,6.532585219269415,1.7438257113343976,4.788759507935017,14.942605661781172
64,S Charle,Rocky Mountain Vibes,3.38,0,0,11,0,1,10.666666666666666,10,4,4,6,8,6.75,1,1.5,50,1,2,2023,pitcher,10.2,5.0625,0.84375,8.4375,1.3333333333333333,0.16,0.12,0.04000000000000001,0,6.532585219269415,1.7438257113343976,4.788759507935017,6.757509507935017
65,A Chouinard,Grand Junction Jackalopes,0,0,0,0,0,0,0,NA,NA,NA,NA,NA,0,NA,NA,NA,NA,NA,2023,pitcher,0,NA,NA,NA,NA,NA,NA,NA,NA,6.532585219269415,1.7438257113343976,4.788759507935017,NA
65,P Chung,Missoula PaddleHeads,0,0,0,0,0,0,0,NA,NA,NA,NA,NA,0,NA,NA,NA,NA,NA,2023,pitcher,0,NA,NA,NA,NA,NA,NA,NA,NA,6.532585219269415,1.7438257113343976,4.788759507935017,NA
67,M Cirino,Grand Junction Jackalopes,7.42,3,2,15,2,1,26.666666666666668,32,24,22,14,28,9.45,5,1.72,128,1,3,2023,pitcher,26.2,4.725,1.6875,10.799999999999999,2,0.21875,0.109375,0.109375,0.13333333333333333,6.532585219269415,1.7438257113343976,4.788759507935017,7.038759507935017
69,J Clark,Missoula PaddleHeads,0,NA,NA,NA,NA,NA,0,NA,NA,NA,NA,0,0,NA,NA,NA,NA,NA,2023,pitcher,0,NA,NA,NA,NA,NA,NA,NA,NA,6.532585219269415,1.7438257113343976,4.788759507935017,NA
69,M Clayton,Glacier Range Riders,0,0,0,0,0,0,0,NA,NA,NA,NA,NA,0,NA,NA,NA,NA,NA,2023,pitcher,0,NA,NA,NA,NA,NA,NA,NA,NA,6.532585219269415,1.7438257113343976,4.788759507935017,NA
72,C Coipel,Great Falls Voyagers,0,0,0,0,0,0,0,NA,NA,NA,NA,NA,0,NA,NA,NA,NA,NA,2023,pitcher,0,NA,NA,NA,NA,NA,NA,NA,NA,6.532585219269415,1.7438257113343976,4.788759507935017,NA
72,C Coipel,Ogden Raptors,0,NA,NA,NA,NA,NA,0,NA,NA,NA,NA,NA,0,NA,NA,NA,NA,NA,2023,pitcher,0,NA,NA,NA,NA,NA,NA,NA,NA,6.532585219269415,1.7438257113343976,4.788759507935017,NA
76,S Colon,Rocky Mountain Vibes,20.25,0,0,1,1,0,2.6666666666666665,7,7,6,4,1,3.38,1,4.13,18,1,NA,2023,pitcher,2.2,13.5,3.375,23.625,0.25,0.05555555555555555,0.2222222222222222,-0.16666666666666666,1,6.532585219269415,1.7438257113343976,4.788759507935017,NA
77,S Combs,Rocky Mountain Vibes,0,0,0,0,0,0,0,NA,NA,NA,NA,NA,0,NA,NA,NA,NA,NA,2023,pitcher,0,NA,NA,NA,NA,NA,NA,NA,NA,6.532585219269415,1.7438257113343976,4.788759507935017,NA
77,D Conners,Ogden Raptors,0,0,0,0,0,0,0,NA,NA,NA,NA,NA,0,NA,NA,NA,NA,NA,2023,pitcher,0,NA,NA,NA,NA,NA,NA,NA,NA,6.532585219269415,1.7438257113343976,4.788759507935017,NA
77,C Contreras,Missoula PaddleHeads,0,NA,NA,NA,NA,NA,0,NA,NA,NA,NA,NA,0,NA,NA,NA,NA,NA,2023,pitcher,0,NA,NA,NA,NA,NA,NA,NA,NA,6.532585219269415,1.7438257113343976,4.788759507935017,NA
80,J Coronado,Colorado Springs Sky Sox,13.5,0,0,7,1,0,10,14,16,15,13,8,7.2,3,2.7,57,2,1,2023,pitcher,10,11.7,2.7,12.6,0.6153846153846154,0.14035087719298245,0.22807017543859648,-0.08771929824561403,0.14285714285714285,6.532585219269415,1.7438257113343976,4.788759507935017,11.288759507935017
81,J Coutts,Colorado Springs Sky Sox,0,0,0,0,0,0,0,NA,NA,NA,NA,NA,0,NA,NA,NA,NA,NA,2023,pitcher,0,NA,NA,NA,NA,NA,NA,NA,NA,6.532585219269415,1.7438257113343976,4.788759507935017,NA
81,W Crenshaw,Billings Mustangs,0,0,0,0,0,0,0,NA,NA,NA,NA,NA,0,NA,NA,NA,NA,NA,2023,pitcher,0,NA,NA,NA,NA,NA,NA,NA,NA,6.532585219269415,1.7438257113343976,4.788759507935017,NA
81,B Crosby,Rocky Mountain Vibes,0,0,0,0,0,0,0,NA,NA,NA,NA,NA,0,NA,NA,NA,NA,NA,2023,pitcher,0,NA,NA,NA,NA,NA,NA,NA,NA,6.532585219269415,1.7438257113343976,4.788759507935017,NA
81,A Crowson,Ogden Raptors,0,NA,NA,NA,NA,NA,0,NA,NA,NA,NA,NA,0,NA,NA,NA,NA,NA,2023,pitcher,0,NA,NA,NA,NA,NA,NA,NA,NA,6.532585219269415,1.7438257113343976,4.788759507935017,NA
81,J Cruce,Grand Junction Jackalopes,0,0,0,0,0,0,0,NA,NA,NA,NA,NA,0,NA,NA,NA,NA,NA,2023,pitcher,0,NA,NA,NA,NA,NA,NA,NA,NA,6.532585219269415,1.7438257113343976,4.788759507935017,NA
86,E Cuevas,Colorado Springs Sky Sox,10.13,0,1,6,0,0,8,10,11,9,5,11,12.38,NA,1.88,42,NA,4,2023,pitcher,8,5.625,NA,11.25,2.2,0.2619047619047619,0.11904761904761904,0.14285714285714288,0,6.532585219269415,1.7438257113343976,4.788759507935017,NA
87,S Cullen,Idaho Falls Chukars,0,0,0,0,0,0,0,NA,NA,NA,NA,NA,0,NA,NA,NA,NA,NA,2023,pitcher,0,NA,NA,NA,NA,NA,NA,NA,NA,6.532585219269415,1.7438257113343976,4.788759507935017,NA
89,B Dansereau,Rocky Mountain Vibes,0,0,0,0,0,0,0,NA,NA,NA,NA,NA,0,NA,NA,NA,NA,NA,2023,pitcher,0,NA,NA,NA,NA,NA,NA,NA,NA,6.532585219269415,1.7438257113343976,4.788759507935017,NA
90,L Dawson,Glacier Range Riders,7.23,0,1,18,0,0,18.666666666666668,21,15,15,21,17,8.2,NA,2.25,97,9,3,2023,pitcher,18.2,10.125,NA,10.125,0.8095238095238095,0.17525773195876287,0.21649484536082475,-0.041237113402061876,0,6.532585219269415,1.7438257113343976,4.788759507935017,NA
93,C De Guzman,Great Falls Voyagers,0,0,0,0,0,0,0,NA,NA,NA,NA,NA,0,NA,NA,NA,NA,NA,2023,pitcher,0,NA,NA,NA,NA,NA,NA,NA,NA,6.532585219269415,1.7438257113343976,4.788759507935017,NA
93,E De La O,Colorado Springs Sky Sox,0,0,0,0,0,0,0,NA,NA,NA,NA,NA,0,NA,NA,NA,NA,NA,2023,pitcher,0,NA,NA,NA,NA,NA,NA,NA,NA,6.532585219269415,1.7438257113343976,4.788759507935017,NA
93,T DeBonville,Missoula PaddleHeads,0,0,0,0,0,0,0,NA,NA,NA,NA,NA,0,NA,NA,NA,NA,NA,2023,pitcher,0,NA,NA,NA,NA,NA,NA,NA,NA,6.532585219269415,1.7438257113343976,4.788759507935017,NA
96,M DeSanti,Idaho Falls Chukars,0,0,0,1,0,0,1,NA,NA,NA,NA,2,18,NA,NA,3,NA,NA,2023,pitcher,1,NA,NA,NA,NA,0.6666666666666666,NA,NA,0,6.532585219269415,1.7438257113343976,4.788759507935017,NA
97,B Demco,Great Falls Voyagers,1.08,1,2,8,0,1,8.333333333333334,5,1,1,3,10,10.8,NA,0.96,34,1,3,2023,pitcher,8.1,3.2399999999999998,NA,5.3999999999999995,3.3333333333333335,0.29411764705882354,0.08823529411764706,0.20588235294117646,0,6.532585219269415,1.7438257113343976,4.788759507935017,NA
98,C Denning,Billings Mustangs,0,0,0,0,0,0,0,NA,NA,NA,NA,NA,0,NA,NA,NA,NA,NA,2023,pitcher,0,NA,NA,NA,NA,NA,NA,NA,NA,6.532585219269415,1.7438257113343976,4.788759507935017,NA
98,J Dexter,Ogden Raptors,0,NA,NA,NA,NA,NA,0,NA,NA,NA,NA,NA,0,NA,NA,NA,NA,NA,2023,pitcher,0,NA,NA,NA,NA,NA,NA,NA,NA,6.532585219269415,1.7438257113343976,4.788759507935017,NA
98,G DiGiacomo,Missoula PaddleHeads,0,0,0,0,0,0,0,NA,NA,NA,NA,NA,0,NA,NA,NA,NA,NA,2023,pitcher,0,NA,NA,NA,NA,NA,NA,NA,NA,6.532585219269415,1.7438257113343976,4.788759507935017,NA
98,E Diaz,Colorado Springs Sky Sox,0,0,0,0,0,0,0,NA,NA,NA,NA,NA,0,NA,NA,NA,NA,NA,2023,pitcher,0,NA,NA,NA,NA,NA,NA,NA,NA,6.532585219269415,1.7438257113343976,4.788759507935017,NA
106,A Dill,Rocky Mountain Vibes,0,NA,NA,NA,NA,NA,0,NA,NA,NA,NA,NA,0,NA,NA,NA,NA,NA,2023,pitcher,0,NA,NA,NA,NA,NA,NA,NA,NA,6.532585219269415,1.7438257113343976,4.788759507935017,NA
107,M Dinesen,Glacier Range Riders,0,0,0,1,0,0,1,2,NA,NA,NA,NA,0,NA,2,4,NA,NA,2023,pitcher,1,NA,NA,18,NA,NA,NA,NA,0,6.532585219269415,1.7438257113343976,4.788759507935017,NA
109,B Donovan,Billings Mustangs,12.96,0,0,8,0,0,8.333333333333334,11,13,12,10,8,8.64,NA,2.52,50,1,4,2023,pitcher,8.1,10.799999999999999,NA,11.879999999999999,0.8,0.16,0.2,-0.04000000000000001,0,6.532585219269415,1.7438257113343976,4.788759507935017,NA
110,B Dorman,Great Falls Voyagers,0,0,0,1,0,0,0,NA,NA,NA,NA,NA,0,NA,NA,NA,NA,NA,2023,pitcher,0,NA,NA,NA,NA,NA,NA,NA,0,6.532585219269415,1.7438257113343976,4.788759507935017,NA
112,C Dunn Jr.,Rocky Mountain Vibes,0,0,0,0,0,0,0,NA,NA,NA,NA,NA,0,NA,NA,NA,NA,NA,2023,pitcher,0,NA,NA,NA,NA,NA,NA,NA,NA,6.532585219269415,1.7438257113343976,4.788759507935017,NA
113,C Dykstra,Boise Hawks,3.6,0,1,15,0,3,15,7,8,6,8,21,12.6,1,1,64,3,3,2023,pitcher,15,4.8,0.6,4.2,2.625,0.328125,0.125,0.203125,0,6.532585219269415,1.7438257113343976,4.788759507935017,5.055426174601684
114,M Edie,Billings Mustangs,0,0,0,0,0,0,0,NA,NA,NA,NA,NA,0,NA,NA,NA,NA,NA,2023,pitcher,0,NA,NA,NA,NA,NA,NA,NA,NA,6.532585219269415,1.7438257113343976,4.788759507935017,NA
114,A Elder,Rocky Mountain Vibes,0,0,0,0,0,0,0,NA,NA,NA,NA,NA,0,NA,NA,NA,NA,NA,2023,pitcher,0,NA,NA,NA,NA,NA,NA,NA,NA,6.532585219269415,1.7438257113343976,4.788759507935017,NA
114,K Elefante,Missoula PaddleHeads,0,0,0,0,0,0,0,NA,NA,NA,NA,NA,0,NA,NA,NA,NA,NA,2023,pitcher,0,NA,NA,NA,NA,NA,NA,NA,NA,6.532585219269415,1.7438257113343976,4.788759507935017,NA
114,J Elvir,Missoula PaddleHeads,0,0,0,0,0,0,0,NA,NA,NA,NA,NA,0,NA,NA,NA,NA,NA,2023,pitcher,0,NA,NA,NA,NA,NA,NA,NA,NA,6.532585219269415,1.7438257113343976,4.788759507935017,NA
114,N Emanuel,Great Falls Voyagers,0,0,0,0,0,0,0,NA,NA,NA,NA,NA,0,NA,NA,NA,NA,NA,2023,pitcher,0,NA,NA,NA,NA,NA,NA,NA,NA,6.532585219269415,1.7438257113343976,4.788759507935017,NA
114,C Emmet,Rocky Mountain Vibes,0,0,0,0,0,0,0,NA,NA,NA,NA,NA,0,NA,NA,NA,NA,NA,2023,pitcher,0,NA,NA,NA,NA,NA,NA,NA,NA,6.532585219269415,1.7438257113343976,4.788759507935017,NA
114,J Encarnacion,Rocky Mountain Vibes,0,0,0,0,0,0,0,NA,NA,NA,NA,NA,0,NA,NA,NA,NA,NA,2023,pitcher,0,NA,NA,NA,NA,NA,NA,NA,NA,6.532585219269415,1.7438257113343976,4.788759507935017,NA
114,D Espinal,Great Falls Voyagers,0,0,0,0,0,0,0,NA,NA,NA,NA,NA,0,NA,NA,NA,NA,NA,2023,pitcher,0,NA,NA,NA,NA,NA,NA,NA,NA,6.532585219269415,1.7438257113343976,4.788759507935017,NA
114,B Evans,Billings Mustangs,0,0,0,0,0,0,0,NA,NA,NA,NA,NA,0,NA,NA,NA,NA,NA,2023,pitcher,0,NA,NA,NA,NA,NA,NA,NA,NA,6.532585219269415,1.7438257113343976,4.788759507935017,NA
114,C Evans,Ogden Raptors,0,NA,NA,NA,NA,NA,0,NA,NA,NA,NA,NA,0,NA,NA,NA,NA,NA,2023,pitcher,0,NA,NA,NA,NA,NA,NA,NA,NA,6.532585219269415,1.7438257113343976,4.788759507935017,NA
125,J Faile,Billings Mustangs,0,0,0,0,0,0,0,NA,NA,NA,NA,NA,0,NA,NA,NA,NA,NA,2023,pitcher,0,NA,NA,NA,NA,NA,NA,NA,NA,6.532585219269415,1.7438257113343976,4.788759507935017,NA
1,M Peterson,Boise Hawks,4.38,10,8,19,19,0,115,119,66,56,36,100,7.83,9,1.35,499,2,10,2024,pitcher,115,2.8173913043478263,0.7043478260869566,9.31304347826087,2.7777777777777777,0.20040080160320642,0.07214428857715431,0.12825651302605212,1,6.322036836403034,1.6614084507042253,4.660628385698809,5.138889255264027
2,C Jessee,Colorado Springs Sky Sox,5.42,9,6,19,17,0,103,110,71,62,54,109,9.52,20,1.59,471,11,6,2024,pitcher,103,4.718446601941747,1.7475728155339805,9.611650485436893,2.0185185185185186,0.23142250530785563,0.11464968152866242,0.11677282377919321,0.8947368421052632,6.322036836403034,1.6614084507042253,4.660628385698809,6.8159681915240515
2,O Sharts,Idaho Falls Chukars,5.85,4,7,19,18,0,103,115,83,67,51,119,10.4,12,1.61,479,11,12,2024,pitcher,103,4.456310679611651,1.0485436893203883,10.048543689320388,2.3333333333333335,0.24843423799582465,0.10647181628392484,0.14196242171189982,0.9473684210526315,6.322036836403034,1.6614084507042253,4.660628385698809,5.6994633371551195
4,C Lomeli,Rocky Mountain Vibes,5.74,9,5,20,20,0,102,118,72,65,29,58,5.12,8,1.44,446,12,6,2024,pitcher,102,2.5588235294117645,0.7058823529411765,10.411764705882353,2,0.13004484304932734,0.06502242152466367,0.06502242152466367,1,6.322036836403034,1.6614084507042253,4.660628385698809,5.572393091581162
4,A Villa,Missoula PaddleHeads,5.12,9,2,19,18,0,102,106,65,58,38,114,10.06,10,1.41,456,7,14,2024,pitcher,102,3.3529411764705883,0.8823529411764706,9.352941176470589,3,0.25,0.08333333333333333,0.16666666666666669,0.9473684210526315,6.322036836403034,1.6614084507042253,4.660628385698809,5.229255836679201
6,B Ferrer,Yuba-Sutter Freebirds,4.35,10,4,22,14,0,99.33333333333333,100,52,48,28,108,9.79,11,1.29,424,6,4,2024,pitcher,99.1,2.5369127516778525,0.9966442953020135,9.060402684563758,3.857142857142857,0.25471698113207547,0.0660377358490566,0.18867924528301888,0.6363636363636364,6.322036836403034,1.6614084507042253,4.660628385698809,4.892172009859883
7,C Repetti,Yuba-Sutter Freebirds,4.48,8,4,19,16,1,98.33333333333333,98,61,49,40,90,8.24,10,1.4,431,8,10,2024,pitcher,98.1,3.6610169491525424,0.9152542372881356,8.969491525423729,2.25,0.2088167053364269,0.09280742459396751,0.11600928074245939,0.8421052631578947,6.322036836403034,1.6614084507042253,4.660628385698809,5.677577538241182
8,L Malone,Boise Hawks,5.2,6,8,19,19,0,97,140,67,56,23,80,7.42,12,1.68,449,4,7,2024,pitcher,97,2.134020618556701,1.1134020618556701,12.989690721649485,3.4782608695652173,0.17817371937639198,0.051224944320712694,0.12694877505567928,1,6.322036836403034,1.6614084507042253,4.660628385698809,5.547226323843139
9,C Gearing,Colorado Springs Sky Sox,5.4,8,3,21,14,0,96.66666666666667,119,66,58,37,81,7.54,11,1.61,448,1,11,2024,pitcher,96.2,3.4448275862068964,1.0241379310344827,11.079310344827586,2.189189189189189,0.18080357142857142,0.08258928571428571,0.09821428571428571,0.6666666666666666,6.322036836403034,1.6614084507042253,4.660628385698809,5.953731833974671
9,E Massie,Grand Junction Jackalopes,5.21,7,4,19,16,0,96.66666666666667,116,65,56,44,85,7.91,12,1.66,454,3,19,2024,pitcher,96.2,4.096551724137931,1.1172413793103448,10.799999999999999,1.9318181818181819,0.18722466960352424,0.09691629955947137,0.09030837004405287,0.8421052631578947,6.322036836403034,1.6614084507042253,4.660628385698809,6.470973213285015
11,R Vazquez,Ogden Raptors,7.25,5,9,19,19,0,90.66666666666667,137,86,73,34,72,7.15,14,1.89,440,4,5,2024,pitcher,90.2,3.375,1.3897058823529411,13.599264705882351,2.1176470588235294,0.16363636363636364,0.07727272727272727,0.08636363636363636,1,6.322036836403034,1.6614084507042253,4.660628385698809,6.37018720922822
12,B McPherson,Yuba-Sutter Freebirds,5.22,6,2,16,16,0,89.66666666666667,102,55,52,30,78,7.83,10,1.47,387,9,1,2024,pitcher,89.2,3.011152416356877,1.003717472118959,10.237918215613382,2.6,0.20155038759689922,0.07751937984496124,0.12403100775193798,1,6.322036836403034,1.6614084507042253,4.660628385698809,5.407840281609589
13,W Buraconak,Grand Junction Jackalopes,7.44,3,7,19,18,0,88.33333333333333,124,86,73,56,76,7.74,13,2.04,441,15,6,2024,pitcher,88.1,5.705660377358491,1.3245283018867926,12.633962264150943,1.3571428571428572,0.17233560090702948,0.12698412698412698,0.04535147392290251,0.9473684210526315,6.322036836403034,1.6614084507042253,4.660628385698809,6.958741593245978
14,C Day,Rocky Mountain Vibes,6.49,7,5,19,14,0,87.33333333333333,121,71,63,30,59,6.08,9,1.73,406,5,5,2024,pitcher,87.1,3.0916030534351147,0.9274809160305344,12.469465648854962,1.9666666666666666,0.14532019704433496,0.07389162561576355,0.07142857142857141,0.7368421052631579,6.322036836403034,1.6614084507042253,4.660628385698809,5.851468080355297
15,T Curtis,Colorado Springs Sky Sox,7.03,4,5,20,15,0,87,128,80,68,23,72,7.45,17,1.74,410,4,7,2024,pitcher,87,2.3793103448275863,1.7586206896551724,13.241379310344827,3.130434782608696,0.17560975609756097,0.05609756097560976,0.11951219512195121,0.75,6.322036836403034,1.6614084507042253,4.660628385698809,6.580168615583866
16,S Still,Grand Junction Jackalopes,7.79,5,5,18,14,0,84.33333333333333,116,84,73,32,117,12.49,16,1.75,406,9,12,2024,pitcher,84.1,3.41501976284585,1.707509881422925,12.379446640316207,3.65625,0.2881773399014778,0.07881773399014778,0.20935960591133002,0.7777777777777778,6.322036836403034,1.6614084507042253,4.660628385698809,5.91754538174624
17,K Sophy,Glacier Range Riders,5.68,5,6,17,17,0,84,94,62,53,46,92,9.86,8,1.67,394,18,5,2024,pitcher,84,4.928571428571429,0.8571428571428571,10.071428571428571,2,0.233502538071066,0.116751269035533,0.116751269035533,1,6.322036836403034,1.6614084507042253,4.660628385698809,5.5296760047464275
18,Z St. Pierre,Oakland Ballers,5.33,7,5,24,10,0,82.66666666666667,87,60,49,39,87,9.47,7,1.52,370,6,3,2024,pitcher,82.2,4.245967741935484,0.7620967741935484,9.471774193548386,2.230769230769231,0.23513513513513515,0.10540540540540541,0.12972972972972974,0.4166666666666667,6.322036836403034,1.6614084507042253,4.660628385698809,5.18078967602139
19,J Pineda,Great Falls Voyagers,5.47,6,4,22,9,0,82.33333333333333,82,55,50,43,71,7.76,16,1.52,382,12,18,2024,pitcher,82.1,4.700404858299596,1.7489878542510122,8.963562753036438,1.6511627906976745,0.18586387434554974,0.112565445026178,0.07329842931937174,0.4090909090909091,6.322036836403034,1.6614084507042253,4.660628385698809,7.684919883674517
19,N Zegna,Glacier Range Riders,6.34,5,3,26,13,0,82.33333333333333,88,63,58,42,74,8.09,16,1.58,376,5,8,2024,pitcher,82.1,4.591093117408907,1.7489878542510122,9.619433198380568,1.7619047619047619,0.19680851063829788,0.11170212765957446,0.08510638297872342,0.5,6.322036836403034,1.6614084507042253,4.660628385698809,7.211235673148202
21,C Cosby,Oakland Ballers,4.59,7,3,19,14,0,80.33333333333333,74,45,41,31,124,13.89,15,1.31,349,6,4,2024,pitcher,80.1,3.4730290456431536,1.6804979253112033,8.29045643153527,4,0.3553008595988539,0.08882521489971347,0.2664756446991404,0.7368421052631579,6.322036836403034,1.6614084507042253,4.660628385698809,5.307931290263125
21,B Mitchell,Yuba-Sutter Freebirds,7.28,5,2,17,17,0,80.33333333333333,92,69,65,49,62,6.95,7,1.76,371,13,4,2024,pitcher,80.1,5.4896265560165975,0.7842323651452283,10.307053941908714,1.2653061224489797,0.16711590296495957,0.1320754716981132,0.03504043126684636,1,6.322036836403034,1.6614084507042253,4.660628385698809,6.229093115989265
23,J Jones,Missoula PaddleHeads,6.24,3,3,41,1,0,79.33333333333333,91,66,55,52,91,10.32,9,1.8,380,6,5,2024,pitcher,79.1,5.899159663865547,1.0210084033613447,10.323529411764707,1.75,0.2394736842105263,0.1368421052631579,0.10263157894736841,0.024390243902439025,6.322036836403034,1.6614084507042253,4.660628385698809,5.996762839480322
24,N Madej,Great Falls Voyagers,4.46,8,3,16,16,0,78.66666666666667,67,47,39,65,82,9.38,6,1.68,373,14,13,2024,pitcher,78.2,7.436440677966101,0.6864406779661016,7.665254237288135,1.2615384615384615,0.21983914209115282,0.1742627345844504,0.045576407506702415,1,6.322036836403034,1.6614084507042253,4.660628385698809,6.541984317902198
25,K Ward,Rocky Mountain Vibes,7.88,4,4,22,15,0,77.66666666666667,77,76,68,68,87,10.08,7,1.87,382,24,7,2024,pitcher,77.2,7.879828326180257,0.8111587982832618,8.92274678111588,1.2794117647058822,0.22774869109947643,0.17801047120418848,0.049738219895287955,0.6818181818181818,6.322036836403034,1.6614084507042253,4.660628385698809,6.48895456595632
26,B Medoro,Billings Mustangs,4.72,6,1,35,0,1,76.33333333333333,103,46,40,28,47,5.54,4,1.72,353,5,3,2024,pitcher,76.1,3.3013100436681224,0.4716157205240175,12.14410480349345,1.6785714285714286,0.13314447592067988,0.07932011331444759,0.05382436260623229,0,6.322036836403034,1.6614084507042253,4.660628385698809,5.328750656441167
27,R Adams,Colorado Springs Sky Sox,4.97,6,5,15,14,0,76,94,57,42,31,82,9.71,8,1.64,354,8,7,2024,pitcher,76,3.6710526315789473,0.9473684210526315,11.131578947368421,2.6451612903225805,0.23163841807909605,0.08757062146892655,0.1440677966101695,0.9333333333333333,6.322036836403034,1.6614084507042253,4.660628385698809,5.371154701488282
28,M Tindall,Colorado Springs Sky Sox,8.84,4,6,21,14,0,75.33333333333333,115,84,74,44,55,6.57,16,2.11,384,12,8,2024,pitcher,75.1,5.2566371681415935,1.9115044247787611,13.738938053097346,1.25,0.14322916666666666,0.11458333333333333,0.02864583333333333,0.6666666666666666,6.322036836403034,1.6614084507042253,4.660628385698809,8.032309801628013
29,E McRae,Billings Mustangs,8.23,2,5,18,12,0,74.33333333333333,101,73,68,25,38,4.6,12,1.7,354,6,10,2024,pitcher,74.1,3.0269058295964126,1.4529147982062782,12.228699551569507,1.52,0.10734463276836158,0.07062146892655367,0.036723163841807904,0.6666666666666666,6.322036836403034,1.6614084507042253,4.660628385698809,7.14941762336697
30,C Macca,Ogden Raptors,6.72,4,4,15,15,0,73.66666666666667,101,63,55,35,48,5.86,10,1.85,351,7,4,2024,pitcher,73.2,4.276018099547511,1.2217194570135745,12.339366515837103,1.3714285714285714,0.13675213675213677,0.09971509971509972,0.03703703703703705,1,6.322036836403034,1.6614084507042253,4.660628385698809,6.710402141354917
31,C Benson,Glacier Range Riders,4.33,4,1,14,14,0,70.66666666666667,66,35,34,29,78,9.93,11,1.34,308,2,6,2024,pitcher,70.2,3.693396226415094,1.400943396226415,8.40566037735849,2.689655172413793,0.2532467532467532,0.09415584415584416,0.15909090909090906,1,6.322036836403034,1.6614084507042253,4.660628385698809,5.962515178151639
31,N Parker,Missoula PaddleHeads,5.86,6,3,15,14,0,70.66666666666667,76,52,46,37,89,11.33,8,1.6,325,7,8,2024,pitcher,70.2,4.712264150943396,1.0188679245283019,9.679245283018867,2.4054054054054053,0.27384615384615385,0.11384615384615385,0.16,0.9333333333333333,6.322036836403034,1.6614084507042253,4.660628385698809,5.52383593286862
33,B Williams,Idaho Falls Chukars,7.53,7,5,17,13,0,69.33333333333333,84,62,58,35,60,7.79,12,1.72,322,6,3,2024,pitcher,69.1,4.543269230769231,1.5576923076923077,10.903846153846155,1.7142857142857142,0.18633540372670807,0.10869565217391304,0.07763975155279502,0.7647058823529411,6.322036836403034,1.6614084507042253,4.660628385698809,6.824089924160347
34,R Butz,Oakland Ballers,6.59,1,1,27,10,0,68.33333333333333,73,53,50,30,75,9.88,11,1.51,305,NA,3,2024,pitcher,68.1,3.9512195121951224,1.4487804878048782,9.614634146341464,2.5,0.2459016393442623,0.09836065573770492,0.14754098360655737,0.37037037037037035,6.322036836403034,1.6614084507042253,4.660628385698809,6.006969849113443
35,N Powers,Rocky Mountain Vibes,7.83,3,5,14,14,0,66.66666666666667,92,67,58,31,53,7.15,9,1.84,317,NA,3,2024,pitcher,66.2,4.185,1.2149999999999999,12.42,1.7096774193548387,0.167192429022082,0.09779179810725552,0.06940063091482648,1,6.322036836403034,1.6614084507042253,4.660628385698809,6.355628385698809
36,N Marshall,Great Falls Voyagers,6.65,3,6,13,13,0,65,77,54,48,34,71,9.83,8,1.71,305,9,4,2024,pitcher,65,4.707692307692308,1.1076923076923078,10.661538461538461,2.088235294117647,0.23278688524590163,0.11147540983606558,0.12131147540983606,1,6.322036836403034,1.6614084507042253,4.660628385698809,5.829859154929578
37,J Kleinsorge,Oakland Ballers,3.94,5,4,12,12,0,64,63,29,28,18,67,9.42,7,1.27,263,3,1,2024,pitcher,64,2.53125,0.984375,8.859375,3.7222222222222223,0.25475285171102663,0.06844106463878327,0.18631178707224336,1,6.322036836403034,1.6614084507042253,4.660628385698809,4.879378385698809
37,C Lambert,Oakland Ballers,6.89,2,4,24,9,7,64,75,51,49,18,65,9.14,14,1.45,283,5,5,2024,pitcher,64,2.53125,1.96875,10.546875,3.611111111111111,0.22968197879858657,0.0636042402826855,0.16607773851590107,0.375,6.322036836403034,1.6614084507042253,4.660628385698809,6.551253385698809
39,D Galvan,Great Falls Voyagers,7.21,1,5,13,13,0,63.666666666666664,98,67,51,25,49,6.93,9,1.93,317,7,4,2024,pitcher,63.2,3.5340314136125657,1.2722513089005236,13.853403141361257,1.96,0.15457413249211358,0.07886435331230283,0.07570977917981074,1,6.322036836403034,1.6614084507042253,4.660628385698809,6.325549851667395
40,A Edwards,Boise Hawks,4.55,6,0,34,3,0,63.333333333333336,61,41,32,24,76,10.8,4,1.34,285,3,10,2024,pitcher,63.1,3.4105263157894736,0.5684210526315789,8.66842105263158,3.1666666666666665,0.26666666666666666,0.08421052631578947,0.1824561403508772,0.08823529411764706,6.322036836403034,1.6614084507042253,4.660628385698809,4.69220733306723
41,I Mendez,Boise Hawks,3.14,6,2,11,11,0,63,58,23,22,15,73,10.43,8,1.16,253,2,2,2024,pitcher,63,2.142857142857143,1.1428571428571428,8.285714285714286,4.866666666666666,0.2885375494071146,0.05928853754940711,0.22924901185770752,1,6.322036836403034,1.6614084507042253,4.660628385698809,4.803485528555952
42,E Kowalski,Boise Hawks,5.89,2,1,37,1,3,62.666666666666664,75,44,41,25,49,7.04,5,1.6,284,6,6,2024,pitcher,62.2,3.5904255319148937,0.7180851063829787,10.77127659574468,1.96,0.17253521126760563,0.0880281690140845,0.08450704225352113,0.02702702702702703,6.322036836403034,1.6614084507042253,4.660628385698809,5.618075194209447
43,N Saltaformaggio,Ogden Raptors,7.51,2,2,19,8,0,62.333333333333336,89,60,52,20,60,8.66,8,1.75,298,13,2,2024,pitcher,62.1,2.8877005347593583,1.1550802139037433,12.850267379679144,3,0.20134228187919462,0.06711409395973154,0.13422818791946306,0.42105263157894735,6.322036836403034,1.6614084507042253,4.660628385698809,5.462767423131964
44,D Nunan,Rocky Mountain Vibes,8.17,3,3,21,11,0,61.666666666666664,92,66,56,33,52,7.59,5,2.03,316,8,6,2024,pitcher,61.2,4.816216216216216,0.7297297297297297,13.427027027027027,1.5757575757575757,0.16455696202531644,0.10443037974683544,0.060126582278481,0.5238095238095238,6.322036836403034,1.6614084507042253,4.660628385698809,5.925493250563674
45,C Harrison,Idaho Falls Chukars,4.28,4,3,26,4,0,61,73,36,29,17,49,7.23,6,1.48,279,3,1,2024,pitcher,61,2.5081967213114753,0.8852459016393442,10.770491803278688,2.8823529411764706,0.17562724014336917,0.06093189964157706,0.11469534050179211,0.15384615384615385,6.322036836403034,1.6614084507042253,4.660628385698809,5.218005434879137
46,S Washilewski,Great Falls Voyagers,9.2,3,2,19,4,0,60.666666666666664,79,66,62,38,43,6.38,19,1.93,300,2,6,2024,pitcher,60.2,5.637362637362638,2.818681318681319,11.71978021978022,1.131578947368421,0.14333333333333334,0.12666666666666668,0.016666666666666663,0.21052631578947367,6.322036836403034,1.6614084507042253,4.660628385698809,9.49029871536914
47,Z Ottinger,Rocky Mountain Vibes,7.89,1,7,16,12,0,59.333333333333336,73,63,52,41,39,5.92,6,1.92,301,6,6,2024,pitcher,59.1,6.219101123595506,0.9101123595505618,11.073033707865168,0.9512195121951219,0.12956810631229235,0.1362126245847176,-0.006644518272425265,0.75,6.322036836403034,1.6614084507042253,4.660628385698809,7.037032880080831
48,D Willie,Billings Mustangs,7.25,1,2,29,2,0,58.333333333333336,79,51,47,26,42,6.48,13,1.8,283,NA,7,2024,pitcher,58.1,4.011428571428572,2.005714285714286,12.188571428571429,1.6153846153846154,0.14840989399293286,0.09187279151943463,0.05653710247349823,0.06896551724137931,6.322036836403034,1.6614084507042253,4.660628385698809,7.814914099984524
49,G Pacheco,Ogden Raptors,7.38,1,3,25,6,1,57.333333333333336,76,59,47,43,49,7.69,11,2.08,296,7,10,2024,pitcher,57.1,6.75,1.7267441860465116,11.930232558139535,1.1395348837209303,0.16554054054054054,0.14527027027027026,0.020270270270270285,0.24,6.322036836403034,1.6614084507042253,4.660628385698809,8.218767920582529
49,B Ross,Grand Junction Jackalopes,6.91,5,4,15,11,0,57.333333333333336,80,53,44,34,50,7.85,8,1.99,288,7,5,2024,pitcher,57.1,5.337209302325581,1.255813953488372,12.55813953488372,1.4705882352941178,0.1736111111111111,0.11805555555555555,0.05555555555555555,0.7333333333333333,6.322036836403034,1.6614084507042253,4.660628385698809,6.771093501977878
51,H Bryan,Grand Junction Jackalopes,6.75,4,2,30,7,7,56,80,52,42,26,58,9.32,13,1.89,270,6,3,2024,pitcher,56,4.178571428571429,2.0892857142857144,12.857142857142858,2.230769230769231,0.21481481481481482,0.0962962962962963,0.11851851851851852,0.23333333333333334,6.322036836403034,1.6614084507042253,4.660628385698809,7.160628385698809
52,J Ariza,Grand Junction Jackalopes,7.69,2,7,22,10,0,55,73,53,47,23,47,7.69,15,1.75,261,4,6,2024,pitcher,55,3.7636363636363637,2.4545454545454546,11.945454545454545,2.0434782608695654,0.18007662835249041,0.08812260536398467,0.09195402298850575,0.45454545454545453,6.322036836403034,1.6614084507042253,4.660628385698809,8.078810203880627
53,G Blackman,Billings Mustangs,4.17,4,3,11,9,0,54,49,30,25,19,57,9.5,11,1.26,230,NA,5,2024,pitcher,54,3.1666666666666665,1.8333333333333333,8.166666666666666,3,0.24782608695652175,0.08260869565217391,0.16521739130434784,0.8181818181818182,6.322036836403034,1.6614084507042253,4.660628385698809,6.530998756069179
53,D Ross,Colorado Springs Sky Sox,4.67,1,2,50,1,0,54,62,33,28,25,54,9,5,1.61,250,2,7,2024,pitcher,54,4.166666666666667,0.8333333333333334,10.333333333333334,2.16,0.216,0.1,0.11599999999999999,0.02,6.322036836403034,1.6614084507042253,4.660628385698809,5.642109867180291
55,S Gustafson,Ogden Raptors,5.7,4,3,36,0,0,53.666666666666664,68,52,34,31,67,11.24,9,1.84,270,3,9,2024,pitcher,53.2,5.198757763975156,1.5093167701863355,11.403726708074535,2.161290322580645,0.24814814814814815,0.11481481481481481,0.13333333333333333,0,6.322036836403034,1.6614084507042253,4.660628385698809,6.5798830440839025
56,J Huntzinger,Glacier Range Riders,6.41,3,4,31,4,0,53.333333333333336,62,43,38,27,64,10.8,8,1.67,256,6,10,2024,pitcher,53.1,4.5562499999999995,1.3499999999999999,10.4625,2.3703703703703702,0.25,0.10546875,0.14453125,0.12903225806451613,6.322036836403034,1.6614084507042253,4.660628385698809,6.2918783856988085
57,G Crowley,Idaho Falls Chukars,5.6,3,3,40,0,4,53,72,44,33,34,83,14.09,5,2,270,13,4,2024,pitcher,53,5.773584905660377,0.8490566037735849,12.226415094339623,2.4411764705882355,0.3074074074074074,0.1259259259259259,0.1814814814814815,0,6.322036836403034,1.6614084507042253,4.660628385698809,4.905911404566734
57,B Knoll,Yuba-Sutter Freebirds,4.25,2,5,10,10,0,53,60,38,25,24,30,5.09,5,1.58,240,7,6,2024,pitcher,53,4.0754716981132075,0.8490566037735849,10.18867924528302,1.25,0.125,0.1,0.024999999999999994,1,6.322036836403034,1.6614084507042253,4.660628385698809,6.453081215887488
57,B Spears,Boise Hawks,3.74,6,2,10,10,0,53,46,27,22,20,56,9.51,2,1.25,228,5,7,2024,pitcher,53,3.3962264150943398,0.33962264150943394,7.811320754716981,2.8,0.24561403508771928,0.08771929824561403,0.15789473684210525,1,6.322036836403034,1.6614084507042253,4.660628385698809,4.566288763057299
60,C Reyes,Idaho Falls Chukars,7.86,4,5,12,12,0,52.666666666666664,74,53,46,33,35,5.98,10,2.03,262,NA,3,2024,pitcher,52.2,5.639240506329114,1.7088607594936709,12.645569620253164,1.0606060606060606,0.13358778625954199,0.12595419847328243,0.007633587786259555,1,6.322036836403034,1.6614084507042253,4.660628385698809,7.850501803420328
61,B Held,Glacier Range Riders,7.14,3,6,16,10,0,51.666666666666664,71,51,41,32,59,10.28,11,1.99,263,11,5,2024,pitcher,51.2,5.574193548387097,1.9161290322580646,12.367741935483872,1.84375,0.22433460076045628,0.12167300380228137,0.10266159695817491,0.625,6.322036836403034,1.6614084507042253,4.660628385698809,7.292886450214938
61,M Hess,Ogden Raptors,5.4,5,5,12,12,0,51.666666666666664,64,35,31,22,38,6.62,9,1.66,247,7,5,2024,pitcher,51.2,3.8322580645161293,1.567741935483871,11.148387096774194,1.7272727272727273,0.15384615384615385,0.08906882591093117,0.06477732793522269,1,6.322036836403034,1.6614084507042253,4.660628385698809,7.021918708279454
63,C Linton,Colorado Springs Sky Sox,7.01,5,3,47,0,1,51.333333333333336,56,41,40,33,68,11.92,13,1.73,243,11,5,2024,pitcher,51.1,5.785714285714286,2.279220779220779,9.818181818181818,2.0606060606060606,0.27983539094650206,0.13580246913580246,0.1440329218106996,0,6.322036836403034,1.6614084507042253,4.660628385698809,7.524264749335172
64,B Eglite,Oakland Ballers,3.55,5,0,26,1,0,50.666666666666664,40,20,20,19,55,9.77,4,1.16,213,4,4,2024,pitcher,50.2,3.375,0.7105263157894737,7.105263157894737,2.8947368421052633,0.25821596244131456,0.0892018779342723,0.16901408450704225,0.038461538461538464,6.322036836403034,1.6614084507042253,4.660628385698809,4.877733648856704
65,E Gill,Ogden Raptors,9.36,6,2,11,10,0,50,77,55,52,33,45,8.1,15,2.2,258,1,3,2024,pitcher,50,5.94,2.7,13.86,1.3636363636363635,0.1744186046511628,0.12790697674418605,0.046511627906976744,0.9090909090909091,6.322036836403034,1.6614084507042253,4.660628385698809,8.920628385698809
66,D Cherry,Rocky Mountain Vibes,7.97,2,5,25,5,1,49.666666666666664,67,50,44,38,48,8.7,8,2.11,259,14,9,2024,pitcher,49.2,6.885906040268456,1.4496644295302015,12.140939597315437,1.263157894736842,0.18532818532818532,0.14671814671814673,0.03861003861003859,0.2,6.322036836403034,1.6614084507042253,4.660628385698809,7.660628385698809
67,D Baird,Idaho Falls Chukars,7.53,0,1,27,0,0,49,68,46,41,23,44,8.08,8,1.86,237,9,7,2024,pitcher,49,4.224489795918367,1.469387755102041,12.489795918367347,1.9130434782608696,0.18565400843881857,0.0970464135021097,0.08860759493670887,0,6.322036836403034,1.6614084507042253,4.660628385698809,6.823893691821258
67,K Carrillo,Great Falls Voyagers,7.9,0,6,18,7,0,49,66,58,43,45,47,8.63,8,2.27,273,19,11,2024,pitcher,49,8.26530612244898,1.469387755102041,12.122448979591837,1.0444444444444445,0.17216117216117216,0.16483516483516483,0.007326007326007328,0.3888888888888889,6.322036836403034,1.6614084507042253,4.660628385698809,8.293281446923299
69,J Clark,Missoula PaddleHeads,10.73,2,2,12,11,0,48.666666666666664,70,61,58,28,49,9.06,13,2.01,241,5,8,2024,pitcher,48.2,5.178082191780822,2.404109589041096,12.945205479452055,1.75,0.2033195020746888,0.11618257261410789,0.08713692946058091,0.9166666666666666,6.322036836403034,1.6614084507042253,4.660628385698809,8.338710577479631
70,D Landis,Colorado Springs Sky Sox,4.21,4,3,45,0,13,47,46,23,22,19,50,9.57,5,1.38,209,10,8,2024,pitcher,47,3.6382978723404253,0.9574468085106383,8.808510638297872,2.6315789473684212,0.23923444976076555,0.09090909090909091,0.14832535885167464,0,6.322036836403034,1.6614084507042253,4.660628385698809,5.639351789954128
71,R Fields,Missoula PaddleHeads,9.84,1,3,15,11,0,46.666666666666664,69,58,51,24,47,9.06,11,1.99,235,4,3,2024,pitcher,46.2,4.628571428571429,2.1214285714285714,13.307142857142857,1.9583333333333333,0.2,0.10212765957446808,0.09787234042553193,0.7333333333333333,6.322036836403034,1.6614084507042253,4.660628385698809,7.446342671413095
72,C David,Oakland Ballers,3.3,4,0,22,7,7,46.333333333333336,37,20,17,15,39,7.58,4,1.12,191,4,5,2024,pitcher,46.1,2.913669064748201,0.776978417266187,7.18705035971223,2.6,0.20418848167539266,0.078534031413612565,0.1256544502617801,0.3181818181818182,6.322036836403034,1.6614084507042253,4.660628385698809,5.3944413353390965
73,C Langrell,Yuba-Sutter Freebirds,1.97,2,1,38,0,4,45.666666666666664,35,11,10,6,46,9.07,3,0.9,179,2,2,2024,pitcher,45.2,1.1824817518248176,0.5912408759124088,6.897810218978103,7.666666666666667,0.2569832402234637,0.0335195530726257,0.223463687150838,0,6.322036836403034,1.6614084507042253,4.660628385698809,4.025591889348444
74,E Alfonzo,Boise Hawks,6.95,1,3,27,3,2,45.333333333333336,51,37,35,28,62,12.31,4,1.74,212,8,5,2024,pitcher,45.1,5.5588235294117645,0.7941176470588235,10.125,2.2142857142857144,0.29245283018867924,0.1320754716981132,0.16037735849056603,0.1111111111111111,6.322036836403034,1.6614084507042253,4.660628385698809,5.256216620992927
75,J McCaskey,Colorado Springs Sky Sox,5.44,2,1,35,1,0,44.666666666666664,53,31,27,23,44,8.87,8,1.7,209,6,5,2024,pitcher,44.2,4.634328358208956,1.6119402985074627,10.679104477611942,1.9130434782608696,0.21052631578947367,0.11004784688995216,0.10047846889952151,0.02857142857142857,6.322036836403034,1.6614084507042253,4.660628385698809,6.899434355848063
76,T Robertson,Great Falls Voyagers,7.71,2,3,23,1,0,44.333333333333336,60,45,38,32,48,9.74,5,2.08,227,8,2,2024,pitcher,44.1,6.496240601503759,1.0150375939849623,12.180451127819548,1.5,0.21145374449339208,0.14096916299559473,0.07048458149779735,0.043478260869565216,6.322036836403034,1.6614084507042253,4.660628385698809,6.262132145097305
77,A McEvoy,Glacier Range Riders,5.11,1,1,29,1,0,44,36,27,25,31,69,14.11,2,1.52,209,12,10,2024,pitcher,44,6.340909090909091,0.4090909090909091,7.363636363636363,2.225806451612903,0.33014354066985646,0.14832535885167464,0.18181818181818182,0.034482758620689655,6.322036836403034,1.6614084507042253,4.660628385698809,4.910628385698809
78,L Schafer,Boise Hawks,8.37,0,5,9,9,0,43,64,42,40,20,34,7.12,6,1.95,207,2,2,2024,pitcher,43,4.186046511627907,1.255813953488372,13.395348837209303,1.7,0.1642512077294686,0.0966183574879227,0.0676328502415459,1,6.322036836403034,1.6614084507042253,4.660628385698809,6.428070246163925
78,D Schorie,Grand Junction Jackalopes,10.26,1,3,15,5,0,43,65,55,49,33,32,6.7,10,2.28,225,3,6,2024,pitcher,43,6.906976744186046,2.0930232558139537,13.604651162790697,0.9696969696969697,0.14222222222222222,0.14666666666666667,-0.004444444444444445,0.3333333333333333,6.322036836403034,1.6614084507042253,4.660628385698809,8.916442339187181
78,S Spencer,Billings Mustangs,5.23,2,4,8,8,0,43,48,28,25,11,37,7.74,4,1.37,186,5,NA,2024,pitcher,43,2.302325581395349,0.8372093023255814,10.046511627906977,3.3636363636363638,0.1989247311827957,0.05913978494623656,0.13978494623655913,1,6.322036836403034,1.6614084507042253,4.660628385698809,NA
78,S Triplett,Ogden Raptors,3.56,0,1,28,0,0,43,38,24,17,22,39,8.16,3,1.4,201,3,12,2024,pitcher,43,4.604651162790698,0.627906976744186,7.953488372093023,1.7727272727272727,0.19402985074626866,0.10945273631840796,0.0845771144278607,0,6.322036836403034,1.6614084507042253,4.660628385698809,6.125744664768576
82,J Dahle,Oakland Ballers,4.93,4,2,35,0,2,42,47,27,23,18,28,6,7,1.55,191,7,6,2024,pitcher,42,3.857142857142857,1.5,10.071428571428571,1.5555555555555556,0.14659685863874344,0.09424083769633508,0.05235602094240836,0,6.322036836403034,1.6614084507042253,4.660628385698809,7.208247433317856
82,E Swanson,Missoula PaddleHeads,4.29,4,1,44,0,8,42,33,22,20,38,66,14.14,2,1.69,202,8,10,2024,pitcher,42,8.142857142857142,0.42857142857142855,7.071428571428571,1.736842105263158,0.32673267326732675,0.18811881188118812,0.13861386138613863,0,6.322036836403034,1.6614084507042253,4.660628385698809,5.565390290460714
84,J Lynch,Glacier Range Riders,6.7,0,2,34,0,5,41.666666666666664,40,31,31,23,46,9.94,5,1.51,191,4,10,2024,pitcher,41.2,4.968,1.08,8.64,2,0.24083769633507854,0.12041884816753927,0.12041884816753927,0,6.322036836403034,1.6614084507042253,4.660628385698809,6.388628385698809
84,C Richardson,Oakland Ballers,4.1,6,0,32,0,0,41.666666666666664,37,20,19,22,53,11.45,8,1.42,189,5,5,2024,pitcher,41.2,4.752000000000001,1.7280000000000002,7.992000000000001,2.409090909090909,0.2804232804232804,0.1164021164021164,0.164021164021164,0,6.322036836403034,1.6614084507042253,4.660628385698809,6.556628385698809
86,M Timmins,Missoula PaddleHeads,6.31,5,2,38,0,1,41.333333333333336,51,33,29,17,40,8.71,8,1.65,199,4,5,2024,pitcher,41.1,3.701612903225806,1.7419354838709677,11.104838709677418,2.3529411764705883,0.20100502512562815,0.08542713567839195,0.1155778894472362,0,6.322036836403034,1.6614084507042253,4.660628385698809,6.838047740537519
86,Q Waterhouse,Ogden Raptors,8.06,1,5,41,0,6,41.333333333333336,46,39,37,31,40,8.71,6,1.86,205,10,7,2024,pitcher,41.1,6.75,1.3064516129032258,10.016129032258064,1.2903225806451613,0.1951219512195122,0.15121951219512195,0.043902439024390255,0,6.322036836403034,1.6614084507042253,4.660628385698809,7.370305805053647
88,G Grosjean,Idaho Falls Chukars,5.49,2,2,7,7,0,41,51,27,25,17,29,6.37,8,1.66,186,1,3,2024,pitcher,41,3.731707317073171,1.7560975609756098,11.195121951219512,1.7058823529411764,0.15591397849462366,0.0913978494623656,0.06451612903225806,1,6.322036836403034,1.6614084507042253,4.660628385698809,7.245994239357346
89,C Griffin,Ogden Raptors,5.31,3,1,38,0,0,40.666666666666664,47,31,24,28,41,9.07,6,1.84,197,5,3,2024,pitcher,40.2,6.19672131147541,1.3278688524590165,10.401639344262296,1.4642857142857142,0.20812182741116753,0.14213197969543148,0.06598984771573604,0,6.322036836403034,1.6614084507042253,4.660628385698809,6.849152975862744
89,J Haab,Billings Mustangs,2.21,4,1,41,0,12,40.666666666666664,35,16,10,24,61,13.5,NA,1.45,184,3,2,2024,pitcher,40.2,5.311475409836066,NA,7.745901639344263,2.5416666666666665,0.33152173913043476,0.13043478260869565,0.2010869565217391,0,6.322036836403034,1.6614084507042253,4.660628385698809,NA
89,C Kafka,Glacier Range Riders,5.75,4,3,11,9,0,40.666666666666664,45,30,26,29,42,9.3,7,1.82,194,2,1,2024,pitcher,40.2,6.418032786885246,1.5491803278688525,9.959016393442624,1.4482758620689655,0.21649484536082475,0.14948453608247422,0.06701030927835053,0.8181818181818182,6.322036836403034,1.6614084507042253,4.660628385698809,7.045874287338153
89,S Ordorica,Idaho Falls Chukars,6.42,3,3,33,1,1,40.666666666666664,66,35,29,11,27,5.98,5,1.89,191,NA,3,2024,pitcher,40.2,2.4344262295081966,1.1065573770491803,14.606557377049182,2.4545454545454546,0.14136125654450263,0.05759162303664921,0.08376963350785341,0.030303030303030304,6.322036836403034,1.6614084507042253,4.660628385698809,5.963907074223399
93,D Day,Missoula PaddleHeads,4.46,5,1,12,8,0,40.333333333333336,43,22,20,12,69,15.4,6,1.36,180,1,4,2024,pitcher,40.1,2.677685950413223,1.3388429752066116,9.59504132231405,5.75,0.38333333333333336,0.06666666666666667,0.3166666666666667,0.6666666666666666,6.322036836403034,1.6614084507042253,4.660628385698809,4.363107724541784
93,A Garcia,Missoula PaddleHeads,9.37,1,3,43,0,6,40.333333333333336,48,45,42,42,53,11.83,4,2.23,215,13,5,2024,pitcher,40.1,9.37190082644628,0.8925619834710743,10.710743801652892,1.2619047619047619,0.24651162790697675,0.19534883720930232,0.05116279069767443,0,6.322036836403034,1.6614084507042253,4.660628385698809,6.817653179087238
95,C Czerwinski,Great Falls Voyagers,6.08,3,2,8,7,0,40,44,30,27,13,47,10.58,3,1.43,177,2,3,2024,pitcher,40,2.925,0.675,9.9,3.6153846153846154,0.2655367231638418,0.07344632768361582,0.192090395480226,0.875,6.322036836403034,1.6614084507042253,4.660628385698809,4.485628385698809
95,R Garland,Boise Hawks,7.2,3,2,12,7,1,40,47,40,32,32,44,9.9,5,1.98,199,14,6,2024,pitcher,40,7.2,1.125,10.575,1.375,0.22110552763819097,0.16080402010050251,0.060301507537688454,0.5833333333333334,6.322036836403034,1.6614084507042253,4.660628385698809,6.935628385698809
95,J O'Neal,Rocky Mountain Vibes,4.5,4,2,36,0,0,40,32,21,20,15,33,7.42,3,1.18,166,2,7,2024,pitcher,40,3.375,0.675,7.2,2.2,0.19879518072289157,0.09036144578313253,0.10843373493975904,0,6.322036836403034,1.6614084507042253,4.660628385698809,5.6356283856988085
98,R Dudzinski,Boise Hawks,6.86,4,3,8,8,0,39.333333333333336,44,30,30,20,28,6.41,10,1.63,179,1,2,2024,pitcher,39.1,4.576271186440677,2.2881355932203387,10.067796610169491,1.4,0.1564245810055866,0.11173184357541899,0.044692737430167606,1,6.322036836403034,1.6614084507042253,4.660628385698809,8.219950419597113
98,E Elliott,Ogden Raptors,6.18,3,1,8,8,0,39.333333333333336,41,28,27,19,30,6.86,9,1.53,174,NA,1,2024,pitcher,39.1,4.347457627118644,2.059322033898305,9.38135593220339,1.5789473684210527,0.1724137931034483,0.10919540229885058,0.06321839080459771,1,6.322036836403034,1.6614084507042253,4.660628385698809,7.635204656885249
98,T Morrill,Rocky Mountain Vibes,5.03,3,3,37,0,6,39.333333333333336,42,32,22,21,52,11.9,2,1.6,185,6,3,2024,pitcher,39.1,4.805084745762712,0.45762711864406774,9.610169491525424,2.4761904761904763,0.2810810810810811,0.11351351351351352,0.16756756756756758,0,6.322036836403034,1.6614084507042253,4.660628385698809,4.508086012817453
98,K Pijaszek,Oakland Ballers,5.26,2,0,27,0,1,39.333333333333336,40,35,23,24,21,4.81,8,1.63,186,6,3,2024,pitcher,39.1,5.491525423728813,1.830508474576271,9.152542372881355,0.875,0.11290322580645161,0.12903225806451613,-0.016129032258064516,0,6.322036836403034,1.6614084507042253,4.660628385698809,8.296221606037792
102,J Fuson,Billings Mustangs,8.38,2,5,10,9,0,38.666666666666664,56,42,36,21,40,9.31,7,1.99,193,6,4,2024,pitcher,38.2,4.887931034482759,1.6293103448275863,13.03448275862069,1.9047619047619047,0.20725388601036268,0.10880829015544041,0.09844559585492227,0.9,6.322036836403034,1.6614084507042253,4.660628385698809,6.884766316733292
103,N Draves,Colorado Springs Sky Sox,7.34,1,2,13,9,0,38,58,38,31,19,43,10.18,6,2.03,190,7,1,2024,pitcher,38,4.5,1.4210526315789473,13.736842105263158,2.263157894736842,0.22631578947368422,0.1,0.12631578947368421,0.6923076923076923,6.322036836403034,1.6614084507042253,4.660628385698809,6.029049438330388
103,T Dyball,Idaho Falls Chukars,9,0,1,27,0,1,38,56,42,38,16,27,6.39,8,1.89,194,5,5,2024,pitcher,38,3.789473684210526,1.894736842105263,13.263157894736842,1.6875,0.13917525773195877,0.08247422680412371,0.05670103092783506,0,6.322036836403034,1.6614084507042253,4.660628385698809,7.634312596225125
103,C Dykstra,Boise Hawks,2.84,1,2,35,0,7,38,26,18,12,20,51,12.08,6,1.21,164,3,5,2024,pitcher,38,4.7368421052631575,1.4210526315789473,6.157894736842105,2.55,0.31097560975609756,0.12195121951219512,0.18902439024390244,0,6.322036836403034,1.6614084507042253,4.660628385698809,6.002733648856704
103,J Zalasky,Yuba-Sutter Freebirds,4.03,6,1,38,0,1,38,42,25,17,8,30,7.11,5,1.32,163,5,4,2024,pitcher,38,1.894736842105263,1.1842105263157894,9.947368421052632,3.75,0.18404907975460122,0.049079754601226995,0.13496932515337423,0,6.322036836403034,1.6614084507042253,4.660628385698809,5.739575754119862
107,A De Leon,Oakland Ballers,7.88,1,2,24,2,1,37.666666666666664,51,39,33,23,39,9.32,7,1.96,185,10,10,2024,pitcher,37.2,5.495575221238939,1.672566371681416,12.185840707964603,1.6956521739130435,0.21081081081081082,0.12432432432432433,0.08648648648648649,0.08333333333333333,6.322036836403034,1.6614084507042253,4.660628385698809,7.634079713132437
108,D Lane,Yuba-Sutter Freebirds,7.23,0,3,9,7,0,37.333333333333336,58,32,30,19,44,10.61,6,2.06,183,6,NA,2024,pitcher,37.1,4.580357142857142,1.4464285714285714,13.982142857142856,2.3157894736842106,0.24043715846994534,0.10382513661202186,0.13661202185792348,0.7777777777777778,6.322036836403034,1.6614084507042253,4.660628385698809,NA
109,A Coleman,Idaho Falls Chukars,9.24,1,5,9,9,0,37,68,44,38,17,17,4.14,9,2.3,196,1,2,2024,pitcher,37,4.135135135135135,2.189189189189189,16.54054054054054,1,0.08673469387755102,0.08673469387755102,0,1,6.322036836403034,1.6614084507042253,4.660628385698809,8.444412169482593
110,T Jackson,Idaho Falls Chukars,8.35,0,3,31,1,1,36.666666666666664,44,43,34,47,46,11.29,6,2.48,209,9,7,2024,pitcher,36.2,11.536363636363637,1.4727272727272729,10.8,0.9787234042553191,0.22009569377990432,0.22488038277511962,-0.004784688995215308,0.03225806451612903,6.322036836403034,1.6614084507042253,4.660628385698809,8.696992022062446
110,P Maybach,Billings Mustangs,3.68,4,1,6,6,0,36.666666666666664,38,17,15,7,35,8.59,2,1.23,154,2,4,2024,pitcher,36.2,1.7181818181818183,0.49090909090909096,9.327272727272728,5,0.22727272727272727,0.045454545454545456,0.18181818181818182,1,6.322036836403034,1.6614084507042253,4.660628385698809,4.360628385698809
112,L Hempel,Idaho Falls Chukars,5.2,0,0,31,0,2,36.333333333333336,44,24,21,10,49,12.14,5,1.49,162,1,2,2024,pitcher,36.1,2.477064220183486,1.238532110091743,10.899082568807339,4.9,0.30246913580246915,0.06172839506172839,0.24074074074074076,0,6.322036836403034,1.6614084507042253,4.660628385698809,4.743197193038259
112,T Naumann,Idaho Falls Chukars,5.94,3,2,8,7,0,36.333333333333336,50,34,24,18,30,7.43,8,1.87,176,4,NA,2024,pitcher,36.1,4.458715596330275,1.9816513761467889,12.38532110091743,1.6666666666666667,0.17045454545454544,0.10227272727272728,0.06818181818181816,0.875,6.322036836403034,1.6614084507042253,4.660628385698809,NA
114,C Dayton,Boise Hawks,4.89,1,0,30,0,2,35,39,22,19,15,37,9.51,3,1.54,157,2,2,2024,pitcher,35,3.857142857142857,0.7714285714285715,10.028571428571428,2.466666666666667,0.2356687898089172,0.09554140127388536,0.14012738853503184,0,6.322036836403034,1.6614084507042253,4.660628385698809,5.117771242841666
114,P Wicklander,Glacier Range Riders,3.34,3,0,6,6,0,35,33,14,13,12,47,12.09,6,1.29,149,1,NA,2024,pitcher,35,3.085714285714286,1.542857142857143,8.485714285714286,3.9166666666666665,0.31543624161073824,0.08053691275167785,0.2348993288590604,1,6.322036836403034,1.6614084507042253,4.660628385698809,NA
116,K Anglin,Yuba-Sutter Freebirds,3.89,2,0,31,0,0,34.666666666666664,26,16,15,21,45,11.68,4,1.36,151,7,2,2024,pitcher,34.2,5.4519230769230775,1.0384615384615385,6.750000000000001,2.142857142857143,0.2980132450331126,0.1390728476821192,0.1589403973509934,0,6.322036836403034,1.6614084507042253,4.660628385698809,5.554859154929578
116,M Quigley,Glacier Range Riders,3.12,5,1,24,0,0,34.666666666666664,30,18,12,6,32,8.31,1,1.04,141,5,2,2024,pitcher,34.2,1.5576923076923077,0.25961538461538464,7.788461538461539,5.333333333333333,0.22695035460992907,0.0425531914893617,0.18439716312056736,0,6.322036836403034,1.6614084507042253,4.660628385698809,3.881782231852655
118,G Taylor,Billings Mustangs,6.29,2,3,7,6,0,34.333333333333336,36,30,24,9,48,12.58,7,1.31,155,4,3,2024,pitcher,34.1,2.3592233009708736,1.8349514563106795,9.436893203883495,5.333333333333333,0.3096774193548387,0.05806451612903226,0.2516129032258065,0.8571428571428571,6.322036836403034,1.6614084507042253,4.660628385698809,5.563541007058032
119,L Rettig,Billings Mustangs,8.74,1,5,13,6,0,34,61,46,33,16,25,6.62,3,2.26,182,4,3,2024,pitcher,34,4.235294117647059,0.7941176470588235,16.147058823529413,1.5625,0.13736263736263737,0.08791208791208792,0.049450549450549455,0.46153846153846156,6.322036836403034,1.6614084507042253,4.660628385698809,6.013569562169398
119,A Santa Cruz,Ogden Raptors,7.15,2,5,8,8,0,34,46,38,27,24,33,8.74,5,2.06,172,4,2,2024,pitcher,34,6.352941176470588,1.3235294117647058,12.176470588235293,1.375,0.19186046511627908,0.13953488372093023,0.05232558139534885,1,6.322036836403034,1.6614084507042253,4.660628385698809,6.92533426805175
119,B Spagnuolo,Rocky Mountain Vibes,7.41,0,2,28,0,5,34,47,37,28,26,24,6.35,3,2.15,180,6,7,2024,pitcher,34,6.882352941176471,0.7941176470588235,12.441176470588236,0.9230769230769231,0.13333333333333333,0.14444444444444443,-0.0111111111111111,0,6.322036836403034,1.6614084507042253,4.660628385698809,7.30768720922822
119,M Stone,Ogden Raptors,7.68,3,3,8,8,0,34,41,34,29,19,35,9.26,7,1.76,167,2,5,2024,pitcher,34,5.029411764705882,1.8529411764705883,10.852941176470589,1.8421052631578947,0.20958083832335328,0.11377245508982035,0.09580838323353293,1,6.322036836403034,1.6614084507042253,4.660628385698809,7.395922503345868
123,C Minchey,Idaho Falls Chukars,9.36,2,3,7,7,0,33.666666666666664,45,36,35,22,11,2.94,1,1.99,169,3,6,2024,pitcher,33.2,5.881188118811882,0.26732673267326734,12.02970297029703,0.5,0.0650887573964497,0.1301775147928994,-0.0650887573964497,1,6.322036836403034,1.6614084507042253,4.660628385698809,6.888351157976037
124,D Reinoso,Great Falls Voyagers,7.29,1,2,28,0,2,33.333333333333336,41,33,27,22,41,11.07,5,1.89,166,9,1,2024,pitcher,33.1,5.9399999999999995,1.3499999999999999,11.069999999999999,1.8636363636363635,0.2469879518072289,0.13253012048192772,0.11445783132530118,0,6.322036836403034,1.6614084507042253,4.660628385698809,6.2206283856988085
125,L Trueman,Billings Mustangs,8.18,2,3,8,5,0,33,62,34,30,8,28,7.64,4,2.12,167,5,2,2024,pitcher,33,2.1818181818181817,1.0909090909090908,16.90909090909091,3.5,0.16766467065868262,0.04790419161676647,0.11976047904191615,0.625,6.322036836403034,1.6614084507042253,4.660628385698809,5.448507173577597
1,A Ackerman,Grand Junction Jackalopes,0,0,0,0,0,0,0,NA,NA,NA,NA,0,0,NA,NA,NA,NA,NA,2024,pitcher,0,NA,NA,NA,NA,NA,NA,NA,NA,6.322036836403034,1.6614084507042253,4.660628385698809,NA
1,A Adams,Rocky Mountain Vibes,0,0,0,0,0,0,0,NA,NA,NA,NA,0,0,NA,NA,NA,NA,NA,2024,pitcher,0,NA,NA,NA,NA,NA,NA,NA,NA,6.322036836403034,1.6614084507042253,4.660628385698809,NA
4,N Adgar,Ogden Raptors,0,0,0,0,0,0,0,NA,NA,NA,NA,NA,0,NA,NA,NA,NA,NA,2024,pitcher,0,NA,NA,NA,NA,NA,NA,NA,NA,6.322036836403034,1.6614084507042253,4.660628385698809,NA
4,N Adgar,Oakland Ballers,0,0,0,0,0,0,0,NA,NA,NA,NA,0,0,NA,NA,NA,NA,NA,2024,pitcher,0,NA,NA,NA,NA,NA,NA,NA,NA,6.322036836403034,1.6614084507042253,4.660628385698809,NA
7,A Alger,Grand Junction Jackalopes,6.82,1,4,31,0,4,31.666666666666668,38,26,24,17,48,13.64,6,1.74,155,3,6,2024,pitcher,31.2,4.8315789473684205,1.7052631578947368,10.799999999999999,2.823529411764706,0.3096774193548387,0.10967741935483871,0.2,0,6.322036836403034,1.6614084507042253,4.660628385698809,6.271154701488283
8,T Anderson,Missoula PaddleHeads,7.39,2,0,19,0,0,28,34,23,23,12,24,7.71,4,1.64,135,1,4,2024,pitcher,28,3.857142857142857,1.2857142857142858,10.928571428571429,2,0.17777777777777778,0.08888888888888889,0.08888888888888889,0,6.322036836403034,1.6614084507042253,4.660628385698809,6.5177712428416665
9,C Angeroth,Ogden Raptors,8.49,1,0,7,0,0,11.666666666666666,16,13,11,6,11,8.49,3,1.89,60,3,2,2024,pitcher,11.2,4.628571428571429,2.3142857142857145,12.342857142857143,1.8333333333333333,0.18333333333333332,0.1,0.08333333333333331,0,6.322036836403034,1.6614084507042253,4.660628385698809,8.174914099984523
12,A Atwood,Glacier Range Riders,7.5,0,0,6,0,0,6,12,6,5,1,6,9,2,2.17,33,NA,1,2024,pitcher,6,1.5,3,18,6,0.18181818181818182,0.030303030303030304,0.15151515151515152,0,6.322036836403034,1.6614084507042253,4.660628385698809,7.993961719032143
13,M Austin,Idaho Falls Chukars,0,0,0,1,0,0,0,NA,NA,NA,NA,0,0,NA,NA,NA,NA,NA,2024,pitcher,0,NA,NA,NA,NA,NA,NA,NA,0,6.322036836403034,1.6614084507042253,4.660628385698809,NA
13,M Backstrom,Great Falls Voyagers,0,0,0,0,0,0,0,NA,NA,NA,NA,NA,0,NA,NA,NA,NA,NA,2024,pitcher,0,NA,NA,NA,NA,NA,NA,NA,NA,6.322036836403034,1.6614084507042253,4.660628385698809,NA
15,J Baez,Billings Mustangs,27,0,0,2,0,0,1.6666666666666665,7,5,5,2,1,5.4,NA,5.4,13,NA,NA,2024,pitcher,1.2,10.8,NA,37.800000000000004,0.5,0.07692307692307693,0.15384615384615385,-0.07692307692307693,0,6.322036836403034,1.6614084507042253,4.660628385698809,NA
16,C Bagnieski,Ogden Raptors,0,0,0,0,0,0,0,NA,NA,NA,NA,NA,0,NA,NA,NA,NA,NA,2024,pitcher,0,NA,NA,NA,NA,NA,NA,NA,NA,6.322036836403034,1.6614084507042253,4.660628385698809,NA
17,B Bagshaw,Idaho Falls Chukars,15.8,0,2,8,3,0,13.666666666666666,34,27,24,8,13,8.56,2,3.07,84,1,3,2024,pitcher,13.2,5.2682926829268295,1.3170731707317074,22.390243902439025,1.625,0.15476190476190477,0.09523809523809523,0.059523809523809534,0.375,6.322036836403034,1.6614084507042253,4.660628385698809,7.075262532040272
19,A Baker,Rocky Mountain Vibes,10.8,0,1,5,1,0,6.666666666666667,8,8,8,5,4,5.4,2,1.95,32,1,1,2024,pitcher,6.2,6.75,2.6999999999999997,10.799999999999999,0.8,0.125,0.15625,-0.03125,0.2,6.322036836403034,1.6614084507042253,4.660628385698809,10.06062838569881
20,T Baker,Glacier Range Riders,4.98,1,1,8,2,0,21.666666666666668,30,13,12,4,23,9.55,2,1.57,95,2,NA,2024,pitcher,21.2,1.6615384615384614,0.8307692307692307,12.461538461538462,5.75,0.24210526315789474,0.042105263157894736,0.2,0.25,6.322036836403034,1.6614084507042253,4.660628385698809,NA
21,K Banks,Yuba-Sutter Freebirds,0,0,0,0,0,0,0,NA,NA,NA,NA,0,0,NA,NA,NA,NA,NA,2024,pitcher,0,NA,NA,NA,NA,NA,NA,NA,NA,6.322036836403034,1.6614084507042253,4.660628385698809,NA
21,J Barditch,Colorado Springs Sky Sox,0,0,0,0,0,0,0,NA,NA,NA,NA,0,0,NA,NA,NA,NA,NA,2024,pitcher,0,NA,NA,NA,NA,NA,NA,NA,NA,6.322036836403034,1.6614084507042253,4.660628385698809,NA
21,R Barham,Idaho Falls Chukars,0,0,0,0,0,0,0,NA,NA,NA,NA,0,0,NA,NA,NA,NA,NA,2024,pitcher,0,NA,NA,NA,NA,NA,NA,NA,NA,6.322036836403034,1.6614084507042253,4.660628385698809,NA
24,L Barns,Ogden Raptors,54,0,0,1,0,0,0.3333333333333333,5,2,2,NA,NA,0,NA,15,6,NA,NA,2024,pitcher,0.1,NA,NA,135,NA,NA,NA,NA,0,6.322036836403034,1.6614084507042253,4.660628385698809,NA
25,A Barranca,Glacier Range Riders,0,0,0,0,0,0,0,NA,NA,NA,NA,0,0,NA,NA,NA,NA,NA,2024,pitcher,0,NA,NA,NA,NA,NA,NA,NA,NA,6.322036836403034,1.6614084507042253,4.660628385698809,NA
25,B Barrera,Oakland Ballers,0,0,0,0,0,0,0,NA,NA,NA,NA,0,0,NA,NA,NA,NA,NA,2024,pitcher,0,NA,NA,NA,NA,NA,NA,NA,NA,6.322036836403034,1.6614084507042253,4.660628385698809,NA
27,C Barton,Grand Junction Jackalopes,8.22,0,0,13,1,0,23,39,23,21,14,11,4.3,2,2.3,121,3,NA,2024,pitcher,23,5.478260869565218,0.782608695652174,15.26086956521739,0.7857142857142857,0.09090909090909091,0.11570247933884298,-0.024793388429752067,0.07692307692307693,6.322036836403034,1.6614084507042253,4.660628385698809,NA
28,A Bates,Glacier Range Riders,0,0,0,0,0,0,0,NA,NA,NA,NA,NA,0,NA,NA,NA,NA,NA,2024,pitcher,0,NA,NA,NA,NA,NA,NA,NA,NA,6.322036836403034,1.6614084507042253,4.660628385698809,NA
29,E Bates,Yuba-Sutter Freebirds,3.07,0,0,10,0,0,14.666666666666666,17,9,5,8,10,6.14,1,1.7,70,4,NA,2024,pitcher,14.2,4.909090909090909,0.6136363636363636,10.431818181818182,1.25,0.14285714285714285,0.11428571428571428,0.028571428571428567,0,6.322036836403034,1.6614084507042253,4.660628385698809,NA
30,M Bathauer,Grand Junction Jackalopes,18,0,0,2,0,0,3,7,6,6,2,2,6,NA,3,18,1,NA,2024,pitcher,3,6,NA,21,1,0.1111111111111111,0.1111111111111111,0,0,6.322036836403034,1.6614084507042253,4.660628385698809,NA
31,T Benincaso,Ogden Raptors,0,NA,NA,NA,NA,NA,0,NA,NA,NA,NA,NA,0,NA,NA,NA,NA,NA,2024,pitcher,0,NA,NA,NA,NA,NA,NA,NA,NA,6.322036836403034,1.6614084507042253,4.660628385698809,NA
33,T Best,Oakland Ballers,0,0,0,0,0,0,0,NA,NA,NA,NA,0,0,NA,NA,NA,NA,NA,2024,pitcher,0,NA,NA,NA,NA,NA,NA,NA,NA,6.322036836403034,1.6614084507042253,4.660628385698809,NA
34,B Blackford,Yuba-Sutter Freebirds,0,0,0,1,0,0,0.3333333333333333,NA,NA,NA,NA,0,0,NA,NA,1,NA,NA,2024,pitcher,0.1,NA,NA,NA,NA,0,NA,NA,0,6.322036836403034,1.6614084507042253,4.660628385698809,NA
36,N Block,Glacier Range Riders,0,0,0,0,0,0,0,NA,NA,NA,NA,NA,0,NA,NA,NA,NA,NA,2024,pitcher,0,NA,NA,NA,NA,NA,NA,NA,NA,6.322036836403034,1.6614084507042253,4.660628385698809,NA
37,E Blum,Billings Mustangs,18,0,0,1,0,0,1,4,2,2,NA,NA,0,1,4,7,NA,NA,2024,pitcher,1,NA,9,36,NA,NA,NA,NA,0,6.322036836403034,1.6614084507042253,4.660628385698809,NA
38,B Bohning,Idaho Falls Chukars,9.53,0,0,5,0,0,5.666666666666667,11,6,6,2,3,4.76,3,2.29,32,1,1,2024,pitcher,5.2,3.176470588235294,4.764705882352941,17.470588235294116,1.5,0.09375,0.0625,0.03125,0,6.322036836403034,1.6614084507042253,4.660628385698809,12.072393091581162
39,J Bollman,Glacier Range Riders,16.88,0,0,4,0,0,5.333333333333333,7,10,10,7,5,8.44,1,2.63,33,5,3,2024,pitcher,5.1,11.8125,1.6875,11.8125,0.7142857142857143,0.15151515151515152,0.21212121212121213,-0.06060606060606061,0,6.322036836403034,1.6614084507042253,4.660628385698809,10.848128385698809
40,V Bologna,Grand Junction Jackalopes,0,NA,NA,NA,NA,NA,0,NA,NA,NA,NA,0,0,NA,NA,NA,NA,NA,2024,pitcher,0,NA,NA,NA,NA,NA,NA,NA,NA,6.322036836403034,1.6614084507042253,4.660628385698809,NA
41,B Bonner,Ogden Raptors,4.5,2,1,27,0,2,30,31,15,15,10,23,6.9,6,1.37,128,2,1,2024,pitcher,30,3,1.8,9.3,2.3,0.1796875,0.078125,0.1015625,0,6.322036836403034,1.6614084507042253,4.660628385698809,6.827295052365475
42,M Bono,Idaho Falls Chukars,27,0,1,5,0,0,8,21,25,24,11,11,12.38,6,4,55,2,1,2024,pitcher,8,12.375,6.75,23.625,1,0.2,0.2,0,0,6.322036836403034,1.6614084507042253,4.660628385698809,16.160628385698807
43,K Booker,Billings Mustangs,0,0,0,0,0,0,0,NA,NA,NA,NA,NA,0,NA,NA,NA,NA,NA,2024,pitcher,0,NA,NA,NA,NA,NA,NA,NA,NA,6.322036836403034,1.6614084507042253,4.660628385698809,NA
44,R Bost,Billings Mustangs,19.64,0,0,8,0,0,7.333333333333333,12,19,16,12,7,8.59,1,3.27,49,10,2,2024,pitcher,7.1,14.727272727272728,1.2272727272727273,14.727272727272728,0.5833333333333334,0.14285714285714285,0.24489795918367346,-0.10204081632653061,0,6.322036836403034,1.6614084507042253,4.660628385698809,10.2515374766079
45,T Bothwell,Glacier Range Riders,8.31,1,1,3,3,0,13,10,12,12,10,16,11.08,3,1.54,59,NA,2,2024,pitcher,13,6.923076923076923,2.076923076923077,6.923076923076923,1.6,0.2711864406779661,0.1694915254237288,0.1016949152542373,1,6.322036836403034,1.6614084507042253,4.660628385698809,7.968320693391116
46,J Boyd,Grand Junction Jackalopes,0,0,0,0,0,0,0,NA,NA,NA,NA,0,0,NA,NA,NA,NA,NA,2024,pitcher,0,NA,NA,NA,NA,NA,NA,NA,NA,6.322036836403034,1.6614084507042253,4.660628385698809,NA
47,J Bradshaw,Billings Mustangs,8.49,1,1,6,2,0,11.666666666666666,16,12,11,5,4,3.09,NA,1.8,57,1,3,2024,pitcher,11.2,3.857142857142857,NA,12.342857142857143,0.8,0.07017543859649122,0.08771929824561403,-0.017543859649122806,0.3333333333333333,6.322036836403034,1.6614084507042253,4.660628385698809,NA
48,C Brady,Colorado Springs Sky Sox,0,0,0,0,0,0,0,NA,NA,NA,NA,0,0,NA,NA,NA,NA,NA,2024,pitcher,0,NA,NA,NA,NA,NA,NA,NA,NA,6.322036836403034,1.6614084507042253,4.660628385698809,NA
48,H Breeze,Grand Junction Jackalopes,0,0,0,0,0,0,0,NA,NA,NA,NA,0,0,NA,NA,NA,NA,NA,2024,pitcher,0,NA,NA,NA,NA,NA,NA,NA,NA,6.322036836403034,1.6614084507042253,4.660628385698809,NA
50,S Brinkley,Rocky Mountain Vibes,162,0,0,2,0,0,0.3333333333333333,3,6,6,5,1,27,1,24,9,2,NA,2024,pitcher,0.1,135,27,81,0.2,0.1111111111111111,0.5555555555555556,-0.4444444444444445,0,6.322036836403034,1.6614084507042253,4.660628385698809,NA
51,E Brown,Grand Junction Jackalopes,3.86,2,0,14,0,0,11.666666666666666,9,5,5,8,14,10.8,3,1.46,51,5,1,2024,pitcher,11.2,6.171428571428572,2.3142857142857145,6.942857142857143,1.75,0.27450980392156865,0.1568627450980392,0.11764705882352944,0,6.322036836403034,1.6614084507042253,4.660628385698809,7.917771242841666
52,K Brown,Idaho Falls Chukars,0,NA,NA,NA,NA,NA,0,NA,NA,NA,NA,0,0,NA,NA,NA,NA,NA,2024,pitcher,0,NA,NA,NA,NA,NA,NA,NA,NA,6.322036836403034,1.6614084507042253,4.660628385698809,NA
53,R Brown,Idaho Falls Chukars,11.86,1,0,12,0,0,22,47,35,29,12,13,5.32,6,2.68,128,4,2,2024,pitcher,22,4.909090909090909,2.4545454545454546,19.227272727272727,1.0833333333333333,0.1015625,0.09375,0.0078125,0,6.322036836403034,1.6614084507042253,4.660628385698809,8.93335565842608
54,D Brutcher,Ogden Raptors,0,0,0,0,0,0,0,NA,NA,NA,NA,NA,0,NA,NA,NA,NA,NA,2024,pitcher,0,NA,NA,NA,NA,NA,NA,NA,NA,6.322036836403034,1.6614084507042253,4.660628385698809,NA
56,C Bryant,Grand Junction Jackalopes,0,0,0,0,0,0,0,NA,NA,NA,NA,0,0,NA,NA,NA,NA,NA,2024,pitcher,0,NA,NA,NA,NA,NA,NA,NA,NA,6.322036836403034,1.6614084507042253,4.660628385698809,NA
57,M Bryant,Missoula PaddleHeads,8.78,0,0,8,0,0,13.333333333333334,18,17,13,10,13,8.78,1,2.1,73,4,3,2024,pitcher,13.1,6.75,0.6749999999999999,12.149999999999999,1.3,0.1780821917808219,0.136986301369863,0.0410958904109589,0,6.322036836403034,1.6614084507042253,4.660628385698809,6.610628385698809
58,T Buckner,Yuba-Sutter Freebirds,3.38,1,1,31,0,11,32,24,16,12,14,33,9.28,1,1.19,135,4,2,2024,pitcher,32,3.9375,0.28125,6.75,2.357142857142857,0.24444444444444444,0.1037037037037037,0.14074074074074072,0,6.322036836403034,1.6614084507042253,4.660628385698809,4.504378385698809
60,B Burckel,Oakland Ballers,0,0,0,0,0,0,0,NA,NA,NA,NA,0,0,NA,NA,NA,NA,NA,2024,pitcher,0,NA,NA,NA,NA,NA,NA,NA,NA,6.322036836403034,1.6614084507042253,4.660628385698809,NA
61,B Burdett,Oakland Ballers,14.29,0,0,7,0,1,5.666666666666667,10,10,9,7,3,4.76,1,3,36,2,1,2024,pitcher,5.2,11.117647058823529,1.588235294117647,15.88235294117647,0.42857142857142855,0.08333333333333333,0.19444444444444445,-0.11111111111111112,0,6.322036836403034,1.6614084507042253,4.660628385698809,10.131216620992927
62,C Butler,Boise Hawks,6.04,0,1,18,0,1,22.333333333333332,17,15,15,25,42,16.93,2,1.88,106,6,NA,2024,pitcher,22.1,10.074626865671643,0.8059701492537313,6.850746268656716,1.68,0.39622641509433965,0.2358490566037736,0.16037735849056606,0,6.322036836403034,1.6614084507042253,4.660628385698809,NA
64,K Byrne,Rocky Mountain Vibes,0,0,0,0,0,0,0,NA,NA,NA,NA,0,0,NA,NA,NA,NA,NA,2024,pitcher,0,NA,NA,NA,NA,NA,NA,NA,NA,6.322036836403034,1.6614084507042253,4.660628385698809,NA
65,I Campa,Grand Junction Jackalopes,9.64,0,0,3,0,0,4.666666666666667,5,5,5,1,3,5.79,2,1.29,20,NA,NA,2024,pitcher,4.2,1.9285714285714284,3.8571428571428568,9.642857142857142,3,0.15,0.05,0.09999999999999999,0,6.322036836403034,1.6614084507042253,4.660628385698809,NA
66,E Campaniello,Ogden Raptors,0,NA,NA,NA,NA,NA,0,NA,NA,NA,NA,NA,0,NA,NA,NA,NA,NA,2024,pitcher,0,NA,NA,NA,NA,NA,NA,NA,NA,6.322036836403034,1.6614084507042253,4.660628385698809,NA
66,A Canty,Billings Mustangs,0,0,0,0,0,0,0,NA,NA,NA,NA,NA,0,NA,NA,NA,NA,NA,2024,pitcher,0,NA,NA,NA,NA,NA,NA,NA,NA,6.322036836403034,1.6614084507042253,4.660628385698809,NA
68,C Caporale,Idaho Falls Chukars,17.72,1,2,3,2,0,10.666666666666666,19,26,21,13,11,9.28,1,3,67,4,2,2024,pitcher,10.2,10.96875,0.84375,16.03125,0.8461538461538461,0.16417910447761194,0.19402985074626866,-0.02985074626865672,0.6666666666666666,6.322036836403034,1.6614084507042253,4.660628385698809,8.035628385698809
69,K Carattini,Glacier Range Riders,10,1,0,8,0,0,9,14,13,10,11,10,10,NA,2.78,52,6,1,2024,pitcher,9,11,NA,14,0.9090909090909091,0.19230769230769232,0.21153846153846154,-0.019230769230769218,0,6.322036836403034,1.6614084507042253,4.660628385698809,NA
71,B Carson,Oakland Ballers,0,0,0,1,0,0,2,3,NA,NA,1,2,9,NA,2,9,NA,NA,2024,pitcher,2,4.5,NA,13.5,2,0.2222222222222222,0.1111111111111111,0.1111111111111111,0,6.322036836403034,1.6614084507042253,4.660628385698809,NA
72,C Castillo,Glacier Range Riders,0,0,0,0,0,0,0,NA,NA,NA,NA,NA,0,NA,NA,NA,NA,NA,2024,pitcher,0,NA,NA,NA,NA,NA,NA,NA,NA,6.322036836403034,1.6614084507042253,4.660628385698809,NA
72,M Castillo,Great Falls Voyagers,0,0,0,0,0,0,0,NA,NA,NA,NA,NA,0,NA,NA,NA,NA,NA,2024,pitcher,0,NA,NA,NA,NA,NA,NA,NA,NA,6.322036836403034,1.6614084507042253,4.660628385698809,NA
74,M Castillo,Ogden Raptors,40.5,0,0,1,0,0,2,7,9,9,7,1,4.5,NA,7,19,NA,NA,2024,pitcher,2,31.5,NA,31.5,0.14285714285714285,0.05263157894736842,0.3684210526315789,-0.3157894736842105,0,6.322036836403034,1.6614084507042253,4.660628385698809,NA
75,C Chatham,Great Falls Voyagers,5.06,0,0,5,0,1,5.333333333333333,9,4,3,3,4,6.75,NA,2.25,27,3,NA,2024,pitcher,5.1,5.0625,NA,15.1875,1.3333333333333333,0.14814814814814814,0.1111111111111111,0.037037037037037035,0,6.322036836403034,1.6614084507042253,4.660628385698809,NA
77,A Chouinard,Rocky Mountain Vibes,0,0,0,0,0,0,0,NA,NA,NA,NA,0,0,NA,NA,NA,NA,NA,2024,pitcher,0,NA,NA,NA,NA,NA,NA,NA,NA,6.322036836403034,1.6614084507042253,4.660628385698809,NA
77,P Chung,Missoula PaddleHeads,0,0,0,0,0,0,0,NA,NA,NA,NA,NA,0,NA,NA,NA,NA,NA,2024,pitcher,0,NA,NA,NA,NA,NA,NA,NA,NA,6.322036836403034,1.6614084507042253,4.660628385698809,NA
79,C Ciuffetelli,Missoula PaddleHeads,4.7,0,0,13,0,0,15.333333333333334,8,8,8,11,21,12.33,2,1.24,65,NA,1,2024,pitcher,15.1,6.456521739130435,1.1739130434782608,4.695652173913043,1.9090909090909092,0.3230769230769231,0.16923076923076924,0.15384615384615385,0,6.322036836403034,1.6614084507042253,4.660628385698809,5.964976211785766
80,T Clark-Chiapparelli,Ogden Raptors,0,0,0,0,0,0,0,NA,NA,NA,NA,NA,0,NA,NA,NA,NA,NA,2024,pitcher,0,NA,NA,NA,NA,NA,NA,NA,NA,6.322036836403034,1.6614084507042253,4.660628385698809,NA
81,D Clark,Billings Mustangs,13.5,0,0,2,0,0,1.3333333333333333,7,3,2,NA,1,6.75,NA,5.25,12,NA,NA,2024,pitcher,1.1,NA,NA,47.25,NA,0.08333333333333333,NA,NA,0,6.322036836403034,1.6614084507042253,4.660628385698809,NA
83,T Clark,Oakland Ballers,0,0,0,0,0,0,0,NA,NA,NA,NA,0,0,NA,NA,NA,NA,NA,2024,pitcher,0,NA,NA,NA,NA,NA,NA,NA,NA,6.322036836403034,1.6614084507042253,4.660628385698809,NA
83,T Clarkson,Glacier Range Riders,0,0,0,0,0,0,0,NA,NA,NA,NA,NA,0,NA,NA,NA,NA,NA,2024,pitcher,0,NA,NA,NA,NA,NA,NA,NA,NA,6.322036836403034,1.6614084507042253,4.660628385698809,NA
85,T Clayton,Glacier Range Riders,9.49,0,3,10,5,0,24.666666666666668,34,28,26,11,19,6.93,6,1.82,125,3,7,2024,pitcher,24.2,4.013513513513513,2.189189189189189,12.405405405405405,1.7272727272727273,0.152,0.088,0.064,0.5,6.322036836403034,1.6614084507042253,4.660628385698809,8.47143919650962
86,R Cloude,Ogden Raptors,6.92,0,0,11,0,0,13,21,13,10,10,16,11.08,NA,2.38,72,3,2,2024,pitcher,13,6.923076923076923,NA,14.538461538461538,1.6,0.2222222222222222,0.1388888888888889,0.08333333333333331,0,6.322036836403034,1.6614084507042253,4.660628385698809,NA
87,C Coipel,Ogden Raptors,0,0,0,0,0,0,0,NA,NA,NA,NA,NA,0,NA,NA,NA,NA,NA,2024,pitcher,0,NA,NA,NA,NA,NA,NA,NA,NA,6.322036836403034,1.6614084507042253,4.660628385698809,NA
89,J Coleman,Glacier Range Riders,2.29,2,2,15,0,0,19.666666666666668,18,7,5,11,29,13.27,1,1.47,88,1,2,2024,pitcher,19.2,5.033898305084746,0.45762711864406774,8.23728813559322,2.6363636363636362,0.32954545454545453,0.125,0.20454545454545453,0,6.322036836403034,1.6614084507042253,4.660628385698809,4.355543639936097
90,J Colombo,Colorado Springs Sky Sox,0,0,0,0,0,0,0,NA,NA,NA,NA,0,0,NA,NA,NA,NA,NA,2024,pitcher,0,NA,NA,NA,NA,NA,NA,NA,NA,6.322036836403034,1.6614084507042253,4.660628385698809,NA
91,J Cone,Ogden Raptors,4.91,0,0,4,0,0,3.6666666666666665,7,3,2,4,4,9.82,1,3,22,1,NA,2024,pitcher,3.2,9.818181818181818,2.4545454545454546,17.181818181818183,1,0.18181818181818182,0.18181818181818182,0,0,6.322036836403034,1.6614084507042253,4.660628385698809,NA
92,L Cooper,Glacier Range Riders,7.47,1,1,26,0,1,31.333333333333332,45,31,26,11,33,9.48,5,1.79,151,2,3,2024,pitcher,31.1,3.1595744680851063,1.4361702127659575,12.925531914893618,3,0.2185430463576159,0.0728476821192053,0.14569536423841062,0,6.322036836403034,1.6614084507042253,4.660628385698809,5.969139023996681
93,C Corliss,Idaho Falls Chukars,15.43,0,0,3,0,0,7,16,12,12,NA,0,0,3,2.29,37,1,1,2024,pitcher,7,NA,3.857142857142857,20.571428571428573,NA,0,NA,NA,0,6.322036836403034,1.6614084507042253,4.660628385698809,NA
94,R Cortez,Grand Junction Jackalopes,0,0,0,1,0,0,0.6666666666666666,NA,NA,NA,1,0,0,NA,1.5,3,NA,NA,2024,pitcher,0.2,13.5,NA,NA,0,0,0.3333333333333333,-0.3333333333333333,0,6.322036836403034,1.6614084507042253,4.660628385698809,NA
96,J Coutts,Colorado Springs Sky Sox,0,0,0,0,0,0,0,NA,NA,NA,NA,0,0,NA,NA,NA,NA,NA,2024,pitcher,0,NA,NA,NA,NA,NA,NA,NA,NA,6.322036836403034,1.6614084507042253,4.660628385698809,NA
96,D Covino,Oakland Ballers,0,0,0,0,0,0,0,NA,NA,NA,NA,0,0,NA,NA,NA,NA,NA,2024,pitcher,0,NA,NA,NA,NA,NA,NA,NA,NA,6.322036836403034,1.6614084507042253,4.660628385698809,NA
98,C Cowan,Glacier Range Riders,6.37,0,4,28,0,3,29.666666666666668,36,22,21,19,35,10.62,4,1.85,144,6,3,2024,pitcher,29.2,5.764044943820225,1.2134831460674156,10.92134831460674,1.8421052631578947,0.24305555555555555,0.13194444444444445,0.1111111111111111,0,6.322036836403034,1.6614084507042253,4.660628385698809,6.278605913788697
99,D Crenshaw,Billings Mustangs,0,0,0,0,0,0,0,NA,NA,NA,NA,NA,0,NA,NA,NA,NA,NA,2024,pitcher,0,NA,NA,NA,NA,NA,NA,NA,NA,6.322036836403034,1.6614084507042253,4.660628385698809,NA
99,W Crenshaw,Billings Mustangs,0,0,0,0,0,0,0,NA,NA,NA,NA,NA,0,NA,NA,NA,NA,NA,2024,pitcher,0,NA,NA,NA,NA,NA,NA,NA,NA,6.322036836403034,1.6614084507042253,4.660628385698809,NA
99,T Crittenberger,Billings Mustangs,0,0,0,0,0,0,0,NA,NA,NA,NA,NA,0,NA,NA,NA,NA,NA,2024,pitcher,0,NA,NA,NA,NA,NA,NA,NA,NA,6.322036836403034,1.6614084507042253,4.660628385698809,NA
103,A Cuello-Batista,Missoula PaddleHeads,9.95,0,0,7,0,0,6.333333333333333,13,7,7,5,8,11.37,NA,2.84,37,1,1,2024,pitcher,6.1,7.105263157894737,NA,18.473684210526315,1.6,0.21621621621621623,0.13513513513513514,0.08108108108108109,0,6.322036836403034,1.6614084507042253,4.660628385698809,NA
104,G Cuevas,Ogden Raptors,13.89,0,1,4,4,0,11.666666666666666,24,20,18,14,17,13.11,2,3.26,73,2,NA,2024,pitcher,11.2,10.8,1.542857142857143,18.514285714285716,1.2142857142857142,0.2328767123287671,0.1917808219178082,0.0410958904109589,1,6.322036836403034,1.6614084507042253,4.660628385698809,NA
105,T Cunningham,Missoula PaddleHeads,17.18,0,0,4,0,0,3.6666666666666665,11,7,7,2,2,4.91,NA,3.55,24,3,NA,2024,pitcher,3.2,4.909090909090909,NA,27,1,0.08333333333333333,0.08333333333333333,0,0,6.322036836403034,1.6614084507042253,4.660628385698809,NA
108,J Czeslawski,Idaho Falls Chukars,18,0,1,3,3,0,8,13,16,16,14,5,5.63,2,3.38,53,NA,2,2024,pitcher,8,15.75,2.25,14.625,0.35714285714285715,0.09433962264150944,0.2641509433962264,-0.16981132075471697,1,6.322036836403034,1.6614084507042253,4.660628385698809,12.660628385698809
109,T Czyz,Oakland Ballers,11.91,1,1,6,1,0,11.333333333333334,15,15,15,9,14,11.12,2,2.12,62,3,5,2024,pitcher,11.1,7.147058823529411,1.588235294117647,11.911764705882351,1.5555555555555556,0.22580645161290322,0.14516129032258066,0.08064516129032256,0.16666666666666666,6.322036836403034,1.6614084507042253,4.660628385698809,8.190040150404691
111,J Daly,Glacier Range Riders,0,0,0,0,0,0,0,NA,NA,NA,NA,NA,0,NA,NA,NA,NA,NA,2024,pitcher,0,NA,NA,NA,NA,NA,NA,NA,NA,6.322036836403034,1.6614084507042253,4.660628385698809,NA
112,N Daniels,Billings Mustangs,12.27,0,0,4,0,0,3.6666666666666665,4,5,5,3,2,4.91,NA,1.91,22,NA,3,2024,pitcher,3.2,7.363636363636364,NA,9.818181818181818,0.6666666666666666,0.09090909090909091,0.13636363636363635,-0.04545454545454544,0,6.322036836403034,1.6614084507042253,4.660628385698809,NA
114,A Davis,Rocky Mountain Vibes,0,0,0,0,0,0,0,NA,NA,NA,NA,0,0,NA,NA,NA,NA,NA,2024,pitcher,0,NA,NA,NA,NA,NA,NA,NA,NA,6.322036836403034,1.6614084507042253,4.660628385698809,NA
114,D Davis,Rocky Mountain Vibes,0,0,0,0,0,0,0,NA,NA,NA,NA,0,0,NA,NA,NA,NA,NA,2024,pitcher,0,NA,NA,NA,NA,NA,NA,NA,NA,6.322036836403034,1.6614084507042253,4.660628385698809,NA
116,T Davis,Oakland Ballers,1.29,0,0,5,1,1,7,4,1,1,7,9,11.57,NA,1.57,32,2,NA,2024,pitcher,7,9,NA,5.142857142857143,1.2857142857142858,0.28125,0.21875,0.0625,0.2,6.322036836403034,1.6614084507042253,4.660628385698809,NA
117,T Davis,Rocky Mountain Vibes,0,0,0,0,0,0,0,NA,NA,NA,NA,0,0,NA,NA,NA,NA,NA,2024,pitcher,0,NA,NA,NA,NA,NA,NA,NA,NA,6.322036836403034,1.6614084507042253,4.660628385698809,NA
120,J Day,Rocky Mountain Vibes,0,0,0,0,0,0,0,NA,NA,NA,NA,0,0,NA,NA,NA,NA,NA,2024,pitcher,0,NA,NA,NA,NA,NA,NA,NA,NA,6.322036836403034,1.6614084507042253,4.660628385698809,NA
123,P De Sa,Rocky Mountain Vibes,0,0,0,0,0,0,0,NA,NA,NA,NA,0,0,NA,NA,NA,NA,NA,2024,pitcher,0,NA,NA,NA,NA,NA,NA,NA,NA,6.322036836403034,1.6614084507042253,4.660628385698809,NA
123,E DeLaCruz,Yuba-Sutter Freebirds,0,0,0,0,0,0,0,NA,NA,NA,NA,0,0,NA,NA,NA,NA,NA,2024,pitcher,0,NA,NA,NA,NA,NA,NA,NA,NA,6.322036836403034,1.6614084507042253,4.660628385698809,NA
123,P DePasquale,Ogden Raptors,0,0,0,0,0,0,0,NA,NA,NA,NA,NA,0,NA,NA,NA,NA,NA,2024,pitcher,0,NA,NA,NA,NA,NA,NA,NA,NA,6.322036836403034,1.6614084507042253,4.660628385698809,NA
1,G Taylor,Glacier Range Riders,4.71,7,7,19,19,0,114.66666666666667,127,64,60,30,117,9.18,18,1.37,491,6,1,2025,pitcher,114.2,2.3546511627906974,1.4127906976744184,9.968023255813954,3.9,0.23828920570264767,0.06109979633401222,0.17718940936863545,1,6.808370805949498,2.0062694569353168,4.8021013490141815,5.613147860642089
2,G Grosjean,Idaho Falls Chukars,5.45,11,6,21,17,2,112.33333333333333,130,78,68,38,102,8.17,20,1.5,501,9,13,2025,pitcher,112.1,3.0445103857566767,1.6023738872403561,10.415430267062314,2.6842105263157894,0.20359281437125748,0.07584830339321358,0.1277445109780439,0.8095238095238095,6.808370805949498,2.0062694569353168,4.8021013490141815,6.662635473643261
3,L Schafer,Glacier Range Riders,4.18,9,2,18,18,0,107.66666666666667,119,56,50,40,108,9.03,13,1.48,476,15,6,2025,pitcher,107.2,3.343653250773994,1.0866873065015479,9.947368421052632,2.7,0.226890756302521,0.08403361344537816,0.14285714285714285,1,6.808370805949498,2.0062694569353168,4.8021013490141815,5.647302587404274
4,T Bothwell,Glacier Range Riders,5.4,4,6,19,19,0,105,109,70,63,42,130,11.14,14,1.44,468,8,10,2025,pitcher,105,3.6,1.2,9.342857142857143,3.0952380952380953,0.2777777777777778,0.08974358974358974,0.18803418803418803,1,6.808370805949498,2.0062694569353168,4.8021013490141815,5.544958491871324
5,S Spencer,Idaho Falls Chukars,6.73,6,3,23,17,1,104.33333333333333,137,88,78,41,75,6.47,16,1.71,486,6,11,2025,pitcher,104.1,3.5367412140575083,1.380191693290735,11.817891373801917,1.829268292682927,0.15432098765432098,0.08436213991769548,0.0699588477366255,0.7391304347826086,6.808370805949498,2.0062694569353168,4.8021013490141815,6.853219559876802
5,B Wozniak,Yuba-Sutter Freebirds,3.45,10,3,17,16,0,104.33333333333333,114,49,40,30,80,6.9,12,1.38,454,2,4,2025,pitcher,104.1,2.587859424920128,1.0351437699680512,9.833865814696486,2.6666666666666665,0.1762114537444934,0.06607929515418502,0.11013215859030838,0.9411764705882353,6.808370805949498,2.0062694569353168,4.8021013490141815,5.7413984736148205
7,J Castillo,Colorado Springs Sky Sox,8.91,5,7,19,18,0,104,159,107,103,49,82,7.1,19,2,518,8,7,2025,pitcher,104,4.240384615384615,1.6442307692307692,13.759615384615385,1.6734693877551021,0.1583011583011583,0.0945945945945946,0.06370656370656369,0.9473684210526315,6.808370805949498,2.0062694569353168,4.8021013490141815,7.21556288747572
8,N Powers,Rocky Mountain Vibes,5.61,8,4,19,19,0,101,116,76,63,48,76,6.77,11,1.62,461,3,3,2025,pitcher,101,4.2772277227722775,0.9801980198019802,10.336633663366337,1.5833333333333333,0.1648590021691974,0.10412147505422993,0.06073752711496748,1,6.808370805949498,2.0062694569353168,4.8021013490141815,6.227843923271607
9,R Wentz,Missoula PaddleHeads,5.56,7,7,17,17,0,100.33333333333333,112,71,62,31,121,10.85,14,1.43,448,2,13,2025,pitcher,100.1,2.780730897009967,1.255813953488372,10.046511627906977,3.903225806451613,0.2700892857142857,0.06919642857142858,0.20089285714285712,1,6.808370805949498,2.0062694569353168,4.8021013490141815,5.519709322436109
10,M Sox,Missoula PaddleHeads,3.83,12,3,17,17,0,98.66666666666667,86,46,42,34,114,10.4,14,1.22,417,2,9,2025,pitcher,98.2,3.1013513513513513,1.277027027027027,7.844594594594594,3.3529411764705883,0.2733812949640288,0.0815347721822542,0.1918465227817746,1,6.808370805949498,2.0062694569353168,4.8021013490141815,5.643317565230397
11,Z St. Pierre,Oakland Ballers,5.36,8,4,22,16,1,97.33333333333333,126,71,58,38,73,6.75,15,1.68,463,1,8,2025,pitcher,97.1,3.5136986301369864,1.3869863013698631,11.65068493150685,1.9210526315789473,0.15766738660907129,0.08207343412526998,0.07559395248380131,0.7272727272727273,6.808370805949498,2.0062694569353168,4.8021013490141815,6.723334225726511
12,C Harrison,Idaho Falls Chukars,8.58,7,8,19,17,0,93.33333333333333,155,104,89,26,74,7.14,22,1.94,466,5,5,2025,pitcher,93.1,2.507142857142857,2.1214285714285714,14.946428571428573,2.8461538461538463,0.15879828326180256,0.055793991416309016,0.10300429184549355,0.8947368421052632,6.808370805949498,2.0062694569353168,4.8021013490141815,7.277101349014181
13,B Beard,Missoula PaddleHeads,5.6,5,3,17,17,0,91.66666666666667,106,61,57,31,96,9.43,9,1.49,415,2,6,2025,pitcher,91.2,3.0436363636363635,0.8836363636363636,10.407272727272726,3.096774193548387,0.23132530120481928,0.0746987951807229,0.1566265060240964,1,6.808370805949498,2.0062694569353168,4.8021013490141815,5.194828621741454
14,R Butz,Oakland Ballers,5.3,9,5,17,17,0,90,106,59,53,45,70,7,14,1.68,410,4,1,2025,pitcher,90,4.5,1.4,10.6,1.5555555555555556,0.17073170731707318,0.10975609756097561,0.060975609756097573,1,6.808370805949498,2.0062694569353168,4.8021013490141815,6.8021013490141815
15,C Czerwinski,Great Falls Voyagers,7.31,4,8,16,16,0,88.66666666666667,121,80,72,50,82,8.32,14,1.93,435,8,6,2025,pitcher,88.2,5.075187969924812,1.4210526315789473,12.281954887218044,1.64,0.18850574712643678,0.11494252873563218,0.0735632183908046,1,6.808370805949498,2.0062694569353168,4.8021013490141815,6.899845709916438
16,C Dayton,Boise Hawks,6.44,7,1,23,13,0,88,115,81,63,48,73,7.47,19,1.85,432,7,9,2025,pitcher,88,4.909090909090909,1.9431818181818181,11.761363636363637,1.5208333333333333,0.16898148148148148,0.1111111111111111,0.05787037037037038,0.5652173913043478,6.808370805949498,2.0062694569353168,4.8021013490141815,7.893010439923272
17,C Chatman,Ogden Raptors,5.95,8,3,20,18,0,87.66666666666667,101,64,58,49,75,7.7,9,1.71,415,8,10,2025,pitcher,87.2,5.03041825095057,0.923954372623574,10.368821292775666,1.530612244897959,0.18072289156626506,0.1180722891566265,0.06265060240963856,0.9,6.808370805949498,2.0062694569353168,4.8021013490141815,6.44468690034498
18,N Saltaformaggio,Ogden Raptors,5.94,8,1,47,0,0,86.33333333333333,104,68,57,35,72,7.51,10,1.61,391,8,8,2025,pitcher,86.1,3.6486486486486487,1.0424710424710426,10.841698841698843,2.057142857142857,0.18414322250639387,0.08951406649616368,0.09462915601023018,0,6.808370805949498,2.0062694569353168,4.8021013490141815,6.134147681060513
19,J Garcia,Billings Mustangs,4.41,4,6,15,13,0,85.66666666666667,98,52,42,23,64,6.72,8,1.41,384,4,9,2025,pitcher,85.2,2.4163424124513617,0.8404669260700388,10.295719844357976,2.782608695652174,0.16666666666666666,0.059895833333333336,0.10677083333333331,0.8666666666666667,6.808370805949498,2.0062694569353168,4.8021013490141815,5.64256827508422
19,N Marshall,Great Falls Voyagers,8.19,5,7,16,16,0,85.66666666666667,122,88,78,45,65,6.83,8,1.95,435,8,14,2025,pitcher,85.2,4.727626459143969,0.8404669260700388,12.817120622568092,1.4444444444444444,0.14942528735632185,0.10344827586206896,0.04597701149425289,1,6.808370805949498,2.0062694569353168,4.8021013490141815,6.564747263411069
21,N Millikan,Oakland Ballers,2.12,7,1,14,14,0,85,65,23,20,12,96,10.16,5,0.91,337,2,10,2025,pitcher,85,1.2705882352941176,0.5294117647058824,6.882352941176471,8,0.28486646884273,0.03560830860534125,0.24925816023738873,1,6.808370805949498,2.0062694569353168,4.8021013490141815,4.084454290190652
22,N Hemmerling,Idaho Falls Chukars,6.43,8,4,16,16,0,84,121,69,60,43,60,6.43,15,1.95,408,7,3,2025,pitcher,84,4.607142857142857,1.6071428571428572,12.964285714285714,1.3953488372093024,0.14705882352941177,0.1053921568627451,0.04166666666666667,1,6.808370805949498,2.0062694569353168,4.8021013490141815,7.337815634728467
23,J Jenkins,Yuba-Sutter Freebirds,6.26,3,6,16,15,0,82,108,62,57,34,74,8.12,15,1.73,391,7,10,2025,pitcher,82,3.731707317073171,1.646341463414634,11.853658536585366,2.176470588235294,0.18925831202046037,0.08695652173913043,0.10230179028132994,0.9375,6.808370805949498,2.0062694569353168,4.8021013490141815,6.985028178282475
24,A Coleman,Ogden Raptors,11.29,3,5,21,13,0,81.33333333333333,139,113,102,32,40,4.43,28,2.1,431,6,19,2025,pitcher,81.1,3.5409836065573774,3.098360655737705,15.381147540983607,1.25,0.09280742459396751,0.07424593967517401,0.018561484918793503,0.6190476190476191,6.808370805949498,2.0062694569353168,4.8021013490141815,10.175052168686314
25,G Edwards,Boise Hawks,5.15,6,3,15,14,0,80.33333333333333,73,52,46,38,86,9.63,10,1.38,354,3,13,2025,pitcher,80.1,4.257261410788382,1.120331950207469,8.178423236514524,2.263157894736842,0.24293785310734464,0.10734463276836158,0.13559322033898308,0.9333333333333333,6.808370805949498,2.0062694569353168,4.8021013490141815,6.1838440876033935
26,S Gustafson,Ogden Raptors,9.04,5,4,19,17,0,79.66666666666667,120,91,80,34,49,5.54,13,1.93,404,4,17,2025,pitcher,79.2,3.8410041841004183,1.4686192468619246,13.556485355648535,1.4411764705882353,0.12128712871287128,0.08415841584158416,0.03712871287128712,0.8947368421052632,6.808370805949498,2.0062694569353168,4.8021013490141815,7.61381683018573
26,N Shinn,Idaho Falls Chukars,7.23,3,4,22,12,0,79.66666666666667,115,81,64,39,63,7.12,18,1.93,396,3,5,2025,pitcher,79.2,4.405857740585774,2.0334728033472804,12.99163179916318,1.6153846153846154,0.1590909090909091,0.09848484848484848,0.06060606060606061,0.5454545454545454,6.808370805949498,2.0062694569353168,4.8021013490141815,7.8146536502694115
28,E Massie,Grand Junction Jackalopes,9.23,4,6,18,17,0,79,115,92,81,69,66,7.52,9,2.33,422,12,14,2025,pitcher,79,7.860759493670886,1.0253164556962024,13.10126582278481,0.9565217391304348,0.15639810426540285,0.16350710900473933,-0.007109004739336483,0.9444444444444444,6.808370805949498,2.0062694569353168,4.8021013490141815,7.7641266654698775
29,M Peterson,Missoula PaddleHeads,9.23,5,6,16,16,0,78,135,89,80,18,63,7.27,10,1.96,387,NA,5,2025,pitcher,78,2.076923076923077,1.1538461538461537,15.576923076923077,3.5,0.16279069767441862,0.046511627906976744,0.11627906976744187,1,6.808370805949498,2.0062694569353168,4.8021013490141815,5.737998784911618
30,G Tanner,Oakland Ballers,3.26,9,0,17,11,0,77.33333333333333,70,34,28,24,47,5.47,13,1.22,323,5,7,2025,pitcher,77.1,2.793103448275862,1.5129310344827587,8.146551724137932,1.9583333333333333,0.14551083591331268,0.07430340557275542,0.07120743034055727,0.6470588235294118,6.808370805949498,2.0062694569353168,4.8021013490141815,6.97451514211763
30,C Womble,Yuba-Sutter Freebirds,7.33,6,4,15,15,0,77.33333333333333,98,65,63,37,54,6.28,12,1.75,362,5,9,2025,pitcher,77.1,4.306034482758621,1.396551724137931,11.405172413793105,1.4594594594594594,0.14917127071823205,0.10220994475138122,0.046961325966850834,1,6.808370805949498,2.0062694569353168,4.8021013490141815,7.207273762807285
32,D Foster,Billings Mustangs,7.61,7,3,21,11,0,73.33333333333333,108,72,62,18,56,6.87,12,1.72,348,6,7,2025,pitcher,73.1,2.2090909090909094,1.4727272727272729,13.254545454545456,3.111111111111111,0.16091954022988506,0.05172413793103448,0.10919540229885058,0.5238095238095238,6.808370805949498,2.0062694569353168,4.8021013490141815,6.4248286217414545
33,D Galvan,Great Falls Voyagers,8.67,3,3,25,7,0,71.66666666666667,118,77,69,29,62,7.79,10,2.05,363,4,6,2025,pitcher,71.2,3.6418604651162787,1.255813953488372,14.81860465116279,2.1379310344827585,0.17079889807162535,0.07988980716253444,0.09090909090909091,0.28,6.808370805949498,2.0062694569353168,4.8021013490141815,6.350938558316507
34,J Fuson,Billings Mustangs,3.63,6,0,14,13,0,69.33333333333333,60,35,28,31,70,9.09,2,1.31,305,2,5,2025,pitcher,69.1,4.024038461538462,0.25961538461538464,7.788461538461539,2.2580645161290325,0.22950819672131148,0.10163934426229508,0.1278688524590164,0.9285714285714286,6.808370805949498,2.0062694569353168,4.8021013490141815,4.71556288747572
35,C Scherrer,Rocky Mountain Vibes,6.16,5,4,16,15,0,68.66666666666667,102,63,47,46,51,6.68,7,2.16,344,8,6,2025,pitcher,68.2,6.0291262135922326,0.9174757281553397,13.36893203883495,1.108695652173913,0.14825581395348839,0.13372093023255813,0.014534883720930258,0.9375,6.808370805949498,2.0062694569353168,4.8021013490141815,6.913751834451075
36,E Elliott,Ogden Raptors,7.41,6,4,16,16,0,68,102,64,56,26,55,7.28,14,1.88,335,4,7,2025,pitcher,68,3.4411764705882355,1.8529411764705883,13.5,2.1153846153846154,0.16417910447761194,0.07761194029850746,0.08656716417910448,1,6.808370805949498,2.0062694569353168,4.8021013490141815,7.316807231367123
37,J Engman,Glacier Range Riders,7.35,1,6,14,14,0,67.33333333333333,84,60,55,28,56,7.49,13,1.66,311,6,2,2025,pitcher,67.1,3.742574257425743,1.7376237623762378,11.227722772277229,2,0.18006430868167203,0.09003215434083602,0.09003215434083602,1,6.808370805949498,2.0062694569353168,4.8021013490141815,6.985269665845864
38,E Johnson,Billings Mustangs,7.46,2,4,21,10,0,66.33333333333333,100,62,55,27,52,7.06,11,1.91,331,6,8,2025,pitcher,66.1,3.663316582914573,1.492462311557789,13.5678391959799,1.9259259259259258,0.15709969788519637,0.08157099697885196,0.0755287009063444,0.47619047619047616,6.808370805949498,2.0062694569353168,4.8021013490141815,6.972955620370966
39,E Kowalski,Rocky Mountain Vibes,8.36,1,2,15,11,1,65.66666666666667,103,66,61,35,49,6.72,14,2.1,338,4,9,2025,pitcher,65.2,4.796954314720812,1.9187817258883246,14.116751269035532,1.4,0.14497041420118342,0.10355029585798817,0.041420118343195256,0.7333333333333333,6.808370805949498,2.0062694569353168,4.8021013490141815,8.091441450537024
40,L Short,Oakland Ballers,3.58,7,1,15,14,0,65.33333333333333,62,28,26,23,79,10.88,3,1.3,282,4,4,2025,pitcher,65.1,3.168367346938776,0.413265306122449,8.540816326530614,3.4347826086956523,0.2801418439716312,0.08156028368794327,0.19858156028368795,0.9333333333333333,6.808370805949498,2.0062694569353168,4.8021013490141815,4.220468695952957
41,T Peltier,Rocky Mountain Vibes,7.48,6,5,33,9,0,65,94,62,54,35,52,7.2,12,1.98,324,7,6,2025,pitcher,65,4.846153846153846,1.6615384615384616,13.015384615384615,1.4857142857142858,0.16049382716049382,0.10802469135802469,0.05246913580246913,0.2727272727272727,6.808370805949498,2.0062694569353168,4.8021013490141815,7.494409041321874
42,C Stasio,Ogden Raptors,5.29,7,1,12,12,0,64.66666666666667,77,39,38,19,65,9.05,8,1.48,289,3,7,2025,pitcher,64.2,2.6443298969072164,1.11340206185567,10.716494845360824,3.4210526315789473,0.22491349480968859,0.0657439446366782,0.15916955017301038,1,6.808370805949498,2.0062694569353168,4.8021013490141815,5.6062250603543875
43,H Boncal,Billings Mustangs,3.92,4,5,19,11,0,64.33333333333333,68,35,28,34,66,9.23,3,1.59,296,2,4,2025,pitcher,64.1,4.756476683937824,0.4196891191709845,9.512953367875648,1.9411764705882353,0.22297297297297297,0.11486486486486487,0.1081081081081081,0.5789473684210527,6.808370805949498,2.0062694569353168,4.8021013490141815,5.128526219480503
44,M Binns,Rocky Mountain Vibes,5.91,2,2,14,13,0,64,66,53,42,48,62,8.72,3,1.78,309,15,3,2025,pitcher,64,6.75,0.421875,9.28125,1.2916666666666667,0.20064724919093851,0.1553398058252427,0.04530744336569581,0.9285714285714286,6.808370805949498,2.0062694569353168,4.8021013490141815,5.8646013490141815
44,S Lavin,Great Falls Voyagers,7.88,3,6,12,12,0,64,90,63,56,26,62,8.72,17,1.81,302,7,2,2025,pitcher,64,3.65625,2.390625,12.65625,2.3846153846153846,0.2052980132450331,0.08609271523178808,0.11920529801324503,1,6.808370805949498,2.0062694569353168,4.8021013490141815,7.6302263490141815
46,B Gillis,Grand Junction Jackalopes,8.14,3,3,40,5,0,63,78,62,57,55,83,11.86,9,2.11,336,12,16,2025,pitcher,63,7.857142857142857,1.2857142857142858,11.142857142857142,1.509090909090909,0.24702380952380953,0.1636904761904762,0.08333333333333334,0.125,6.808370805949498,2.0062694569353168,4.8021013490141815,7.405275952188784
47,C Cressend,Yuba-Sutter Freebirds,7.26,3,2,21,8,0,62,61,54,50,42,73,10.6,12,1.66,293,7,10,2025,pitcher,62,6.096774193548387,1.7419354838709677,8.85483870967742,1.7380952380952381,0.24914675767918087,0.14334470989761092,0.10580204778156996,0.38095238095238093,6.808370805949498,2.0062694569353168,4.8021013490141815,7.4795207038528915
47,M Kavanaugh,Yuba-Sutter Freebirds,7.4,5,3,14,11,0,62,81,56,51,22,49,7.11,15,1.66,291,2,4,2025,pitcher,62,3.193548387096774,2.1774193548387095,11.758064516129032,2.227272727272727,0.16838487972508592,0.07560137457044673,0.09278350515463919,0.7857142857142857,6.808370805949498,2.0062694569353168,4.8021013490141815,7.6246819941754715
47,Z Zaborowski,Grand Junction Jackalopes,10.74,4,6,17,12,0,62,109,82,74,27,65,9.44,18,2.19,326,6,8,2025,pitcher,62,3.9193548387096775,2.6129032258064515,15.82258064516129,2.4074074074074074,0.19938650306748465,0.08282208588957055,0.1165644171779141,0.7058823529411765,6.808370805949498,2.0062694569353168,4.8021013490141815,8.173069090949665
50,D Day,Missoula PaddleHeads,3.94,5,0,17,12,0,61.666666666666664,53,33,27,33,74,10.8,6,1.39,275,2,8,2025,pitcher,61.2,4.816216216216216,0.8756756756756757,7.735135135135136,2.242424242424242,0.2690909090909091,0.12,0.1490909090909091,0.7058823529411765,6.808370805949498,2.0062694569353168,4.8021013490141815,5.661560808473641
51,J Hughes,Boise Hawks,6.56,5,3,13,13,0,60.333333333333336,65,45,44,32,69,10.29,8,1.61,280,8,4,2025,pitcher,60.1,4.773480662983426,1.1933701657458564,9.696132596685082,2.15625,0.24642857142857144,0.11428571428571428,0.13214285714285717,1,6.808370805949498,2.0062694569353168,4.8021013490141815,6.028620686030756
52,A Bobadilla,Grand Junction Jackalopes,8.39,4,3,16,11,0,59,86,61,55,47,41,6.25,11,2.25,307,13,3,2025,pitcher,59,7.169491525423729,1.6779661016949152,13.11864406779661,0.8723404255319149,0.13355048859934854,0.15309446254071662,-0.019543973941368087,0.6875,6.808370805949498,2.0062694569353168,4.8021013490141815,8.37837253545486
53,D Matsuoka,Oakland Ballers,7.46,5,1,19,9,0,56.666666666666664,75,51,47,29,45,7.15,12,1.84,281,5,10,2025,pitcher,56.2,4.605882352941177,1.9058823529411766,11.911764705882353,1.5517241379310345,0.1601423487544484,0.10320284697508897,0.05693950177935944,0.47368421052631576,6.808370805949498,2.0062694569353168,4.8021013490141815,8.031513113720063
54,A Alger,Grand Junction Jackalopes,12.6,3,6,51,0,0,55,93,80,77,29,48,7.85,20,2.22,290,6,4,2025,pitcher,55,4.745454545454545,3.272727272727273,15.218181818181819,1.6551724137931034,0.16551724137931034,0.1,0.06551724137931034,0,6.808370805949498,2.0062694569353168,4.8021013490141815,9.583919530832365
55,G Van Deventer,Idaho Falls Chukars,8.89,5,5,15,12,0,54.666666666666664,91,64,54,22,32,5.27,9,2.07,279,9,5,2025,pitcher,54.2,3.6219512195121952,1.4817073170731707,14.981707317073171,1.4545454545454546,0.11469534050179211,0.07885304659498207,0.03584229390681004,0.8,6.808370805949498,2.0062694569353168,4.8021013490141815,7.253320861209303
56,R Miller,Grand Junction Jackalopes,1.33,3,0,46,0,16,54.333333333333336,37,10,8,17,83,13.75,2,0.99,219,5,5,2025,pitcher,54.1,2.8159509202453985,0.3312883435582822,6.128834355828221,4.882352941176471,0.3789954337899543,0.0776255707762557,0.3013698630136986,0,6.808370805949498,2.0062694569353168,4.8021013490141815,3.4401381588301323
56,N Parker,Missoula PaddleHeads,8.94,3,3,12,12,0,54.333333333333336,68,60,54,33,50,8.28,10,1.86,274,5,13,2025,pitcher,54.1,5.466257668711656,1.656441717791411,11.263803680981594,1.5151515151515151,0.18248175182481752,0.12043795620437957,0.06204379562043795,1,6.808370805949498,2.0062694569353168,4.8021013490141815,7.894125888891482
58,D Batcher,Great Falls Voyagers,9.83,4,5,13,9,0,54,101,67,59,29,36,6,11,2.41,284,5,NA,2025,pitcher,54,4.833333333333333,1.8333333333333333,16.833333333333332,1.2413793103448276,0.1267605633802817,0.10211267605633803,0.024647887323943657,0.6923076923076923,6.808370805949498,2.0062694569353168,4.8021013490141815,NA
58,R Fields,Missoula PaddleHeads,5.67,6,2,25,1,1,54,61,38,34,30,64,10.67,5,1.69,252,6,1,2025,pitcher,54,5,0.8333333333333334,10.166666666666666,2.1333333333333333,0.25396825396825395,0.11904761904761904,0.1349206349206349,0.04,6.808370805949498,2.0062694569353168,4.8021013490141815,5.357656904569737
60,N Pender,Great Falls Voyagers,5.74,2,2,39,0,3,53.333333333333336,74,50,34,25,54,9.11,6,1.86,269,9,4,2025,pitcher,53.1,4.21875,1.0125,12.487499999999999,2.16,0.20074349442379183,0.09293680297397769,0.10780669144981414,0,6.808370805949498,2.0062694569353168,4.8021013490141815,5.870851349014181
61,S Ellis,Yuba-Sutter Freebirds,5.64,0,2,26,4,0,52.666666666666664,54,33,33,24,47,8.03,8,1.48,239,7,5,2025,pitcher,52.2,4.101265822784811,1.3670886075949367,9.227848101265824,1.9583333333333333,0.19665271966527198,0.100418410041841,0.09623430962343098,0.15384615384615385,6.808370805949498,2.0062694569353168,4.8021013490141815,6.643873500912916
62,C Martinez,Colorado Springs Sky Sox,7.05,3,4,14,8,0,52.333333333333336,71,47,41,42,42,7.22,10,2.16,270,11,5,2025,pitcher,52.1,7.222929936305732,1.7197452229299361,12.210191082802547,1,0.15555555555555556,0.15555555555555556,0,0.5714285714285714,6.808370805949498,2.0062694569353168,4.8021013490141815,8.375349756657494
63,R Supple,Glacier Range Riders,6.58,2,6,29,6,5,52,54,48,38,30,56,9.69,5,1.62,244,4,4,2025,pitcher,52,5.1923076923076925,0.8653846153846154,9.346153846153847,1.8666666666666667,0.22950819672131148,0.12295081967213115,0.10655737704918034,0.20689655172413793,6.808370805949498,2.0062694569353168,4.8021013490141815,5.859793656706489
64,W Tucker,Rocky Mountain Vibes,5.57,2,4,31,2,0,51.666666666666664,53,40,32,36,65,11.32,6,1.72,246,16,4,2025,pitcher,51.2,6.270967741935484,1.0451612903225806,9.23225806451613,1.8055555555555556,0.26422764227642276,0.14634146341463414,0.11788617886178862,0.06451612903225806,6.808370805949498,2.0062694569353168,4.8021013490141815,6.118230381272246
65,L Cooper,Glacier Range Riders,3.6,2,3,45,0,3,50,41,22,20,25,74,13.32,7,1.32,219,6,4,2025,pitcher,50,4.5,1.26,7.38,2.96,0.3378995433789954,0.1141552511415525,0.2237442922374429,0,6.808370805949498,2.0062694569353168,4.8021013490141815,5.402101349014181
66,J Drake,Yuba-Sutter Freebirds,6.34,4,2,13,7,0,49.666666666666664,54,37,35,18,34,6.16,8,1.45,219,5,4,2025,pitcher,49.2,3.261744966442953,1.4496644295302015,9.78523489932886,1.8888888888888888,0.1552511415525114,0.0821917808219178,0.0730593607305936,0.5384615384615384,6.808370805949498,2.0062694569353168,4.8021013490141815,6.855792624181967
66,Z Lampton,Missoula PaddleHeads,2.9,4,2,47,0,9,49.666666666666664,32,17,16,25,83,15.04,3,1.15,211,3,4,2025,pitcher,49.2,4.530201342281879,0.5436241610738255,5.798657718120806,3.32,0.3933649289099526,0.11848341232227488,0.27488151658767773,0,6.808370805949498,2.0062694569353168,4.8021013490141815,3.996732221497403
66,C Richardson,Oakland Ballers,2.54,6,0,39,0,2,49.666666666666664,41,18,14,8,36,6.52,7,0.99,199,NA,3,2025,pitcher,49.2,1.4496644295302015,1.2684563758389262,7.429530201342282,4.5,0.18090452261306533,0.04020100502512563,0.1407035175879397,0,6.808370805949498,2.0062694569353168,4.8021013490141815,5.849081214785993
69,B Moody,Great Falls Voyagers,8.57,2,5,11,9,0,49.333333333333336,82,54,47,20,26,4.74,8,2.07,251,5,9,2025,pitcher,49.1,3.6486486486486487,1.4594594594594594,14.959459459459458,1.3,0.10358565737051793,0.0796812749003984,0.02390438247011953,0.8181818181818182,6.808370805949498,2.0062694569353168,4.8021013490141815,7.619668916581749
70,A Bogosian,Oakland Ballers,5.33,3,0,31,0,2,49,59,34,29,14,53,9.73,2,1.49,224,3,2,2025,pitcher,49,2.5714285714285716,0.3673469387755102,10.83673469387755,3.7857142857142856,0.23660714285714285,0.0625,0.17410714285714285,0,6.808370805949498,2.0062694569353168,4.8021013490141815,4.149040124524386
70,C Edmonson,Ogden Raptors,6.06,2,1,48,0,1,49,58,40,33,24,58,10.65,7,1.67,232,8,4,2025,pitcher,49,4.408163265306122,1.2857142857142858,10.653061224489797,2.4166666666666665,0.25,0.10344827586206896,0.14655172413793105,0,6.808370805949498,2.0062694569353168,4.8021013490141815,6.0061829816672425
72,J Locklear,Boise Hawks,8.51,1,3,38,1,1,48.666666666666664,56,48,46,24,40,7.4,7,1.64,236,1,11,2025,pitcher,48.2,4.438356164383562,1.2945205479452055,10.356164383561644,1.6666666666666667,0.1694915254237288,0.1016949152542373,0.06779661016949151,0.02631578947368421,6.808370805949498,2.0062694569353168,4.8021013490141815,7.185662992849798
73,T Morrill,Rocky Mountain Vibes,6.75,6,3,43,2,8,48,61,45,36,35,53,9.94,3,2,239,14,4,2025,pitcher,48,6.5625,0.5625,11.4375,1.5142857142857142,0.2217573221757322,0.14644351464435146,0.07531380753138076,0.046511627906976744,6.808370805949498,2.0062694569353168,4.8021013490141815,5.8437680156808485
74,E Ross,Colorado Springs Sky Sox,9.25,1,3,32,2,0,47.666666666666664,72,57,49,38,46,8.69,9,2.31,255,9,4,2025,pitcher,47.2,7.174825174825175,1.6993006993006994,13.594405594405595,1.2105263157894737,0.1803921568627451,0.14901960784313725,0.03137254901960784,0.0625,6.808370805949498,2.0062694569353168,4.8021013490141815,7.96993351684635
75,M Lauria,Colorado Springs Sky Sox,11.79,1,4,10,9,0,47.333333333333336,78,70,62,30,36,6.85,16,2.28,260,2,8,2025,pitcher,47.1,5.704225352112676,3.0422535211267605,14.830985915492956,1.2,0.13846153846153847,0.11538461538461539,0.023076923076923078,0.9,6.808370805949498,2.0062694569353168,4.8021013490141815,10.083791489859252
76,R Gutierrez Rosario,Ogden Raptors,7.66,2,4,10,10,0,47,66,42,40,26,37,7.09,9,1.96,228,15,2,2025,pitcher,47,4.9787234042553195,1.7234042553191489,12.638297872340425,1.4230769230769231,0.16228070175438597,0.11403508771929824,0.04824561403508773,1,6.808370805949498,2.0062694569353168,4.8021013490141815,7.504229008588649
77,S Brennan,Glacier Range Riders,7.38,1,7,12,12,0,46.333333333333336,56,44,38,29,41,7.96,12,1.83,224,1,3,2025,pitcher,46.1,5.633093525179856,2.330935251798561,10.877697841726619,1.4137931034482758,0.18303571428571427,0.12946428571428573,0.05357142857142855,1,6.808370805949498,2.0062694569353168,4.8021013490141815,8.47116609721562
78,A Armstrong,Missoula PaddleHeads,5.36,3,1,33,2,0,45.333333333333336,46,31,27,22,53,10.52,7,1.5,204,2,4,2025,pitcher,45.1,4.367647058823529,1.3897058823529411,9.13235294117647,2.409090909090909,0.25980392156862747,0.10784313725490197,0.1519607843137255,0.06060606060606061,6.808370805949498,2.0062694569353168,4.8021013490141815,6.191807231367123
79,N Soto,Colorado Springs Sky Sox,15.4,0,7,9,9,0,45,103,89,77,28,39,7.8,15,2.91,277,4,5,2025,pitcher,45,5.6,3,20.6,1.3928571428571428,0.1407942238267148,0.10108303249097472,0.03971119133574008,1,6.808370805949498,2.0062694569353168,4.8021013490141815,9.60210134901418
80,N Cardinal,Ogden Raptors,5.04,5,4,43,0,12,44.666666666666664,43,28,25,26,47,9.47,8,1.54,206,6,5,2025,pitcher,44.2,5.238805970149254,1.6119402985074627,8.664179104477613,1.8076923076923077,0.22815533980582525,0.1262135922330097,0.10194174757281554,0,6.808370805949498,2.0062694569353168,4.8021013490141815,7.108071498267913
81,M Bryant,Yuba-Sutter Freebirds,4.87,2,3,38,0,1,44.333333333333336,44,30,24,20,52,10.56,4,1.44,201,6,2,2025,pitcher,44.1,4.060150375939849,0.8120300751879699,8.932330827067668,2.6,0.25870646766169153,0.09950248756218906,0.15920398009950248,0,6.808370805949498,2.0062694569353168,4.8021013490141815,5.117890822698392
81,C Franzen,Oakland Ballers,4.26,3,0,35,0,0,44.333333333333336,46,27,21,8,47,9.54,12,1.22,189,2,1,2025,pitcher,44.1,1.6240601503759398,2.43609022556391,9.338345864661653,5.875,0.24867724867724866,0.042328042328042326,0.20634920634920634,0,6.808370805949498,2.0062694569353168,4.8021013490141815,6.8096201460066625
81,L Helton,Great Falls Voyagers,9.95,1,7,10,9,0,44.333333333333336,79,54,49,21,29,5.89,8,2.26,228,1,1,2025,pitcher,44.1,4.263157894736842,1.6240601503759398,16.037593984962406,1.380952380952381,0.12719298245614036,0.09210526315789473,0.035087719298245626,0.9,6.808370805949498,2.0062694569353168,4.8021013490141815,7.328417138487866
84,D Pratt,Glacier Range Riders,4.7,2,1,40,0,0,44,41,29,23,21,40,8.18,2,1.41,198,5,6,2025,pitcher,44,4.295454545454546,0.4090909090909091,8.386363636363637,1.9047619047619047,0.20202020202020202,0.10606060606060606,0.09595959595959595,0,6.808370805949498,2.0062694569353168,4.8021013490141815,5.415737712650545
85,A Alvarez,Billings Mustangs,5.77,0,2,11,10,0,43.666666666666664,68,34,28,20,23,4.74,2,2.02,217,3,7,2025,pitcher,43.2,4.122137404580153,0.4122137404580153,14.01526717557252,1.15,0.10599078341013825,0.09216589861751152,0.013824884792626724,0.9090909090909091,6.808370805949498,2.0062694569353168,4.8021013490141815,6.199047913899678
85,H Bryan,Rocky Mountain Vibes,6.18,2,4,37,0,10,43.666666666666664,47,32,30,19,57,11.75,8,1.51,200,3,1,2025,pitcher,43.2,3.9160305343511452,1.6488549618320612,9.68702290076336,3,0.285,0.095,0.18999999999999997,0,6.808370805949498,2.0062694569353168,4.8021013490141815,5.947139516953113
87,J Hasty,Glacier Range Riders,1.45,1,1,45,0,2,43.333333333333336,33,17,7,27,56,11.63,2,1.38,189,10,4,2025,pitcher,43.1,5.607692307692307,0.41538461538461535,6.8538461538461535,2.074074074074074,0.2962962962962963,0.14285714285714285,0.15343915343915343,0,6.808370805949498,2.0062694569353168,4.8021013490141815,4.963639810552643
88,J Colyer,Oakland Ballers,3.77,3,0,36,0,2,43,42,19,18,18,55,11.51,1,1.4,184,5,2,2025,pitcher,43,3.7674418604651163,0.20930232558139536,8.790697674418604,3.0555555555555554,0.29891304347826086,0.09782608695652174,0.20108695652173914,0,6.808370805949498,2.0062694569353168,4.8021013490141815,3.941636232735112
88,C Sullivan,Oakland Ballers,4.81,2,1,42,0,19,43,38,26,23,16,47,9.84,4,1.26,185,2,4,2025,pitcher,43,3.3488372093023258,0.8372093023255814,7.953488372093023,2.9375,0.25405405405405407,0.08648648648648649,0.16756756756756758,0,6.808370805949498,2.0062694569353168,4.8021013490141815,5.220706000176972
90,A Garcia,Yuba-Sutter Freebirds,6.12,0,4,36,0,3,42.666666666666664,43,31,29,32,58,12.23,9,1.76,210,9,9,2025,pitcher,42.2,6.75,1.8984375,9.0703125,1.8125,0.2761904761904762,0.1523809523809524,0.12380952380952381,0,6.808370805949498,2.0062694569353168,4.8021013490141815,7.7083513490141815
91,Q Waterhouse,Boise Hawks,7.65,1,2,26,3,5,42.333333333333336,63,45,36,22,38,8.08,4,2.01,213,7,4,2025,pitcher,42.1,4.677165354330708,0.8503937007874015,13.393700787401574,1.7272727272727273,0.1784037558685446,0.10328638497652583,0.07511737089201877,0.11538461538461539,6.808370805949498,2.0062694569353168,4.8021013490141815,6.077691900195283
92,S Ordorica,Idaho Falls Chukars,5.57,1,0,34,0,1,42,53,29,26,16,28,6,8,1.64,195,NA,8,2025,pitcher,42,3.4285714285714284,1.7142857142857142,11.357142857142858,1.75,0.14358974358974358,0.08205128205128205,0.06153846153846153,0,6.808370805949498,2.0062694569353168,4.8021013490141815,7.659244206157039
93,N Zegna,Glacier Range Riders,4.24,0,2,37,0,6,40.333333333333336,38,24,19,14,50,11.16,3,1.29,177,4,6,2025,pitcher,40.1,3.12396694214876,0.6694214876033058,8.479338842975206,3.5714285714285716,0.2824858757062147,0.07909604519774012,0.2033898305084746,0,6.808370805949498,2.0062694569353168,4.8021013490141815,4.777307960584429
94,J Collett,Great Falls Voyagers,8.47,1,0,27,0,0,39.333333333333336,45,39,37,27,50,11.44,8,1.83,193,10,6,2025,pitcher,39.1,6.177966101694915,1.830508474576271,10.296610169491524,1.8518518518518519,0.25906735751295334,0.13989637305699482,0.11917098445595853,0,6.808370805949498,2.0062694569353168,4.8021013490141815,7.420745416810791
95,R Velazquez,Colorado Springs Sky Sox,5.82,3,2,31,0,1,38.666666666666664,46,31,25,30,40,9.31,5,1.97,197,9,4,2025,pitcher,38.2,6.982758620689656,1.163793103448276,10.706896551724139,1.3333333333333333,0.20304568527918782,0.15228426395939088,0.05076142131979694,0,6.808370805949498,2.0062694569353168,4.8021013490141815,7.0521013490141815
96,C Kratz,Rocky Mountain Vibes,5.54,1,2,30,0,0,37.333333333333336,47,30,23,24,41,9.88,6,1.9,184,4,1,2025,pitcher,37.1,5.785714285714286,1.4464285714285714,11.330357142857142,1.7083333333333333,0.22282608695652173,0.13043478260869565,0.09239130434782608,0,6.808370805949498,2.0062694569353168,4.8021013490141815,6.703887063299896
97,S Drumheller,Yuba-Sutter Freebirds,6.32,0,4,32,0,0,37,40,33,26,17,30,7.3,8,1.54,170,1,1,2025,pitcher,37,4.135135135135135,1.945945945945946,9.72972972972973,1.7647058823529411,0.17647058823529413,0.1,0.07647058823529412,0,6.808370805949498,2.0062694569353168,4.8021013490141815,7.450749997662831
98,C Trout,Boise Hawks,3.96,2,2,41,1,2,36.333333333333336,38,17,16,15,19,4.71,4,1.46,160,2,5,2025,pitcher,36.1,3.715596330275229,0.9908256880733944,9.412844036697248,1.2666666666666666,0.11875,0.09375,0.024999999999999994,0.024390243902439025,6.808370805949498,2.0062694569353168,4.8021013490141815,6.838798596720603
99,M Lopez,Colorado Springs Sky Sox,9.5,0,3,16,2,1,36,58,41,38,26,37,9.25,8,2.33,192,7,1,2025,pitcher,36,6.5,2,14.5,1.4230769230769231,0.19270833333333334,0.13541666666666666,0.057291666666666685,0.125,6.808370805949498,2.0062694569353168,4.8021013490141815,7.885434682347515
100,M Taubensee,Missoula PaddleHeads,2.78,3,0,32,0,0,35.666666666666664,26,14,11,23,64,16.15,4,1.37,158,NA,2,2025,pitcher,35.2,5.80373831775701,1.0093457943925235,6.560747663551402,2.782608695652174,0.4050632911392405,0.14556962025316456,0.25949367088607594,0,6.808370805949498,2.0062694569353168,4.8021013490141815,4.7740639658366115
101,E Bates,Yuba-Sutter Freebirds,5.6,3,3,32,0,4,35.333333333333336,41,27,22,13,31,7.9,5,1.53,165,4,7,2025,pitcher,35.1,3.3113207547169807,1.2735849056603772,10.443396226415093,2.3846153846153846,0.18787878787878787,0.07878787878787878,0.10909090909090909,0,6.808370805949498,2.0062694569353168,4.8021013490141815,6.5851202169387095
101,R Hughes,Idaho Falls Chukars,4.84,1,4,33,0,1,35.333333333333336,36,21,19,22,43,10.95,5,1.64,160,2,3,2025,pitcher,35.1,5.60377358490566,1.2735849056603772,9.169811320754716,1.9545454545454546,0.26875,0.1375,0.13124999999999998,0,6.808370805949498,2.0062694569353168,4.8021013490141815,6.330403235806634
103,D Fox,Colorado Springs Sky Sox,17.23,0,1,24,2,0,35,63,71,67,40,27,6.94,7,2.94,217,4,17,2025,pitcher,35,10.285714285714286,1.8,16.2,0.675,0.12442396313364056,0.18433179723502305,-0.05990783410138249,0.08333333333333333,6.808370805949498,2.0062694569353168,4.8021013490141815,10.744958491871325
103,M Grannan,Great Falls Voyagers,4.11,1,0,30,0,0,35,36,19,16,13,34,8.74,4,1.4,159,4,1,2025,pitcher,35,3.342857142857143,1.0285714285714285,9.257142857142858,2.6153846153846154,0.2138364779874214,0.08176100628930817,0.13207547169811323,0,6.808370805949498,2.0062694569353168,4.8021013490141815,5.544958491871324
105,B Barquin,Grand Junction Jackalopes,14.8,3,4,19,5,0,34.666666666666664,75,69,57,24,31,8.05,6,2.86,207,5,10,2025,pitcher,34.2,6.230769230769231,1.5576923076923077,19.471153846153847,1.2916666666666667,0.1497584541062802,0.11594202898550725,0.033816425120772944,0.2631578947368421,6.808370805949498,2.0062694569353168,4.8021013490141815,8.205947502860337
105,D Delvecchio,Oakland Ballers,7.53,1,2,10,7,0,34.666666666666664,41,34,29,16,29,7.53,10,1.64,164,7,4,2025,pitcher,34.2,4.153846153846154,2.5961538461538463,10.64423076923077,1.8125,0.17682926829268292,0.0975609756097561,0.07926829268292682,0.7,6.808370805949498,2.0062694569353168,4.8021013490141815,8.60979365670649
105,G Pacheco,Boise Hawks,9.61,0,3,9,7,0,34.666666666666664,60,38,37,21,28,7.27,9,2.34,183,4,5,2025,pitcher,34.2,5.4519230769230775,2.3365384615384617,15.576923076923078,1.3333333333333333,0.15300546448087432,0.11475409836065574,0.03825136612021858,0.7777777777777778,6.808370805949498,2.0062694569353168,4.8021013490141815,8.811716733629567
108,W Cameron,Great Falls Voyagers,3.93,1,1,34,0,8,34.333333333333336,29,19,15,15,44,11.53,1,1.28,147,6,2,2025,pitcher,34.1,3.932038834951456,0.2621359223300971,7.601941747572815,2.933333333333333,0.29931972789115646,0.10204081632653061,0.19727891156462585,0,6.808370805949498,2.0062694569353168,4.8021013490141815,4.10307222280059
109,R Egloff,Grand Junction Jackalopes,5.61,4,2,7,7,0,33.666666666666664,55,28,21,5,32,8.55,4,1.78,167,2,2,2025,pitcher,33.2,1.3366336633663367,1.0693069306930694,14.702970297029704,6.4,0.19161676646706588,0.029940119760479042,0.16167664670658682,1,6.808370805949498,2.0062694569353168,4.8021013490141815,5.069428081687449
109,A Rodriguez,Grand Junction Jackalopes,11.23,3,1,29,0,0,33.666666666666664,41,46,42,35,35,9.36,8,2.26,178,12,3,2025,pitcher,33.2,9.356435643564357,2.1386138613861387,10.96039603960396,1,0.19662921348314608,0.19662921348314608,0,0,6.808370805949498,2.0062694569353168,4.8021013490141815,9.198140952974578
111,R Kelley,Great Falls Voyagers,4.91,3,2,30,1,0,33,34,20,18,19,36,9.82,7,1.61,155,5,4,2025,pitcher,33,5.181818181818182,1.9090909090909092,9.272727272727273,1.894736842105263,0.23225806451612904,0.12258064516129032,0.10967741935483873,0.03333333333333333,6.808370805949498,2.0062694569353168,4.8021013490141815,7.468768015680848
111,N Madej,Yuba-Sutter Freebirds,7.36,2,3,8,7,0,33,31,33,27,37,31,8.45,6,2.06,169,3,3,2025,pitcher,33,10.090909090909092,1.6363636363636365,8.454545454545455,0.8378378378378378,0.1834319526627219,0.21893491124260356,-0.03550295857988167,0.875,6.808370805949498,2.0062694569353168,4.8021013490141815,8.923313470226303
111,S Schmitt,Billings Mustangs,8.73,1,2,8,7,0,33,51,35,32,14,22,6,7,1.97,166,4,3,2025,pitcher,33,3.8181818181818183,1.9090909090909092,13.909090909090908,1.5714285714285714,0.13253012048192772,0.08433734939759036,0.048192771084337366,0.875,6.808370805949498,2.0062694569353168,4.8021013490141815,7.771798318711151
114,J Ochoa,Colorado Springs Sky Sox,6.34,2,1,27,0,0,32.666666666666664,42,28,23,30,38,10.47,3,2.2,166,5,4,2025,pitcher,32.2,8.26530612244898,0.826530612244898,11.571428571428573,1.2666666666666666,0.2289156626506024,0.18072289156626506,0.04819277108433734,0,6.808370805949498,2.0062694569353168,4.8021013490141815,6.791897267381529
115,T Wolf,Grand Junction Jackalopes,6.12,3,2,31,0,0,32.333333333333336,38,22,22,18,26,7.24,6,1.73,152,8,6,2025,pitcher,32.1,5.010309278350515,1.670103092783505,10.577319587628866,1.4444444444444444,0.17105263157894737,0.11842105263157894,0.05263157894736843,0,6.808370805949498,2.0062694569353168,4.8021013490141815,7.833029184065728
116,T Jones,Boise Hawks,5.06,1,2,14,2,2,32,34,24,18,21,38,10.69,6,1.72,152,NA,4,2025,pitcher,32,5.90625,1.6875,9.5625,1.8095238095238095,0.25,0.13815789473684212,0.11184210526315788,0.14285714285714285,6.808370805949498,2.0062694569353168,4.8021013490141815,7.2083513490141815
116,J Kinsky,Colorado Springs Sky Sox,12.38,0,1,22,0,0,32,46,51,44,42,29,8.16,2,2.75,195,11,9,2025,pitcher,32,11.8125,0.5625,12.9375,0.6904761904761905,0.14871794871794872,0.2153846153846154,-0.06666666666666668,0,6.808370805949498,2.0062694569353168,4.8021013490141815,8.583351349014182
116,E Ross,Billings Mustangs,9.84,1,2,15,2,0,32,46,38,35,25,28,7.88,6,2.22,169,6,3,2025,pitcher,32,7.03125,1.6875,12.9375,1.12,0.16568047337278108,0.14792899408284024,0.017751479289940836,0.13333333333333333,6.808370805949498,2.0062694569353168,4.8021013490141815,8.114601349014182
119,N Pinazzi,Idaho Falls Chukars,8.13,1,1,29,1,2,31,40,30,28,17,42,12.19,2,1.84,148,3,1,2025,pitcher,31,4.935483870967742,0.5806451612903226,11.612903225806452,2.4705882352941178,0.28378378378378377,0.11486486486486487,0.16891891891891891,0.034482758620689655,6.808370805949498,2.0062694569353168,4.8021013490141815,4.6730690909496655
120,A Sabouri,Missoula PaddleHeads,6.3,0,0,30,0,8,30,28,26,21,25,29,8.7,1,1.77,147,1,7,2025,pitcher,30,7.5,0.3,8.4,1.16,0.19727891156462585,0.17006802721088435,0.0272108843537415,0,6.808370805949498,2.0062694569353168,4.8021013490141815,6.502101349014182
121,C Calnon,Billings Mustangs,3.68,4,0,7,4,0,29.333333333333332,29,14,12,1,15,4.6,4,1.02,116,NA,NA,2025,pitcher,29.1,0.3068181818181818,1.2272727272727273,8.897727272727273,15,0.12931034482758622,0.008620689655172414,0.1206896551724138,0.5714285714285714,6.808370805949498,2.0062694569353168,4.8021013490141815,NA
122,K Carrillo,Colorado Springs Sky Sox,12.1,0,2,13,2,0,29,51,46,39,34,20,6.21,8,2.93,175,11,5,2025,pitcher,29,10.551724137931034,2.4827586206896552,15.827586206896552,0.5882352941176471,0.11428571428571428,0.19428571428571428,-0.08,0.15384615384615385,6.808370805949498,2.0062694569353168,4.8021013490141815,11.043480659359009
122,C Ciuffetelli,Ogden Raptors,6.83,0,2,29,0,0,29,40,29,22,23,31,9.62,7,2.17,149,11,NA,2025,pitcher,29,7.137931034482759,2.1724137931034484,12.413793103448276,1.3478260869565217,0.2080536912751678,0.15436241610738255,0.05369127516778524,0,6.808370805949498,2.0062694569353168,4.8021013490141815,NA
122,M Hoaglund,Grand Junction Jackalopes,12.41,1,1,10,3,0,29,51,41,40,19,22,6.83,8,2.41,155,1,2,2025,pitcher,29,5.896551724137931,2.4827586206896552,15.827586206896552,1.1578947368421053,0.14193548387096774,0.12258064516129032,0.019354838709677427,0.3,6.808370805949498,2.0062694569353168,4.8021013490141815,9.043480659359009
125,B Carmichael,Boise Hawks,10.61,3,3,6,6,0,28,46,39,33,15,22,7.07,4,2.18,145,NA,2,2025,pitcher,28,4.821428571428571,1.2857142857142858,14.785714285714286,1.4666666666666666,0.15172413793103448,0.10344827586206896,0.04827586206896552,1,6.808370805949498,2.0062694569353168,4.8021013490141815,6.909244206157039
1,A Abbatine,Colorado Springs Sky Sox,0,0,0,0,0,0,0,NA,NA,NA,NA,0,0,NA,NA,NA,NA,NA,2025,pitcher,0,NA,NA,NA,NA,NA,NA,NA,NA,6.808370805949498,2.0062694569353168,4.8021013490141815,NA
2,J Acosta,Boise Hawks,6.75,2,1,11,0,0,17.333333333333332,22,13,13,7,20,10.38,2,1.67,81,4,2,2025,pitcher,17.1,3.634615384615385,1.0384615384615385,11.423076923076923,2.857142857142857,0.24691358024691357,0.08641975308641975,0.16049382716049382,0,6.808370805949498,2.0062694569353168,4.8021013490141815,5.5521013490141815
3,A Adams,Rocky Mountain Vibes,0,0,0,0,0,0,0,NA,NA,NA,NA,0,0,NA,NA,NA,NA,NA,2025,pitcher,0,NA,NA,NA,NA,NA,NA,NA,NA,6.808370805949498,2.0062694569353168,4.8021013490141815,NA
4,C Adamson,Colorado Springs Sky Sox,13.32,0,4,5,5,0,24.333333333333332,43,36,36,15,14,5.18,5,2.38,130,3,3,2025,pitcher,24.1,5.5479452054794525,1.8493150684931507,15.904109589041097,0.9333333333333333,0.1076923076923077,0.11538461538461539,-0.007692307692307693,1,6.808370805949498,2.0062694569353168,4.8021013490141815,8.541827376411442
5,N Agacki,Ogden Raptors,13.11,1,0,10,0,0,11.666666666666666,16,17,17,13,11,8.49,3,2.49,64,3,3,2025,pitcher,11.2,10.028571428571428,2.3142857142857145,12.342857142857143,0.8461538461538461,0.171875,0.203125,-0.03125,0,6.808370805949498,2.0062694569353168,4.8021013490141815,10.373529920442753
6,M Alba,Missoula PaddleHeads,15,0,0,3,0,0,3,4,5,5,5,3,9,NA,3,18,2,1,2025,pitcher,3,15,NA,12,0.6,0.16666666666666666,0.2777777777777778,-0.11111111111111113,0,6.808370805949498,2.0062694569353168,4.8021013490141815,NA
7,A Albert,Great Falls Voyagers,0,0,0,0,0,0,0,NA,NA,NA,NA,0,0,NA,NA,NA,NA,NA,2025,pitcher,0,NA,NA,NA,NA,NA,NA,NA,NA,6.808370805949498,2.0062694569353168,4.8021013490141815,NA
9,R Allen Jr.,Billings Mustangs,0,0,0,0,0,0,0,NA,NA,NA,NA,0,0,NA,NA,NA,NA,NA,2025,pitcher,0,NA,NA,NA,NA,NA,NA,NA,NA,6.808370805949498,2.0062694569353168,4.8021013490141815,NA
9,J Allen,Grand Junction Jackalopes,0,NA,NA,NA,NA,NA,0,NA,NA,NA,NA,0,0,NA,NA,NA,NA,NA,2025,pitcher,0,NA,NA,NA,NA,NA,NA,NA,NA,6.808370805949498,2.0062694569353168,4.8021013490141815,NA
11,J Allgeyer,Oakland Ballers,27,0,0,1,0,0,2,5,6,6,1,0,0,1,3,12,1,1,2025,pitcher,2,4.5,4.5,22.5,0,0,0.08333333333333333,-0.08333333333333333,0,6.808370805949498,2.0062694569353168,4.8021013490141815,14.302101349014182
12,C Almanza,Oakland Ballers,0,0,0,0,0,0,0,NA,NA,NA,NA,0,0,NA,NA,NA,NA,NA,2025,pitcher,0,NA,NA,NA,NA,NA,NA,NA,NA,6.808370805949498,2.0062694569353168,4.8021013490141815,NA
13,A Alonso,Colorado Springs Sky Sox,16.5,0,1,5,2,0,12,23,24,22,17,5,3.75,6,3.33,74,NA,NA,2025,pitcher,12,12.75,4.5,17.25,0.29411764705882354,0.06756756756756757,0.22972972972972974,-0.16216216216216217,0.4,6.808370805949498,2.0062694569353168,4.8021013490141815,NA
15,K Anglin,Yuba-Sutter Freebirds,5.17,1,0,4,4,0,15.666666666666666,23,11,9,7,20,11.49,1,1.91,75,2,NA,2025,pitcher,15.2,4.021276595744681,0.574468085106383,13.212765957446809,2.857142857142857,0.26666666666666666,0.09333333333333334,0.17333333333333334,1,6.808370805949498,2.0062694569353168,4.8021013490141815,NA
16,D Aragon,Grand Junction Jackalopes,0,0,0,0,0,0,0,NA,NA,NA,NA,0,0,NA,NA,NA,NA,NA,2025,pitcher,0,NA,NA,NA,NA,NA,NA,NA,NA,6.808370805949498,2.0062694569353168,4.8021013490141815,NA
17,E Armstrong III,Glacier Range Riders,7.24,1,1,17,0,0,27.333333333333332,31,22,22,12,31,10.21,8,1.57,123,3,1,2025,pitcher,27.1,3.951219512195122,2.6341463414634148,10.207317073170731,2.5833333333333335,0.25203252032520324,0.0975609756097561,0.15447154471544713,0,6.808370805949498,2.0062694569353168,4.8021013490141815,7.7655159831605225
18,E Armstrong III,Colorado Springs Sky Sox,18.16,1,2,11,2,0,18.333333333333332,48,37,37,13,16,7.85,6,3.33,118,4,3,2025,pitcher,18.1,6.381818181818182,2.9454545454545458,23.563636363636366,1.2307692307692308,0.13559322033898305,0.11016949152542373,0.025423728813559324,0.18181818181818182,6.808370805949498,2.0062694569353168,4.8021013490141815,9.929374076286908
20,K Ashworth,Glacier Range Riders,0,0,0,0,0,0,0,NA,NA,NA,NA,0,0,NA,NA,NA,NA,NA,2025,pitcher,0,NA,NA,NA,NA,NA,NA,NA,NA,6.808370805949498,2.0062694569353168,4.8021013490141815,NA
21,T Atkins,Grand Junction Jackalopes,14.34,1,0,13,0,0,10.666666666666666,17,19,17,6,10,8.44,3,2.16,63,NA,6,2025,pitcher,10.2,5.0625,2.53125,14.34375,1.6666666666666667,0.15873015873015872,0.09523809523809523,0.06349206349206349,0,6.808370805949498,2.0062694569353168,4.8021013490141815,9.958351349014182
22,C Backer Jr.,Rocky Mountain Vibes,12.38,0,2,2,2,0,8,18,14,11,5,2,2.25,NA,2.88,48,NA,NA,2025,pitcher,8,5.625,NA,20.25,0.4,0.041666666666666664,0.10416666666666667,-0.0625,1,6.808370805949498,2.0062694569353168,4.8021013490141815,NA
23,T Bacon,Great Falls Voyagers,5.47,0,2,24,0,2,26.333333333333332,24,18,16,25,27,9.23,3,1.86,130,7,1,2025,pitcher,26.1,8.544303797468356,1.0253164556962027,8.202531645569621,1.08,0.2076923076923077,0.19230769230769232,0.015384615384615385,0,6.808370805949498,2.0062694569353168,4.8021013490141815,7.194506412305321
24,C Bagnieski,Ogden Raptors,0,0,0,0,0,0,0,NA,NA,NA,NA,0,0,NA,NA,NA,NA,NA,2025,pitcher,0,NA,NA,NA,NA,NA,NA,NA,NA,6.808370805949498,2.0062694569353168,4.8021013490141815,NA
25,T Baker,Glacier Range Riders,9.24,0,1,3,3,0,12.666666666666666,27,19,13,2,3,2.13,4,2.29,69,NA,1,2025,pitcher,12.2,1.4210526315789473,2.8421052631578947,19.18421052631579,1.5,0.043478260869565216,0.028985507246376812,0.014492753623188404,1,6.808370805949498,2.0062694569353168,4.8021013490141815,9.144206612172077
26,K Banks,Idaho Falls Chukars,0,0,0,0,0,0,0,NA,NA,NA,NA,0,0,NA,NA,NA,NA,NA,2025,pitcher,0,NA,NA,NA,NA,NA,NA,NA,NA,6.808370805949498,2.0062694569353168,4.8021013490141815,NA
28,A Barranca,Great Falls Voyagers,0,0,0,0,0,0,0,NA,NA,NA,NA,0,0,NA,NA,NA,NA,NA,2025,pitcher,0,NA,NA,NA,NA,NA,NA,NA,NA,6.808370805949498,2.0062694569353168,4.8021013490141815,NA
28,L Barry,Missoula PaddleHeads,0,0,0,0,0,0,0,NA,NA,NA,NA,0,0,NA,NA,NA,NA,NA,2025,pitcher,0,NA,NA,NA,NA,NA,NA,NA,NA,6.808370805949498,2.0062694569353168,4.8021013490141815,NA
30,S Bass,Ogden Raptors,8,0,1,2,2,0,9,14,9,8,5,5,5,4,2.11,44,1,1,2025,pitcher,9,5,4,14,1,0.11363636363636363,0.11363636363636363,0,1,6.808370805949498,2.0062694569353168,4.8021013490141815,11.468768015680848
32,A Bates,Missoula PaddleHeads,0,0,0,0,0,0,0,NA,NA,NA,NA,0,0,NA,NA,NA,NA,NA,2025,pitcher,0,NA,NA,NA,NA,NA,NA,NA,NA,6.808370805949498,2.0062694569353168,4.8021013490141815,NA
34,S Baumgardt,Idaho Falls Chukars,0,0,0,0,0,0,0,NA,NA,NA,NA,0,0,NA,NA,NA,NA,NA,2025,pitcher,0,NA,NA,NA,NA,NA,NA,NA,NA,6.808370805949498,2.0062694569353168,4.8021013490141815,NA
35,N Bautista,Missoula PaddleHeads,5.19,1,1,18,0,0,17.333333333333332,14,10,10,13,20,10.38,2,1.56,79,2,2,2025,pitcher,17.1,6.750000000000001,1.0384615384615385,7.26923076923077,1.5384615384615385,0.25316455696202533,0.16455696202531644,0.08860759493670889,0,6.808370805949498,2.0062694569353168,4.8021013490141815,6.59056288747572
37,L Beard,Glacier Range Riders,0,0,0,0,0,0,0,NA,NA,NA,NA,0,0,NA,NA,NA,NA,NA,2025,pitcher,0,NA,NA,NA,NA,NA,NA,NA,NA,6.808370805949498,2.0062694569353168,4.8021013490141815,NA
38,D Beckman,Colorado Springs Sky Sox,11.77,0,0,10,0,0,13,14,20,17,15,11,7.62,4,2.23,72,2,4,2025,pitcher,13,10.384615384615385,2.769230769230769,9.692307692307692,0.7333333333333333,0.1527777777777778,0.20833333333333334,-0.05555555555555555,0,6.808370805949498,2.0062694569353168,4.8021013490141815,11.494409041321873
39,J Begora,Boise Hawks,0,0,0,0,0,0,0,NA,NA,NA,NA,0,0,NA,NA,NA,NA,NA,2025,pitcher,0,NA,NA,NA,NA,NA,NA,NA,NA,6.808370805949498,2.0062694569353168,4.8021013490141815,NA
40,H Belton,Rocky Mountain Vibes,6.29,2,1,5,5,0,24.333333333333332,27,18,17,20,13,4.81,3,1.93,116,NA,2,2025,pitcher,24.1,7.397260273972603,1.1095890410958904,9.986301369863014,0.65,0.11206896551724138,0.1724137931034483,-0.060344827586206906,1,6.808370805949498,2.0062694569353168,4.8021013490141815,8.048676691479935
41,D Benton,Billings Mustangs,27,0,0,3,0,0,1.6666666666666665,2,5,5,4,2,10.8,NA,3.6,13,2,3,2025,pitcher,1.2,21.6,NA,10.8,0.5,0.15384615384615385,0.3076923076923077,-0.15384615384615385,0,6.808370805949498,2.0062694569353168,4.8021013490141815,NA
42,E Berkey,Yuba-Sutter Freebirds,0,0,0,0,0,0,0,NA,NA,NA,NA,0,0,NA,NA,NA,NA,NA,2025,pitcher,0,NA,NA,NA,NA,NA,NA,NA,NA,6.808370805949498,2.0062694569353168,4.8021013490141815,NA
42,C Bess,Yuba-Sutter Freebirds,0,0,0,0,0,0,0,NA,NA,NA,NA,0,0,NA,NA,NA,NA,NA,2025,pitcher,0,NA,NA,NA,NA,NA,NA,NA,NA,6.808370805949498,2.0062694569353168,4.8021013490141815,NA
42,T Best,Oakland Ballers,0,0,0,0,0,0,0,NA,NA,NA,NA,0,0,NA,NA,NA,NA,NA,2025,pitcher,0,NA,NA,NA,NA,NA,NA,NA,NA,6.808370805949498,2.0062694569353168,4.8021013490141815,NA
46,M Binns,Oakland Ballers,12.34,1,2,6,1,1,11.666666666666666,13,16,16,8,9,6.94,3,1.8,59,2,3,2025,pitcher,11.2,6.171428571428572,2.3142857142857145,10.028571428571428,1.125,0.15254237288135594,0.13559322033898305,0.01694915254237289,0.16666666666666666,6.808370805949498,2.0062694569353168,4.8021013490141815,9.43067277758561
47,G Blackman,Billings Mustangs,5.4,0,1,2,1,0,5,6,3,3,1,5,9,2,1.4,23,NA,NA,2025,pitcher,5,1.8,3.6,10.8,5,0.21739130434782608,0.043478260869565216,0.17391304347826086,0.5,6.808370805949498,2.0062694569353168,4.8021013490141815,NA
48,B Blankenship,Grand Junction Jackalopes,21.86,0,2,8,2,0,7,10,17,17,17,4,5.14,1,3.86,46,1,1,2025,pitcher,7,21.857142857142858,1.2857142857142858,12.857142857142858,0.23529411764705882,0.08695652173913043,0.3695652173913043,-0.2826086956521739,0.25,6.808370805949498,2.0062694569353168,4.8021013490141815,13.23067277758561
49,D Blinn,Ogden Raptors,0,0,0,0,0,0,0,NA,NA,NA,NA,0,0,NA,NA,NA,NA,NA,2025,pitcher,0,NA,NA,NA,NA,NA,NA,NA,NA,6.808370805949498,2.0062694569353168,4.8021013490141815,NA
49,E Blum,Billings Mustangs,0,0,0,0,0,0,0,NA,NA,NA,NA,0,0,NA,NA,NA,NA,NA,2025,pitcher,0,NA,NA,NA,NA,NA,NA,NA,NA,6.808370805949498,2.0062694569353168,4.8021013490141815,NA
49,E Blum,Ogden Raptors,0,0,0,1,0,0,0,NA,NA,NA,NA,0,0,NA,NA,NA,NA,NA,2025,pitcher,0,NA,NA,NA,NA,NA,NA,NA,0,6.808370805949498,2.0062694569353168,4.8021013490141815,NA
54,J Bollman,Rocky Mountain Vibes,16.71,0,2,2,2,0,7,14,18,13,6,6,7.71,4,2.86,45,2,1,2025,pitcher,7,7.714285714285714,5.142857142857143,18,1,0.13333333333333333,0.13333333333333333,0,1,6.808370805949498,2.0062694569353168,4.8021013490141815,13.516387063299895
56,B Bonner,Ogden Raptors,45,0,0,3,0,0,2,11,10,10,NA,0,0,1,5.5,18,NA,NA,2025,pitcher,2,NA,4.5,49.5,NA,0,NA,NA,0,6.808370805949498,2.0062694569353168,4.8021013490141815,NA
57,C Booth,Rocky Mountain Vibes,0,0,0,0,0,0,0,NA,NA,NA,NA,0,0,NA,NA,NA,NA,NA,2025,pitcher,0,NA,NA,NA,NA,NA,NA,NA,NA,6.808370805949498,2.0062694569353168,4.8021013490141815,NA
59,K Bow,Idaho Falls Chukars,1.8,0,0,6,0,0,5,4,1,1,5,7,12.6,NA,1.8,24,2,NA,2025,pitcher,5,9,NA,7.2,1.4,0.2916666666666667,0.20833333333333334,0.08333333333333334,0,6.808370805949498,2.0062694569353168,4.8021013490141815,NA
60,C Bowen,Billings Mustangs,0,0,0,0,0,0,0,NA,NA,NA,NA,0,0,NA,NA,NA,NA,NA,2025,pitcher,0,NA,NA,NA,NA,NA,NA,NA,NA,6.808370805949498,2.0062694569353168,4.8021013490141815,NA
60,N Boyle,Ogden Raptors,0,0,0,1,0,0,0,NA,NA,NA,1,0,0,NA,NA,1,NA,NA,2025,pitcher,0,NA,NA,NA,0,0,1,-1,0,6.808370805949498,2.0062694569353168,4.8021013490141815,NA
62,J Bradley,Boise Hawks,10.38,1,0,1,1,0,4.333333333333333,6,5,5,6,3,6.23,1,2.77,27,2,2,2025,pitcher,4.1,12.461538461538462,2.076923076923077,12.461538461538462,0.5,0.1111111111111111,0.2222222222222222,-0.1111111111111111,1,6.808370805949498,2.0062694569353168,4.8021013490141815,11.955947502860337
63,G Brasosky,Rocky Mountain Vibes,10.13,0,1,2,0,0,2.6666666666666665,7,5,3,1,3,10.13,1,3,17,NA,NA,2025,pitcher,2.2,3.375,3.375,23.625,3,0.17647058823529413,0.058823529411764705,0.11764705882352942,0,6.808370805949498,2.0062694569353168,4.8021013490141815,NA
64,W Brassil,Colorado Springs Sky Sox,0,0,0,0,0,0,0,NA,NA,NA,NA,0,0,NA,NA,NA,NA,NA,2025,pitcher,0,NA,NA,NA,NA,NA,NA,NA,NA,6.808370805949498,2.0062694569353168,4.8021013490141815,NA
66,T Bridges,Colorado Springs Sky Sox,0,0,0,0,0,0,0,NA,NA,NA,NA,0,0,NA,NA,NA,NA,NA,2025,pitcher,0,NA,NA,NA,NA,NA,NA,NA,NA,6.808370805949498,2.0062694569353168,4.8021013490141815,NA
67,E Brown,Grand Junction Jackalopes,9.82,0,1,12,0,0,14.666666666666666,19,22,16,22,10,6.14,3,2.8,86,3,2,2025,pitcher,14.2,13.5,1.840909090909091,11.65909090909091,0.45454545454545453,0.11627906976744186,0.2558139534883721,-0.13953488372093026,0,6.808370805949498,2.0062694569353168,4.8021013490141815,11.006646803559637
68,G Brusa,Yuba-Sutter Freebirds,0,0,0,0,0,0,0,NA,NA,NA,NA,0,0,NA,NA,NA,NA,NA,2025,pitcher,0,NA,NA,NA,NA,NA,NA,NA,NA,6.808370805949498,2.0062694569353168,4.8021013490141815,NA
71,P Bryant,Grand Junction Jackalopes,15.88,0,1,3,2,0,5.666666666666667,10,10,10,8,2,3.18,1,3.18,35,1,1,2025,pitcher,5.2,12.705882352941176,1.588235294117647,15.88235294117647,0.25,0.05714285714285714,0.22857142857142856,-0.17142857142857143,0.6666666666666666,6.808370805949498,2.0062694569353168,4.8021013490141815,11.15504252548477
72,T Buckner,Yuba-Sutter Freebirds,3,0,1,11,0,3,12,8,4,4,2,17,12.75,2,0.83,47,1,NA,2025,pitcher,12,1.5,1.5,6,8.5,0.3617021276595745,0.0425531914893617,0.3191489361702128,0,6.808370805949498,2.0062694569353168,4.8021013490141815,NA
73,C Bufford,Oakland Ballers,0,0,0,0,0,0,0,NA,NA,NA,NA,0,0,NA,NA,NA,NA,NA,2025,pitcher,0,NA,NA,NA,NA,NA,NA,NA,NA,6.808370805949498,2.0062694569353168,4.8021013490141815,NA
73,D Buggs,Oakland Ballers,0,0,0,0,0,0,0,NA,NA,NA,NA,0,0,NA,NA,NA,NA,NA,2025,pitcher,0,NA,NA,NA,NA,NA,NA,NA,NA,6.808370805949498,2.0062694569353168,4.8021013490141815,NA
73,W Butcher,Rocky Mountain Vibes,0,0,0,0,0,0,0,NA,NA,NA,NA,0,0,NA,NA,NA,NA,NA,2025,pitcher,0,NA,NA,NA,NA,NA,NA,NA,NA,6.808370805949498,2.0062694569353168,4.8021013490141815,NA
76,R Butenschoen,Boise Hawks,9,0,0,3,0,0,2,1,2,2,5,3,13.5,1,3,11,NA,NA,2025,pitcher,2,22.5,4.5,4.5,0.6,0.2727272727272727,0.45454545454545453,-0.18181818181818182,0,6.808370805949498,2.0062694569353168,4.8021013490141815,NA
77,C Butler,Idaho Falls Chukars,18,1,0,6,0,0,6,6,12,12,11,8,12,1,2.83,34,2,1,2025,pitcher,6,16.5,1.5,9,0.7272727272727273,0.23529411764705882,0.3235294117647059,-0.08823529411764708,0,6.808370805949498,2.0062694569353168,4.8021013490141815,10.302101349014182
79,M Byrne,Colorado Springs Sky Sox,20.25,0,0,2,0,0,1.3333333333333333,3,3,3,2,1,6.75,NA,3.75,10,NA,1,2025,pitcher,1.1,13.5,NA,20.25,0.5,0.1,0.2,-0.1,0,6.808370805949498,2.0062694569353168,4.8021013490141815,NA
81,C Calnon,Yuba-Sutter Freebirds,3.86,0,0,4,0,0,7,6,3,3,4,8,10.29,1,1.43,31,NA,NA,2025,pitcher,7,5.142857142857143,1.2857142857142858,7.714285714285714,2,0.25806451612903225,0.12903225806451613,0.12903225806451613,0,6.808370805949498,2.0062694569353168,4.8021013490141815,NA
83,M Campagna,Yuba-Sutter Freebirds,0,0,0,0,0,0,0,NA,NA,NA,NA,0,0,NA,NA,NA,NA,NA,2025,pitcher,0,NA,NA,NA,NA,NA,NA,NA,NA,6.808370805949498,2.0062694569353168,4.8021013490141815,NA
87,X Casserilla,Billings Mustangs,0,0,0,0,0,0,0,NA,NA,NA,NA,0,0,NA,NA,NA,NA,NA,2025,pitcher,0,NA,NA,NA,NA,NA,NA,NA,NA,6.808370805949498,2.0062694569353168,4.8021013490141815,NA
87,X Casserilla,Glacier Range Riders,0,0,0,0,0,0,0,NA,NA,NA,NA,0,0,NA,NA,NA,NA,NA,2025,pitcher,0,NA,NA,NA,NA,NA,NA,NA,NA,6.808370805949498,2.0062694569353168,4.8021013490141815,NA
89,C Castaneda,Grand Junction Jackalopes,67.5,0,0,3,0,0,1.3333333333333333,8,10,10,3,0,0,2,8.25,18,NA,2,2025,pitcher,1.1,20.25,13.5,54,0,0,0.16666666666666666,-0.16666666666666666,0,6.808370805949498,2.0062694569353168,4.8021013490141815,35.55210134901418
91,Z Chamizo,Colorado Springs Sky Sox,0,0,0,0,0,0,0,NA,NA,NA,NA,0,0,NA,NA,NA,NA,NA,2025,pitcher,0,NA,NA,NA,NA,NA,NA,NA,NA,6.808370805949498,2.0062694569353168,4.8021013490141815,NA
93,J Chavez,Colorado Springs Sky Sox,0,0,0,0,0,0,0,NA,NA,NA,NA,0,0,NA,NA,NA,NA,NA,2025,pitcher,0,NA,NA,NA,NA,NA,NA,NA,NA,6.808370805949498,2.0062694569353168,4.8021013490141815,NA
93,S Cheely,Rocky Mountain Vibes,0,0,0,0,0,0,0,NA,NA,NA,NA,0,0,NA,NA,NA,NA,NA,2025,pitcher,0,NA,NA,NA,NA,NA,NA,NA,NA,6.808370805949498,2.0062694569353168,4.8021013490141815,NA
93,R Chesney,Missoula PaddleHeads,0,0,0,0,0,0,0,NA,NA,NA,NA,0,0,NA,NA,NA,NA,NA,2025,pitcher,0,NA,NA,NA,NA,NA,NA,NA,NA,6.808370805949498,2.0062694569353168,4.8021013490141815,NA
96,C Chimenti,Billings Mustangs,5.19,0,3,14,0,4,17.333333333333332,23,12,10,5,11,5.71,NA,1.62,79,NA,2,2025,pitcher,17.1,2.5961538461538463,NA,11.942307692307693,2.2,0.13924050632911392,0.06329113924050633,0.07594936708860758,0,6.808370805949498,2.0062694569353168,4.8021013490141815,NA
97,A Chouinard,Rocky Mountain Vibes,0,0,0,0,0,0,0,NA,NA,NA,NA,0,0,NA,NA,NA,NA,NA,2025,pitcher,0,NA,NA,NA,NA,NA,NA,NA,NA,6.808370805949498,2.0062694569353168,4.8021013490141815,NA
99,C Ciuffetelli,Missoula PaddleHeads,13.5,0,0,2,0,0,2,1,3,3,4,2,9,NA,2.5,11,NA,1,2025,pitcher,2,18,NA,4.5,0.5,0.18181818181818182,0.36363636363636365,-0.18181818181818182,0,6.808370805949498,2.0062694569353168,4.8021013490141815,NA
100,K Clark,Rocky Mountain Vibes,0,0,0,0,0,0,0,NA,NA,NA,NA,0,0,NA,NA,NA,NA,NA,2025,pitcher,0,NA,NA,NA,NA,NA,NA,NA,NA,6.808370805949498,2.0062694569353168,4.8021013490141815,NA
101,T Clarkson,Glacier Range Riders,0,0,0,1,0,0,1,1,NA,NA,NA,2,18,NA,1,4,NA,NA,2025,pitcher,1,NA,NA,9,NA,0.5,NA,NA,0,6.808370805949498,2.0062694569353168,4.8021013490141815,NA
102,T Cobb Jr.,Oakland Ballers,0,0,0,0,0,0,0,NA,NA,NA,NA,0,0,NA,NA,NA,NA,NA,2025,pitcher,0,NA,NA,NA,NA,NA,NA,NA,NA,6.808370805949498,2.0062694569353168,4.8021013490141815,NA
102,P Coddou,Yuba-Sutter Freebirds,0,0,0,0,0,0,0,NA,NA,NA,NA,0,0,NA,NA,NA,NA,NA,2025,pitcher,0,NA,NA,NA,NA,NA,NA,NA,NA,6.808370805949498,2.0062694569353168,4.8021013490141815,NA
102,S Coffman,Grand Junction Jackalopes,0,0,0,0,0,0,0,NA,NA,NA,NA,0,0,NA,NA,NA,NA,NA,2025,pitcher,0,NA,NA,NA,NA,NA,NA,NA,NA,6.808370805949498,2.0062694569353168,4.8021013490141815,NA
105,N Cole,Glacier Range Riders,18.69,0,0,5,0,0,4.333333333333333,7,9,9,6,3,6.23,2,3,25,NA,NA,2025,pitcher,4.1,12.461538461538462,4.153846153846154,14.53846153846154,0.5,0.12,0.24,-0.12,0,6.808370805949498,2.0062694569353168,4.8021013490141815,NA
107,B Collett,Grand Junction Jackalopes,24,0,0,4,0,0,3,9,9,8,3,4,12,1,4,21,1,NA,2025,pitcher,3,9,3,27,1.3333333333333333,0.19047619047619047,0.14285714285714285,0.047619047619047616,0,6.808370805949498,2.0062694569353168,4.8021013490141815,NA
109,T Collins,Colorado Springs Sky Sox,12,0,0,1,1,0,3,2,5,4,6,3,9,NA,2.67,18,1,1,2025,pitcher,3,18,NA,6,0.5,0.16666666666666666,0.3333333333333333,-0.16666666666666666,1,6.808370805949498,2.0062694569353168,4.8021013490141815,NA
110,M Colucci,Ogden Raptors,11.25,1,0,4,0,0,4,6,5,5,7,5,11.25,1,3.25,24,1,NA,2025,pitcher,4,15.75,2.25,13.5,0.7142857142857143,0.20833333333333334,0.2916666666666667,-0.08333333333333334,0,6.808370805949498,2.0062694569353168,4.8021013490141815,NA
111,C Colyer,Billings Mustangs,2.3,3,2,25,0,0,27.333333333333332,23,9,7,15,21,6.91,1,1.39,115,1,NA,2025,pitcher,27.1,4.939024390243903,0.32926829268292684,7.573170731707317,1.4,0.1826086956521739,0.13043478260869565,0.052173913043478265,0,6.808370805949498,2.0062694569353168,4.8021013490141815,NA
113,D Conners,Boise Hawks,0,0,0,0,0,0,0,NA,NA,NA,NA,0,0,NA,NA,NA,NA,NA,2025,pitcher,0,NA,NA,NA,NA,NA,NA,NA,NA,6.808370805949498,2.0062694569353168,4.8021013490141815,NA
114,C Cook,Great Falls Voyagers,36,0,0,1,0,0,1,2,4,4,4,2,18,NA,6,10,1,1,2025,pitcher,1,36,NA,18,0.5,0.2,0.4,-0.2,0,6.808370805949498,2.0062694569353168,4.8021013490141815,NA
116,E Corona,Great Falls Voyagers,0,0,0,0,0,0,0,NA,NA,NA,NA,0,0,NA,NA,NA,NA,NA,2025,pitcher,0,NA,NA,NA,NA,NA,NA,NA,NA,6.808370805949498,2.0062694569353168,4.8021013490141815,NA
117,J Coronado,Colorado Springs Sky Sox,0,0,0,1,0,0,1,2,NA,NA,1,2,18,NA,3,6,1,NA,2025,pitcher,1,9,NA,18,2,0.3333333333333333,0.16666666666666666,0.16666666666666666,0,6.808370805949498,2.0062694569353168,4.8021013490141815,NA
119,R Coronado,Colorado Springs Sky Sox,22.95,0,2,2,2,0,6.666666666666667,16,20,17,8,7,9.45,3,3.6,49,1,3,2025,pitcher,6.2,10.799999999999999,4.05,21.599999999999998,0.875,0.14285714285714285,0.16326530612244897,-0.020408163265306117,1,6.808370805949498,2.0062694569353168,4.8021013490141815,13.50210134901418
120,G Courtright,Rocky Mountain Vibes,7.42,1,1,7,2,0,13.333333333333334,14,16,11,14,4,2.7,1,2.1,69,1,3,2025,pitcher,13.1,9.45,0.6749999999999999,9.45,0.2857142857142857,0.057971014492753624,0.2028985507246377,-0.14492753623188406,0.2857142857142857,6.808370805949498,2.0062694569353168,4.8021013490141815,9.002101349014183
121,C Cowan,Glacier Range Riders,7.15,0,3,21,0,1,22.666666666666668,21,18,18,18,33,13.1,3,1.72,111,2,6,2025,pitcher,22.2,7.147058823529411,1.1911764705882353,8.338235294117647,1.8333333333333333,0.2972972972972973,0.16216216216216217,0.13513513513513514,0,6.808370805949498,2.0062694569353168,4.8021013490141815,6.78739546666124
122,C Cowan,Great Falls Voyagers,1.64,0,0,11,0,0,11,6,4,2,15,9,7.36,NA,1.91,50,4,NA,2025,pitcher,11,12.272727272727273,NA,4.909090909090909,0.6,0.18,0.3,-0.12,0,6.808370805949498,2.0062694569353168,4.8021013490141815,NA
123,E Crawford,Boise Hawks,0,0,0,0,0,0,0,NA,NA,NA,NA,0,0,NA,NA,NA,NA,NA,2025,pitcher,0,NA,NA,NA,NA,NA,NA,NA,NA,6.808370805949498,2.0062694569353168,4.8021013490141815,NA
125,X Croxton,Boise Hawks,0,0,0,0,0,0,0,NA,NA,NA,NA,0,0,NA,NA,NA,NA,NA,2025,pitcher,0,NA,NA,NA,NA,NA,NA,NA,NA,6.808370805949498,2.0062694569353168,4.8021013490141815,NA
1,Z Longshore,Glacier Range Riders,5.06,8,4,17,16,0,96,102,57,54,33,92,8.63,17,1.41,416,2,6,2026,pitcher,96,3.09375,1.59375,9.5625,2.787878787878788,0.22115384615384615,0.07932692307692307,0.14182692307692307,0.9411764705882353,7.453392224333625,2.453494941194597,4.999897283139028,6.6040639498056946
2,O Serrano,Modesto Roadsters,4.17,8,2,16,16,0,95,100,48,44,36,107,10.14,8,1.43,412,2,1,2026,pitcher,95,3.4105263157894736,0.7578947368421053,9.473684210526315,2.9722222222222223,0.25970873786407767,0.08737864077669903,0.17233009708737862,1,7.453392224333625,2.453494941194597,4.999897283139028,5.010423598928501
3,J Jenkins,Modesto Roadsters,5.17,6,2,16,16,0,94,88,56,54,33,96,9.19,12,1.29,404,7,10,2026,pitcher,94,3.1595744680851063,1.148936170212766,8.425531914893616,2.909090909090909,0.2376237623762376,0.08168316831683169,0.1559405940594059,1,7.453392224333625,2.453494941194597,4.999897283139028,5.989258985266687
4,N Saltaformaggio,Ogden Raptors,6.75,10,2,15,15,0,93.33333333333333,138,79,70,21,75,7.23,12,1.7,433,8,7,2026,pitcher,93.1,2.025,1.1571428571428573,13.307142857142857,3.5714285714285716,0.17321016166281755,0.04849884526558892,0.12471131639722863,1,7.453392224333625,2.453494941194597,4.999897283139028,5.964182997424742
5,A Elfering,Glacier Range Riders,5.01,6,5,16,15,0,91.66666666666667,113,54,51,23,81,7.95,15,1.48,402,3,4,2026,pitcher,91.2,2.258181818181818,1.4727272727272727,11.094545454545454,3.5217391304347827,0.20149253731343283,0.05721393034825871,0.14427860696517414,0.9375,7.453392224333625,2.453494941194597,4.999897283139028,6.243533646775392
6,R Abe-Arias,Oakland Ballers,7.12,1,3,15,15,0,91,129,80,72,30,56,5.54,20,1.75,429,3,2,2026,pitcher,91,2.967032967032967,1.978021978021978,12.758241758241759,1.8666666666666667,0.13053613053613053,0.06993006993006994,0.060606060606060594,1,7.453392224333625,2.453494941194597,4.999897283139028,7.681215964457708
7,J Garcia,Billings Mustangs,5.28,8,1,14,14,0,87,109,58,51,32,82,8.48,10,1.62,401,9,4,2026,pitcher,87,3.310344827586207,1.0344827586206897,11.275862068965518,2.5625,0.20448877805486285,0.0798004987531172,0.12468827930174564,1,7.453392224333625,2.453494941194597,4.999897283139028,5.850471995782706
8,J Jackson,Missoula PaddleHeads,8.02,7,4,16,16,0,83,120,81,74,33,80,8.67,13,1.84,399,7,4,2026,pitcher,83,3.5783132530120483,1.4096385542168675,13.012048192771084,2.4242424242424243,0.20050125313283207,0.08270676691729323,0.11779448621553884,1,7.453392224333625,2.453494941194597,4.999897283139028,6.445680415669148
9,N Hemmerling,Long Beach Coast,4.58,6,0,15,13,0,78.66666666666667,78,48,40,30,84,9.61,6,1.37,340,5,5,2026,pitcher,78.2,3.432203389830508,0.6864406779661016,8.923728813559322,2.8,0.24705882352941178,0.08823529411764706,0.1588235294117647,0.8666666666666667,7.453392224333625,2.453494941194597,4.999897283139028,5.190575249240722
10,T Reisinger,Missoula PaddleHeads,8.15,3,5,15,15,0,77.33333333333333,101,80,70,31,69,8.03,18,1.71,360,7,5,2026,pitcher,77.1,3.6077586206896552,2.094827586206897,11.754310344827587,2.225806451612903,0.19166666666666668,0.08611111111111111,0.10555555555555557,1,7.453392224333625,2.453494941194597,4.999897283139028,7.6378283176217865
11,S Lavin,Great Falls Voyagers,8.22,3,6,13,13,0,76.66666666666667,108,77,70,41,77,9.04,12,1.94,378,13,5,2026,pitcher,76.2,4.8130434782608695,1.408695652173913,12.678260869565216,1.8780487804878048,0.2037037037037037,0.10846560846560846,0.09523809523809523,1,7.453392224333625,2.453494941194597,4.999897283139028,6.825984239660767
12,Z Rose,Boise Hawks,6.48,4,4,38,2,11,76.33333333333333,94,60,55,24,64,7.55,11,1.55,350,3,8,2026,pitcher,76.1,2.829694323144105,1.296943231441048,11.08296943231441,2.6666666666666665,0.18285714285714286,0.06857142857142857,0.11428571428571428,0.05263157894736842,7.453392224333625,2.453494941194597,4.999897283139028,6.454045754754748
13,J Leerssen,Idaho Falls Chukars,10.13,5,7,15,14,0,74.66666666666667,106,91,84,47,69,8.32,14,2.05,378,6,8,2026,pitcher,74.2,5.665178571428571,1.6875,12.776785714285714,1.4680851063829787,0.18253968253968253,0.12433862433862433,0.0582010582010582,0.9333333333333333,7.453392224333625,2.453494941194597,4.999897283139028,7.79900442599617
14,I Lanik,Idaho Falls Chukars,10.23,3,8,15,14,0,73,127,88,83,36,48,5.92,19,2.23,377,5,7,2026,pitcher,73,4.438356164383562,2.3424657534246576,15.657534246575343,1.3333333333333333,0.1273209549071618,0.09549071618037135,0.03183023872679046,0.9333333333333333,7.453392224333625,2.453494941194597,4.999897283139028,8.835513721495191
15,R Egloff,Yuba-Sutter Freebirds,7.28,2,6,15,15,0,71.66666666666667,93,63,58,43,63,7.91,15,1.9,346,6,5,2026,pitcher,71.2,5.3999999999999995,1.883720930232558,11.67906976744186,1.4651162790697674,0.18208092485549132,0.12427745664739884,0.057803468208092484,1,7.453392224333625,2.453494941194597,4.999897283139028,7.971990306394842
15,B Huter,Idaho Falls Chukars,5.15,3,3,13,12,0,71.66666666666667,90,50,41,27,40,5.02,8,1.63,327,3,2,2026,pitcher,71.2,3.3906976744186044,1.0046511627906975,11.302325581395348,1.4814814814814814,0.12232415902140673,0.08256880733944955,0.03975535168195718,0.9230769230769231,7.453392224333625,2.453494941194597,4.999897283139028,6.548734492441353
17,D Hernandez,Modesto Roadsters,4.22,6,1,11,10,0,70.33333333333333,68,37,33,23,68,8.7,7,1.29,302,5,1,2026,pitcher,70.1,2.9431279620853084,0.8957345971563981,8.701421800947868,2.9565217391304346,0.2251655629139073,0.076158940397351,0.1490066225165563,0.9090909090909091,7.453392224333625,2.453494941194597,4.999897283139028,5.383783539063198
18,C Calnon,Billings Mustangs,5.56,8,2,12,10,0,69.66666666666667,103,57,43,11,32,4.13,17,1.64,324,1,4,2026,pitcher,69.2,1.4210526315789473,2.1961722488038276,13.30622009569378,2.909090909090909,0.09876543209876543,0.033950617283950615,0.06481481481481481,0.8333333333333334,7.453392224333625,2.453494941194597,4.999897283139028,7.899418814239506
18,A Silvas,Yuba-Sutter Freebirds,9.43,1,6,18,13,0,69.66666666666667,97,80,73,50,59,7.62,20,2.11,349,1,3,2026,pitcher,69.2,6.45933014354067,2.5837320574162677,12.531100478468899,1.18,0.16905444126074498,0.14326647564469913,0.02578796561604585,0.7222222222222222,7.453392224333625,2.453494941194597,4.999897283139028,9.320471445818452
20,B Beard,Missoula PaddleHeads,7.79,5,3,14,14,0,69.33333333333333,101,76,60,22,59,7.66,23,1.77,334,2,7,2026,pitcher,69.1,2.855769230769231,2.9855769230769234,13.110576923076923,2.6818181818181817,0.17664670658682635,0.0658682634730539,0.11077844311377245,1,7.453392224333625,2.453494941194597,4.999897283139028,8.865281898523644
21,A Christopher,RedPocket Mobiles,8.65,0,8,11,11,0,67.66666666666667,113,81,65,9,48,6.38,18,1.8,332,3,6,2026,pitcher,67.2,1.1970443349753694,2.394088669950739,15.029556650246304,5.333333333333333,0.14457831325301204,0.02710843373493976,0.11746987951807228,1,7.453392224333625,2.453494941194597,4.999897283139028,7.704330780675973
21,C Talley,Modesto Roadsters,5.19,8,1,14,13,0,67.66666666666667,84,44,39,27,56,7.45,8,1.64,309,NA,1,2026,pitcher,67.2,3.591133004926108,1.064039408866995,11.172413793103447,2.074074074074074,0.18122977346278318,0.08737864077669903,0.09385113268608415,0.9285714285714286,7.453392224333625,2.453494941194597,4.999897283139028,6.1230499924986335
23,J Martin,Long Beach Coast,5.26,7,2,13,13,0,66.66666666666667,72,47,39,26,51,6.88,14,1.47,304,NA,8,2026,pitcher,66.2,3.51,1.89,9.719999999999999,1.9615384615384615,0.16776315789473684,0.08552631578947369,0.08223684210526315,1,7.453392224333625,2.453494941194597,4.999897283139028,7.729897283139028
24,K Walker,RedPocket Mobiles,9.92,1,6,17,11,0,65.33333333333333,103,76,72,48,48,6.61,9,2.31,352,7,16,2026,pitcher,65.1,6.612244897959184,1.239795918367347,14.188775510204083,1,0.13636363636363635,0.13636363636363635,0,0.6470588235294118,7.453392224333625,2.453494941194597,4.999897283139028,8.260101364771682
25,S Spencer,Idaho Falls Chukars,10.18,3,6,16,14,0,63.666666666666664,108,89,72,55,42,5.94,8,2.56,354,13,5,2026,pitcher,63.2,7.774869109947645,1.130890052356021,15.267015706806284,0.7636363636363637,0.11864406779661017,0.1553672316384181,-0.03672316384180792,0.875,7.453392224333625,2.453494941194597,4.999897283139028,8.14125853968353
26,N Bautista,Long Beach Coast,4.71,6,3,15,11,0,63,70,38,33,32,62,8.86,7,1.62,282,5,3,2026,pitcher,63,4.571428571428571,1,10,1.9375,0.2198581560283688,0.11347517730496454,0.10638297872340427,0.7333333333333333,7.453392224333625,2.453494941194597,4.999897283139028,6.14275442599617
27,A Baker,Boise Hawks,7.61,4,4,13,12,0,62.666666666666664,83,63,53,44,50,7.18,8,2.03,314,2,6,2026,pitcher,62.2,6.319148936170213,1.148936170212766,11.920212765957448,1.1363636363636365,0.1592356687898089,0.14012738853503184,0.019108280254777066,0.9230769230769231,7.453392224333625,2.453494941194597,4.999897283139028,7.4573440916496665
28,A Diaz,Modesto Roadsters,5.43,3,3,17,10,0,61.333333333333336,75,47,37,19,57,8.36,12,1.53,277,1,7,2026,pitcher,61.1,2.7880434782608696,1.7608695652173911,11.005434782608695,3,0.20577617328519857,0.06859205776173286,0.1371841155234657,0.5882352941176471,7.453392224333625,2.453494941194597,4.999897283139028,6.956419022269462
29,E Hernandez,Great Falls Voyagers,9.59,2,5,14,11,0,61,76,68,65,51,64,9.44,7,2.08,311,11,6,2026,pitcher,61,7.524590163934426,1.0327868852459017,11.21311475409836,1.2549019607843137,0.2057877813504823,0.1639871382636656,0.04180064308681672,0.7857142857142857,7.453392224333625,2.453494941194597,4.999897283139028,7.196618594614438
30,C Chatman,Ogden Raptors,9.2,3,5,16,13,0,60.666666666666664,86,71,62,37,52,7.71,12,2.03,306,4,5,2026,pitcher,60.2,5.489010989010989,1.7802197802197803,12.758241758241759,1.4054054054054055,0.16993464052287582,0.12091503267973856,0.04901960784313726,0.8125,7.453392224333625,2.453494941194597,4.999897283139028,7.933963217204962
31,J Cone,Boise Hawks,9.55,3,6,13,13,0,60.333333333333336,94,74,64,40,34,5.07,14,2.22,320,5,3,2026,pitcher,60.1,5.966850828729282,2.0883977900552484,14.022099447513812,0.85,0.10625,0.125,-0.018750000000000003,1,7.453392224333625,2.453494941194597,4.999897283139028,9.027521592531293
31,J Skapinetz,Boise Hawks,9.7,3,5,12,12,0,60.333333333333336,86,76,65,40,73,10.89,19,2.09,316,4,9,2026,pitcher,60.1,5.966850828729282,2.8342541436464086,12.828729281767956,1.825,0.2310126582278481,0.12658227848101267,0.10443037974683544,1,7.453392224333625,2.453494941194597,4.999897283139028,9.110394520708088
33,J Castillo,Modesto Roadsters,3.2,5,1,35,0,1,59,49,26,21,25,69,10.53,5,1.25,249,1,1,2026,pitcher,59,3.8135593220338984,0.7627118644067796,7.47457627118644,2.76,0.27710843373493976,0.10040160642570281,0.17670682730923695,0,7.453392224333625,2.453494941194597,4.999897283139028,5.084643045850892
34,J Harris,Billings Mustangs,6.29,5,3,11,11,0,58.666666666666664,62,44,41,38,59,9.05,7,1.7,274,5,3,2026,pitcher,58.2,5.829545454545455,1.0738636363636365,9.511363636363637,1.5526315789473684,0.21532846715328466,0.1386861313868613,0.07664233576642335,1,7.453392224333625,2.453494941194597,4.999897283139028,6.636260919502664
35,G VanDeventer,Long Beach Coast,6.02,4,2,12,11,0,58.333333333333336,79,46,39,21,42,6.48,6,1.71,271,3,5,2026,pitcher,58.1,3.2399999999999998,0.9257142857142857,12.188571428571429,2,0.15498154981549817,0.07749077490774908,0.07749077490774908,0.9166666666666666,7.453392224333625,2.453494941194597,4.999897283139028,6.234182997424742
36,R Velazquez,RedPocket Mobiles,8.84,3,5,16,11,0,58,73,69,57,40,51,7.91,13,1.95,296,7,5,2026,pitcher,58,6.206896551724138,2.0172413793103448,11.327586206896552,1.275,0.17229729729729729,0.13513513513513514,0.03716216216216214,0.6875,7.453392224333625,2.453494941194597,4.999897283139028,8.482655903828682
37,J Schaaf,Ogden Raptors,4.99,4,2,9,9,0,57.666666666666664,67,33,32,21,41,6.4,6,1.53,257,3,1,2026,pitcher,57.2,3.2774566473988442,0.9364161849710984,10.45664739884393,1.9523809523809523,0.15953307392996108,0.08171206225680934,0.07782101167315174,1,7.453392224333625,2.453494941194597,4.999897283139028,6.075041791809548
38,D Gardner,Ogden Raptors,7.38,4,3,32,3,0,57.333333333333336,61,51,47,44,56,8.79,12,1.83,280,8,8,2026,pitcher,57.1,6.906976744186046,1.8837209302325582,9.575581395348836,1.2727272727272727,0.2,0.15714285714285714,0.04285714285714287,0.09375,7.453392224333625,2.453494941194597,4.999897283139028,8.488269376162282
39,A Risse,Oakland Ballers,9.27,2,6,12,12,0,56.333333333333336,86,62,58,32,36,5.75,10,2.09,281,6,4,2026,pitcher,56.1,5.112426035502958,1.5976331360946745,13.7396449704142,1.125,0.12811387900355872,0.11387900355871886,0.014234875444839867,1,7.453392224333625,2.453494941194597,4.999897283139028,7.946642845269205
40,E Langston,Glacier Range Riders,10.54,2,4,20,8,0,54.666666666666664,85,69,64,30,33,5.43,7,2.1,275,5,6,2026,pitcher,54.2,4.939024390243903,1.152439024390244,13.99390243902439,1.1,0.12,0.10909090909090909,0.01090909090909091,0.4,7.453392224333625,2.453494941194597,4.999897283139028,7.432824112407321
41,W Rogers,Great Falls Voyagers,5.03,4,3,21,5,3,53.666666666666664,56,33,30,25,64,10.73,7,1.51,249,6,4,2026,pitcher,53.2,4.192546583850932,1.173913043478261,9.391304347826088,2.56,0.2570281124497992,0.10040160642570281,0.15662650602409636,0.23809523809523808,7.453392224333625,2.453494941194597,4.999897283139028,5.931574301772568
42,C Hurley,Oakland Ballers,7.98,2,5,11,11,0,53,52,50,47,32,42,7.13,13,1.58,250,6,10,2026,pitcher,53,5.433962264150943,2.207547169811321,8.830188679245284,1.3125,0.168,0.128,0.04000000000000001,1,7.453392224333625,2.453494941194597,4.999897283139028,8.981029358610726
43,R Radkey,Boise Hawks,7.74,4,2,11,10,0,52.333333333333336,61,51,45,37,40,6.88,7,1.87,250,2,3,2026,pitcher,52.1,6.3630573248407645,1.2038216560509554,10.490445859872612,1.0810810810810811,0.16,0.148,0.01200000000000001,0.9090909090909091,7.453392224333625,2.453494941194597,4.999897283139028,7.503081996514823
44,D Hankins,Billings Mustangs,7.79,3,4,15,10,0,52,65,49,45,39,39,6.75,7,2,262,4,8,2026,pitcher,52,6.75,1.2115384615384615,11.25,1,0.14885496183206107,0.14885496183206107,0,0.6666666666666666,7.453392224333625,2.453494941194597,4.999897283139028,7.961435744677489
45,L Smiddy,Great Falls Voyagers,7.24,5,3,24,2,1,51,74,49,41,34,45,7.94,6,2.12,262,5,6,2026,pitcher,51,6,1.0588235294117647,13.058823529411764,1.3235294117647058,0.1717557251908397,0.1297709923664122,0.041984732824427495,0.08333333333333333,7.453392224333625,2.453494941194597,4.999897283139028,7.117544341962557
46,C Bunch,Ogden Raptors,8.46,2,4,11,11,0,50,85,56,47,18,46,8.28,8,2.06,254,8,4,2026,pitcher,50,3.24,1.44,15.3,2.5555555555555554,0.18110236220472442,0.07086614173228346,0.11023622047244096,1,7.453392224333625,2.453494941194597,4.999897283139028,6.559897283139028
47,H Day,Oakland Ballers,6.7,0,4,11,10,0,49.666666666666664,71,39,37,24,34,6.16,8,1.91,234,1,1,2026,pitcher,49.2,4.348993288590604,1.4496644295302015,12.865771812080537,1.4166666666666667,0.1452991452991453,0.10256410256410256,0.04273504273504275,0.9090909090909091,7.453392224333625,2.453494941194597,4.999897283139028,7.234796611998088
48,M Pennington,Idaho Falls Chukars,8.21,4,1,9,9,0,49.333333333333336,67,49,45,20,35,6.39,12,1.76,232,4,1,2026,pitcher,49.1,3.6486486486486487,2.189189189189189,12.222972972972972,1.75,0.15086206896551724,0.08620689655172414,0.0646551724137931,1,7.453392224333625,2.453494941194597,4.999897283139028,8.020167553409298
48,T Wolf,Yuba-Sutter Freebirds,5.66,4,3,41,0,7,49.333333333333336,43,33,31,44,53,9.67,5,1.76,233,5,2,2026,pitcher,49.1,8.027027027027026,0.9121621621621622,7.844594594594594,1.2045454545454546,0.22746781115879827,0.1888412017167382,0.03862660944206006,0,7.453392224333625,2.453494941194597,4.999897283139028,6.966113499355243
50,J Giblin,Glacier Range Riders,6,3,3,12,10,0,48,58,35,32,26,50,9.38,4,1.75,224,2,1,2026,pitcher,48,4.875,0.75,10.875,1.9230769230769231,0.22321428571428573,0.11607142857142858,0.10714285714285715,0.8333333333333334,7.453392224333625,2.453494941194597,4.999897283139028,5.687397283139028
50,G Smith,Oakland Ballers,9.38,2,6,10,9,0,48,71,58,50,18,32,6,23,1.85,231,1,2,2026,pitcher,48,3.375,4.3125,13.3125,1.7777777777777777,0.13852813852813853,0.07792207792207792,0.06060606060606061,0.9,7.453392224333625,2.453494941194597,4.999897283139028,11.14573061647236
50,S Wiese,Yuba-Sutter Freebirds,6.56,2,0,40,0,0,48,61,39,35,16,27,5.06,11,1.6,225,1,6,2026,pitcher,48,3,2.0625,11.4375,1.6875,0.12,0.07111111111111111,0.048888888888888885,0,7.453392224333625,2.453494941194597,4.999897283139028,8.229063949805694
53,H Boncal,Billings Mustangs,8.31,2,3,14,10,0,47.666666666666664,68,49,44,36,56,10.57,9,2.18,241,3,4,2026,pitcher,47.2,6.7972027972027975,1.6993006993006994,12.83916083916084,1.5555555555555556,0.23236514522821577,0.14937759336099585,0.08298755186721993,0.7142857142857143,7.453392224333625,2.453494941194597,4.999897283139028,7.62227490551665
54,S Ordorica,Long Beach Coast,3.99,2,2,42,0,2,47.333333333333336,51,22,21,19,25,4.75,5,1.48,201,2,3,2026,pitcher,47.1,3.612676056338028,0.9507042253521126,9.697183098591548,1.3157894736842106,0.12437810945273632,0.0945273631840796,0.02985074626865672,0,7.453392224333625,2.453494941194597,4.999897283139028,6.711164888772831
55,C Dayton,Boise Hawks,6.41,4,1,8,8,0,46.333333333333336,60,43,33,20,27,5.24,6,1.73,218,2,3,2026,pitcher,46.1,3.884892086330935,1.1654676258992804,11.654676258992804,1.35,0.12385321100917432,0.09174311926605505,0.03211009174311927,1,7.453392224333625,2.453494941194597,4.999897283139028,7.007091527743344
56,C Martinez,Yuba-Sutter Freebirds,9.2,2,3,12,7,0,45,54,50,46,53,44,8.8,7,2.38,240,6,8,2026,pitcher,45,10.6,1.4,10.8,0.8301886792452831,0.18333333333333332,0.22083333333333333,-0.037500000000000006,0.5833333333333334,7.453392224333625,2.453494941194597,4.999897283139028,9.13323061647236
57,C Blowers,Oakland Ballers,7.05,0,0,8,8,0,44.666666666666664,52,36,35,20,38,7.66,11,1.61,207,2,5,2026,pitcher,44.2,4.029850746268657,2.2164179104477615,10.477611940298509,1.9,0.18357487922705315,0.0966183574879227,0.08695652173913045,1,7.453392224333625,2.453494941194597,4.999897283139028,8.179001760750968
57,H Mullins,Billings Mustangs,5.04,6,2,31,0,0,44.666666666666664,49,28,25,29,39,7.86,4,1.75,208,3,4,2026,pitcher,44.2,5.843283582089552,0.8059701492537313,9.87313432835821,1.3448275862068966,0.1875,0.13942307692307693,0.04807692307692307,0,7.453392224333625,2.453494941194597,4.999897283139028,6.634225641347983
57,M O'Brien,Long Beach Coast,4.03,3,2,9,7,0,44.666666666666664,40,20,20,13,28,5.64,3,1.19,191,1,6,2026,pitcher,44.2,2.619402985074627,0.6044776119402986,8.059701492537314,2.1538461538461537,0.14659685863874344,0.06806282722513089,0.07853403141361255,0.7777777777777778,7.453392224333625,2.453494941194597,4.999897283139028,5.895419671198729
60,G Garza,Missoula PaddleHeads,7.31,4,0,30,1,0,44.333333333333336,59,41,36,28,26,5.28,11,1.96,224,1,1,2026,pitcher,44.1,5.684210526315789,2.233082706766917,11.977443609022556,0.9285714285714286,0.11607142857142858,0.125,-0.008928571428571425,0.03333333333333333,7.453392224333625,2.453494941194597,4.999897283139028,9.01493487712399
61,R Faulks,Long Beach Coast,5.11,2,0,34,0,1,44,46,31,25,24,41,8.39,9,1.59,207,7,6,2026,pitcher,44,4.909090909090909,1.8409090909090908,9.409090909090908,1.7083333333333333,0.19806763285024154,0.11594202898550725,0.08212560386473429,0,7.453392224333625,2.453494941194597,4.999897283139028,7.840806374048118
61,P McMan,Ogden Raptors,9.2,3,1,10,10,0,44,69,46,45,21,38,7.77,15,2.05,214,2,2,2026,pitcher,44,4.295454545454546,3.0681818181818183,14.113636363636363,1.8095238095238095,0.17757009345794392,0.09813084112149532,0.0794392523364486,1,7.453392224333625,2.453494941194597,4.999897283139028,9.272624555866301
61,U Romo,RedPocket Mobiles,8.18,1,2,19,5,0,44,66,50,40,29,25,5.11,7,2.16,227,2,7,2026,pitcher,44,5.931818181818182,1.4318181818181819,13.5,0.8620689655172413,0.11013215859030837,0.1277533039647577,-0.017621145374449337,0.2631578947368421,7.453392224333625,2.453494941194597,4.999897283139028,8.386260919502664
64,R Fields,Missoula PaddleHeads,3.59,5,2,13,4,0,42.666666666666664,36,19,17,16,49,10.34,5,1.22,176,1,NA,2026,pitcher,42.2,3.375,1.0546875,7.59375,3.0625,0.2784090909090909,0.09090909090909091,0.18749999999999997,0.3076923076923077,7.453392224333625,2.453494941194597,4.999897283139028,NA
64,S Kelby,Idaho Falls Chukars,6.33,3,1,12,7,0,42.666666666666664,49,42,30,39,24,5.06,4,2.06,217,7,5,2026,pitcher,42.2,8.2265625,0.84375,10.3359375,0.6153846153846154,0.11059907834101383,0.17972350230414746,-0.06912442396313363,0.5833333333333334,7.453392224333625,2.453494941194597,4.999897283139028,8.187397283139028
66,J Ballista,Ogden Raptors,6.75,1,1,12,4,0,41.333333333333336,59,35,31,20,22,4.79,2,1.91,198,4,3,2026,pitcher,41.1,4.354838709677419,0.43548387096774194,12.846774193548386,1.1,0.1111111111111111,0.10101010101010101,0.010101010101010097,0.3333333333333333,7.453392224333625,2.453494941194597,4.999897283139028,6.2337682508809635
66,Z Voelker,Long Beach Coast,3.27,2,3,36,0,17,41.333333333333336,30,21,15,27,62,13.5,3,1.38,184,3,2,2026,pitcher,41.1,5.879032258064516,0.6532258064516129,6.532258064516129,2.2962962962962963,0.33695652173913043,0.14673913043478262,0.1902173913043478,0,7.453392224333625,2.453494941194597,4.999897283139028,5.0482843799132215
68,E Roarke,Modesto Roadsters,5.49,5,1,8,7,0,41,40,25,25,18,41,9,3,1.41,177,1,2,2026,pitcher,41,3.951219512195122,0.6585365853658537,8.78048780487805,2.2777777777777777,0.23163841807909605,0.1016949152542373,0.12994350282485875,0.875,7.453392224333625,2.453494941194597,4.999897283139028,5.414531429480491
69,M Taubensee,Missoula PaddleHeads,3.35,3,1,38,0,7,40.333333333333336,29,20,15,31,69,15.4,3,1.49,181,5,NA,2026,pitcher,40.1,6.917355371900826,0.6694214876033058,6.471074380165289,2.225806451612903,0.3812154696132597,0.1712707182320442,0.2099447513812155,0,7.453392224333625,2.453494941194597,4.999897283139028,NA
70,A Bustamante,Glacier Range Riders,2.93,2,0,31,0,2,40,41,14,13,19,44,9.9,3,1.5,175,5,3,2026,pitcher,40,4.275,0.675,9.225,2.3157894736842106,0.25142857142857145,0.10857142857142857,0.14285714285714288,0,7.453392224333625,2.453494941194597,4.999897283139028,5.424897283139027
70,B Wozniak,Long Beach Coast,3.6,3,1,10,7,0,40,41,21,16,15,24,5.4,3,1.4,175,1,1,2026,pitcher,40,3.375,0.675,9.225,1.6,0.13714285714285715,0.08571428571428572,0.051428571428571435,0.7,7.453392224333625,2.453494941194597,4.999897283139028,5.974897283139027
72,V Cisneros,Oakland Ballers,5.67,5,1,31,0,0,39.666666666666664,39,30,25,35,50,11.34,4,1.87,195,6,3,2026,pitcher,39.2,7.9411764705882355,0.9075630252100841,8.84873949579832,1.4285714285714286,0.2564102564102564,0.1794871794871795,0.0769230769230769,0,7.453392224333625,2.453494941194597,4.999897283139028,6.663762829357515
72,R DuSang,Boise Hawks,7.03,5,2,37,0,7,39.666666666666664,44,33,31,32,36,8.17,4,1.92,187,3,4,2026,pitcher,39.2,7.260504201680673,0.9075630252100841,9.983193277310924,1.125,0.1925133689839572,0.1711229946524064,0.021390374331550804,0,7.453392224333625,2.453494941194597,4.999897283139028,7.218384678097011
74,H Orth,Billings Mustangs,9.61,1,2,9,9,0,39.333333333333336,49,48,42,40,31,7.09,5,2.26,205,6,2,2026,pitcher,39.1,9.152542372881355,1.1440677966101693,11.211864406779661,0.775,0.15121951219512195,0.1951219512195122,-0.043902439024390255,1,7.453392224333625,2.453494941194597,4.999897283139028,8.27955830008818
75,C Cressend,Glacier Range Riders,6.23,2,4,13,10,0,39,54,34,27,14,26,6,5,1.74,184,NA,1,2026,pitcher,39,3.230769230769231,1.1538461538461537,12.461538461538462,1.8571428571428572,0.14130434782608695,0.07608695652173914,0.06521739130434781,0.7692307692307693,7.453392224333625,2.453494941194597,4.999897283139028,6.487076770318515
76,S Murray,Great Falls Voyagers,8.38,3,0,33,0,1,38.666666666666664,50,39,36,29,55,12.8,5,2.04,193,7,1,2026,pitcher,38.2,6.75,1.163793103448276,11.63793103448276,1.896551724137931,0.2849740932642487,0.15025906735751296,0.13471502590673576,0,7.453392224333625,2.453494941194597,4.999897283139028,6.163690386587303
76,D Pratt,Glacier Range Riders,8.15,1,5,27,0,1,38.666666666666664,38,37,35,31,62,14.43,4,1.78,188,4,5,2026,pitcher,38.2,7.2155172413793105,0.9310344827586208,8.844827586206897,2,0.32978723404255317,0.16489361702127658,0.16489361702127658,0,7.453392224333625,2.453494941194597,4.999897283139028,5.930931765897649
78,R Inouye,Idaho Falls Chukars,6.1,2,2,29,0,3,38.333333333333336,40,31,26,22,47,11.03,5,1.62,191,3,14,2026,pitcher,38.1,5.165217391304347,1.1739130434782608,9.391304347826086,2.1363636363636362,0.24607329842931938,0.11518324607329843,0.13089005235602097,0,7.453392224333625,2.453494941194597,4.999897283139028,7.060766848356419
79,D McCall,Yuba-Sutter Freebirds,9.64,1,3,16,4,0,37.333333333333336,47,41,40,40,25,6.03,9,2.33,199,2,1,2026,pitcher,37.1,9.642857142857142,2.169642857142857,11.330357142857142,0.625,0.12562814070351758,0.20100502512562815,-0.07537688442211057,0.25,7.453392224333625,2.453494941194597,4.999897283139028,10.089182997424741
80,M Collins,Idaho Falls Chukars,6.81,2,3,20,0,0,37,55,39,28,21,15,3.65,9,2.05,189,6,3,2026,pitcher,37,5.108108108108108,2.189189189189189,13.378378378378379,0.7142857142857143,0.07936507936507936,0.1111111111111111,-0.031746031746031744,0,7.453392224333625,2.453494941194597,4.999897283139028,9.297194580436326
81,J Dixon,Long Beach Coast,5.15,2,0,34,0,0,36.666666666666664,47,29,21,20,33,8.1,6,1.83,179,3,2,2026,pitcher,36.2,4.909090909090909,1.4727272727272729,11.536363636363637,1.65,0.18435754189944134,0.11173184357541899,0.07262569832402235,0,7.453392224333625,2.453494941194597,4.999897283139028,7.127170010411755
81,K Lewis,Ogden Raptors,8.59,3,3,35,0,0,36.666666666666664,52,46,35,27,35,8.59,12,2.15,195,5,5,2026,pitcher,36.2,6.627272727272728,2.9454545454545458,12.763636363636364,1.2962962962962963,0.1794871794871795,0.13846153846153847,0.04102564102564102,0,7.453392224333625,2.453494941194597,4.999897283139028,9.963533646775392
81,C Trout,Boise Hawks,4.66,3,0,43,0,1,36.666666666666664,42,24,19,13,18,4.42,4,1.5,161,2,1,2026,pitcher,36.2,3.190909090909091,0.9818181818181819,10.30909090909091,1.3846153846153846,0.11180124223602485,0.08074534161490683,0.031055900621118016,0,7.453392224333625,2.453494941194597,4.999897283139028,6.58171546495721
84,C Anziani,Boise Hawks,7.68,3,1,26,0,1,36.333333333333336,46,31,31,34,32,7.93,1,2.2,190,5,4,2026,pitcher,36.1,8.422018348623853,0.2477064220183486,11.394495412844035,0.9411764705882353,0.16842105263157894,0.17894736842105263,-0.01052631578947369,0,7.453392224333625,2.453494941194597,4.999897283139028,6.733842237267468
84,E Sepulveda,Great Falls Voyagers,10.16,4,0,29,0,0,36.333333333333336,47,43,41,34,15,3.72,8,2.23,189,2,6,2026,pitcher,36.1,8.422018348623853,1.9816513761467889,11.642201834862384,0.4411764705882353,0.07936507936507936,0.17989417989417988,-0.10052910052910052,0,7.453392224333625,2.453494941194597,4.999897283139028,10.33934682442343
86,J Garcia,Great Falls Voyagers,9.5,1,2,8,5,0,36,63,46,38,15,19,4.75,9,2.17,190,3,7,2026,pitcher,36,3.75,2.25,15.75,1.2666666666666666,0.1,0.07894736842105263,0.02105263157894738,0.625,7.453392224333625,2.453494941194597,4.999897283139028,9.027675060916806
87,T McEvoy,Billings Mustangs,6.88,4,0,7,7,0,35.333333333333336,38,29,27,22,28,7.13,4,1.7,162,1,2,2026,pitcher,35.1,5.60377358490566,1.0188679245283019,9.679245283018867,1.2727272727272727,0.1728395061728395,0.13580246913580246,0.037037037037037035,1,7.453392224333625,2.453494941194597,4.999897283139028,6.92442558502582
88,C Percival,Long Beach Coast,3.86,3,1,9,6,2,35,36,19,15,9,27,6.94,8,1.29,148,NA,NA,2026,pitcher,35,2.3142857142857145,2.057142857142857,9.257142857142858,3,0.18243243243243243,0.060810810810810814,0.12162162162162161,0.6666666666666666,7.453392224333625,2.453494941194597,4.999897283139028,NA
88,K Worek,Great Falls Voyagers,8.23,0,2,23,0,1,35,39,39,32,35,31,7.97,5,2.11,186,6,10,2026,pitcher,35,9,1.2857142857142858,10.028571428571428,0.8857142857142857,0.16666666666666666,0.1881720430107527,-0.02150537634408603,0,7.453392224333625,2.453494941194597,4.999897283139028,8.94275442599617
90,M Dye,Billings Mustangs,5.97,1,0,14,3,0,34.666666666666664,36,25,23,19,40,10.38,5,1.59,155,2,3,2026,pitcher,34.2,4.932692307692308,1.2980769230769231,9.346153846153847,2.1052631578947367,0.25806451612903225,0.12258064516129032,0.13548387096774195,0.21428571428571427,7.453392224333625,2.453494941194597,4.999897283139028,6.471051129292874
91,L Burkett,Oakland Ballers,7.15,3,1,32,1,2,34,26,35,27,33,50,13.24,6,1.74,164,6,6,2026,pitcher,34,8.735294117647058,1.588235294117647,6.882352941176471,1.5151515151515151,0.3048780487804878,0.20121951219512196,0.10365853658536583,0.03125,7.453392224333625,2.453494941194597,4.999897283139028,7.794014930197851
91,J Hasty,Glacier Range Riders,7.41,1,1,36,0,1,34,32,36,28,40,48,12.71,1,2.12,181,7,8,2026,pitcher,34,10.588235294117647,0.2647058823529412,8.470588235294118,1.2,0.26519337016574585,0.22099447513812154,0.04419889502762431,0,7.453392224333625,2.453494941194597,4.999897283139028,6.794014930197851
93,J Hamberg,RedPocket Mobiles,10.96,1,4,13,7,0,33.666666666666664,39,45,41,41,50,13.37,7,2.38,185,1,3,2026,pitcher,33.2,10.96039603960396,1.8712871287128714,10.425742574257427,1.2195121951219512,0.2702702702702703,0.22162162162162163,0.04864864864864865,0.5384615384615384,7.453392224333625,2.453494941194597,4.999897283139028,8.653362629673682
93,A Moreno,Modesto Roadsters,6.42,5,3,29,0,5,33.666666666666664,41,29,24,17,36,9.62,6,1.72,162,1,1,2026,pitcher,33.2,4.544554455445545,1.603960396039604,10.96039603960396,2.1176470588235294,0.2222222222222222,0.10493827160493827,0.11728395061728394,0,7.453392224333625,2.453494941194597,4.999897283139028,6.78207550096081
93,C Murphy,Great Falls Voyagers,12.03,0,3,11,4,0,33.666666666666664,62,49,45,25,37,9.89,7,2.58,189,2,2,2026,pitcher,33.2,6.683168316831684,1.8712871287128714,16.574257425742577,1.48,0.19576719576719576,0.13227513227513227,0.06349206349206349,0.36363636363636365,7.453392224333625,2.453494941194597,4.999897283139028,7.910788372247939
96,C Peguero,Great Falls Voyagers,13.36,2,1,7,6,0,33,61,50,49,18,37,10.09,5,2.39,183,6,5,2026,pitcher,33,4.909090909090909,1.3636363636363635,16.636363636363637,2.0555555555555554,0.20218579234972678,0.09836065573770492,0.10382513661202186,0.8571428571428571,7.453392224333625,2.453494941194597,4.999897283139028,6.818079101320846
97,C Canada,Glacier Range Riders,6.89,2,3,12,5,0,32.666666666666664,33,30,25,32,41,11.3,7,1.99,166,6,4,2026,pitcher,32.2,8.816326530612246,1.9285714285714286,9.091836734693878,1.28125,0.2469879518072289,0.1927710843373494,0.0542168674698795,0.4166666666666667,7.453392224333625,2.453494941194597,4.999897283139028,8.581529936200251
97,I Williams,Yuba-Sutter Freebirds,6.89,2,2,19,2,0,32.666666666666664,30,32,25,37,23,6.34,NA,2.05,164,2,2,2026,pitcher,32.2,10.193877551020408,NA,8.26530612244898,0.6216216216216216,0.1402439024390244,0.22560975609756098,-0.08536585365853658,0.10526315789473684,7.453392224333625,2.453494941194597,4.999897283139028,NA
99,N Naccarato,Billings Mustangs,6.68,1,0,27,0,0,32.333333333333336,40,25,24,19,30,8.35,5,1.82,152,8,NA,2026,pitcher,32.1,5.288659793814433,1.3917525773195876,11.1340206185567,1.5789473684210527,0.19736842105263158,0.125,0.07236842105263158,0,7.453392224333625,2.453494941194597,4.999897283139028,NA
100,C Barker,Yuba-Sutter Freebirds,4.5,1,1,30,0,0,32,17,17,16,39,42,11.81,2,1.75,158,3,10,2026,pitcher,32,10.96875,0.5625,4.78125,1.0769230769230769,0.26582278481012656,0.2468354430379747,0.01898734177215186,0,7.453392224333625,2.453494941194597,4.999897283139028,7.781147283139028
100,J Berenti,Idaho Falls Chukars,16.03,1,1,15,4,0,32,61,58,57,30,16,4.5,9,2.84,190,8,10,2026,pitcher,32,8.4375,2.53125,17.15625,0.5333333333333333,0.08421052631578947,0.15789473684210525,-0.07368421052631578,0.26666666666666666,7.453392224333625,2.453494941194597,4.999897283139028,11.406147283139028
102,L Hartman,Billings Mustangs,6.25,3,3,26,0,8,31.666666666666668,36,23,22,19,49,13.93,4,1.74,144,7,NA,2026,pitcher,31.2,5.3999999999999995,1.1368421052631579,10.231578947368421,2.5789473684210527,0.3402777777777778,0.13194444444444445,0.20833333333333334,0,7.453392224333625,2.453494941194597,4.999897283139028,NA
103,A Miranda,RedPocket Mobiles,6.03,2,4,14,3,0,31.333333333333332,38,29,21,21,31,8.9,1,1.88,155,3,3,2026,pitcher,31.1,6.031914893617022,0.2872340425531915,10.914893617021278,1.4761904761904763,0.2,0.13548387096774195,0.06451612903225806,0.21428571428571427,7.453392224333625,2.453494941194597,4.999897283139028,5.733939836330517
103,L Wade,Glacier Range Riders,4.02,2,2,20,0,0,31.333333333333332,27,16,14,21,33,9.48,2,1.53,136,2,NA,2026,pitcher,31.1,6.031914893617022,0.574468085106383,7.75531914893617,1.5714285714285714,0.2426470588235294,0.15441176470588236,0.08823529411764705,0,7.453392224333625,2.453494941194597,4.999897283139028,NA
105,C Czerwinski,Great Falls Voyagers,13.35,0,4,8,6,0,31,55,51,46,24,27,7.84,5,2.55,176,3,5,2026,pitcher,31,6.967741935483871,1.4516129032258065,15.96774193548387,1.125,0.1534090909090909,0.13636363636363635,0.017045454545454558,0.75,7.453392224333625,2.453494941194597,4.999897283139028,8.161187605719672
105,R Steinman,Missoula PaddleHeads,8.13,2,2,25,0,0,31,40,29,28,19,27,7.84,6,1.9,153,1,2,2026,pitcher,31,5.516129032258065,1.7419354838709677,11.612903225806452,1.4210526315789473,0.17647058823529413,0.12418300653594772,0.052287581699346414,0,7.453392224333625,2.453494941194597,4.999897283139028,7.806348896042254
107,G Grosjean,Long Beach Coast,6.16,4,2,17,3,0,30.666666666666668,35,29,21,19,32,9.39,5,1.76,152,2,4,2026,pitcher,30.2,5.576086956521739,1.467391304347826,10.271739130434781,1.6842105263157894,0.21052631578947367,0.125,0.08552631578947367,0.17647058823529413,7.453392224333625,2.453494941194597,4.999897283139028,7.282505978791201
108,C Diaz,Oakland Ballers,6.67,3,2,13,4,1,29.666666666666668,37,26,22,11,20,6.07,4,1.62,135,2,4,2026,pitcher,29.2,3.337078651685393,1.2134831460674156,11.224719101123595,1.8181818181818181,0.14814814814814814,0.08148148148148149,0.06666666666666665,0.3076923076923077,7.453392224333625,2.453494941194597,4.999897283139028,6.921245597745769
109,M Riley,Oakland Ballers,12.07,2,1,12,3,0,28.333333333333332,49,39,38,23,31,9.85,9,2.54,152,2,1,2026,pitcher,28.1,7.305882352941177,2.8588235294117648,15.564705882352941,1.3478260869565217,0.20394736842105263,0.1513157894736842,0.05263157894736842,0.25,7.453392224333625,2.453494941194597,4.999897283139028,9.482250224315498
110,J Toporek,Missoula PaddleHeads,7.71,2,1,6,5,0,28,44,25,24,10,20,6.43,2,1.93,135,4,2,2026,pitcher,28,3.2142857142857144,0.6428571428571429,14.142857142857142,2,0.14814814814814814,0.07407407407407407,0.07407407407407407,0.8333333333333334,7.453392224333625,2.453494941194597,4.999897283139028,5.785611568853313
110,C Tremain,Modesto Roadsters,6.11,1,1,27,0,0,28,43,20,19,10,29,9.32,3,1.89,140,1,2,2026,pitcher,28,3.2142857142857144,0.9642857142857143,13.821428571428571,2.9,0.20714285714285716,0.07142857142857142,0.13571428571428573,0,7.453392224333625,2.453494941194597,4.999897283139028,5.607040140281884
110,H Vela,Boise Hawks,6.75,1,3,6,6,0,28,37,21,21,15,14,4.5,8,1.86,129,NA,1,2026,pitcher,28,4.821428571428571,2.5714285714285716,11.892857142857142,0.9333333333333333,0.10852713178294573,0.11627906976744186,-0.007751937984496124,1,7.453392224333625,2.453494941194597,4.999897283139028,9.428468711710456
110,R Wentz,Missoula PaddleHeads,9.64,2,1,11,6,0,28,40,31,30,20,34,10.93,6,2.14,144,8,5,2026,pitcher,28,6.428571428571429,1.9285714285714286,12.857142857142858,1.7,0.2361111111111111,0.1388888888888889,0.09722222222222221,0.5454545454545454,7.453392224333625,2.453494941194597,4.999897283139028,8.035611568853312
114,L Alaniz,Modesto Roadsters,4.55,0,0,20,0,0,27.666666666666668,24,15,14,16,22,7.16,4,1.45,124,1,5,2026,pitcher,27.2,5.204819277108434,1.3012048192771084,7.80722891566265,1.375,0.1774193548387097,0.12903225806451613,0.04838709677419356,0,7.453392224333625,2.453494941194597,4.999897283139028,7.566162343379991
114,J Almeda,Billings Mustangs,6.51,1,0,21,3,0,27.666666666666668,32,21,20,25,31,10.08,3,2.06,142,NA,3,2026,pitcher,27.2,8.132530120481928,0.9759036144578312,10.409638554216867,1.24,0.21830985915492956,0.176056338028169,0.04225352112676056,0.14285714285714285,7.453392224333625,2.453494941194597,4.999897283139028,7.204716560247461
114,J Betancourt,Billings Mustangs,7.81,2,0,11,3,0,27.666666666666668,34,26,24,14,15,4.88,3,1.73,130,NA,3,2026,pitcher,27.2,4.554216867469879,0.9759036144578312,11.06024096385542,1.0714285714285714,0.11538461538461539,0.1076923076923077,0.007692307692307693,0.2727272727272727,7.453392224333625,2.453494941194597,4.999897283139028,7.168571981934209
117,K Kneip,Ogden Raptors,9.22,3,3,28,0,4,27.333333333333332,36,34,28,25,20,6.59,4,2.23,147,9,4,2026,pitcher,27.1,8.231707317073171,1.3170731707317074,11.853658536585366,0.8,0.1360544217687075,0.17006802721088435,-0.03401360544217685,0,7.453392224333625,2.453494941194597,4.999897283139028,8.621848502651222
117,B Rozakis,RedPocket Mobiles,6.91,1,1,30,0,0,27.333333333333332,36,24,21,20,18,5.93,1,2.05,139,5,2,2026,pitcher,27.1,6.585365853658537,0.32926829268292684,11.853658536585366,0.9,0.12949640287769784,0.14388489208633093,-0.014388489208633087,0,7.453392224333625,2.453494941194597,4.999897283139028,6.573068014846345
119,R Humphreys,Glacier Range Riders,9.91,2,1,16,0,0,26.333333333333332,23,30,29,34,27,9.23,NA,2.16,134,4,5,2026,pitcher,26.1,11.620253164556962,NA,7.860759493670886,0.7941176470588235,0.20149253731343283,0.2537313432835821,-0.052238805970149266,0,7.453392224333625,2.453494941194597,4.999897283139028,NA
120,L Riley,Ogden Raptors,13.15,0,2,23,0,3,26,35,38,38,26,37,12.81,7,2.35,148,3,10,2026,pitcher,26,9,2.423076923076923,12.115384615384615,1.4230769230769231,0.25,0.17567567567567569,0.07432432432432431,0,7.453392224333625,2.453494941194597,4.999897283139028,9.807589590831334
120,P Sanders,RedPocket Mobiles,13.15,1,1,22,0,0,26,51,40,38,16,21,7.27,6,2.58,145,1,3,2026,pitcher,26,5.538461538461538,2.076923076923077,17.653846153846153,1.3125,0.14482758620689656,0.1103448275862069,0.03448275862068967,0,7.453392224333625,2.453494941194597,4.999897283139028,8.576820360062104
120,J Schaeffer,Yuba-Sutter Freebirds,7.62,0,3,6,5,0,26,32,23,22,12,22,7.62,6,1.69,122,NA,3,2026,pitcher,26,4.153846153846154,2.076923076923077,11.076923076923077,1.8333333333333333,0.18032786885245902,0.09836065573770492,0.0819672131147541,0.8333333333333334,7.453392224333625,2.453494941194597,4.999897283139028,8.038358821600566
123,C Housley,Glacier Range Riders,8.42,1,1,27,0,2,25.666666666666668,31,25,24,25,22,7.71,4,2.18,132,3,2,2026,pitcher,25.2,8.766233766233766,1.4025974025974026,10.870129870129869,0.88,0.16666666666666666,0.1893939393939394,-0.022727272727272735,0,7.453392224333625,2.453494941194597,4.999897283139028,8.467429750671496
123,C Kelly,Ogden Raptors,9.47,1,0,18,0,0,25.666666666666668,36,28,27,24,23,8.06,6,2.34,136,1,5,2026,pitcher,25.2,8.415584415584416,2.103896103896104,12.623376623376624,0.9583333333333334,0.16911764705882354,0.17647058823529413,-0.00735294117647059,0,7.453392224333625,2.453494941194597,4.999897283139028,9.636260919502664
123,D Thomas,Oakland Ballers,4.56,2,1,6,4,0,25.666666666666668,27,14,13,8,25,8.77,5,1.36,111,NA,NA,2026,pitcher,25.2,2.8051948051948052,1.7532467532467533,9.467532467532466,3.125,0.22522522522522523,0.07207207207207207,0.15315315315315314,0.6666666666666666,7.453392224333625,2.453494941194597,4.999897283139028,NA
2,J Abreu,RedPocket Mobiles,11.57,0,2,13,0,1,11.666666666666666,14,15,15,18,12,9.26,1,2.74,70,5,4,2026,pitcher,11.2,13.885714285714286,0.7714285714285715,10.8,0.6666666666666666,0.17142857142857143,0.2571428571428571,-0.08571428571428569,0,7.453392224333625,2.453494941194597,4.999897283139028,9.714182997424743
3,J Acosta,Boise Hawks,0,NA,NA,NA,NA,NA,0,NA,NA,NA,NA,0,0,NA,NA,NA,NA,NA,2026,pitcher,0,NA,NA,NA,NA,NA,NA,NA,NA,7.453392224333625,2.453494941194597,4.999897283139028,NA
4,W Adams,RedPocket Mobiles,8.15,1,6,20,0,2,17.666666666666668,16,16,16,19,21,10.7,2,1.98,90,2,3,2026,pitcher,17.2,9.679245283018867,1.0188679245283019,8.150943396226415,1.105263157894737,0.23333333333333334,0.2111111111111111,0.022222222222222227,0,7.453392224333625,2.453494941194597,4.999897283139028,7.83008596238431
5,C Adamson,RedPocket Mobiles,12.91,0,3,3,3,0,15.333333333333334,25,22,22,5,9,5.28,7,1.96,77,1,NA,2026,pitcher,15.1,2.934782608695652,4.108695652173913,14.67391304347826,1.8,0.11688311688311688,0.06493506493506493,0.05194805194805195,1,7.453392224333625,2.453494941194597,4.999897283139028,NA
6,Z Addkison,Yuba-Sutter Freebirds,29.84,0,1,4,2,0,6.333333333333333,23,21,21,11,4,5.68,5,5.37,51,1,NA,2026,pitcher,6.1,15.631578947368421,7.105263157894737,32.68421052631579,0.36363636363636365,0.0784313725490196,0.21568627450980393,-0.13725490196078433,0.5,7.453392224333625,2.453494941194597,4.999897283139028,NA
7,D Aguiar,Yuba-Sutter Freebirds,10.19,0,2,16,0,0,17.666666666666668,22,21,20,19,15,7.64,5,2.32,101,2,4,2026,pitcher,17.2,9.679245283018867,2.5471698113207544,11.20754716981132,0.7894736842105263,0.1485148514851485,0.18811881188118812,-0.03960396039603961,0,7.453392224333625,2.453494941194597,4.999897283139028,10.886689735969217
9,C Allen,Great Falls Voyagers,0,0,0,0,0,0,0,NA,NA,NA,NA,0,0,NA,NA,NA,NA,NA,2026,pitcher,0,NA,NA,NA,NA,NA,NA,NA,NA,7.453392224333625,2.453494941194597,4.999897283139028,NA
9,J Allgeyer,Oakland Ballers,0,0,0,0,0,0,0,NA,NA,NA,NA,0,0,NA,NA,NA,NA,NA,2026,pitcher,0,NA,NA,NA,NA,NA,NA,NA,NA,7.453392224333625,2.453494941194597,4.999897283139028,NA
12,E Amundson,Yuba-Sutter Freebirds,0,0,0,0,0,0,0,NA,NA,NA,NA,0,0,NA,NA,NA,NA,NA,2026,pitcher,0,NA,NA,NA,NA,NA,NA,NA,NA,7.453392224333625,2.453494941194597,4.999897283139028,NA
12,A Anderson,Missoula PaddleHeads,0,0,0,0,0,0,0,NA,NA,NA,NA,0,0,NA,NA,NA,NA,NA,2026,pitcher,0,NA,NA,NA,NA,NA,NA,NA,NA,7.453392224333625,2.453494941194597,4.999897283139028,NA
12,D Andiarena,Missoula PaddleHeads,0,0,0,0,0,0,0,NA,NA,NA,NA,0,0,NA,NA,NA,NA,NA,2026,pitcher,0,NA,NA,NA,NA,NA,NA,NA,NA,7.453392224333625,2.453494941194597,4.999897283139028,NA
16,E Apodaca,Missoula PaddleHeads,0,0,0,0,0,0,0,NA,NA,NA,NA,0,0,NA,NA,NA,NA,NA,2026,pitcher,0,NA,NA,NA,NA,NA,NA,NA,NA,7.453392224333625,2.453494941194597,4.999897283139028,NA
18,J Aponte,Yuba-Sutter Freebirds,6.75,1,1,5,0,0,4,5,3,3,4,5,11.25,NA,2.25,19,NA,NA,2026,pitcher,4,9,NA,11.25,1.25,0.2631578947368421,0.21052631578947367,0.05263157894736842,0,7.453392224333625,2.453494941194597,4.999897283139028,NA
19,D Aragon,Yuba-Sutter Freebirds,0,0,0,0,0,0,0,NA,NA,NA,NA,0,0,NA,NA,NA,NA,NA,2026,pitcher,0,NA,NA,NA,NA,NA,NA,NA,NA,7.453392224333625,2.453494941194597,4.999897283139028,NA
19,K Ashworth,Glacier Range Riders,0,0,0,0,0,0,0,NA,NA,NA,NA,0,0,NA,NA,NA,NA,NA,2026,pitcher,0,NA,NA,NA,NA,NA,NA,NA,NA,7.453392224333625,2.453494941194597,4.999897283139028,NA
21,D Aspinwall,RedPocket Mobiles,27.93,0,0,8,0,0,9.666666666666666,23,30,30,18,6,5.59,2,4.24,71,6,2,2026,pitcher,9.2,16.758620689655174,1.8620689655172415,21.413793103448278,0.3333333333333333,0.08450704225352113,0.2535211267605634,-0.16901408450704225,0,7.453392224333625,2.453494941194597,4.999897283139028,12.65506969693213
22,I Austin IV,Ogden Raptors,9,2,0,16,0,0,17,25,22,17,17,21,11.12,2,2.47,99,NA,3,2026,pitcher,17,9,1.0588235294117647,13.235294117647058,1.2352941176470589,0.21212121212121213,0.1717171717171717,0.040404040404040414,0,7.453392224333625,2.453494941194597,4.999897283139028,7.588132577256674
24,A Balentine,Oakland Ballers,6.75,0,0,3,0,0,4,3,3,3,3,0,0,2,1.5,18,NA,1,2026,pitcher,4,6.75,4.5,6.75,0,0,0.16666666666666666,-0.16666666666666666,0,7.453392224333625,2.453494941194597,4.999897283139028,14.499897283139028
25,M Ball,Missoula PaddleHeads,0,0,0,0,0,0,0,NA,NA,NA,NA,0,0,NA,NA,NA,NA,NA,2026,pitcher,0,NA,NA,NA,NA,NA,NA,NA,NA,7.453392224333625,2.453494941194597,4.999897283139028,NA
27,J Ballista,Missoula PaddleHeads,7.94,0,1,5,0,0,5.666666666666667,12,5,5,1,2,3.18,2,2.29,28,NA,NA,2026,pitcher,5.2,1.588235294117647,3.176470588235294,19.058823529411764,2,0.07142857142857142,0.03571428571428571,0.03571428571428571,0,7.453392224333625,2.453494941194597,4.999897283139028,NA
28,M Bardowell,Long Beach Coast,0,0,0,0,0,0,0,NA,NA,NA,NA,0,0,NA,NA,NA,NA,NA,2026,pitcher,0,NA,NA,NA,NA,NA,NA,NA,NA,7.453392224333625,2.453494941194597,4.999897283139028,NA
29,B Barker,Oakland Ballers,14.54,0,0,5,0,0,4.333333333333333,11,8,7,3,3,6.23,2,3.23,28,1,NA,2026,pitcher,4.1,6.230769230769231,4.153846153846154,22.846153846153847,1,0.10714285714285714,0.10714285714285714,0,0,7.453392224333625,2.453494941194597,4.999897283139028,NA
30,B Barker,Idaho Falls Chukars,21.38,0,0,6,0,0,8,21,19,19,12,8,9,1,4.13,56,1,NA,2026,pitcher,8,13.5,1.125,23.625,0.6666666666666666,0.14285714285714285,0.21428571428571427,-0.07142857142857142,0,7.453392224333625,2.453494941194597,4.999897283139028,NA
32,B Barquin,Yuba-Sutter Freebirds,14.73,0,1,7,2,0,14.666666666666666,28,25,24,9,10,6.14,3,2.52,82,1,4,2026,pitcher,14.2,5.522727272727273,1.840909090909091,17.181818181818183,1.1111111111111112,0.12195121951219512,0.10975609756097561,0.01219512195121951,0.2857142857142857,7.453392224333625,2.453494941194597,4.999897283139028,8.954442737684483
33,A Barranca,Great Falls Voyagers,0,0,0,0,0,0,0,NA,NA,NA,NA,0,0,NA,NA,NA,NA,NA,2026,pitcher,0,NA,NA,NA,NA,NA,NA,NA,NA,7.453392224333625,2.453494941194597,4.999897283139028,NA
33,E Barrera,Idaho Falls Chukars,0,0,0,0,0,0,0,NA,NA,NA,NA,0,0,NA,NA,NA,NA,NA,2026,pitcher,0,NA,NA,NA,NA,NA,NA,NA,NA,7.453392224333625,2.453494941194597,4.999897283139028,NA
33,L Barry,Missoula PaddleHeads,0,0,0,0,0,0,0,NA,NA,NA,NA,0,0,NA,NA,NA,NA,NA,2026,pitcher,0,NA,NA,NA,NA,NA,NA,NA,NA,7.453392224333625,2.453494941194597,4.999897283139028,NA
36,W Bartkoski,Glacier Range Riders,16.68,1,0,8,0,0,11.333333333333334,21,21,21,12,5,3.97,2,2.91,67,1,1,2026,pitcher,11.1,9.529411764705882,1.588235294117647,16.676470588235293,0.4166666666666667,0.07462686567164178,0.1791044776119403,-0.1044776119402985,0,7.453392224333625,2.453494941194597,4.999897283139028,9.852838459609615
37,T Bates,Oakland Ballers,6.59,1,0,11,0,0,13.666666666666666,13,10,10,12,11,7.24,4,1.83,66,NA,1,2026,pitcher,13.2,7.902439024390244,2.6341463414634148,8.560975609756097,0.9166666666666666,0.16666666666666666,0.18181818181818182,-0.015151515151515166,0,7.453392224333625,2.453494941194597,4.999897283139028,10.048677770943906
39,M Beale,Oakland Ballers,0,0,0,0,0,0,0,NA,NA,NA,NA,0,0,NA,NA,NA,NA,NA,2026,pitcher,0,NA,NA,NA,NA,NA,NA,NA,NA,7.453392224333625,2.453494941194597,4.999897283139028,NA
41,L Beard,Glacier Range Riders,54,0,0,1,0,0,1,8,6,6,NA,0,0,1,8,11,NA,NA,2026,pitcher,1,NA,9,72,NA,0,NA,NA,0,7.453392224333625,2.453494941194597,4.999897283139028,NA
42,S Becker,RedPocket Mobiles,0,0,0,0,0,0,0,NA,NA,NA,NA,0,0,NA,NA,NA,NA,NA,2026,pitcher,0,NA,NA,NA,NA,NA,NA,NA,NA,7.453392224333625,2.453494941194597,4.999897283139028,NA
42,J Begora,Boise Hawks,0,0,0,0,0,0,0,NA,NA,NA,NA,0,0,NA,NA,NA,NA,NA,2026,pitcher,0,NA,NA,NA,NA,NA,NA,NA,NA,7.453392224333625,2.453494941194597,4.999897283139028,NA
44,J Bell,Great Falls Voyagers,9,0,0,3,0,1,2,2,2,2,1,1,4.5,1,1.5,10,NA,NA,2026,pitcher,2,4.5,4.5,9,1,0.1,0.1,0,0,7.453392224333625,2.453494941194597,4.999897283139028,NA
46,L Bell,Yuba-Sutter Freebirds,18,0,0,1,0,0,1,1,2,2,2,2,18,NA,3,6,NA,NA,2026,pitcher,1,18,NA,9,1,0.3333333333333333,0.3333333333333333,0,0,7.453392224333625,2.453494941194597,4.999897283139028,NA
48,A Bergeron,Yuba-Sutter Freebirds,54,0,0,3,0,0,2,11,17,12,7,0,0,1,9,24,NA,1,2026,pitcher,2,31.5,4.5,49.5,0,0,0.2916666666666667,-0.2916666666666667,0,7.453392224333625,2.453494941194597,4.999897283139028,23.499897283139028
49,C Bergman,Missoula PaddleHeads,0,0,0,0,0,0,0,NA,NA,NA,NA,0,0,NA,NA,NA,NA,NA,2026,pitcher,0,NA,NA,NA,NA,NA,NA,NA,NA,7.453392224333625,2.453494941194597,4.999897283139028,NA
49,W Bermudez,Missoula PaddleHeads,0,0,0,0,0,0,0,NA,NA,NA,NA,0,0,NA,NA,NA,NA,NA,2026,pitcher,0,NA,NA,NA,NA,NA,NA,NA,NA,7.453392224333625,2.453494941194597,4.999897283139028,NA
49,C Bess,Long Beach Coast,0,0,0,0,0,0,0,NA,NA,NA,NA,0,0,NA,NA,NA,NA,NA,2026,pitcher,0,NA,NA,NA,NA,NA,NA,NA,NA,7.453392224333625,2.453494941194597,4.999897283139028,NA
49,T Best,Boise Hawks,0,0,0,0,0,0,0,NA,NA,NA,NA,0,0,NA,NA,NA,NA,NA,2026,pitcher,0,NA,NA,NA,NA,NA,NA,NA,NA,7.453392224333625,2.453494941194597,4.999897283139028,NA
54,G Bevacqua,Ogden Raptors,0,0,0,0,0,0,0,NA,NA,NA,NA,0,0,NA,NA,NA,NA,NA,2026,pitcher,0,NA,NA,NA,NA,NA,NA,NA,NA,7.453392224333625,2.453494941194597,4.999897283139028,NA
55,J Bickford,Idaho Falls Chukars,6.23,0,0,6,0,0,8.666666666666666,12,8,6,10,12,12.46,1,2.54,47,4,1,2026,pitcher,8.2,10.384615384615385,1.0384615384615385,12.461538461538462,1.2,0.2553191489361702,0.2127659574468085,0.04255319148936168,0,7.453392224333625,2.453494941194597,4.999897283139028,7.538358821600566
56,J Bingham,Boise Hawks,17.55,0,0,2,2,0,6.666666666666667,12,13,13,8,4,5.4,3,3,40,NA,NA,2026,pitcher,6.2,10.799999999999999,4.05,16.2,0.5,0.1,0.2,-0.1,1,7.453392224333625,2.453494941194597,4.999897283139028,NA
57,M Binns,RedPocket Mobiles,21.13,0,2,5,0,0,7.666666666666667,15,19,18,12,6,7.04,4,3.52,52,3,2,2026,pitcher,7.2,14.086956521739129,4.695652173913043,17.608695652173914,0.5,0.11538461538461539,0.23076923076923078,-0.11538461538461539,0,7.453392224333625,2.453494941194597,4.999897283139028,15.69554945705207
58,B Bishop,RedPocket Mobiles,0,0,0,0,0,0,0,NA,NA,NA,NA,0,0,NA,NA,NA,NA,NA,2026,pitcher,0,NA,NA,NA,NA,NA,NA,NA,NA,7.453392224333625,2.453494941194597,4.999897283139028,NA
59,J Bishop,Missoula PaddleHeads,12.15,0,1,6,0,0,6.666666666666667,9,11,9,8,4,5.4,3,2.55,36,1,NA,2026,pitcher,6.2,10.799999999999999,4.05,12.149999999999999,0.5,0.1111111111111111,0.2222222222222222,-0.1111111111111111,0,7.453392224333625,2.453494941194597,4.999897283139028,NA
60,Z Blaszak,Great Falls Voyagers,0,0,0,0,0,0,0,NA,NA,NA,NA,0,0,NA,NA,NA,NA,NA,2026,pitcher,0,NA,NA,NA,NA,NA,NA,NA,NA,7.453392224333625,2.453494941194597,4.999897283139028,NA
62,N Blythe,Oakland Ballers,8.76,0,0,8,0,0,12.333333333333334,22,12,12,4,0,0,1,2.11,66,NA,3,2026,pitcher,12.1,2.918918918918919,0.7297297297297297,16.054054054054053,0,0,0.06060606060606061,-0.06060606060606061,0,7.453392224333625,2.453494941194597,4.999897283139028,7.756654039895784
63,L Boesen,Ogden Raptors,20.77,0,1,3,3,0,8.666666666666666,24,20,20,10,4,4.15,4,3.92,59,4,NA,2026,pitcher,8.2,10.384615384615385,4.153846153846154,24.923076923076923,0.4,0.06779661016949153,0.1694915254237288,-0.10169491525423728,1,7.453392224333625,2.453494941194597,4.999897283139028,NA
65,K Bow,Long Beach Coast,12,0,0,2,2,0,6,8,9,8,10,7,10.5,1,3,36,NA,NA,2026,pitcher,6,15,1.5,12,0.7,0.19444444444444445,0.2777777777777778,-0.08333333333333334,1,7.453392224333625,2.453494941194597,4.999897283139028,NA
66,K Bow,Idaho Falls Chukars,18.32,0,2,2,2,0,9.333333333333334,15,19,19,10,5,4.82,1,2.68,54,5,4,2026,pitcher,9.1,9.642857142857142,0.9642857142857142,14.464285714285714,0.5,0.09259259259259259,0.18518518518518517,-0.09259259259259259,1,7.453392224333625,2.453494941194597,4.999897283139028,9.821325854567599
67,C Bowen,Billings Mustangs,0,0,0,0,0,0,0,NA,NA,NA,NA,0,0,NA,NA,NA,NA,NA,2026,pitcher,0,NA,NA,NA,NA,NA,NA,NA,NA,7.453392224333625,2.453494941194597,4.999897283139028,NA
68,D Bower,Yuba-Sutter Freebirds,4.76,0,1,4,0,0,5.666666666666667,3,4,3,7,3,4.76,NA,1.76,27,NA,NA,2026,pitcher,5.2,11.117647058823529,NA,4.764705882352941,0.42857142857142855,0.1111111111111111,0.25925925925925924,-0.14814814814814814,0,7.453392224333625,2.453494941194597,4.999897283139028,NA
69,J Boyd,Modesto Roadsters,0,0,0,0,0,0,0,NA,NA,NA,NA,0,0,NA,NA,NA,NA,NA,2026,pitcher,0,NA,NA,NA,NA,NA,NA,NA,NA,7.453392224333625,2.453494941194597,4.999897283139028,NA
70,C Brinson,Missoula PaddleHeads,12.6,2,0,9,0,0,10,22,15,14,7,7,6.3,NA,2.9,57,1,3,2026,pitcher,10,6.3,NA,19.8,1,0.12280701754385964,0.12280701754385964,0,0,7.453392224333625,2.453494941194597,4.999897283139028,NA
71,R Brito,Idaho Falls Chukars,15.22,0,2,17,0,0,18.333333333333332,24,39,31,39,22,10.8,4,3.44,123,8,3,2026,pitcher,18.1,19.145454545454548,1.9636363636363638,11.781818181818183,0.5641025641025641,0.17886178861788618,0.3170731707317073,-0.13821138211382114,0,7.453392224333625,2.453494941194597,4.999897283139028,12.308988192229936
72,E Brown,Ogden Raptors,108,0,0,1,0,0,0.3333333333333333,1,4,4,4,0,0,NA,15,7,1,1,2026,pitcher,0.1,108,NA,27,0,0,0.5714285714285714,-0.5714285714285714,0,7.453392224333625,2.453494941194597,4.999897283139028,NA
73,G Brown,Missoula PaddleHeads,10.8,1,0,3,0,0,6.666666666666667,13,8,8,5,3,4.05,2,2.7,37,NA,NA,2026,pitcher,6.2,6.75,2.6999999999999997,17.55,0.6,0.08108108108108109,0.13513513513513514,-0.05405405405405406,0,7.453392224333625,2.453494941194597,4.999897283139028,NA
74,M Bryant,Idaho Falls Chukars,7.36,3,0,20,0,1,18.333333333333332,22,15,15,10,19,9.33,2,1.75,85,4,3,2026,pitcher,18.1,4.909090909090909,0.9818181818181819,10.8,1.9,0.2235294117647059,0.11764705882352941,0.10588235294117648,0,7.453392224333625,2.453494941194597,4.999897283139028,6.4726245558663
75,C Bufford,Oakland Ballers,0,0,0,0,0,0,0,NA,NA,NA,NA,0,0,NA,NA,NA,NA,NA,2026,pitcher,0,NA,NA,NA,NA,NA,NA,NA,NA,7.453392224333625,2.453494941194597,4.999897283139028,NA
78,N Burns II,Billings Mustangs,0,0,0,0,0,0,0,NA,NA,NA,NA,0,0,NA,NA,NA,NA,NA,2026,pitcher,0,NA,NA,NA,NA,NA,NA,NA,NA,7.453392224333625,2.453494941194597,4.999897283139028,NA
80,R Butz,Oakland Ballers,10.97,1,1,7,5,0,21.333333333333332,26,26,26,19,17,7.17,8,2.11,109,NA,1,2026,pitcher,21.1,8.015625,3.375,10.96875,0.8947368421052632,0.1559633027522936,0.1743119266055046,-0.01834862385321101,0.7142857142857143,7.453392224333625,2.453494941194597,4.999897283139028,11.093647283139028
81,J Byrd,Long Beach Coast,2.84,0,0,18,0,1,25.333333333333332,22,10,8,16,19,6.75,NA,1.5,112,NA,NA,2026,pitcher,25.1,5.684210526315789,NA,7.815789473684211,1.1875,0.16964285714285715,0.14285714285714285,0.0267857142857143,0,7.453392224333625,2.453494941194597,4.999897283139028,NA
82,M Byrne,Glacier Range Riders,0,0,0,2,0,0,0.3333333333333333,NA,NA,NA,3,0,0,NA,9,5,NA,1,2026,pitcher,0.1,81,NA,NA,0,0,0.6,-0.6,0,7.453392224333625,2.453494941194597,4.999897283139028,NA
83,S Cabeza,Great Falls Voyagers,0,0,0,0,0,0,0,NA,NA,NA,NA,0,0,NA,NA,NA,NA,NA,2026,pitcher,0,NA,NA,NA,NA,NA,NA,NA,NA,7.453392224333625,2.453494941194597,4.999897283139028,NA
83,J Cabuyaban,RedPocket Mobiles,0,0,0,0,0,0,0,NA,NA,NA,NA,0,0,NA,NA,NA,NA,NA,2026,pitcher,0,NA,NA,NA,NA,NA,NA,NA,NA,7.453392224333625,2.453494941194597,4.999897283139028,NA
85,A Calhoun,Billings Mustangs,1.54,1,0,10,0,0,11.666666666666666,12,4,2,4,13,10.03,1,1.37,51,1,NA,2026,pitcher,11.2,3.085714285714286,0.7714285714285715,9.257142857142858,3.25,0.2549019607843137,0.0784313725490196,0.1764705882352941,0,7.453392224333625,2.453494941194597,4.999897283139028,NA
87,R Camacho,Idaho Falls Chukars,15,0,0,2,0,0,3,5,5,5,6,3,9,1,3.67,21,1,2,2026,pitcher,3,18,3,15,0.5,0.14285714285714285,0.2857142857142857,-0.14285714285714285,0,7.453392224333625,2.453494941194597,4.999897283139028,15.333230616472362
88,C Campbell,Boise Hawks,0,0,0,0,0,0,0,NA,NA,NA,NA,0,0,NA,NA,NA,NA,NA,2026,pitcher,0,NA,NA,NA,NA,NA,NA,NA,NA,7.453392224333625,2.453494941194597,4.999897283139028,NA
90,B Cannon,Modesto Roadsters,0,0,0,0,0,0,0,NA,NA,NA,NA,0,0,NA,NA,NA,NA,NA,2026,pitcher,0,NA,NA,NA,NA,NA,NA,NA,NA,7.453392224333625,2.453494941194597,4.999897283139028,NA
90,S Canton,Idaho Falls Chukars,0,0,0,0,0,0,0,NA,NA,NA,NA,0,0,NA,NA,NA,NA,NA,2026,pitcher,0,NA,NA,NA,NA,NA,NA,NA,NA,7.453392224333625,2.453494941194597,4.999897283139028,NA
90,B Capps,Glacier Range Riders,0,0,0,0,0,0,0,NA,NA,NA,NA,0,0,NA,NA,NA,NA,NA,2026,pitcher,0,NA,NA,NA,NA,NA,NA,NA,NA,7.453392224333625,2.453494941194597,4.999897283139028,NA
93,J Carbone,Great Falls Voyagers,22.5,0,0,2,0,0,2,5,8,5,5,2,9,1,5,18,3,NA,2026,pitcher,2,22.5,4.5,22.5,0.4,0.1111111111111111,0.2777777777777778,-0.16666666666666669,0,7.453392224333625,2.453494941194597,4.999897283139028,NA
94,A Cardenas,RedPocket Mobiles,27,0,1,2,0,0,1,3,9,3,3,1,9,NA,6,12,NA,2,2026,pitcher,1,27,NA,27,0.3333333333333333,0.08333333333333333,0.25,-0.16666666666666669,0,7.453392224333625,2.453494941194597,4.999897283139028,NA
95,N Cardinal,Great Falls Voyagers,5.65,1,0,14,0,2,14.333333333333334,12,9,9,10,14,8.79,1,1.53,66,6,1,2026,pitcher,14.1,6.27906976744186,0.627906976744186,7.534883720930233,1.4,0.21212121212121213,0.15151515151515152,0.06060606060606061,0,7.453392224333625,2.453494941194597,4.999897283139028,6.2557112366274
96,N Cardinal,Modesto Roadsters,9.49,1,2,13,0,2,12.333333333333334,13,13,13,7,10,7.3,3,1.62,56,NA,NA,2026,pitcher,12.1,5.108108108108108,2.189189189189189,9.486486486486486,1.4285714285714286,0.17857142857142858,0.125,0.053571428571428575,0,7.453392224333625,2.453494941194597,4.999897283139028,NA
97,K Carlson,Yuba-Sutter Freebirds,0,0,0,0,0,0,0,NA,NA,NA,NA,0,0,NA,NA,NA,NA,NA,2026,pitcher,0,NA,NA,NA,NA,NA,NA,NA,NA,7.453392224333625,2.453494941194597,4.999897283139028,NA
98,S Cash,Glacier Range Riders,11.25,0,0,2,1,0,4,10,7,5,5,4,9,1,3.75,26,NA,NA,2026,pitcher,4,11.25,2.25,22.5,0.8,0.15384615384615385,0.19230769230769232,-0.038461538461538464,0.5,7.453392224333625,2.453494941194597,4.999897283139028,NA
99,X Casserilla,Missoula PaddleHeads,0,0,0,1,0,0,1,1,NA,NA,1,1,9,NA,2,4,1,NA,2026,pitcher,1,9,NA,9,1,0.25,0.25,0,0,7.453392224333625,2.453494941194597,4.999897283139028,NA
100,C Castaneda,Yuba-Sutter Freebirds,27,0,0,1,0,0,0.3333333333333333,2,1,1,NA,0,0,NA,6,3,NA,NA,2026,pitcher,0.1,NA,NA,54,NA,0,NA,NA,0,7.453392224333625,2.453494941194597,4.999897283139028,NA
102,W Castillo,Idaho Falls Chukars,9.72,0,0,2,2,0,8.333333333333334,11,10,9,5,9,9.72,3,1.92,46,1,5,2026,pitcher,8.1,5.3999999999999995,3.2399999999999998,11.879999999999999,1.8,0.1956521739130435,0.10869565217391304,0.08695652173913045,1,7.453392224333625,2.453494941194597,4.999897283139028,11.119897283139027
103,B Cermenelli,Missoula PaddleHeads,0,0,0,0,0,0,0,NA,NA,NA,NA,0,0,NA,NA,NA,NA,NA,2026,pitcher,0,NA,NA,NA,NA,NA,NA,NA,NA,7.453392224333625,2.453494941194597,4.999897283139028,NA
104,J Cervantes,RedPocket Mobiles,6.48,0,1,4,0,0,8.333333333333334,8,6,6,9,2,2.16,NA,2.04,42,NA,1,2026,pitcher,8.1,9.719999999999999,NA,8.639999999999999,0.2222222222222222,0.047619047619047616,0.21428571428571427,-0.16666666666666666,0,7.453392224333625,2.453494941194597,4.999897283139028,NA
105,Z Chamizo,Yuba-Sutter Freebirds,15,0,0,3,0,0,3,7,5,5,2,0,0,NA,3,18,NA,NA,2026,pitcher,3,6,NA,21,0,0,0.1111111111111111,-0.1111111111111111,0,7.453392224333625,2.453494941194597,4.999897283139028,NA
106,D Charron,Glacier Range Riders,8.22,1,0,3,1,0,7.666666666666667,13,7,7,4,2,2.35,NA,2.22,36,NA,1,2026,pitcher,7.2,4.695652173913043,NA,15.26086956521739,0.5,0.05555555555555555,0.1111111111111111,-0.05555555555555555,0.3333333333333333,7.453392224333625,2.453494941194597,4.999897283139028,NA
108,B Chavez,Glacier Range Riders,12,0,0,3,0,0,3,6,4,4,2,5,15,1,2.67,17,1,NA,2026,pitcher,3,6,3,18,2.5,0.29411764705882354,0.11764705882352941,0.17647058823529413,0,7.453392224333625,2.453494941194597,4.999897283139028,NA
109,B Chavez,Oakland Ballers,7.06,0,0,15,0,0,21.666666666666668,31,18,17,13,20,8.31,4,2.03,110,2,5,2026,pitcher,21.2,5.3999999999999995,1.6615384615384614,12.876923076923076,1.5384615384615385,0.18181818181818182,0.11818181818181818,0.06363636363636364,0,7.453392224333625,2.453494941194597,4.999897283139028,8.046051129292874
110,J Chavez,RedPocket Mobiles,27,0,0,1,0,0,1,2,3,3,1,1,9,1,3,6,NA,NA,2026,pitcher,1,9,9,18,1,0.16666666666666666,0.16666666666666666,0,0,7.453392224333625,2.453494941194597,4.999897283139028,NA
111,D Cheeley,Missoula PaddleHeads,8.71,0,0,9,0,2,10.333333333333334,16,14,10,12,7,6.1,2,2.71,57,2,NA,2026,pitcher,10.1,10.451612903225806,1.7419354838709677,13.935483870967742,0.5833333333333334,0.12280701754385964,0.21052631578947367,-0.08771929824561403,0,7.453392224333625,2.453494941194597,4.999897283139028,NA
112,B Choi,Modesto Roadsters,0,0,0,0,0,0,0,NA,NA,NA,NA,0,0,NA,NA,NA,NA,NA,2026,pitcher,0,NA,NA,NA,NA,NA,NA,NA,NA,7.453392224333625,2.453494941194597,4.999897283139028,NA
115,D Clarke,Oakland Ballers,11.25,0,1,3,0,0,4,9,9,5,2,3,6.75,3,2.75,23,NA,NA,2026,pitcher,4,4.5,6.75,20.25,1.5,0.13043478260869565,0.08695652173913043,0.043478260869565216,0,7.453392224333625,2.453494941194597,4.999897283139028,NA
116,"R Clayton, Jr.",RedPocket Mobiles,0,0,0,0,0,0,0,NA,NA,NA,NA,0,0,NA,NA,NA,NA,NA,2026,pitcher,0,NA,NA,NA,NA,NA,NA,NA,NA,7.453392224333625,2.453494941194597,4.999897283139028,NA
116,T Cobb,Oakland Ballers,0,0,0,0,0,0,0,NA,NA,NA,NA,0,0,NA,NA,NA,NA,NA,2026,pitcher,0,NA,NA,NA,NA,NA,NA,NA,NA,7.453392224333625,2.453494941194597,4.999897283139028,NA
116,S Coffman,Long Beach Coast,0,0,0,0,0,0,0,NA,NA,NA,NA,0,0,NA,NA,NA,NA,NA,2026,pitcher,0,NA,NA,NA,NA,NA,NA,NA,NA,7.453392224333625,2.453494941194597,4.999897283139028,NA
116,A Collins,Glacier Range Riders,0,0,0,0,0,0,0,NA,NA,NA,NA,0,0,NA,NA,NA,NA,NA,2026,pitcher,0,NA,NA,NA,NA,NA,NA,NA,NA,7.453392224333625,2.453494941194597,4.999897283139028,NA
121,T Collins,Missoula PaddleHeads,0,0,0,0,0,0,0,NA,NA,NA,NA,0,0,NA,NA,NA,NA,NA,2026,pitcher,0,NA,NA,NA,NA,NA,NA,NA,NA,7.453392224333625,2.453494941194597,4.999897283139028,NA
121,J Collura,Oakland Ballers,0,0,0,0,0,0,0,NA,NA,NA,NA,0,0,NA,NA,NA,NA,NA,2026,pitcher,0,NA,NA,NA,NA,NA,NA,NA,NA,7.453392224333625,2.453494941194597,4.999897283139028,NA
123,S Colon,Idaho Falls Chukars,38.57,0,1,2,1,0,2.3333333333333335,5,10,10,5,1,3.86,1,4.29,17,NA,NA,2026,pitcher,2.1,19.285714285714285,3.8571428571428568,19.285714285714285,0.2,0.058823529411764705,0.29411764705882354,-0.23529411764705882,0.5,7.453392224333625,2.453494941194597,4.999897283139028,NA
124,C Colyer,Idaho Falls Chukars,10.08,1,1,22,0,0,25,47,31,28,21,33,11.88,4,2.72,142,2,NA,2026,pitcher,25,7.56,1.44,16.92,1.5714285714285714,0.2323943661971831,0.14788732394366197,0.08450704225352113,0,7.453392224333625,2.453494941194597,4.999897283139028,NA
