rk,name,team,era,w,l,app,gs,sv,ip,h,r,er,bb,k,k_9,hr,whip,bf,wp,hbp,season,player_type,ip_raw,bb_9,hr_9,h_9,k_bb,k_pct,bb_pct,k_minus_bb_pct,gs_pct,league_era,league_fip_component,fip_constant,fip,pitcher_role,eligible,k_bb_pct,era_score,fip_score,whip_score,command_score,workload_score,pitcher_score_0_1,pitcher_scout_grade
1,K Maldonado,Grand Junction Jackalopes,8.6,0,0,94,24,0,193.66666666666663,259,212,185,115,192,8.92,NA,1.93,NA,NA,NA,2021,pitcher,193.2,5.344234079173838,NA,12.036144578313252,1.6695652173913045,NA,NA,NA,0.2553191489361702,6.796524985640436,-0.4025703618609994,7.199095347501435,NA,Reliever,TRUE,NA,0.26865671641791045,NA,0.34328358208955223,NA,1,NA,NA
2,D Pena,Missoula PaddleHeads,5.06,0,0,18,18,0,96,92,56,54,40,109,10.22,NA,1.38,NA,NA,NA,2021,pitcher,96,3.75,NA,8.625,2.725,NA,NA,NA,1,6.796524985640436,-0.4025703618609994,7.199095347501435,NA,Starter,TRUE,NA,0.746268656716418,NA,0.8656716417910447,NA,0.9925373134328358,NA,NA
3,Q Jones,Great Falls Voyagers,6.68,0,0,18,17,0,95.66666666666669,139,87,71,27,53,4.99,NA,1.74,NA,NA,NA,2021,pitcher,95.2,2.5400696864111496,NA,13.076655052264808,1.962962962962963,NA,NA,NA,0.9444444444444444,6.796524985640436,-0.4025703618609994,7.199095347501435,NA,Starter,TRUE,NA,0.5,NA,0.5298507462686567,NA,0.9850746268656716,NA,NA
4,M Dallas,Boise Hawks,4.52,0,0,16,13,0,83.66666666666667,77,45,42,46,104,11.19,NA,1.47,NA,NA,NA,2021,pitcher,83.2,4.948207171314741,NA,8.282868525896413,2.260869565217391,NA,NA,NA,0.8125,6.796524985640436,-0.4025703618609994,7.199095347501435,NA,Starter,TRUE,NA,0.8134328358208955,NA,0.7835820895522388,NA,0.9776119402985075,NA,NA
5,I Fuentes,Grand Junction Jackalopes,4.56,0,0,15,15,0,81,105,44,41,17,81,9,NA,1.51,NA,NA,NA,2021,pitcher,81,1.8888888888888888,NA,11.666666666666666,4.764705882352941,NA,NA,NA,1,6.796524985640436,-0.4025703618609994,7.199095347501435,NA,Starter,TRUE,NA,0.8059701492537313,NA,0.753731343283582,NA,0.9701492537313433,NA,NA
6,A Smith,Billings Mustangs,6.92,0,0,18,17,0,79.33333333333333,96,76,61,46,84,9.53,NA,1.79,NA,NA,NA,2021,pitcher,79.1,5.218487394957983,NA,10.890756302521009,1.826086956521739,NA,NA,NA,0.9444444444444444,6.796524985640436,-0.4025703618609994,7.199095347501435,NA,Starter,TRUE,NA,0.4552238805970149,NA,0.47761194029850745,NA,0.9626865671641791,NA,NA
7,M Mogollon,Missoula PaddleHeads,4.13,0,0,30,8,0,72,66,39,33,25,75,9.38,NA,1.26,NA,NA,NA,2021,pitcher,72,3.125,NA,8.25,3,NA,NA,NA,0.26666666666666666,6.796524985640436,-0.4025703618609994,7.199095347501435,NA,Reliever,TRUE,NA,0.8507462686567164,NA,0.9402985074626866,NA,0.9552238805970149,NA,NA
8,A Becerra,Great Falls Voyagers,5.4,0,0,24,8,0,71.66666666666667,92,53,43,36,65,8.16,NA,1.79,NA,NA,NA,2021,pitcher,71.2,4.520930232558139,NA,11.553488372093025,1.8055555555555556,NA,NA,NA,0.3333333333333333,6.796524985640436,-0.4025703618609994,7.199095347501435,NA,Reliever,TRUE,NA,0.6791044776119403,NA,0.47761194029850745,NA,0.9477611940298507,NA,NA
9,B Matthews,Grand Junction Jackalopes,5.93,0,0,17,12,0,71.33333333333333,75,50,47,36,82,10.35,NA,1.56,NA,NA,NA,2021,pitcher,71.1,4.542056074766355,NA,9.462616822429908,2.2777777777777777,NA,NA,NA,0.7058823529411765,6.796524985640436,-0.4025703618609994,7.199095347501435,NA,Starter,TRUE,NA,0.5970149253731343,NA,0.7014925373134329,NA,0.9402985074626866,NA,NA
10,N Tellache,Ogden Raptors,5.5,0,0,12,12,0,68.66666666666667,81,47,42,15,63,8.26,NA,1.4,NA,NA,NA,2021,pitcher,68.2,1.966019417475728,NA,10.616504854368932,4.2,NA,NA,NA,1,6.796524985640436,-0.4025703618609994,7.199095347501435,NA,Starter,TRUE,NA,0.6567164179104478,NA,0.8507462686567164,NA,0.9328358208955224,NA,NA
11,H Dollander,Great Falls Voyagers,9.18,0,0,13,12,0,67.66666666666667,107,73,69,25,57,7.58,NA,1.95,NA,NA,NA,2021,pitcher,67.2,3.325123152709359,NA,14.23152709359606,2.28,NA,NA,NA,0.9230769230769231,6.796524985640436,-0.4025703618609994,7.199095347501435,NA,Starter,TRUE,NA,0.22388059701492538,NA,0.3283582089552239,NA,0.9253731343283582,NA,NA
12,N Floyd,Idaho Falls Chukars,4.41,0,0,15,11,0,67.33333333333333,71,39,33,26,52,6.95,NA,1.44,NA,NA,NA,2021,pitcher,67.1,3.4752475247524757,NA,9.490099009900993,2,NA,NA,NA,0.7333333333333333,6.796524985640436,-0.4025703618609994,7.199095347501435,NA,Starter,TRUE,NA,0.8283582089552238,NA,0.8208955223880597,NA,0.9104477611940298,NA,NA
12,A Solis,Rocky Mountain Vibes,8.55,0,0,15,13,0,67.33333333333333,102,74,64,31,62,8.29,NA,1.98,NA,NA,NA,2021,pitcher,67.1,4.143564356435644,NA,13.633663366336634,2,NA,NA,NA,0.8666666666666667,6.796524985640436,-0.4025703618609994,7.199095347501435,NA,Starter,TRUE,NA,0.2835820895522388,NA,0.29850746268656714,NA,0.9104477611940298,NA,NA
14,M Schwellenbach,Missoula PaddleHeads,4.27,0,0,19,11,0,65.33333333333333,73,42,31,28,64,8.82,NA,1.55,NA,NA,NA,2021,pitcher,65.1,3.857142857142857,NA,10.056122448979592,2.2857142857142856,NA,NA,NA,0.5789473684210527,6.796524985640436,-0.4025703618609994,7.199095347501435,NA,Starter,TRUE,NA,0.8432835820895522,NA,0.7164179104477612,NA,0.9029850746268657,NA,NA
15,Z Penrod,Boise Hawks,5.97,0,0,13,13,0,63.333333333333336,60,46,42,40,72,10.23,NA,1.58,NA,NA,NA,2021,pitcher,63.1,5.684210526315789,NA,8.526315789473683,1.8,NA,NA,NA,1,6.796524985640436,-0.4025703618609994,7.199095347501435,NA,Starter,TRUE,NA,0.5895522388059702,NA,0.6940298507462687,NA,0.8955223880597015,NA,NA
16,A Bond,Billings Mustangs,5.89,0,0,11,10,0,62.666666666666664,72,42,41,19,55,7.9,NA,1.45,NA,NA,NA,2021,pitcher,62.2,2.7287234042553195,NA,10.340425531914894,2.8947368421052633,NA,NA,NA,0.9090909090909091,6.796524985640436,-0.4025703618609994,7.199095347501435,NA,Starter,TRUE,NA,0.6044776119402985,NA,0.7985074626865671,NA,0.8880597014925373,NA,NA
17,J Ochoa,Rocky Mountain Vibes,8.03,0,0,18,13,0,61.666666666666664,80,60,55,35,46,6.71,NA,1.86,NA,NA,NA,2021,pitcher,61.2,5.108108108108108,NA,11.675675675675675,1.3142857142857145,NA,NA,NA,0.7222222222222222,6.796524985640436,-0.4025703618609994,7.199095347501435,NA,Starter,TRUE,NA,0.34328358208955223,NA,0.417910447761194,NA,0.8731343283582089,NA,NA
17,E Rosales,Rocky Mountain Vibes,9.78,0,0,34,8,0,61.666666666666664,103,81,67,40,55,8.03,NA,2.32,NA,NA,NA,2021,pitcher,61.2,5.837837837837838,NA,15.032432432432431,1.375,NA,NA,NA,0.23529411764705882,6.796524985640436,-0.4025703618609994,7.199095347501435,NA,Reliever,TRUE,NA,0.19402985074626866,NA,0.13432835820895522,NA,0.8731343283582089,NA,NA
19,N Lang,Billings Mustangs,3.96,0,0,37,2,0,61.333333333333336,66,30,27,21,52,7.63,NA,1.42,NA,NA,NA,2021,pitcher,61.1,3.0815217391304346,NA,9.684782608695652,2.4761904761904763,NA,NA,NA,0.05405405405405406,6.796524985640436,-0.4025703618609994,7.199095347501435,NA,Reliever,TRUE,NA,0.8731343283582089,NA,0.835820895522388,NA,0.8656716417910447,NA,NA
20,D Silva,Idaho Falls Chukars,5.19,0,0,11,11,0,60.666666666666664,81,37,35,16,49,7.27,NA,1.6,NA,NA,NA,2021,pitcher,60.2,2.3736263736263736,NA,12.016483516483516,3.0625,NA,NA,NA,1,6.796524985640436,-0.4025703618609994,7.199095347501435,NA,Starter,TRUE,NA,0.7238805970149254,NA,0.6791044776119403,NA,0.8582089552238806,NA,NA
21,S Jabusch,Great Falls Voyagers,6.25,0,0,22,8,0,59,79,63,41,31,36,5.49,NA,1.86,NA,NA,NA,2021,pitcher,59,4.728813559322034,NA,12.05084745762712,1.1612903225806452,NA,NA,NA,0.36363636363636365,6.796524985640436,-0.4025703618609994,7.199095347501435,NA,Reliever,TRUE,NA,0.5373134328358209,NA,0.417910447761194,NA,0.8507462686567164,NA,NA
22,K Gould,Missoula PaddleHeads,4.4,0,0,25,5,0,57.333333333333336,59,32,28,19,57,8.95,NA,1.36,NA,NA,NA,2021,pitcher,57.1,2.9825581395348837,NA,9.261627906976743,3,NA,NA,NA,0.2,6.796524985640436,-0.4025703618609994,7.199095347501435,NA,Reliever,TRUE,NA,0.835820895522388,NA,0.9029850746268657,NA,0.835820895522388,NA,NA
22,J Varela,Grand Junction Jackalopes,8.63,0,0,17,10,0,57.333333333333336,84,60,55,24,54,8.48,NA,1.88,NA,NA,NA,2021,pitcher,57.1,3.767441860465116,NA,13.186046511627907,2.25,NA,NA,NA,0.5882352941176471,6.796524985640436,-0.4025703618609994,7.199095347501435,NA,Starter,TRUE,NA,0.2537313432835821,NA,0.40298507462686567,NA,0.835820895522388,NA,NA
24,H Sanchez,Rocky Mountain Vibes,9.79,0,0,20,9,0,57,97,72,62,40,39,6.16,NA,2.4,NA,NA,NA,2021,pitcher,57,6.315789473684211,NA,15.31578947368421,0.975,NA,NA,NA,0.45,6.796524985640436,-0.4025703618609994,7.199095347501435,NA,Reliever,TRUE,NA,0.1865671641791045,NA,0.11940298507462686,NA,0.8283582089552238,NA,NA
25,M Simon,Missoula PaddleHeads,2.86,0,0,33,1,0,56.666666666666664,51,18,18,12,84,13.34,NA,1.11,NA,NA,NA,2021,pitcher,56.2,1.9058823529411768,NA,8.1,7,NA,NA,NA,0.030303030303030304,6.796524985640436,-0.4025703618609994,7.199095347501435,NA,Reliever,TRUE,NA,0.9552238805970149,NA,0.9850746268656716,NA,0.8208955223880597,NA,NA
26,G Viney,Billings Mustangs,8.31,0,0,15,14,0,56.333333333333336,78,56,52,31,55,8.79,NA,1.93,NA,NA,NA,2021,pitcher,56.1,4.952662721893491,NA,12.461538461538462,1.7741935483870968,NA,NA,NA,0.9333333333333333,6.796524985640436,-0.4025703618609994,7.199095347501435,NA,Starter,TRUE,NA,0.30597014925373134,NA,0.34328358208955223,NA,0.8134328358208955,NA,NA
27,M Gabbert,Boise Hawks,6.33,0,0,12,8,0,54,79,41,38,12,36,6,NA,1.69,NA,NA,NA,2021,pitcher,54,2,NA,13.166666666666666,3,NA,NA,NA,0.6666666666666666,6.796524985640436,-0.4025703618609994,7.199095347501435,NA,Starter,TRUE,NA,0.5298507462686567,NA,0.5970149253731343,NA,0.7985074626865671,NA,NA
27,J Slocum,Idaho Falls Chukars,6.83,0,0,14,14,0,54,93,54,41,18,24,4,NA,2.06,NA,NA,NA,2021,pitcher,54,3,NA,15.5,1.3333333333333333,NA,NA,NA,1,6.796524985640436,-0.4025703618609994,7.199095347501435,NA,Starter,TRUE,NA,0.4701492537313433,NA,0.2462686567164179,NA,0.7985074626865671,NA,NA
29,A Donatella,Ogden Raptors,6.04,0,0,20,9,0,53.666666666666664,78,45,36,15,43,7.21,NA,1.73,NA,NA,NA,2021,pitcher,53.2,2.515527950310559,NA,13.080745341614907,2.8666666666666667,NA,NA,NA,0.45,6.796524985640436,-0.4025703618609994,7.199095347501435,NA,Reliever,TRUE,NA,0.5746268656716418,NA,0.5522388059701493,NA,0.7910447761194029,NA,NA
30,M Lines,Boise Hawks,5.57,0,0,10,10,0,53.333333333333336,59,42,33,22,43,7.26,NA,1.52,NA,NA,NA,2021,pitcher,53.1,3.7125,NA,9.95625,1.9545454545454544,NA,NA,NA,1,6.796524985640436,-0.4025703618609994,7.199095347501435,NA,Starter,TRUE,NA,0.6417910447761194,NA,0.746268656716418,NA,0.7835820895522388,NA,NA
31,R Aleaziz,Ogden Raptors,7.47,0,0,20,9,0,53,85,48,44,17,47,7.98,NA,1.92,NA,NA,NA,2021,pitcher,53,2.8867924528301887,NA,14.433962264150944,2.764705882352941,NA,NA,NA,0.45,6.796524985640436,-0.4025703618609994,7.199095347501435,NA,Reliever,TRUE,NA,0.41044776119402987,NA,0.3582089552238806,NA,0.7761194029850746,NA,NA
32,J Lopez,Rocky Mountain Vibes,9.46,0,0,29,6,0,52.333333333333336,84,65,55,31,45,7.74,NA,2.2,NA,NA,NA,2021,pitcher,52.1,5.3312101910828025,NA,14.445859872611464,1.4516129032258065,NA,NA,NA,0.20689655172413793,6.796524985640436,-0.4025703618609994,7.199095347501435,NA,Reliever,TRUE,NA,0.20149253731343283,NA,0.1865671641791045,NA,0.7686567164179104,NA,NA
33,M Miller,Ogden Raptors,6.06,0,0,17,10,0,52,59,45,35,30,65,11.25,NA,1.71,NA,NA,NA,2021,pitcher,52,5.1923076923076925,NA,10.211538461538462,2.1666666666666665,NA,NA,NA,0.5882352941176471,6.796524985640436,-0.4025703618609994,7.199095347501435,NA,Starter,TRUE,NA,0.5671641791044776,NA,0.5671641791044776,NA,0.7611940298507462,NA,NA
34,R Martin,Billings Mustangs,5.55,0,0,18,10,0,48.666666666666664,56,35,30,26,39,7.21,NA,1.68,NA,NA,NA,2021,pitcher,48.2,4.808219178082192,NA,10.356164383561644,1.5,NA,NA,NA,0.5555555555555556,6.796524985640436,-0.4025703618609994,7.199095347501435,NA,Starter,TRUE,NA,0.6492537313432836,NA,0.6194029850746269,NA,0.753731343283582,NA,NA
35,T Chapman,Billings Mustangs,5.59,0,0,37,0,0,48.333333333333336,48,38,30,47,47,8.75,NA,1.97,NA,NA,NA,2021,pitcher,48.1,8.751724137931035,NA,8.937931034482759,1,NA,NA,NA,0,6.796524985640436,-0.4025703618609994,7.199095347501435,NA,Reliever,TRUE,NA,0.6268656716417911,NA,0.31343283582089554,NA,0.746268656716418,NA,NA
36,C Campbell,Ogden Raptors,6.36,0,0,31,1,0,46.666666666666664,59,35,33,16,45,8.68,NA,1.61,NA,NA,NA,2021,pitcher,46.2,3.085714285714286,NA,11.37857142857143,2.8125,NA,NA,NA,0.03225806451612903,6.796524985640436,-0.4025703618609994,7.199095347501435,NA,Reliever,TRUE,NA,0.5223880597014925,NA,0.6716417910447762,NA,0.7313432835820896,NA,NA
36,M Mixon,Ogden Raptors,6.94,0,0,32,1,0,46.666666666666664,43,38,36,19,37,7.14,NA,1.33,NA,NA,NA,2021,pitcher,46.2,3.6642857142857146,NA,8.292857142857143,1.9473684210526316,NA,NA,NA,0.03125,6.796524985640436,-0.4025703618609994,7.199095347501435,NA,Reliever,TRUE,NA,0.44776119402985076,NA,0.917910447761194,NA,0.7313432835820896,NA,NA
38,T Budnick,Ogden Raptors,10.45,0,0,23,6,0,45.666666666666664,90,58,53,16,30,5.91,NA,2.32,NA,NA,NA,2021,pitcher,45.2,3.153284671532847,NA,17.737226277372265,1.875,NA,NA,NA,0.2608695652173913,6.796524985640436,-0.4025703618609994,7.199095347501435,NA,Reliever,TRUE,NA,0.1417910447761194,NA,0.13432835820895522,NA,0.7089552238805971,NA,NA
38,C Grant-DeBose,Great Falls Voyagers,5.72,0,0,17,6,0,45.666666666666664,43,31,29,25,43,8.47,NA,1.49,NA,NA,NA,2021,pitcher,45.2,4.927007299270073,NA,8.474452554744525,1.72,NA,NA,NA,0.35294117647058826,6.796524985640436,-0.4025703618609994,7.199095347501435,NA,Reliever,TRUE,NA,0.6119402985074627,NA,0.7761194029850746,NA,0.7089552238805971,NA,NA
38,K Hayes,Great Falls Voyagers,8.08,0,0,11,9,0,45.666666666666664,68,42,41,24,35,6.9,NA,2.01,NA,NA,NA,2021,pitcher,45.2,4.7299270072992705,NA,13.4014598540146,1.4583333333333333,NA,NA,NA,0.8181818181818182,6.796524985640436,-0.4025703618609994,7.199095347501435,NA,Starter,TRUE,NA,0.3358208955223881,NA,0.26119402985074625,NA,0.7089552238805971,NA,NA
41,C Crader,Grand Junction Jackalopes,6.85,0,0,9,8,0,44.666666666666664,51,35,34,10,32,6.45,NA,1.37,NA,NA,NA,2021,pitcher,44.2,2.0149253731343286,NA,10.276119402985076,3.2,NA,NA,NA,0.8888888888888888,6.796524985640436,-0.4025703618609994,7.199095347501435,NA,Starter,TRUE,NA,0.4626865671641791,NA,0.8880597014925373,NA,0.7014925373134329,NA,NA
42,P Wenzel,Missoula PaddleHeads,4.91,0,0,20,4,0,44,51,31,24,28,32,6.55,NA,1.8,NA,NA,NA,2021,pitcher,44,5.7272727272727275,NA,10.431818181818182,1.1428571428571428,NA,NA,NA,0.2,6.796524985640436,-0.4025703618609994,7.199095347501435,NA,Reliever,TRUE,NA,0.7686567164179104,NA,0.4626865671641791,NA,0.6940298507462687,NA,NA
43,A Kern,Great Falls Voyagers,6.07,0,0,32,1,0,43,55,32,29,27,55,11.51,NA,1.91,NA,NA,NA,2021,pitcher,43,5.651162790697675,NA,11.511627906976743,2.037037037037037,NA,NA,NA,0.03125,6.796524985640436,-0.4025703618609994,7.199095347501435,NA,Reliever,TRUE,NA,0.5597014925373134,NA,0.3880597014925373,NA,0.6865671641791045,NA,NA
44,G Larson,Great Falls Voyagers,3.16,0,0,31,0,0,42.666666666666664,44,19,15,8,44,9.28,NA,1.22,NA,NA,NA,2021,pitcher,42.2,1.6875,NA,9.28125,5.5,NA,NA,NA,0,6.796524985640436,-0.4025703618609994,7.199095347501435,NA,Reliever,TRUE,NA,0.9402985074626866,NA,0.9552238805970149,NA,0.6791044776119403,NA,NA
45,J Dobrash,Grand Junction Jackalopes,8.64,0,0,11,6,0,41.666666666666664,66,43,40,22,38,8.21,NA,2.11,NA,NA,NA,2021,pitcher,41.2,4.752000000000001,NA,14.256,1.7272727272727273,NA,NA,NA,0.5454545454545454,6.796524985640436,-0.4025703618609994,7.199095347501435,NA,Starter,TRUE,NA,0.2462686567164179,NA,0.22388059701492538,NA,0.6716417910447762,NA,NA
46,O Farfan,Rocky Mountain Vibes,5.49,0,0,26,0,0,41,48,29,25,21,55,12.07,NA,1.68,NA,NA,NA,2021,pitcher,41,4.609756097560975,NA,10.53658536585366,2.619047619047619,NA,NA,NA,0,6.796524985640436,-0.4025703618609994,7.199095347501435,NA,Reliever,TRUE,NA,0.664179104477612,NA,0.6194029850746269,NA,0.664179104477612,NA,NA
47,J Pineda,Rocky Mountain Vibes,9.82,0,0,31,0,0,40.333333333333336,69,61,44,24,29,6.47,NA,2.31,NA,NA,NA,2021,pitcher,40.1,5.355371900826446,NA,15.396694214876032,1.2083333333333333,NA,NA,NA,0,6.796524985640436,-0.4025703618609994,7.199095347501435,NA,Reliever,TRUE,NA,0.1791044776119403,NA,0.14925373134328357,NA,0.6567164179104478,NA,NA
48,S Hupp,Great Falls Voyagers,8.1,0,0,18,5,0,40,59,38,36,14,25,5.63,NA,1.82,NA,NA,NA,2021,pitcher,40,3.15,NA,13.275,1.7857142857142858,NA,NA,NA,0.2777777777777778,6.796524985640436,-0.4025703618609994,7.199095347501435,NA,Reliever,TRUE,NA,0.3283582089552239,NA,0.44029850746268656,NA,0.6492537313432836,NA,NA
49,M Geoffrion,Idaho Falls Chukars,10.66,0,0,15,6,0,39.666666666666664,58,50,47,24,35,7.94,NA,2.07,NA,NA,NA,2021,pitcher,39.2,5.445378151260504,NA,13.15966386554622,1.4583333333333333,NA,NA,NA,0.4,6.796524985640436,-0.4025703618609994,7.199095347501435,NA,Reliever,TRUE,NA,0.11940298507462686,NA,0.23134328358208955,NA,0.6343283582089553,NA,NA
49,G Lyttle,Great Falls Voyagers,4.99,0,0,8,7,0,39.666666666666664,37,26,22,18,43,9.76,NA,1.39,NA,NA,NA,2021,pitcher,39.2,4.084033613445379,NA,8.394957983193278,2.388888888888889,NA,NA,NA,0.875,6.796524985640436,-0.4025703618609994,7.199095347501435,NA,Starter,TRUE,NA,0.753731343283582,NA,0.8582089552238806,NA,0.6343283582089553,NA,NA
51,A Kaufman,Billings Mustangs,7.09,0,0,24,0,0,39.333333333333336,49,42,31,29,28,6.41,NA,1.98,NA,NA,NA,2021,pitcher,39.1,6.635593220338983,NA,11.21186440677966,0.9655172413793104,NA,NA,NA,0,6.796524985640436,-0.4025703618609994,7.199095347501435,NA,Reliever,TRUE,NA,0.43283582089552236,NA,0.29850746268656714,NA,0.6268656716417911,NA,NA
52,D Cornett,Billings Mustangs,5.45,0,0,7,7,0,38,46,33,23,11,32,7.58,NA,1.5,NA,NA,NA,2021,pitcher,38,2.6052631578947367,NA,10.894736842105264,2.909090909090909,NA,NA,NA,1,6.796524985640436,-0.4025703618609994,7.199095347501435,NA,Starter,TRUE,NA,0.6716417910447762,NA,0.7611940298507462,NA,0.6119402985074627,NA,NA
52,J Sigman,Ogden Raptors,5.21,0,0,21,3,0,38,40,25,22,19,42,9.95,NA,1.55,NA,NA,NA,2021,pitcher,38,4.5,NA,9.473684210526317,2.210526315789474,NA,NA,NA,0.14285714285714285,6.796524985640436,-0.4025703618609994,7.199095347501435,NA,Reliever,TRUE,NA,0.7164179104477612,NA,0.7164179104477612,NA,0.6119402985074627,NA,NA
54,Y Laureano,Billings Mustangs,11.92,0,0,21,5,0,37,53,52,49,45,33,8.03,NA,2.65,NA,NA,NA,2021,pitcher,37,10.945945945945946,NA,12.891891891891891,0.7333333333333333,NA,NA,NA,0.23809523809523808,6.796524985640436,-0.4025703618609994,7.199095347501435,NA,Reliever,TRUE,NA,0.08955223880597014,NA,0.05970149253731343,NA,0.5895522388059702,NA,NA
54,K Pilot,Billings Mustangs,4.62,0,0,9,8,0,37,32,21,19,27,47,11.43,NA,1.59,NA,NA,NA,2021,pitcher,37,6.5675675675675675,NA,7.783783783783784,1.7407407407407407,NA,NA,NA,0.8888888888888888,6.796524985640436,-0.4025703618609994,7.199095347501435,NA,Starter,TRUE,NA,0.7910447761194029,NA,0.6865671641791045,NA,0.5895522388059702,NA,NA
54,T Reynolds,Grand Junction Jackalopes,3.89,0,0,9,5,0,37,36,24,16,10,42,10.22,NA,1.24,NA,NA,NA,2021,pitcher,37,2.4324324324324325,NA,8.756756756756756,4.2,NA,NA,NA,0.5555555555555556,6.796524985640436,-0.4025703618609994,7.199095347501435,NA,Starter,TRUE,NA,0.8880597014925373,NA,0.9477611940298507,NA,0.5895522388059702,NA,NA
57,D Pearce,Ogden Raptors,3.75,0,0,22,2,0,36,32,17,15,17,50,12.5,NA,1.36,NA,NA,NA,2021,pitcher,36,4.25,NA,8,2.9411764705882355,NA,NA,NA,0.09090909090909091,6.796524985640436,-0.4025703618609994,7.199095347501435,NA,Reliever,TRUE,NA,0.9029850746268657,NA,0.9029850746268657,NA,0.582089552238806,NA,NA
58,M Thomas,Great Falls Voyagers,6.56,0,0,24,0,0,35.666666666666664,43,28,26,19,27,6.81,NA,1.74,NA,NA,NA,2021,pitcher,35.2,4.794392523364486,NA,10.850467289719626,1.4210526315789471,NA,NA,NA,0,6.796524985640436,-0.4025703618609994,7.199095347501435,NA,Reliever,TRUE,NA,0.5074626865671642,NA,0.5298507462686567,NA,0.5746268656716418,NA,NA
59,J Cunningham,Ogden Raptors,4.08,0,0,21,2,0,35.333333333333336,51,25,16,4,20,5.09,NA,1.56,NA,NA,NA,2021,pitcher,35.1,1.018867924528302,NA,12.990566037735848,5,NA,NA,NA,0.09523809523809523,6.796524985640436,-0.4025703618609994,7.199095347501435,NA,Reliever,TRUE,NA,0.8582089552238806,NA,0.7014925373134329,NA,0.5597014925373134,NA,NA
59,J Waters,Idaho Falls Chukars,5.35,0,0,20,0,0,35.333333333333336,26,24,21,26,31,7.9,NA,1.47,NA,NA,NA,2021,pitcher,35.1,6.6226415094339615,NA,6.6226415094339615,1.1923076923076923,NA,NA,NA,0,6.796524985640436,-0.4025703618609994,7.199095347501435,NA,Reliever,TRUE,NA,0.7014925373134329,NA,0.7835820895522388,NA,0.5597014925373134,NA,NA
61,N Jenkins,Idaho Falls Chukars,6.49,0,0,30,0,0,34.666666666666664,42,27,25,17,27,7.01,NA,1.7,NA,NA,NA,2021,pitcher,34.2,4.413461538461538,NA,10.903846153846157,1.588235294117647,NA,NA,NA,0,6.796524985640436,-0.4025703618609994,7.199095347501435,NA,Reliever,TRUE,NA,0.5149253731343284,NA,0.582089552238806,NA,0.5522388059701493,NA,NA
62,D Ellis,Idaho Falls Chukars,8.47,0,0,6,6,0,34,49,36,32,13,22,5.82,NA,1.82,NA,NA,NA,2021,pitcher,34,3.4411764705882355,NA,12.970588235294118,1.6923076923076923,NA,NA,NA,1,6.796524985640436,-0.4025703618609994,7.199095347501435,NA,Starter,TRUE,NA,0.291044776119403,NA,0.44029850746268656,NA,0.5447761194029851,NA,NA
63,J Nunnally,Idaho Falls Chukars,5.18,0,0,28,0,0,33,32,20,19,19,43,11.73,NA,1.55,NA,NA,NA,2021,pitcher,33,5.181818181818182,NA,8.727272727272727,2.263157894736842,NA,NA,NA,0,6.796524985640436,-0.4025703618609994,7.199095347501435,NA,Reliever,TRUE,NA,0.7388059701492538,NA,0.7164179104477612,NA,0.5373134328358209,NA,NA
64,B Demco,Great Falls Voyagers,8.91,0,0,27,0,0,32.333333333333336,30,35,32,41,47,13.08,NA,2.2,NA,NA,NA,2021,pitcher,32.1,11.412371134020615,NA,8.350515463917525,1.146341463414634,NA,NA,NA,0,6.796524985640436,-0.4025703618609994,7.199095347501435,NA,Reliever,TRUE,NA,0.23880597014925373,NA,0.1865671641791045,NA,0.5223880597014925,NA,NA
64,V Rodriguez,Idaho Falls Chukars,6.12,0,0,27,1,0,32.333333333333336,37,23,22,13,39,10.86,NA,1.55,NA,NA,NA,2021,pitcher,32.1,3.6185567010309274,NA,10.298969072164947,3,NA,NA,NA,0.037037037037037035,6.796524985640436,-0.4025703618609994,7.199095347501435,NA,Reliever,TRUE,NA,0.5447761194029851,NA,0.7164179104477612,NA,0.5223880597014925,NA,NA
66,W Freeman,Missoula PaddleHeads,6.03,0,0,19,1,0,31.333333333333332,40,23,21,13,19,5.46,NA,1.69,NA,NA,NA,2021,pitcher,31.1,3.7340425531914896,NA,11.48936170212766,1.4615384615384617,NA,NA,NA,0.05263157894736842,6.796524985640436,-0.4025703618609994,7.199095347501435,NA,Reliever,TRUE,NA,0.582089552238806,NA,0.5970149253731343,NA,0.5149253731343284,NA,NA
67,C Burica,Missoula PaddleHeads,9,0,0,9,5,0,31,45,32,31,6,26,7.55,NA,1.65,NA,NA,NA,2021,pitcher,31,1.7419354838709675,NA,13.064516129032258,4.333333333333333,NA,NA,NA,0.5555555555555556,6.796524985640436,-0.4025703618609994,7.199095347501435,NA,Starter,TRUE,NA,0.23134328358208955,NA,0.6417910447761194,NA,0.5,NA,NA
67,C Kelly,Billings Mustangs,4.94,0,0,24,0,0,31,35,20,17,10,27,7.84,NA,1.45,NA,NA,NA,2021,pitcher,31,2.903225806451613,NA,10.161290322580646,2.7,NA,NA,NA,0,6.796524985640436,-0.4025703618609994,7.199095347501435,NA,Reliever,TRUE,NA,0.7611940298507462,NA,0.7985074626865671,NA,0.5,NA,NA
69,M Castillo,Billings Mustangs,7.92,0,0,9,6,0,30.666666666666668,40,30,27,19,29,8.51,NA,1.92,NA,NA,NA,2021,pitcher,30.2,5.576086956521739,NA,11.739130434782608,1.5263157894736843,NA,NA,NA,0.6666666666666666,6.796524985640436,-0.4025703618609994,7.199095347501435,NA,Starter,TRUE,NA,0.3582089552238806,NA,0.3582089552238806,NA,0.4925373134328358,NA,NA
70,K Stone,Billings Mustangs,7.8,0,0,28,0,0,30,39,26,26,26,36,10.8,NA,2.17,NA,NA,NA,2021,pitcher,30,7.8,NA,11.7,1.3846153846153846,NA,NA,NA,0,6.796524985640436,-0.4025703618609994,7.199095347501435,NA,Reliever,TRUE,NA,0.3656716417910448,NA,0.208955223880597,NA,0.48507462686567165,NA,NA
71,T Johnson,Grand Junction Jackalopes,7.67,0,0,30,0,0,29.333333333333332,40,32,25,26,30,9.2,NA,2.25,NA,NA,NA,2021,pitcher,29.1,7.977272727272728,NA,12.272727272727272,1.1538461538461535,NA,NA,NA,0,6.796524985640436,-0.4025703618609994,7.199095347501435,NA,Reliever,TRUE,NA,0.3880597014925373,NA,0.1791044776119403,NA,0.47761194029850745,NA,NA
72,C Eusay,Missoula PaddleHeads,9.43,0,0,11,4,0,27.666666666666668,36,30,29,18,22,7.16,NA,1.95,NA,NA,NA,2021,pitcher,27.2,5.855421686746988,NA,11.710843373493976,1.2222222222222223,NA,NA,NA,0.36363636363636365,6.796524985640436,-0.4025703618609994,7.199095347501435,NA,Reliever,TRUE,NA,0.208955223880597,NA,0.3283582089552239,NA,0.4701492537313433,NA,NA
73,C Clark,Grand Junction Jackalopes,3.95,0,0,24,0,0,27.333333333333332,31,16,12,8,43,14.16,NA,1.43,NA,NA,NA,2021,pitcher,27.1,2.6341463414634148,NA,10.207317073170731,5.375,NA,NA,NA,0,6.796524985640436,-0.4025703618609994,7.199095347501435,NA,Reliever,TRUE,NA,0.8805970149253731,NA,0.8283582089552238,NA,0.4626865671641791,NA,NA
74,A Herrera,Rocky Mountain Vibes,11.47,0,0,20,1,0,26.666666666666668,43,37,34,32,24,8.1,NA,2.81,NA,NA,NA,2021,pitcher,26.2,10.8,NA,14.5125,0.75,NA,NA,NA,0.05,6.796524985640436,-0.4025703618609994,7.199095347501435,NA,Reliever,TRUE,NA,0.09701492537313433,NA,0.03731343283582089,NA,0.4552238805970149,NA,NA
75,J Agnew,Grand Junction Jackalopes,9.35,0,0,18,0,0,26,38,28,27,12,24,8.31,NA,1.92,NA,NA,NA,2021,pitcher,26,4.153846153846154,NA,13.153846153846152,2,NA,NA,NA,0,6.796524985640436,-0.4025703618609994,7.199095347501435,NA,Reliever,TRUE,NA,0.21641791044776118,NA,0.3582089552238806,NA,0.44776119402985076,NA,NA
76,J Crump,Missoula PaddleHeads,7.01,0,0,25,0,0,25.666666666666668,28,21,20,16,24,8.42,NA,1.71,NA,NA,NA,2021,pitcher,25.2,5.6103896103896105,NA,9.818181818181818,1.5,NA,NA,NA,0,6.796524985640436,-0.4025703618609994,7.199095347501435,NA,Reliever,TRUE,NA,0.44029850746268656,NA,0.5671641791044776,NA,0.44029850746268656,NA,NA
77,K McGinnis,Idaho Falls Chukars,6.75,0,0,23,0,0,25.333333333333332,14,19,19,29,42,14.92,NA,1.7,NA,NA,NA,2021,pitcher,25.1,10.302631578947368,NA,4.973684210526316,1.4482758620689655,NA,NA,NA,0,6.796524985640436,-0.4025703618609994,7.199095347501435,NA,Reliever,TRUE,NA,0.47761194029850745,NA,0.582089552238806,NA,0.43283582089552236,NA,NA
78,J Gomez,Rocky Mountain Vibes,8.14,0,0,15,0,0,24.333333333333332,37,27,22,27,26,9.62,NA,2.63,NA,NA,NA,2021,pitcher,24.1,9.986301369863014,NA,13.684931506849315,0.9629629629629628,NA,NA,NA,0,6.796524985640436,-0.4025703618609994,7.199095347501435,NA,Reliever,TRUE,NA,0.3208955223880597,NA,0.07462686567164178,NA,0.4253731343283582,NA,NA
79,M Townsend,Grand Junction Jackalopes,3.8,0,0,17,1,0,23.666666666666668,29,13,10,10,16,6.08,NA,1.65,NA,NA,NA,2021,pitcher,23.2,3.8028169014084505,NA,11.028169014084506,1.6,NA,NA,NA,0.058823529411764705,6.796524985640436,-0.4025703618609994,7.199095347501435,NA,Reliever,TRUE,NA,0.8955223880597015,NA,0.6417910447761194,NA,0.417910447761194,NA,NA
80,A Wright,Missoula PaddleHeads,7.71,0,0,5,5,0,23.333333333333332,41,23,20,6,19,7.33,NA,2.01,NA,NA,NA,2021,pitcher,23.1,2.3142857142857145,NA,15.814285714285717,3.1666666666666665,NA,NA,NA,1,6.796524985640436,-0.4025703618609994,7.199095347501435,NA,Starter,TRUE,NA,0.373134328358209,NA,0.26119402985074625,NA,0.41044776119402987,NA,NA
81,C Cook,Missoula PaddleHeads,8.61,0,0,16,2,0,23,31,23,22,12,29,11.35,NA,1.87,NA,NA,NA,2021,pitcher,23,4.695652173913044,NA,12.130434782608695,2.4166666666666665,NA,NA,NA,0.125,6.796524985640436,-0.4025703618609994,7.199095347501435,NA,Reliever,TRUE,NA,0.26119402985074625,NA,0.41044776119402987,NA,0.3880597014925373,NA,NA
81,A Fishberg,Idaho Falls Chukars,3.52,0,0,13,0,0,23,14,10,9,13,28,10.96,NA,1.17,NA,NA,NA,2021,pitcher,23,5.086956521739131,NA,5.478260869565218,2.1538461538461537,NA,NA,NA,0,6.796524985640436,-0.4025703618609994,7.199095347501435,NA,Reliever,TRUE,NA,0.917910447761194,NA,0.9776119402985075,NA,0.3880597014925373,NA,NA
81,B Norman,Great Falls Voyagers,4.7,0,0,15,1,0,23,20,16,12,20,19,7.43,NA,1.74,NA,NA,NA,2021,pitcher,23,7.826086956521739,NA,7.826086956521739,0.95,NA,NA,NA,0.06666666666666667,6.796524985640436,-0.4025703618609994,7.199095347501435,NA,Reliever,TRUE,NA,0.7761194029850746,NA,0.5298507462686567,NA,0.3880597014925373,NA,NA
84,C Estrada,Idaho Falls Chukars,10.72,0,0,18,0,0,22.666666666666668,35,30,27,12,19,7.54,NA,2.07,NA,NA,NA,2021,pitcher,22.2,4.764705882352941,NA,13.897058823529411,1.5833333333333333,NA,NA,NA,0,6.796524985640436,-0.4025703618609994,7.199095347501435,NA,Reliever,TRUE,NA,0.11194029850746269,NA,0.23134328358208955,NA,0.3805970149253731,NA,NA
85,C Mink,Ogden Raptors,8.46,0,0,12,4,0,22.333333333333332,30,26,21,18,22,8.87,NA,2.15,NA,NA,NA,2021,pitcher,22.1,7.253731343283582,NA,12.08955223880597,1.2222222222222223,NA,NA,NA,0.3333333333333333,6.796524985640436,-0.4025703618609994,7.199095347501435,NA,Reliever,TRUE,NA,0.29850746268656714,NA,0.21641791044776118,NA,0.373134328358209,NA,NA
86,A Eggleston,Great Falls Voyagers,8.59,0,0,17,0,0,22,33,24,21,9,27,11.05,NA,1.91,NA,NA,NA,2021,pitcher,22,3.6818181818181817,NA,13.5,3,NA,NA,NA,0,6.796524985640436,-0.4025703618609994,7.199095347501435,NA,Reliever,TRUE,NA,0.27611940298507465,NA,0.3880597014925373,NA,0.3656716417910448,NA,NA
87,S Gustafson,Great Falls Voyagers,9.97,0,0,5,5,0,21.666666666666668,33,25,24,7,20,8.31,NA,1.85,NA,NA,NA,2021,pitcher,21.2,2.9076923076923076,NA,13.707692307692309,2.857142857142857,NA,NA,NA,1,6.796524985640436,-0.4025703618609994,7.199095347501435,NA,Starter,TRUE,NA,0.17164179104477612,NA,0.43283582089552236,NA,0.3582089552238806,NA,NA
88,S Davis,Rocky Mountain Vibes,6.75,0,0,15,0,0,21.333333333333332,26,21,16,15,21,8.86,NA,1.92,NA,NA,NA,2021,pitcher,21.1,6.328125,NA,10.96875,1.4,NA,NA,NA,0,6.796524985640436,-0.4025703618609994,7.199095347501435,NA,Reliever,TRUE,NA,0.47761194029850745,NA,0.3582089552238806,NA,0.34328358208955223,NA,NA
88,A Guajardo,Rocky Mountain Vibes,7.59,0,0,10,1,0,21.333333333333332,23,22,18,14,23,9.7,NA,1.73,NA,NA,NA,2021,pitcher,21.1,5.90625,NA,9.703125,1.6428571428571428,NA,NA,NA,0.1,6.796524985640436,-0.4025703618609994,7.199095347501435,NA,Reliever,TRUE,NA,0.40298507462686567,NA,0.5522388059701493,NA,0.34328358208955223,NA,NA
90,J Seever,Billings Mustangs,7.97,0,0,5,4,0,20.333333333333332,33,20,18,4,13,5.75,NA,1.82,NA,NA,NA,2021,pitcher,20.1,1.7704918032786887,NA,14.606557377049182,3.25,NA,NA,NA,0.8,6.796524985640436,-0.4025703618609994,7.199095347501435,NA,Starter,TRUE,NA,0.35074626865671643,NA,0.44029850746268656,NA,0.3358208955223881,NA,NA
91,O Marcelino,Rocky Mountain Vibes,4.5,0,0,15,0,0,20,22,13,10,11,24,10.8,NA,1.65,NA,NA,NA,2021,pitcher,20,4.95,NA,9.9,2.1818181818181817,NA,NA,NA,0,6.796524985640436,-0.4025703618609994,7.199095347501435,NA,Reliever,TRUE,NA,0.8208955223880597,NA,0.6417910447761194,NA,0.31343283582089554,NA,NA
91,L Summers,Grand Junction Jackalopes,7.65,0,0,14,1,0,20,30,19,17,14,22,9.9,NA,2.2,NA,NA,NA,2021,pitcher,20,6.3,NA,13.5,1.5714285714285714,NA,NA,NA,0.07142857142857142,6.796524985640436,-0.4025703618609994,7.199095347501435,NA,Reliever,TRUE,NA,0.39552238805970147,NA,0.1865671641791045,NA,0.31343283582089554,NA,NA
91,T Tomaka,Boise Hawks,4.05,0,0,13,0,0,20,23,10,9,6,30,13.5,NA,1.45,NA,NA,NA,2021,pitcher,20,2.7,NA,10.35,5,NA,NA,NA,0,6.796524985640436,-0.4025703618609994,7.199095347501435,NA,Reliever,TRUE,NA,0.8656716417910447,NA,0.7985074626865671,NA,0.31343283582089554,NA,NA
94,G Westberg,Missoula PaddleHeads,4.58,0,0,23,1,0,19.666666666666668,10,10,10,17,27,12.36,NA,1.37,NA,NA,NA,2021,pitcher,19.2,7.779661016949152,NA,4.576271186440677,1.588235294117647,NA,NA,NA,0.043478260869565216,6.796524985640436,-0.4025703618609994,7.199095347501435,NA,Reliever,TRUE,NA,0.7985074626865671,NA,0.8880597014925373,NA,0.30597014925373134,NA,NA
95,S Macias,Rocky Mountain Vibes,3.26,0,0,4,4,0,19.333333333333332,22,9,7,3,8,3.72,NA,1.29,NA,NA,NA,2021,pitcher,19.1,1.396551724137931,NA,10.241379310344827,2.6666666666666665,NA,NA,NA,1,6.796524985640436,-0.4025703618609994,7.199095347501435,NA,Starter,TRUE,NA,0.9328358208955224,NA,0.9253731343283582,NA,0.29850746268656714,NA,NA
96,A Leija,Idaho Falls Chukars,10.61,0,0,18,1,0,18.666666666666668,32,22,22,11,21,10.13,NA,2.3,NA,NA,NA,2021,pitcher,18.2,5.303571428571428,NA,15.428571428571429,1.9090909090909092,NA,NA,NA,0.05555555555555555,6.796524985640436,-0.4025703618609994,7.199095347501435,NA,Reliever,TRUE,NA,0.13432835820895522,NA,0.16417910447761194,NA,0.291044776119403,NA,NA
97,R Mintzer,Great Falls Voyagers,15,0,0,10,3,0,18,30,31,30,14,15,7.5,NA,2.44,NA,NA,NA,2021,pitcher,18,7,NA,15,1.0714285714285714,NA,NA,NA,0.3,6.796524985640436,-0.4025703618609994,7.199095347501435,NA,Reliever,TRUE,NA,0.05970149253731343,NA,0.11194029850746269,NA,0.2835820895522388,NA,NA
98,G Bautista,Billings Mustangs,6.11,0,0,8,0,0,17.666666666666668,27,14,12,4,16,8.15,NA,1.75,NA,NA,NA,2021,pitcher,17.2,2.037735849056604,NA,13.754716981132075,4,NA,NA,NA,0,6.796524985640436,-0.4025703618609994,7.199095347501435,NA,Reliever,TRUE,NA,0.5522388059701493,NA,0.5223880597014925,NA,0.27611940298507465,NA,NA
99,F Achecar,Billings Mustangs,5.19,0,0,9,0,0,17.333333333333332,23,11,10,1,13,6.75,NA,1.38,NA,NA,NA,2021,pitcher,17.1,0.5192307692307693,NA,11.942307692307692,13,NA,NA,NA,0,6.796524985640436,-0.4025703618609994,7.199095347501435,NA,Reliever,TRUE,NA,0.7238805970149254,NA,0.8656716417910447,NA,0.26119402985074625,NA,NA
99,G Bremer,Idaho Falls Chukars,3.63,0,0,11,0,0,17.333333333333332,12,8,7,12,25,12.98,NA,1.38,NA,NA,NA,2021,pitcher,17.1,6.230769230769231,NA,6.230769230769231,2.0833333333333335,NA,NA,NA,0,6.796524985640436,-0.4025703618609994,7.199095347501435,NA,Reliever,TRUE,NA,0.9104477611940298,NA,0.8656716417910447,NA,0.26119402985074625,NA,NA
101,J Talamante,Missoula PaddleHeads,7.71,0,0,7,3,0,16.333333333333332,23,14,14,6,9,4.96,NA,1.78,NA,NA,NA,2021,pitcher,16.1,3.306122448979592,NA,12.673469387755103,1.5,NA,NA,NA,0.42857142857142855,6.796524985640436,-0.4025703618609994,7.199095347501435,NA,Reliever,TRUE,NA,0.373134328358209,NA,0.4925373134328358,NA,0.2537313432835821,NA,NA
102,A Leach,Grand Junction Jackalopes,5.28,0,0,15,0,0,15.333333333333334,21,9,9,9,10,5.87,NA,1.96,NA,NA,NA,2021,pitcher,15.1,5.282608695652174,NA,12.326086956521738,1.1111111111111112,NA,NA,NA,0,6.796524985640436,-0.4025703618609994,7.199095347501435,NA,Reliever,TRUE,NA,0.7089552238805971,NA,0.3208955223880597,NA,0.2462686567164179,NA,NA
103,J Broughton,Ogden Raptors,12.6,0,0,8,2,0,15,24,26,21,6,12,7.2,NA,2,NA,NA,NA,2021,pitcher,15,3.6,NA,14.4,2,NA,NA,NA,0.25,6.796524985640436,-0.4025703618609994,7.199095347501435,NA,Reliever,TRUE,NA,0.08208955223880597,NA,0.27611940298507465,NA,0.23134328358208955,NA,NA
103,T Dixon,Ogden Raptors,7.2,0,0,6,3,0,15,16,12,12,9,18,10.8,NA,1.67,NA,NA,NA,2021,pitcher,15,5.4,NA,9.6,2,NA,NA,NA,0.5,6.796524985640436,-0.4025703618609994,7.199095347501435,NA,Starter,TRUE,NA,0.4253731343283582,NA,0.6343283582089553,NA,0.23134328358208955,NA,NA
105,J Rosario,Billings Mustangs,19.47,0,0,13,3,0,14.333333333333334,16,31,31,24,10,6.28,NA,2.79,NA,NA,NA,2021,pitcher,14.1,15.069767441860463,NA,10.046511627906977,0.4166666666666667,NA,NA,NA,0.23076923076923078,6.796524985640436,-0.4025703618609994,7.199095347501435,NA,Reliever,TRUE,NA,0.007462686567164179,NA,0.05223880597014925,NA,0.22388059701492538,NA,NA
106,T Whitty,Ogden Raptors,8.31,0,0,10,1,0,13,27,15,12,7,12,8.31,NA,2.62,NA,NA,NA,2021,pitcher,13,4.846153846153846,NA,18.692307692307693,1.7142857142857142,NA,NA,NA,0.1,6.796524985640436,-0.4025703618609994,7.199095347501435,NA,Reliever,TRUE,NA,0.30597014925373134,NA,0.08955223880597014,NA,0.21641791044776118,NA,NA
107,D Mervis,Billings Mustangs,15.32,0,0,3,3,0,12.333333333333334,22,22,21,6,14,10.22,NA,2.27,NA,NA,NA,2021,pitcher,12.1,4.378378378378378,NA,16.054054054054053,2.3333333333333335,NA,NA,NA,1,6.796524985640436,-0.4025703618609994,7.199095347501435,NA,Starter,TRUE,NA,0.04477611940298507,NA,0.17164179104477612,NA,0.208955223880597,NA,NA
108,B Parr,Billings Mustangs,4.63,0,0,10,0,0,11.666666666666666,13,6,6,2,10,7.71,NA,1.29,NA,NA,NA,2021,pitcher,11.2,1.542857142857143,NA,10.028571428571428,5,NA,NA,NA,0,6.796524985640436,-0.4025703618609994,7.199095347501435,NA,Reliever,TRUE,NA,0.7835820895522388,NA,0.9253731343283582,NA,0.19402985074626866,NA,NA
108,C Stratton,Grand Junction Jackalopes,5.4,0,0,8,0,0,11.666666666666666,13,8,7,6,9,6.94,NA,1.63,NA,NA,NA,2021,pitcher,11.2,4.628571428571429,NA,10.028571428571428,1.5,NA,NA,NA,0,6.796524985640436,-0.4025703618609994,7.199095347501435,NA,Reliever,TRUE,NA,0.6791044776119403,NA,0.664179104477612,NA,0.19402985074626866,NA,NA
110,C Sepulveda,Billings Mustangs,10.32,0,0,10,0,0,11.333333333333334,14,15,13,9,14,11.12,NA,2.03,NA,NA,NA,2021,pitcher,11.1,7.147058823529411,NA,11.117647058823527,1.5555555555555556,NA,NA,NA,0,6.796524985640436,-0.4025703618609994,7.199095347501435,NA,Reliever,TRUE,NA,0.14925373134328357,NA,0.2537313432835821,NA,0.1865671641791045,NA,NA
111,R Alexiades,Ogden Raptors,10.64,0,0,4,3,0,11,22,18,13,5,18,14.73,NA,2.45,NA,NA,NA,2021,pitcher,11,4.090909090909091,NA,18,3.6,NA,NA,NA,0.75,6.796524985640436,-0.4025703618609994,7.199095347501435,NA,Starter,TRUE,NA,0.12686567164179105,NA,0.1044776119402985,NA,0.1791044776119403,NA,NA
112,N Diplan,Rocky Mountain Vibes,6.75,0,0,3,1,0,10.666666666666666,13,9,8,6,15,12.66,NA,1.78,NA,NA,NA,2021,pitcher,10.2,5.0625,NA,10.96875,2.5,NA,NA,NA,0.3333333333333333,6.796524985640436,-0.4025703618609994,7.199095347501435,NA,Reliever,TRUE,NA,0.47761194029850745,NA,0.4925373134328358,NA,0.17164179104477612,NA,NA
113,J Matthews,Great Falls Voyagers,10.8,0,0,8,0,0,10,19,18,12,5,18,16.2,NA,2.4,NA,NA,NA,2021,pitcher,10,4.5,NA,17.1,3.6,NA,NA,NA,0,6.796524985640436,-0.4025703618609994,7.199095347501435,NA,Reliever,TRUE,NA,0.1044776119402985,NA,0.11940298507462686,NA,0.16417910447761194,NA,NA
114,P Parks,Ogden Raptors,5.59,0,0,8,1,0,9.666666666666666,15,7,6,2,5,4.66,NA,1.76,NA,NA,NA,2021,pitcher,9.2,1.8620689655172415,NA,13.965517241379311,2.5,NA,NA,NA,0.125,6.796524985640436,-0.4025703618609994,7.199095347501435,NA,Reliever,TRUE,NA,0.6268656716417911,NA,0.5149253731343284,NA,0.15671641791044777,NA,NA
115,N Emanuel,Great Falls Voyagers,10,0,0,6,0,0,9,16,11,10,7,9,9,NA,2.56,NA,NA,NA,2021,pitcher,9,7,NA,16,1.2857142857142858,NA,NA,NA,0,6.796524985640436,-0.4025703618609994,7.199095347501435,NA,Reliever,TRUE,NA,0.16417910447761194,NA,0.09701492537313433,NA,0.14925373134328357,NA,NA
116,F Rodriguez,Rocky Mountain Vibes,15.58,0,0,3,2,0,8.666666666666666,15,16,15,5,7,7.27,NA,2.31,NA,NA,NA,2021,pitcher,8.2,5.1923076923076925,NA,15.576923076923078,1.4,NA,NA,NA,0.6666666666666666,6.796524985640436,-0.4025703618609994,7.199095347501435,NA,Starter,TRUE,NA,0.03731343283582089,NA,0.14925373134328357,NA,0.1417910447761194,NA,NA
117,T Jorgensen,Boise Hawks,15.12,0,0,2,2,0,8.333333333333334,18,16,14,4,5,5.4,NA,2.64,NA,NA,NA,2021,pitcher,8.1,4.319999999999999,NA,19.44,1.25,NA,NA,NA,1,6.796524985640436,-0.4025703618609994,7.199095347501435,NA,Starter,TRUE,NA,0.05223880597014925,NA,0.06716417910447761,NA,0.13432835820895522,NA,NA
118,J Boushelle,Boise Hawks,17.18,0,0,7,0,0,7.333333333333333,14,14,14,7,12,14.73,NA,2.86,NA,NA,NA,2021,pitcher,7.1,8.590909090909092,NA,17.181818181818183,1.7142857142857142,NA,NA,NA,0,6.796524985640436,-0.4025703618609994,7.199095347501435,NA,Reliever,TRUE,NA,0.022388059701492536,NA,0.029850746268656716,NA,0.11194029850746269,NA,NA
118,C Caffrey,Ogden Raptors,7.36,0,0,5,0,0,7.333333333333333,11,6,6,2,6,7.36,NA,1.77,NA,NA,NA,2021,pitcher,7.1,2.4545454545454546,NA,13.5,3,NA,NA,NA,0,6.796524985640436,-0.4025703618609994,7.199095347501435,NA,Reliever,TRUE,NA,0.417910447761194,NA,0.5074626865671642,NA,0.11194029850746269,NA,NA
118,J Newman,Missoula PaddleHeads,0,0,0,8,0,0,7.333333333333333,4,0,0,3,12,14.73,NA,0.95,NA,NA,NA,2021,pitcher,7.1,3.681818181818182,NA,4.909090909090909,4,NA,NA,NA,0,6.796524985640436,-0.4025703618609994,7.199095347501435,NA,Reliever,TRUE,NA,0.9701492537313433,NA,0.9925373134328358,NA,0.11194029850746269,NA,NA
121,A Amicangelo,Billings Mustangs,5.68,0,0,2,0,0,6.333333333333333,8,8,4,1,1,1.42,NA,1.42,NA,NA,NA,2021,pitcher,6.1,1.4210526315789471,NA,11.36842105263158,1,NA,NA,NA,0,6.796524985640436,-0.4025703618609994,7.199095347501435,NA,Reliever,TRUE,NA,0.6194029850746269,NA,0.835820895522388,NA,0.1044776119402985,NA,NA
122,D Maberry,Ogden Raptors,3,0,0,2,1,0,6,6,2,2,3,14,21,NA,1.5,NA,NA,NA,2021,pitcher,6,4.5,NA,9,4.666666666666667,NA,NA,NA,0.5,6.796524985640436,-0.4025703618609994,7.199095347501435,NA,Starter,TRUE,NA,0.9477611940298507,NA,0.7611940298507462,NA,0.09701492537313433,NA,NA
123,K De La Cruz,Ogden Raptors,3.38,0,0,8,1,0,5.333333333333333,5,2,2,4,8,13.5,NA,1.69,NA,NA,NA,2021,pitcher,5.1,6.75,NA,8.4375,2,NA,NA,NA,0.125,6.796524985640436,-0.4025703618609994,7.199095347501435,NA,Reliever,TRUE,NA,0.9253731343283582,NA,0.5970149253731343,NA,0.08208955223880597,NA,NA
123,B West,Idaho Falls Chukars,13.5,0,0,4,1,0,5.333333333333333,8,8,8,7,4,6.75,NA,2.81,NA,NA,NA,2021,pitcher,5.1,11.8125,NA,13.5,0.5714285714285714,NA,NA,NA,0.25,6.796524985640436,-0.4025703618609994,7.199095347501435,NA,Reliever,TRUE,NA,0.06716417910447761,NA,0.03731343283582089,NA,0.08208955223880597,NA,NA
125,E Carrillo,Rocky Mountain Vibes,13.5,0,0,4,0,0,4.666666666666667,6,12,7,11,5,9.64,NA,3.64,NA,NA,NA,2021,pitcher,4.2,21.21428571428571,NA,11.571428571428571,0.4545454545454546,NA,NA,NA,0,6.796524985640436,-0.4025703618609994,7.199095347501435,NA,Reliever,TRUE,NA,0.06716417910447761,NA,0.007462686567164179,NA,0.07462686567164178,NA,NA
14,A Armstrong,Ogden Raptors,18,0,0,2,0,0,3,7,6,6,2,2,6,NA,3,NA,NA,NA,2021,pitcher,3,6,NA,21,1,NA,NA,NA,0,6.796524985640436,-0.4025703618609994,7.199095347501435,NA,Reliever,TRUE,NA,0.014925373134328358,NA,0.022388059701492536,NA,0.05223880597014925,NA,NA
16,A Atwood,Great Falls Voyagers,10.13,0,0,3,0,0,2.6666666666666665,7,5,3,0,3,10.13,NA,2.63,NA,NA,NA,2021,pitcher,2.2,0,NA,23.625,NA,NA,NA,NA,0,6.796524985640436,-0.4025703618609994,7.199095347501435,NA,Reliever,TRUE,NA,0.15671641791044777,NA,0.07462686567164178,NA,0.04477611940298507,NA,NA
19,S Barmakian,Idaho Falls Chukars,0,0,0,1,0,0,1.6666666666666663,2,0,0,0,4,21.6,NA,1.2,NA,NA,NA,2021,pitcher,1.2,0,NA,10.8,NA,NA,NA,NA,0,6.796524985640436,-0.4025703618609994,7.199095347501435,NA,Reliever,TRUE,NA,0.9701492537313433,NA,0.9626865671641791,NA,0.014925373134328358,NA,NA
33,A Buendia,Rocky Mountain Vibes,0,0,0,1,0,0,2,2,0,0,2,0,0,NA,2,NA,NA,NA,2021,pitcher,2,9,NA,9,0,NA,NA,NA,0,6.796524985640436,-0.4025703618609994,7.199095347501435,NA,Reliever,TRUE,NA,0.9701492537313433,NA,0.27611940298507465,NA,0.03731343283582089,NA,NA
48,K Crowl,Great Falls Voyagers,2.25,0,0,3,0,0,4,3,9,1,5,4,9,NA,2,NA,NA,NA,2021,pitcher,4,11.25,NA,6.75,0.8,NA,NA,NA,0,6.796524985640436,-0.4025703618609994,7.199095347501435,NA,Reliever,TRUE,NA,0.9626865671641791,NA,0.27611940298507465,NA,0.06716417910447761,NA,NA
59,D Delorefice,Missoula PaddleHeads,5.4,0,0,3,0,0,3.3333333333333335,2,2,2,2,4,10.8,NA,1.2,NA,NA,NA,2021,pitcher,3.1,5.3999999999999995,NA,5.3999999999999995,2,NA,NA,NA,0,6.796524985640436,-0.4025703618609994,7.199095347501435,NA,Reliever,TRUE,NA,0.6791044776119403,NA,0.9626865671641791,NA,0.05970149253731343,NA,NA
73,J Esparza,Rocky Mountain Vibes,0,0,0,1,0,0,0.3333333333333333,3,3,0,2,0,0,NA,15,NA,NA,NA,2021,pitcher,0.1,54,NA,81,0,NA,NA,NA,0,6.796524985640436,-0.4025703618609994,7.199095347501435,NA,Reliever,TRUE,NA,0.9701492537313433,NA,0,NA,0,NA,NA
86,C Gallardo,Rocky Mountain Vibes,0,0,0,1,0,0,0.3333333333333333,0,0,0,0,1,27,NA,0,NA,NA,NA,2021,pitcher,0.1,0,NA,0,NA,NA,NA,NA,0,6.796524985640436,-0.4025703618609994,7.199095347501435,NA,Reliever,TRUE,NA,0.9701492537313433,NA,1,NA,0,NA,NA
111,R Jepson,Great Falls Voyagers,27,0,0,2,0,0,1.6666666666666663,6,5,5,0,0,0,NA,3.6,NA,NA,NA,2021,pitcher,1.2,0,NA,32.400000000000006,NA,NA,NA,NA,0,6.796524985640436,-0.4025703618609994,7.199095347501435,NA,Reliever,TRUE,NA,0,NA,0.014925373134328358,NA,0.014925373134328358,NA,NA
111,F Jezioro,Grand Junction Jackalopes,16.2,0,0,3,0,0,1.6666666666666663,1,3,3,2,3,16.2,NA,1.8,NA,NA,NA,2021,pitcher,1.2,10.8,NA,5.4,1.5,NA,NA,NA,0,6.796524985640436,-0.4025703618609994,7.199095347501435,NA,Reliever,TRUE,NA,0.029850746268656716,NA,0.4626865671641791,NA,0.014925373134328358,NA,NA
1,J Agnew,Grand Junction Jackalopes,5.45,10,3,17,16,0,102.33333333333331,117,67,62,15,98,8.62,20,1.29,429,3,1,2022,pitcher,102.1,1.3192182410423454,1.7589576547231272,10.289902280130294,6.533333333333333,0.22843822843822845,0.03496503496503497,0.19347319347319347,0.9411764705882353,6.188213484242365,1.2197287540247828,4.968484730217582,6.062947270934194,Starter,TRUE,0.19347319347319347,0.6335403726708074,0.5528455284552846,0.9371069182389937,0.9354838709677419,1,0.7469767333001828,64.81860399801096
2,N Barros,Glacier Range Riders,4.85,8,6,19,17,0,102,114,67,55,36,87,7.68,10,1.47,464,2,7,2022,pitcher,102,3.176470588235294,0.8823529411764706,10.058823529411764,2.4166666666666665,0.1875,0.07758620689655173,0.10991379310344827,0.8947368421052632,6.188213484242365,1.2197287540247828,4.968484730217582,5.801818063550915,Starter,TRUE,0.10991379310344827,0.7763975155279503,0.6829268292682927,0.7987421383647799,0.5935483870967742,0.9937888198757764,0.7372825732737089,64.23695439642253
3,R Orta,Ogden Raptors,5.34,7,6,17,17,0,94.33333333333331,115,61,56,25,82,7.82,8,1.48,422,5,6,2022,pitcher,94.1,2.385159010600707,0.7632508833922261,10.97173144876325,3.28,0.1943127962085308,0.05924170616113744,0.13507109004739337,1,6.188213484242365,1.2197287540247828,4.968484730217582,5.318308051772352,Starter,TRUE,0.13507109004739337,0.6645962732919255,0.8048780487804879,0.7924528301886793,0.7225806451612903,0.9875776397515528,0.7935387185198429,67.61232311119058
4,C Day,Ogden Raptors,5.3,9,3,18,18,0,90,120,72,53,32,76,7.6,15,1.69,422,4,8,2022,pitcher,90,3.2,1.5,12,2.375,0.18009478672985782,0.07582938388625593,0.10426540284360188,1,6.188213484242365,1.2197287540247828,4.968484730217582,6.7795958413286925,Starter,TRUE,0.10426540284360189,0.6956521739130435,0.3252032520325203,0.5157232704402516,0.5612903225806452,0.9751552795031055,0.5445328103855847,52.67196862313508
4,M Lines,Boise Hawks,7.1,3,8,26,12,0,90,133,77,71,27,55,5.5,15,1.78,424,6,2,2022,pitcher,90,2.7,1.5,13.3,2.037037037037037,0.12971698113207547,0.06367924528301887,0.0660377358490566,0.46153846153846156,6.188213484242365,1.2197287540247828,4.968484730217582,6.879595841328693,Reliever,TRUE,0.0660377358490566,0.37267080745341613,0.2845528455284553,0.39622641509433965,0.3225806451612903,0.9751552795031055,0.42013382179655234,45.20802930779314
6,P Arevalo,Great Falls Voyagers,4.85,8,1,16,14,0,89,107,55,48,13,60,6.07,11,1.35,393,3,9,2022,pitcher,89,1.3146067415730338,1.1123595505617978,10.820224719101123,4.615384615384615,0.15267175572519084,0.03307888040712468,0.11959287531806616,0.875,6.188213484242365,1.2197287540247828,4.968484730217582,5.968484730217582,Starter,TRUE,0.11959287531806616,0.7763975155279503,0.6016260162601627,0.89937106918239,0.6193548387096774,0.9627329192546584,0.7153280463816309,62.91968278289786
6,I Fuentes,Grand Junction Jackalopes,6.37,8,5,18,16,0,89,114,68,63,34,85,8.6,9,1.66,416,4,10,2022,pitcher,89,3.438202247191011,0.9101123595505618,11.52808988764045,2.5,0.20432692307692307,0.08173076923076923,0.12259615384615384,0.8888888888888888,6.188213484242365,1.2197287540247828,4.968484730217582,5.856125179655784,Starter,TRUE,0.12259615384615384,0.4720496894409938,0.6666666666666666,0.5534591194968553,0.6451612903225806,0.9627329192546584,0.6662622279852162,59.97573367911297
8,W Buraconak,Colorado Springs Sky Sox,5.11,5,3,18,14,0,88,122,69,50,27,89,9.1,10,1.69,410,7,8,2022,pitcher,88,2.761363636363636,1.0227272727272727,12.477272727272728,3.2962962962962963,0.21707317073170732,0.06585365853658537,0.15121951219512195,0.7777777777777778,6.188213484242365,1.2197287540247828,4.968484730217582,5.616212002944854,Starter,TRUE,0.15121951219512195,0.7329192546583851,0.7154471544715447,0.5157232704402516,0.8,0.9503105590062112,0.7502356608823325,65.01413965293995
8,J Dicenso,Idaho Falls Chukars,6.34,5,6,18,18,0,88,111,80,62,33,77,7.88,12,1.64,416,11,10,2022,pitcher,88,3.375,1.2272727272727273,11.352272727272728,2.3333333333333335,0.18509615384615383,0.07932692307692307,0.10576923076923078,1,6.188213484242365,1.2197287540247828,4.968484730217582,6.457121093853945,Starter,TRUE,0.10576923076923077,0.4906832298136646,0.43902439024390244,0.5974842767295597,0.5741935483870968,0.9503105590062112,0.5663459617709177,53.98075770625506
10,A Crowson,Missoula PaddleHeads,4.23,7,0,18,18,0,87.33333333333333,93,60,41,46,59,6.08,7,1.59,402,14,6,2022,pitcher,87.1,4.740458015267176,0.7213740458015268,9.583969465648856,1.2826086956521738,0.14676616915422885,0.11442786069651742,0.03233830845771143,1,6.188213484242365,1.2197287540247828,4.968484730217582,6.445583966858803,Starter,TRUE,0.03233830845771144,0.8322981366459627,0.44715447154471544,0.6729559748427673,0.18064516129032257,0.9440993788819876,0.54874604568942,52.9247627413652
11,M Gabbert,Boise Hawks,6.62,5,6,19,16,0,87,111,69,64,26,95,9.83,6,1.57,394,5,1,2022,pitcher,87,2.689655172413793,0.6206896551724138,11.482758620689657,3.6538461538461537,0.2411167512690355,0.06598984771573604,0.1751269035532995,0.8421052631578947,6.188213484242365,1.2197287540247828,4.968484730217582,4.612162891137122,Starter,TRUE,0.1751269035532995,0.43478260869565216,0.959349593495935,0.7044025157232704,0.896774193548387,0.9316770186335404,0.8385038717797574,70.31023230678545
11,Q Jones,Great Falls Voyagers,6.31,6,5,18,16,0,87,113,75,61,28,58,6,12,1.62,411,10,5,2022,pitcher,87,2.896551724137931,1.2413793103448276,11.689655172413794,2.0714285714285716,0.1411192214111922,0.0681265206812652,0.072992700729927,0.8888888888888888,6.188213484242365,1.2197287540247828,4.968484730217582,6.566185879642869,Starter,TRUE,0.072992700729927,0.4968944099378882,0.3983739837398374,0.6289308176100629,0.36129032258064514,0.9316770186335404,0.5087864540587845,50.527187243527074
13,Y Perez,Rocky Mountain Vibes,7.92,4,4,22,15,0,86.33333333333333,116,90,76,58,87,9.07,10,2.02,434,6,5,2022,pitcher,86.1,6.046332046332046,1.0424710424710426,12.092664092664092,1.5,0.20046082949308755,0.1336405529953917,0.06682027649769584,0.6818181818181818,6.188213484242365,1.2197287540247828,4.968484730217582,6.648021409754262,Starter,TRUE,0.06682027649769585,0.2608695652173913,0.36585365853658536,0.2138364779874214,0.33548387096774196,0.9192546583850931,0.41184051894729734,44.71043113683784
13,T Solomon,Glacier Range Riders,6.25,4,6,26,10,0,86.33333333333333,102,75,60,41,69,7.19,14,1.66,407,7,7,2022,pitcher,86.1,4.274131274131275,1.4594594594594594,10.633204633204636,1.6829268292682926,0.16953316953316952,0.10073710073710074,0.06879606879606878,0.38461538461538464,6.188213484242365,1.2197287540247828,4.968484730217582,7.146090907823759,Reliever,TRUE,0.0687960687960688,0.515527950310559,0.22764227642276422,0.5534591194968553,0.34838709677419355,0.9192546583850931,0.43129763317797776,45.87785799067866
15,E Gill,Billings Mustangs,3.26,3,1,16,15,0,85.66666666666667,85,34,31,29,80,8.4,8,1.33,359,8,NA,2022,pitcher,85.2,3.046692607003891,0.8404669260700388,8.929961089494164,2.7586206896551726,0.22284122562674097,0.0807799442896936,0.14206128133704737,0.9375,6.188213484242365,1.2197287540247828,4.968484730217582,NA,Starter,TRUE,0.14206128133704735,0.906832298136646,NA,0.9056603773584906,0.7677419354838709,0.906832298136646,NA,NA
15,T Naumann,Great Falls Voyagers,5.46,4,5,15,14,0,85.66666666666667,105,59,52,23,82,8.61,8,1.49,389,12,3,2022,pitcher,85.2,2.4163424124513617,0.8404669260700388,11.03112840466926,3.5652173913043477,0.21079691516709512,0.05912596401028278,0.15167095115681234,0.9333333333333333,6.188213484242365,1.2197287540247828,4.968484730217582,5.1786014617350915,Starter,TRUE,0.15167095115681234,0.6211180124223602,0.8617886178861789,0.779874213836478,0.8064516129032258,0.906832298136646,0.8131857377026155,68.79114426215693
17,V Rodriguez,Idaho Falls Chukars,5.44,3,4,28,11,1,84.33333333333333,99,62,51,34,82,8.75,7,1.58,394,4,5,2022,pitcher,84.1,3.628458498023716,0.7470355731225297,10.565217391304348,2.411764705882353,0.20812182741116753,0.08629441624365482,0.12182741116751272,0.39285714285714285,6.188213484242365,1.2197287540247828,4.968484730217582,5.490223860652364,Reliever,TRUE,0.1218274111675127,0.6459627329192547,0.7642276422764228,0.6855345911949685,0.6387096774193548,0.9006211180124224,0.7339740291536885,64.0384417492213
18,M Timmins,Missoula PaddleHeads,6.1,5,4,17,17,0,82.66666666666667,107,65,56,21,67,7.29,10,1.55,375,5,6,2022,pitcher,82.2,2.286290322580645,1.0887096774193548,11.649193548387096,3.1904761904761907,0.17866666666666667,0.056,0.12266666666666667,1,6.188213484242365,1.2197287540247828,4.968484730217582,5.899936343120808,Starter,TRUE,0.12266666666666666,0.5403726708074534,0.6341463414634146,0.7232704402515723,0.6516129032258065,0.8944099378881988,0.6715255525600322,60.29153315360193
19,J Dobrash,Grand Junction Jackalopes,7.87,5,4,18,16,0,82.33333333333333,109,82,72,47,77,8.42,8,1.89,409,6,11,2022,pitcher,82.1,5.137651821862349,0.8744939271255061,11.91497975708502,1.6382978723404256,0.1882640586797066,0.11491442542787286,0.07334963325183375,0.8888888888888888,6.188213484242365,1.2197287540247828,4.968484730217582,6.474557604711508,Starter,TRUE,0.07334963325183375,0.2732919254658385,0.43089430894308944,0.3018867924528302,0.3741935483870968,0.8881987577639752,0.45160871498441024,47.09652289906461
20,P Snavely,Colorado Springs Sky Sox,6.8,4,4,16,16,0,82,109,70,62,30,68,7.46,10,1.7,385,9,8,2022,pitcher,82,3.292682926829268,1.0975609756097562,11.96341463414634,2.2666666666666666,0.17662337662337663,0.07792207792207792,0.0987012987012987,1,6.188213484242365,1.2197287540247828,4.968484730217582,6.285557900949289,Starter,TRUE,0.0987012987012987,0.39751552795031053,0.5203252032520326,0.4968553459119497,0.5419354838709678,0.8819875776397516,0.5581281785047109,53.48769071028265
21,I Kahaloa,Grand Junction Jackalopes,6.31,2,5,17,14,0,81.33333333333333,96,64,57,27,99,10.95,9,1.51,370,1,7,2022,pitcher,81.1,2.987704918032787,0.9959016393442623,10.622950819672132,3.6666666666666665,0.26756756756756755,0.07297297297297298,0.19459459459459455,0.8235294117647058,6.188213484242365,1.2197287540247828,4.968484730217582,5.226681451529057,Starter,TRUE,0.1945945945945946,0.4968944099378882,0.8373983739837398,0.7547169811320755,0.9419354838709677,0.8757763975155279,0.8047187655989094,68.28312593593456
22,R Hamby,Glacier Range Riders,4.11,4,3,15,15,0,81,80,44,37,26,59,6.56,5,1.31,350,4,1,2022,pitcher,81,2.888888888888889,0.5555555555555556,8.88888888888889,2.269230769230769,0.16857142857142857,0.07428571428571429,0.09428571428571428,1,6.188213484242365,1.2197287540247828,4.968484730217582,5.31416374256326,Starter,TRUE,0.09428571428571429,0.8695652173913043,0.8130081300813008,0.9245283018867925,0.5096774193548387,0.8695652173913043,0.7804611313095586,66.82766787857352
23,K Pilot,Billings Mustangs,5.02,7,5,25,15,1,80.66666666666667,88,52,45,46,81,9.04,5,1.66,376,11,6,2022,pitcher,80.2,5.132231404958677,0.5578512396694214,9.818181818181818,1.7608695652173914,0.2154255319148936,0.12234042553191488,0.09308510638297872,0.6,6.188213484242365,1.2197287540247828,4.968484730217582,5.699889688895268,Starter,TRUE,0.09308510638297872,0.7515527950310559,0.6991869918699187,0.5534591194968553,0.4967741935483871,0.8633540372670807,0.6766115722520509,60.596694335123054
24,M Thomas,Great Falls Voyagers,6.78,1,6,20,12,0,78.33333333333333,101,75,59,34,52,5.97,10,1.72,378,8,10,2022,pitcher,78.1,3.906382978723404,1.148936170212766,11.604255319148937,1.5294117647058822,0.13756613756613756,0.08994708994708994,0.04761904761904761,0.6,6.188213484242365,1.2197287540247828,4.968484730217582,6.985506006813326,Starter,TRUE,0.047619047619047616,0.40372670807453415,0.2601626016260163,0.46540880503144655,0.2064516129032258,0.8571428571428571,0.38102667851680505,42.86160071100831
25,J Slocum,Idaho Falls Chukars,6.78,7,6,16,15,0,75.66666666666667,94,69,57,27,47,5.59,16,1.6,348,3,5,2022,pitcher,75.2,3.211453744493392,1.9030837004405283,11.180616740088103,1.7407407407407407,0.13505747126436782,0.07758620689655173,0.05747126436781609,0.9375,6.188213484242365,1.2197287540247828,4.968484730217582,7.743815126693352,Starter,TRUE,0.05747126436781609,0.40372670807453415,0.12195121951219512,0.660377358490566,0.25806451612903225,0.8509316770186336,0.35462988464371625,41.27779307862298
26,R Baldenebro,Grand Junction Jackalopes,5.65,6,3,22,9,0,73.33333333333333,80,54,46,37,55,6.75,9,1.6,331,7,5,2022,pitcher,73.1,4.540909090909091,1.1045454545454547,9.818181818181818,1.4864864864864864,0.1661631419939577,0.11178247734138971,0.05438066465256798,0.4090909090909091,6.188213484242365,1.2197287540247828,4.968484730217582,6.782121093853945,Reliever,TRUE,0.054380664652567974,0.6086956521739131,0.3170731707317073,0.660377358490566,0.23870967741935484,0.8385093167701864,0.4576896849672254,47.46138109803353
26,A Schneider,Colorado Springs Sky Sox,7.61,2,7,27,8,1,73.33333333333333,92,70,62,44,66,8.1,12,1.85,361,17,11,2022,pitcher,73.1,5.4,1.4727272727272729,11.290909090909093,1.5,0.18282548476454297,0.12188365650969528,0.06094182825484764,0.2962962962962963,6.188213484242365,1.2197287540247828,4.968484730217582,7.545757457490309,Reliever,TRUE,0.060941828254847646,0.2919254658385093,0.14634146341463414,0.3584905660377358,0.27741935483870966,0.8385093167701864,0.31943473032867353,39.16608381972041
28,A Becerra-Lopez,Great Falls Voyagers,5.45,5,3,34,1,2,71,76,50,43,50,81,10.27,7,1.77,349,7,11,2022,pitcher,71,6.338028169014085,0.8873239436619719,9.633802816901408,1.62,0.23209169054441264,0.14326647564469913,0.08882521489971348,0.029411764705882353,6.188213484242365,1.2197287540247828,4.968484730217582,6.545949518949976,Reliever,TRUE,0.08882521489971347,0.6335403726708074,0.4065040650406504,0.41509433962264153,0.47096774193548385,0.8322981366459627,0.5181803847631365,51.090823085788195
29,G Gorrell,Boise Hawks,7.36,2,8,16,13,0,69.66666666666667,101,75,57,36,62,8.01,9,1.97,351,6,4,2022,pitcher,69.2,4.650717703349282,1.1626794258373203,13.047846889952153,1.7222222222222223,0.17663817663817663,0.10256410256410256,0.07407407407407407,0.8125,6.188213484242365,1.2197287540247828,4.968484730217582,6.590494299595572,Starter,TRUE,0.07407407407407407,0.3416149068322981,0.3902439024390244,0.2641509433962264,0.38064516129032255,0.8198757763975155,0.43286529005776897,45.971917403466136
29,D Pena,Missoula PaddleHeads,5.17,6,4,19,11,0,69.66666666666667,71,46,40,35,83,10.72,4,1.52,319,6,9,2022,pitcher,69.2,4.521531100478469,0.5167464114832535,9.17224880382775,2.371428571428571,0.2601880877742947,0.109717868338558,0.15047021943573669,0.5789473684210527,6.188213484242365,1.2197287540247828,4.968484730217582,5.226857935959209,Starter,TRUE,0.15047021943573669,0.7267080745341615,0.8292682926829268,0.7421383647798742,0.7935483870967742,0.8198757763975155,0.7966184086102646,67.79710451661587
31,P Portela,Ogden Raptors,6.25,5,4,14,13,0,67.66666666666667,91,54,47,27,51,6.78,10,1.74,309,4,3,2022,pitcher,67.2,3.591133004926108,1.3300492610837438,12.103448275862068,1.8888888888888888,0.1650485436893204,0.08737864077669903,0.07766990291262137,0.9285714285714286,6.188213484242365,1.2197287540247828,4.968484730217582,6.712327094749601,Starter,TRUE,0.07766990291262135,0.515527950310559,0.34959349593495936,0.4276729559748428,0.4129032258064516,0.8136645962732919,0.464564221120336,47.87385326722016
32,J Wesselmann,Rocky Mountain Vibes,5.21,3,3,14,12,0,67.33333333333333,79,45,39,20,65,8.69,8,1.47,292,2,2,2022,pitcher,67.1,2.6732673267326734,1.0693069306930694,10.55940594059406,3.25,0.2226027397260274,0.0684931506849315,0.1541095890410959,0.8571428571428571,6.188213484242365,1.2197287540247828,4.968484730217582,5.562544136158175,Starter,TRUE,0.1541095890410959,0.7142857142857143,0.7398373983739838,0.7987421383647799,0.8258064516129032,0.8074534161490683,0.7692313330738695,66.15387998443217
33,R Ottesen,Ogden Raptors,8.45,2,5,20,11,0,65,88,65,61,39,61,8.45,11,1.95,319,11,3,2022,pitcher,65,5.4,1.523076923076923,12.184615384615384,1.564102564102564,0.19122257053291536,0.12225705329153604,0.06896551724137931,0.55,6.188213484242365,1.2197287540247828,4.968484730217582,7.230023191756043,Starter,TRUE,0.06896551724137931,0.21739130434782608,0.2032520325203252,0.27672955974842767,0.3548387096774194,0.8012422360248447,0.3327365419743573,39.96419251846144
34,A Stout,Glacier Range Riders,5.2,2,5,17,16,0,64,71,41,37,26,58,8.16,8,1.52,288,2,3,2022,pitcher,64,3.65625,1.125,9.984375,2.230769230769231,0.2013888888888889,0.09027777777777778,0.11111111111111112,0.9411764705882353,6.188213484242365,1.2197287540247828,4.968484730217582,6.140359730217582,Starter,TRUE,0.1111111111111111,0.7204968944099379,0.5447154471544715,0.7421383647798742,0.6,0.7950310559006211,0.6394292078863599,58.365752473181594
35,A Villa,Grand Junction Jackalopes,3.13,7,1,20,7,0,63.333333333333336,57,27,22,24,81,11.51,2,1.28,275,5,4,2022,pitcher,63.1,3.4105263157894736,0.28421052631578947,8.1,3.375,0.29454545454545455,0.08727272727272728,0.20727272727272728,0.35,6.188213484242365,1.2197287540247828,4.968484730217582,4.147432098638634,Reliever,TRUE,0.20727272727272728,0.9130434782608695,0.991869918699187,0.9433962264150944,0.9548387096774194,0.7888198757763976,0.9373348351622581,76.24009010973549
36,B Pooler,Great Falls Voyagers,6.43,3,4,13,13,0,63,80,54,45,23,52,7.43,13,1.63,299,NA,5,2022,pitcher,63,3.2857142857142856,1.8571428571428572,11.428571428571429,2.260869565217391,0.17391304347826086,0.07692307692307693,0.09698996655518394,1,6.188213484242365,1.2197287540247828,4.968484730217582,7.333564095296946,Starter,TRUE,0.09698996655518395,0.45962732919254656,0.17073170731707318,0.610062893081761,0.5290322580645161,0.782608695652174,0.42144082757461665,45.286449654476996
37,J Binder,Idaho Falls Chukars,7.38,4,7,16,14,0,61,87,56,50,39,53,7.82,1,2.07,305,6,5,2022,pitcher,61,5.754098360655738,0.14754098360655735,12.836065573770492,1.358974358974359,0.1737704918032787,0.1278688524590164,0.04590163934426231,0.875,6.188213484242365,1.2197287540247828,4.968484730217582,5.607828992512664,Starter,TRUE,0.04590163934426229,0.33540372670807456,0.7235772357723578,0.16352201257861634,0.2,0.7701863354037267,0.5116216048835749,50.69729629301449
37,A Fishberg,Idaho Falls Chukars,7.08,4,1,34,1,1,61,64,49,48,34,71,10.48,7,1.61,294,12,10,2022,pitcher,61,5.016393442622951,1.0327868852459017,9.442622950819672,2.088235294117647,0.24149659863945577,0.11564625850340136,0.1258503401360544,0.029411764705882353,6.188213484242365,1.2197287540247828,4.968484730217582,6.296353582676598,Reliever,TRUE,0.12585034013605442,0.37888198757763975,0.5121951219512195,0.6415094339622641,0.6709677419354839,0.7701863354037267,0.575582789011016,54.53496734066096
39,J Gonzalez,Ogden Raptors,7.5,3,1,27,4,0,60,77,59,50,26,55,8.25,6,1.72,283,4,6,2022,pitcher,60,3.9,0.9,11.55,2.1153846153846154,0.19434628975265017,0.09187279151943464,0.10247349823321554,0.14814814814814814,6.188213484242365,1.2197287540247828,4.968484730217582,6.035151396884248,Reliever,TRUE,0.10247349823321555,0.3167701863354037,0.5691056910569106,0.46540880503144655,0.5548387096774193,0.7639751552795031,0.5472627001036288,52.83576200621773
40,J Nelson,Boise Hawks,5.92,1,0,26,0,0,59.333333333333336,77,42,39,17,38,5.76,9,1.58,274,5,5,2022,pitcher,59.1,2.5786516853932584,1.3651685393258426,11.679775280898877,2.235294117647059,0.1386861313868613,0.06204379562043796,0.07664233576642335,0,6.188213484242365,1.2197287540247828,4.968484730217582,6.771855516734435,Reliever,TRUE,0.07664233576642336,0.577639751552795,0.3333333333333333,0.6855345911949685,0.4,0.7577639751552795,0.4821973514590414,48.93184108754248
41,K Serwa,Billings Mustangs,2.44,5,2,10,10,0,59,57,21,16,9,50,7.63,4,1.12,236,2,NA,2022,pitcher,59,1.3728813559322033,0.6101694915254238,8.694915254237289,5.555555555555555,0.211864406779661,0.03813559322033898,0.17372881355932202,1,6.188213484242365,1.2197287540247828,4.968484730217582,NA,Starter,TRUE,0.17372881355932204,0.9503105590062112,NA,0.9685534591194969,0.8903225806451613,0.7515527950310559,NA,NA
42,K Adkins,Colorado Springs Sky Sox,6.17,4,2,38,1,0,58.333333333333336,74,49,40,25,46,7.1,8,1.7,270,11,4,2022,pitcher,58.1,3.857142857142857,1.2342857142857142,11.417142857142856,1.84,0.17037037037037037,0.0925925925925926,0.07777777777777778,0.02631578947368421,6.188213484242365,1.2197287540247828,4.968484730217582,6.665627587360438,Reliever,TRUE,0.07777777777777778,0.5341614906832298,0.35772357723577236,0.4968553459119497,0.41935483870967744,0.7453416149068323,0.4685713990659487,48.11428394395692
43,K McGinnis,Idaho Falls Chukars,4.47,3,2,44,0,0,56.333333333333336,51,34,28,33,74,11.82,5,1.49,252,12,2,2022,pitcher,56.1,5.272189349112426,0.7988165680473372,8.14792899408284,2.242424242424242,0.29365079365079366,0.13095238095238096,0.1626984126984127,0,6.188213484242365,1.2197287540247828,4.968484730217582,5.35901727459628,Reliever,TRUE,0.1626984126984127,0.8198757763975155,0.7967479674796748,0.779874213836478,0.864516129032258,0.7391304347826086,0.803440765858988,68.20644595153928
44,N Alexander,Missoula PaddleHeads,5.01,1,1,35,1,0,55.666666666666664,53,34,31,27,66,10.67,9,1.44,246,5,3,2022,pitcher,55.2,4.365269461077845,1.4550898203592817,8.568862275449103,2.4444444444444446,0.2682926829268293,0.1097560975609756,0.1585365853658537,0.02857142857142857,6.188213484242365,1.2197287540247828,4.968484730217582,6.315790119439138,Reliever,TRUE,0.15853658536585366,0.7577639751552795,0.4959349593495935,0.8113207547169812,0.8516129032258064,0.7329192546583851,0.6734311243287465,60.40586745972479
45,M Dallas,Boise Hawks,7.24,2,3,30,4,0,54.666666666666664,56,46,44,32,56,9.22,5,1.61,262,6,8,2022,pitcher,54.2,5.2682926829268295,0.8231707317073171,9.219512195121952,1.75,0.21374045801526717,0.12213740458015268,0.0916030534351145,0.13333333333333333,6.188213484242365,1.2197287540247828,4.968484730217582,6.303850583876118,Reliever,TRUE,0.0916030534351145,0.35403726708074534,0.5040650406504065,0.6415094339622641,0.4774193548387097,0.7142857142857143,0.5215092778290998,51.29055666974599
45,F Pace,Billings Mustangs,3.13,8,3,37,0,1,54.666666666666664,66,27,19,11,47,7.74,4,1.41,237,5,1,2022,pitcher,54.2,1.8109756097560976,0.6585365853658537,10.865853658536588,4.2727272727272725,0.19831223628691985,0.04641350210970464,0.15189873417721517,0,6.188213484242365,1.2197287540247828,4.968484730217582,4.858728632656606,Reliever,TRUE,0.1518987341772152,0.9130434782608695,0.926829268292683,0.8616352201257862,0.8129032258064516,0.7142857142857143,0.8635752533729297,71.81451520237579
45,A Seidel,Missoula PaddleHeads,4.77,7,2,10,10,0,54.666666666666664,53,31,29,23,49,8.07,7,1.39,237,5,3,2022,pitcher,54.2,3.7865853658536586,1.152439024390244,8.725609756097562,2.130434782608696,0.20675105485232068,0.0970464135021097,0.10970464135021098,1,6.188213484242365,1.2197287540247828,4.968484730217582,6.26726521802246,Starter,TRUE,0.10970464135021098,0.7950310559006211,0.5284552845528455,0.8867924528301887,0.5870967741935483,0.7142857142857143,0.6438782294708171,58.63269376824903
48,C Allen,Rocky Mountain Vibes,8.44,1,2,22,5,0,53.333333333333336,69,59,50,22,46,7.76,11,1.71,254,2,4,2022,pitcher,53.1,3.7125,1.85625,11.64375,2.090909090909091,0.1811023622047244,0.08661417322834646,0.09448818897637797,0.22727272727272727,6.188213484242365,1.2197287540247828,4.968484730217582,7.387234730217582,Reliever,TRUE,0.09448818897637795,0.2236024844720497,0.16260162601626016,0.48427672955974843,0.5161290322580645,0.7018633540372671,0.3555140055904893,41.33084033542936
48,N Jenkins,Idaho Falls Chukars,4.56,5,1,42,0,7,53.333333333333336,69,32,27,16,64,10.8,6,1.59,250,2,3,2022,pitcher,53.1,2.6999999999999997,1.0125,11.64375,4,0.256,0.064,0.192,0,6.188213484242365,1.2197287540247828,4.968484730217582,5.099734730217581,Reliever,TRUE,0.192,0.8012422360248447,0.8943089430894309,0.6729559748427673,0.9290322580645162,0.7018633540372671,0.8362914648422691,70.17748789053616
50,K Kyle,Glacier Range Riders,6.45,2,4,14,11,0,53,66,40,38,38,47,7.98,9,1.96,259,1,5,2022,pitcher,53,6.452830188679245,1.528301886792453,11.20754716981132,1.236842105263158,0.1814671814671815,0.14671814671814673,0.03474903474903473,0.7857142857142857,6.188213484242365,1.2197287540247828,4.968484730217582,7.836409258519469,Starter,TRUE,0.03474903474903475,0.453416149068323,0.10569105691056911,0.27044025157232704,0.1870967741935484,0.6956521739130435,0.27910005120737497,36.7460030724425
51,K Pindel,Boise Hawks,5.81,4,7,19,7,1,52.666666666666664,66,35,34,10,63,10.77,8,1.44,234,5,NA,2022,pitcher,52.2,1.7088607594936709,1.3670886075949369,11.278481012658228,6.3,0.2692307692307692,0.04273504273504273,0.22649572649572647,0.3684210526315789,6.188213484242365,1.2197287540247828,4.968484730217582,NA,Reliever,TRUE,0.2264957264957265,0.5900621118012422,NA,0.8113207547169812,0.9870967741935484,0.6894409937888198,NA,NA
52,J Leo,Rocky Mountain Vibes,8.71,3,3,12,10,0,51.666666666666664,82,57,50,15,51,8.88,17,1.88,255,4,6,2022,pitcher,51.2,2.6129032258064515,2.9612903225806453,14.283870967741937,3.4,0.2,0.0588235294117647,0.1411764705882353,0.8333333333333334,6.188213484242365,1.2197287540247828,4.968484730217582,8.491065375378872,Starter,TRUE,0.1411764705882353,0.19254658385093168,0.056910569105691054,0.3081761006289308,0.7612903225806451,0.6832298136645962,0.33720636184862773,40.232381710917664
53,J Nunnally Jr,Idaho Falls Chukars,5.79,3,4,43,0,5,51.333333333333336,49,38,33,36,81,14.2,7,1.66,238,12,2,2022,pitcher,51.1,6.311688311688312,1.2272727272727273,8.59090909090909,2.25,0.3403361344537815,0.15126050420168066,0.1890756302521009,0,6.188213484242365,1.2197287540247828,4.968484730217582,5.80614706787992,Reliever,TRUE,0.18907563025210083,0.5962732919254659,0.6747967479674797,0.5534591194968553,0.9225806451612903,0.6708074534161491,0.6998428519701777,61.99057111821066
53,F Rodriguez,Rocky Mountain Vibes,10.52,3,4,27,6,0,51.333333333333336,82,75,60,44,60,10.52,10,2.45,288,16,7,2022,pitcher,51.1,7.7142857142857135,1.7532467532467533,14.376623376623376,1.3636363636363635,0.20833333333333337,0.1527777777777778,0.05555555555555555,0.2222222222222222,6.188213484242365,1.2197287540247828,4.968484730217582,8.143809405542257,Reliever,TRUE,0.05555555555555555,0.10559006211180125,0.07317073170731707,0.10062893081761007,0.25161290322580643,0.6708074534161491,0.2061133937390417,32.3668036243425
55,Y Laureano,Glacier Range Riders,6.57,4,3,17,9,0,50.666666666666664,50,38,37,40,33,5.86,7,1.78,235,5,1,2022,pitcher,50.2,7.105263157894737,1.243421052631579,8.881578947368421,0.825,0.14042553191489365,0.1702127659574468,-0.02978723404255318,0.5294117647058824,6.188213484242365,1.2197287540247828,4.968484730217582,7.889537361796529,Starter,TRUE,-0.029787234042553193,0.4409937888198758,0.0975609756097561,0.39622641509433965,0.04516129032258064,0.6521739130434783,0.25165444509735563,35.09926670584134
55,N McBride,Boise Hawks,5.33,0,4,44,0,4,50.666666666666664,43,35,30,29,64,11.37,6,1.42,224,9,NA,2022,pitcher,50.2,5.151315789473684,1.0657894736842106,7.638157894736843,2.206896551724138,0.2857142857142857,0.12946428571428573,0.15624999999999997,0,6.188213484242365,1.2197287540247828,4.968484730217582,NA,Reliever,TRUE,0.15625,0.6894409937888198,NA,0.8427672955974843,0.8387096774193549,0.6521739130434783,NA,NA
55,D Ragins,Billings Mustangs,8.17,2,3,25,8,0,50.666666666666664,62,49,46,32,52,9.24,3,1.86,252,3,7,2022,pitcher,50.2,5.684210526315789,0.5328947368421053,11.013157894736842,1.625,0.2063492063492063,0.12698412698412698,0.07936507936507936,0.32,6.188213484242365,1.2197287540247828,4.968484730217582,5.994800519691266,Reliever,TRUE,0.07936507936507936,0.2484472049689441,0.5934959349593496,0.34591194968553457,0.4258064516129032,0.6521739130434783,0.4922440269767373,49.53464161860424
58,C Williams,Colorado Springs Sky Sox,6.84,1,4,12,11,0,50,80,46,38,15,34,6.12,6,1.9,248,6,5,2022,pitcher,50,2.7,1.08,14.4,2.2666666666666666,0.13709677419354838,0.06048387096774194,0.07661290322580644,0.9166666666666666,6.188213484242365,1.2197287540247828,4.968484730217582,6.368484730217581,Starter,TRUE,0.07661290322580645,0.391304347826087,0.4796747967479675,0.29559748427672955,0.3935483870967742,0.6459627329192547,0.4557294066580161,47.34376439948096
59,B Knoten,Rocky Mountain Vibes,7.61,1,5,12,11,0,49.666666666666664,78,47,42,22,30,5.44,3,2.01,251,6,10,2022,pitcher,49.2,3.986577181208054,0.5436241610738255,14.134228187919463,1.3636363636363635,0.1195219123505976,0.08764940239043825,0.03187250996015936,0.9166666666666666,6.188213484242365,1.2197287540247828,4.968484730217582,6.478551844311541,Starter,TRUE,0.03187250996015936,0.2919254658385093,0.42276422764227645,0.23270440251572327,0.17419354838709677,0.639751552795031,0.3669663937809333,42.017983626856
60,S Hellinger,Missoula PaddleHeads,2.01,1,1,39,0,17,49.333333333333336,37,11,11,13,74,13.5,NA,1.01,196,3,1,2022,pitcher,49.1,2.3716216216216215,NA,6.75,5.6923076923076925,0.3775510204081632,0.0663265306122449,0.3112244897959183,0,6.188213484242365,1.2197287540247828,4.968484730217582,NA,Reliever,TRUE,0.3112244897959184,0.9627329192546584,NA,0.9748427672955975,0.9935483870967742,0.6273291925465838,NA,NA
60,B Spears,Boise Hawks,7.11,2,3,13,9,0,49.333333333333336,67,47,39,21,46,8.39,6,1.78,238,3,7,2022,pitcher,49.1,3.8310810810810807,1.0945945945945943,12.222972972972972,2.1904761904761907,0.19327731092436976,0.08823529411764706,0.10504201680672268,0.6923076923076923,6.188213484242365,1.2197287540247828,4.968484730217582,6.3874036491365,Starter,TRUE,0.10504201680672269,0.36645962732919257,0.4715447154471545,0.39622641509433965,0.567741935483871,0.6273291925465838,0.49085723776643636,49.45143426598618
62,C Stratton,Ogden Raptors,4.22,5,2,36,2,0,49,47,28,23,22,53,9.73,1,1.41,221,7,3,2022,pitcher,49,4.040816326530612,0.1836734693877551,8.63265306122449,2.409090909090909,0.2398190045248869,0.0995475113122172,0.14027149321266968,0.05555555555555555,6.188213484242365,1.2197287540247828,4.968484730217582,4.6011377914420715,Reliever,TRUE,0.14027149321266968,0.84472049689441,0.967479674796748,0.8616352201257862,0.7483870967741936,0.6211180124223602,0.842708587683632,70.56251526101792
63,K De La Cruz,Colorado Springs Sky Sox,8.69,3,6,12,12,0,48.666666666666664,54,48,47,37,41,7.58,5,1.87,236,9,4,2022,pitcher,48.2,6.842465753424658,0.9246575342465754,9.986301369863014,1.108108108108108,0.17372881355932204,0.15677966101694915,0.01694915254237289,1,6.188213484242365,1.2197287540247828,4.968484730217582,7.146566921998404,Starter,TRUE,0.01694915254237288,0.19875776397515527,0.21951219512195122,0.3333333333333333,0.14193548387096774,0.6149068322981367,0.27157499759730114,36.29449985583807
64,B Smith,Billings Mustangs,5.4,3,1,35,0,0,48.333333333333336,57,39,29,26,49,9.12,8,1.72,232,3,4,2022,pitcher,48.1,4.841379310344827,1.489655172413793,10.613793103448277,1.8846153846153848,0.21120689655172417,0.11206896551724138,0.09913793103448276,0,6.188213484242365,1.2197287540247828,4.968484730217582,6.954691626769305,Reliever,TRUE,0.09913793103448276,0.6521739130434783,0.2682926829268293,0.46540880503144655,0.5483870967741935,0.6086956521739131,0.4526658078113238,47.15994846867943
65,M Quigley,Great Falls Voyagers,4.15,4,0,40,0,13,47.666666666666664,48,24,22,12,44,8.31,3,1.26,206,4,1,2022,pitcher,47.2,2.265734265734266,0.5664335664335665,9.062937062937063,3.6666666666666665,0.21359223300970873,0.05825242718446602,0.1553398058252427,0,6.188213484242365,1.2197287540247828,4.968484730217582,4.758694520427372,Reliever,TRUE,0.1553398058252427,0.8571428571428571,0.9512195121951219,0.9559748427672956,0.832258064516129,0.6024844720496895,0.8614810014368861,71.68886008621317
66,M Harris,Billings Mustangs,4.4,2,0,30,1,0,47,55,25,23,9,45,8.62,5,1.36,197,3,2,2022,pitcher,47,1.7234042553191489,0.9574468085106383,10.53191489361702,5,0.22842639593908629,0.04568527918781726,0.18274111675126903,0.03333333333333333,6.188213484242365,1.2197287540247828,4.968484730217582,5.138697496175029,Reliever,TRUE,0.18274111675126903,0.8260869565217391,0.8861788617886179,0.8930817610062893,0.9096774193548387,0.5962732919254659,0.8390692419541246,70.34415451724747
67,J Cunningham,Billings Mustangs,6.02,1,2,26,3,0,46.333333333333336,62,39,31,14,32,6.22,1,1.64,221,5,6,2022,pitcher,46.1,2.719424460431654,0.19424460431654675,12.0431654676259,2.2857142857142856,0.14479638009049775,0.06334841628959276,0.081447963800905,0.11538461538461539,6.188213484242365,1.2197287540247828,4.968484730217582,5.162729334534128,Reliever,TRUE,0.08144796380090498,0.5527950310559007,0.8699186991869918,0.5974842767295597,0.43870967741935485,0.5900621118012422,0.6668864142601951,60.013184855611705
68,C Thompson,Missoula PaddleHeads,3.35,7,1,37,0,0,45.666666666666664,46,20,17,14,43,8.47,6,1.31,197,7,3,2022,pitcher,45.2,2.759124087591241,1.1824817518248176,9.065693430656935,3.0714285714285716,0.2182741116751269,0.07106598984771574,0.14720812182741116,0,6.188213484242365,1.2197287540247828,4.968484730217582,5.91009056963364,Reliever,TRUE,0.14720812182741116,0.9006211180124224,0.6260162601626016,0.9245283018867925,0.7806451612903226,0.5838509316770186,0.7216591739652005,63.29955043791203
69,R Romano,Idaho Falls Chukars,4.87,3,2,10,7,0,44.333333333333336,50,32,24,13,37,7.51,3,1.42,201,6,2,2022,pitcher,44.1,2.6390977443609023,0.6090225563909775,10.150375939849624,2.8461538461538463,0.18407960199004977,0.06467661691542288,0.11940298507462686,0.7,6.188213484242365,1.2197287540247828,4.968484730217582,5.194048639992018,Starter,TRUE,0.11940298507462686,0.7701863354037267,0.8536585365853658,0.8427672955974843,0.6129032258064516,0.577639751552795,0.7504947023986633,65.0296821439198
70,T Schoeninger,Colorado Springs Sky Sox,9.78,2,5,11,11,0,42.333333333333336,71,54,46,17,31,6.59,6,2.08,218,9,4,2022,pitcher,42.1,3.614173228346457,1.2755905511811023,15.094488188976378,1.8235294117647056,0.14220183486238533,0.0779816513761468,0.06422018348623854,1,6.188213484242365,1.2197287540247828,4.968484730217582,6.8346264625010456,Starter,TRUE,0.06422018348623854,0.14285714285714285,0.3008130081300813,0.15723270440251572,0.3032258064516129,0.5714285714285714,0.3038364921254638,38.23018952752783
71,B Bonvillain,Billings Mustangs,1.73,3,2,41,1,10,41.666666666666664,30,9,8,7,62,13.39,1,0.89,166,3,6,2022,pitcher,41.2,1.512,0.21600000000000005,6.48,8.857142857142858,0.3734939759036144,0.04216867469879518,0.3313253012048193,0.024390243902439025,6.188213484242365,1.2197287540247828,4.968484730217582,3.2404847302175814,Reliever,TRUE,0.3313253012048193,0.968944099378882,1,0.9874213836477987,1,0.5652173913043478,0.9288663619672642,75.73198171803585
72,S Kiley,Billings Mustangs,5.01,3,1,12,7,0,41.333333333333336,40,24,23,19,29,6.31,4,1.43,184,2,6,2022,pitcher,41.1,4.137096774193548,0.8709677419354839,8.709677419354838,1.5263157894736843,0.15760869565217392,0.1032608695652174,0.05434782608695653,0.5833333333333334,6.188213484242365,1.2197287540247828,4.968484730217582,6.637839568927259,Starter,TRUE,0.05434782608695652,0.7577639751552795,0.3821138211382114,0.8364779874213837,0.23225806451612904,0.5590062111801242,0.48046046805095927,48.827628083057554
73,B Demco,Great Falls Voyagers,5.58,4,3,34,0,1,40.333333333333336,31,27,25,36,64,14.28,3,1.66,199,4,13,2022,pitcher,40.1,8.033057851239668,0.6694214876033058,6.917355371900826,1.7777777777777777,0.32160804020100503,0.18090452261306533,0.1407035175879397,0,6.188213484242365,1.2197287540247828,4.968484730217582,6.406501259143202,Reliever,TRUE,0.1407035175879397,0.6149068322981367,0.4634146341463415,0.5534591194968553,0.7548387096774194,0.546583850931677,0.5659031100281781,53.95418660169069
73,T Walker,Idaho Falls Chukars,8.48,3,4,9,9,0,40.333333333333336,56,40,38,17,36,8.03,7,1.81,194,6,4,2022,pitcher,40.1,3.7933884297520657,1.56198347107438,12.49586776859504,2.1176470588235294,0.18556701030927836,0.08762886597938144,0.09793814432989692,1,6.188213484242365,1.2197287540247828,4.968484730217582,7.001542581457251,Starter,TRUE,0.0979381443298969,0.2111801242236025,0.24390243902439024,0.3836477987421384,0.535483870967742,0.546583850931677,0.35668712595081026,41.401227557048614
75,J Gainer,Great Falls Voyagers,4.12,1,6,29,0,2,39.333333333333336,41,30,18,19,32,7.32,4,1.53,178,3,1,2022,pitcher,39.1,4.347457627118644,0.9152542372881356,9.38135593220339,1.6842105263157894,0.1797752808988764,0.10674157303370786,0.07303370786516854,0,6.188213484242365,1.2197287540247828,4.968484730217582,6.1888237132684285,Reliever,TRUE,0.07303370786516854,0.8633540372670807,0.5365853658536586,0.7358490566037735,0.36774193548387096,0.5341614906832298,0.5713947682911615,54.28368609746969
75,L Vanwey,Glacier Range Riders,6.64,2,2,9,9,0,39.333333333333336,47,31,29,21,46,10.53,8,1.73,188,5,5,2022,pitcher,39.1,4.805084745762712,1.830508474576271,10.754237288135592,2.1904761904761907,0.24468085106382975,0.11170212765957446,0.13297872340425532,1,6.188213484242365,1.2197287540247828,4.968484730217582,7.25662032343792,Starter,TRUE,0.13297872340425532,0.42857142857142855,0.18699186991869918,0.4528301886792453,0.6967741935483871,0.5341614906832298,0.40384454343328047,44.23067260599683
77,J Coleman,Glacier Range Riders,6.23,0,3,34,0,6,39,44,28,27,19,53,12.23,3,1.62,181,4,4,2022,pitcher,39,4.384615384615385,0.6923076923076923,10.153846153846152,2.789473684210526,0.292817679558011,0.10497237569060772,0.18784530386740328,0,6.188213484242365,1.2197287540247828,4.968484730217582,5.019766781499633,Reliever,TRUE,0.1878453038674033,0.5279503105590062,0.9186991869918699,0.6289308176100629,0.9161290322580645,0.5279503105590062,0.771983656177069,66.31901937062415
78,N Merkel,Missoula PaddleHeads,2.79,5,1,7,7,0,38.666666666666664,36,16,12,13,33,7.68,2,1.27,166,4,2,2022,pitcher,38.2,3.0258620689655173,0.4655172413793104,8.379310344827587,2.5384615384615383,0.19879518072289157,0.0783132530120482,0.12048192771084336,1,6.188213484242365,1.2197287540247828,4.968484730217582,5.097795075045168,Starter,TRUE,0.12048192771084337,0.9440993788819876,0.9024390243902439,0.949685534591195,0.6258064516129033,0.5217391304347826,0.8009812299353132,68.05887379611879
79,A Cartier,Idaho Falls Chukars,5.26,0,0,24,0,0,37.666666666666664,48,31,22,17,27,6.45,2,1.73,187,3,4,2022,pitcher,37.2,4.061946902654867,0.4778761061946903,11.469026548672566,1.588235294117647,0.1443850267379679,0.09090909090909093,0.053475935828877,0,6.188213484242365,1.2197287540247828,4.968484730217582,5.89768827004059,Reliever,TRUE,0.053475935828877004,0.7018633540372671,0.6422764227642277,0.4528301886792453,0.21935483870967742,0.5093167701863354,0.5277415743490915,51.66449446094549
79,A Edwards,Glacier Range Riders,8.6,0,5,8,8,0,37.666666666666664,52,39,36,18,28,6.69,8,1.86,183,7,2,2022,pitcher,37.2,4.300884955752212,1.9115044247787611,12.424778761061948,1.5555555555555556,0.15300546448087432,0.09836065573770492,0.0546448087431694,1,6.188213484242365,1.2197287540247828,4.968484730217582,7.835741367385723,Starter,TRUE,0.0546448087431694,0.20496894409937888,0.11382113821138211,0.34591194968553457,0.24516129032258063,0.5093167701863354,0.23629476546047956,34.17768592762877
81,C Spear,Great Falls Voyagers,10.13,0,2,20,2,2,37.333333333333336,55,44,42,21,26,6.27,10,2.04,189,8,4,2022,pitcher,37.1,5.0625,2.4107142857142856,13.258928571428571,1.238095238095238,0.13756613756613756,0.1111111111111111,0.02645502645502645,0.1,6.188213484242365,1.2197287540247828,4.968484730217582,9.066699015931867,Reliever,TRUE,0.026455026455026454,0.11180124223602485,0.04065040650406504,0.1949685534591195,0.16129032258064516,0.4968944099378882,0.15931943028975395,29.559165817385235
81,C Wilkerson,Colorado Springs Sky Sox,9.88,0,2,31,0,0,37.333333333333336,45,45,41,47,49,11.81,7,2.46,203,7,1,2022,pitcher,37.1,11.330357142857142,1.6875,10.848214285714285,1.0425531914893618,0.2413793103448276,0.2315270935960591,0.00985221674876848,0,6.188213484242365,1.2197287540247828,4.968484730217582,8.638127587360438,Reliever,TRUE,0.009852216748768473,0.13664596273291926,0.04878048780487805,0.09433962264150944,0.12258064516129032,0.4968944099378882,0.14849334231898137,28.909600539138882
83,T Reynolds,Grand Junction Jackalopes,3.41,0,3,38,0,16,37,41,20,14,11,44,10.7,5,1.41,164,NA,4,2022,pitcher,37,2.675675675675676,1.2162162162162162,9.972972972972974,4,0.2682926829268293,0.06707317073170732,0.20121951219512196,0,6.188213484242365,1.2197287540247828,4.968484730217582,5.563079324812176,Reliever,TRUE,0.20121951219512196,0.8944099378881988,0.7317073170731707,0.8616352201257862,0.9483870967741935,0.4906832298136646,0.7762878433519651,66.5772706011179
84,M Townsend,Grand Junction Jackalopes,7.85,2,2,34,0,0,36.666666666666664,53,34,32,8,39,9.57,6,1.66,172,3,3,2022,pitcher,36.2,1.963636363636364,1.4727272727272729,13.00909090909091,4.875,0.2267441860465116,0.04651162790697674,0.18023255813953487,0,6.188213484242365,1.2197287540247828,4.968484730217582,5.868484730217582,Reliever,TRUE,0.18023255813953487,0.2795031055900621,0.6504065040650406,0.5534591194968553,0.9032258064516129,0.484472049689441,0.6107499481579499,56.64499688947699
85,H DePrimo,Boise Hawks,5.25,2,3,31,1,3,36,47,24,21,14,30,7.5,6,1.69,173,1,1,2022,pitcher,36,3.5,1.5,11.75,2.142857142857143,0.17341040462427745,0.08092485549132948,0.09248554913294796,0.03225806451612903,6.188213484242365,1.2197287540247828,4.968484730217582,6.718484730217582,Reliever,TRUE,0.09248554913294797,0.7080745341614907,0.34146341463414637,0.5157232704402516,0.4838709677419355,0.4720496894409938,0.4619505199864435,47.71703119918661
85,E Rosario,Grand Junction Jackalopes,7.25,1,0,16,3,0,36,50,32,29,24,22,5.5,3,2.06,179,4,4,2022,pitcher,36,6,0.75,12.5,0.9166666666666666,0.12290502793296088,0.1340782122905028,-0.0111731843575419,0.1875,6.188213484242365,1.2197287540247828,4.968484730217582,7.162929174662026,Reliever,TRUE,-0.0111731843575419,0.34782608695652173,0.21138211382113822,0.1761006289308176,0.07096774193548387,0.4720496894409938,0.23933782326826114,34.36026939609567
87,N Boyle,Missoula PaddleHeads,4.54,3,0,18,0,0,35.666666666666664,40,27,18,18,29,7.32,2,1.63,166,9,NA,2022,pitcher,35.2,4.542056074766355,0.5046728971962617,10.093457943925234,1.6111111111111112,0.1746987951807229,0.10843373493975904,0.06626506024096386,0,6.188213484242365,1.2197287540247828,4.968484730217582,NA,Reliever,TRUE,0.06626506024096386,0.8074534161490683,NA,0.610062893081761,0.32903225806451614,0.45962732919254656,NA,NA
87,S Kornstad,Idaho Falls Chukars,8.33,3,3,8,8,0,35.666666666666664,55,40,33,17,19,4.79,6,2.02,179,3,2,2022,pitcher,35.2,4.289719626168225,1.5140186915887852,13.878504672897195,1.1176470588235294,0.10614525139664804,0.09497206703910614,0.0111731843575419,1,6.188213484242365,1.2197287540247828,4.968484730217582,7.688110898441881,Starter,TRUE,0.0111731843575419,0.2360248447204969,0.13008130081300814,0.2138364779874214,0.12903225806451613,0.45962732919254656,0.20357044582380512,32.214226749428306
89,T Brown,Great Falls Voyagers,6.37,0,0,9,8,0,35.333333333333336,38,27,25,21,34,8.66,4,1.67,169,1,4,2022,pitcher,35.1,5.349056603773585,1.018867924528302,9.679245283018869,1.619047619047619,0.20118343195266272,0.1242603550295858,0.07692307692307693,0.8888888888888888,6.188213484242365,1.2197287540247828,4.968484730217582,6.638296050972299,Starter,TRUE,0.07692307692307693,0.4720496894409938,0.37398373983739835,0.5471698113207547,0.4064516129032258,0.4472049689440994,0.42348899840544396,45.409339904326636
89,P Maybach,Billings Mustangs,6.37,1,4,10,7,0,35.333333333333336,51,28,25,15,25,6.37,1,1.87,168,3,1,2022,pitcher,35.1,3.820754716981132,0.25471698113207547,12.990566037735848,1.6666666666666667,0.1488095238095238,0.08928571428571429,0.05952380952380952,0.7,6.188213484242365,1.2197287540247828,4.968484730217582,5.279805484934562,Starter,TRUE,0.05952380952380952,0.4720496894409938,0.8211382113821138,0.3333333333333333,0.2709677419354839,0.4472049689440994,0.5538703650310397,53.23222190186238
91,A Smith,Grand Junction Jackalopes,10.03,2,4,10,6,0,35,60,45,39,17,34,8.74,7,2.2,182,3,2,2022,pitcher,35,4.371428571428571,1.8,15.428571428571429,2,0.1868131868131868,0.0934065934065934,0.0934065934065934,0.6,6.188213484242365,1.2197287540247828,4.968484730217582,7.254199015931867,Starter,TRUE,0.09340659340659341,0.13043478260869565,0.1951219512195122,0.14465408805031446,0.5032258064516129,0.4409937888198758,0.27887363629744466,36.73241817784668
92,M Sparks,Missoula PaddleHeads,6.75,3,1,7,7,0,34.666666666666664,49,30,26,5,15,3.89,5,1.56,158,1,NA,2022,pitcher,34.2,1.2980769230769231,1.2980769230769231,12.721153846153848,3,0.0949367088607595,0.03164556962025317,0.06329113924050633,1,6.188213484242365,1.2197287540247828,4.968484730217582,NA,Starter,TRUE,0.06329113924050633,0.4161490683229814,NA,0.710691823899371,0.2903225806451613,0.43478260869565216,NA,NA
93,P Bayer,Rocky Mountain Vibes,8.13,3,4,26,0,1,34.333333333333336,36,35,31,34,53,13.89,NA,2.04,177,13,5,2022,pitcher,34.1,8.9126213592233,NA,9.436893203883496,1.5588235294117647,0.2994350282485876,0.192090395480226,0.1073446327683616,0,6.188213484242365,1.2197287540247828,4.968484730217582,NA,Reliever,TRUE,0.10734463276836158,0.2546583850931677,NA,0.1949685534591195,0.5806451612903226,0.42857142857142855,NA,NA
94,C Benton,Colorado Springs Sky Sox,8.74,3,3,28,0,3,34,43,39,33,21,37,9.79,7,1.88,166,4,2,2022,pitcher,34,5.5588235294117645,1.8529411764705883,11.382352941176473,1.761904761904762,0.22289156626506024,0.12650602409638553,0.0963855421686747,0,6.188213484242365,1.2197287540247828,4.968484730217582,7.497896494923464,Reliever,TRUE,0.0963855421686747,0.18012422360248448,0.15447154471544716,0.3081761006289308,0.5225806451612903,0.39751552795031053,0.28376831971424926,37.026099182854956
94,M Cirino,Ogden Raptors,7.41,0,1,34,0,0,34,47,30,28,13,36,9.53,6,1.76,165,1,6,2022,pitcher,34,3.4411764705882355,1.588235294117647,12.441176470588236,2.769230769230769,0.21818181818181817,0.07878787878787878,0.1393939393939394,0,6.188213484242365,1.2197287540247828,4.968484730217582,6.8214259066881695,Reliever,TRUE,0.1393939393939394,0.32919254658385094,0.3089430894308943,0.42138364779874216,0.7419354838709677,0.39751552795031053,0.42310890850654975,45.386534510392984
94,J Ibarra,Grand Junction Jackalopes,2.38,2,0,20,1,0,34,29,13,9,16,40,10.59,NA,1.32,148,5,1,2022,pitcher,34,4.235294117647059,NA,7.676470588235294,2.5,0.2702702702702703,0.10810810810810811,0.16216216216216217,0.05,6.188213484242365,1.2197287540247828,4.968484730217582,NA,Reliever,TRUE,0.16216216216216217,0.9565217391304348,NA,0.9182389937106918,0.8580645161290322,0.39751552795031053,NA,NA
94,M Pozo,Rocky Mountain Vibes,3.97,0,1,31,0,10,34,42,19,15,11,47,12.44,2,1.56,161,4,5,2022,pitcher,34,2.911764705882353,0.5294117647058824,11.117647058823527,4.2727272727272725,0.2919254658385093,0.06832298136645963,0.22360248447204967,0,6.188213484242365,1.2197287540247828,4.968484730217582,4.380249436099935,Reliever,TRUE,0.2236024844720497,0.8757763975155279,0.983739837398374,0.710691823899371,0.9806451612903225,0.39751552795031053,0.851687938427227,71.10127630563362
94,A Steinfort,Glacier Range Riders,3.97,3,1,33,0,4,34,31,15,15,18,28,7.41,4,1.44,146,4,NA,2022,pitcher,34,4.764705882352941,1.0588235294117647,8.205882352941176,1.5555555555555556,0.1917808219178082,0.1232876712328767,0.0684931506849315,0,6.188213484242365,1.2197287540247828,4.968484730217582,NA,Reliever,TRUE,0.0684931506849315,0.8757763975155279,NA,0.8113207547169812,0.3419354838709677,0.39751552795031053,NA,NA
99,L Bender,Idaho Falls Chukars,5.88,1,0,29,0,0,33.666666666666664,37,24,22,25,38,10.16,1,1.84,172,11,7,2022,pitcher,33.2,6.683168316831684,0.26732673267326734,9.891089108910892,1.52,0.2209302325581395,0.1453488372093023,0.0755813953488372,0,6.188213484242365,1.2197287540247828,4.968484730217582,5.948682750019562,Reliever,TRUE,0.0755813953488372,0.5838509316770186,0.6097560975609756,0.3710691823899371,0.3870967741935484,0.391304347826087,0.5047020040275595,50.28212024165357
100,B McCabe,Ogden Raptors,6.48,3,3,27,0,0,33.333333333333336,32,26,24,26,45,12.15,3,1.74,156,7,1,2022,pitcher,33.1,7.02,0.8099999999999999,8.639999999999999,1.7307692307692308,0.28846153846153844,0.16666666666666666,0.12179487179487178,0,6.188213484242365,1.2197287540247828,4.968484730217582,5.868484730217581,Reliever,TRUE,0.12179487179487179,0.4472049689440994,0.6585365853658537,0.4276729559748428,0.632258064516129,0.37888198757763975,0.5565465861253124,53.39279516751874
100,G Young,Colorado Springs Sky Sox,2.97,1,0,30,1,4,33.333333333333336,30,13,11,18,20,5.4,1,1.44,147,6,3,2022,pitcher,33.1,4.859999999999999,0.26999999999999996,8.1,1.1111111111111112,0.1360544217687075,0.12244897959183672,0.01360544217687076,0.03333333333333333,6.188213484242365,1.2197287540247828,4.968484730217582,6.048484730217582,Reliever,TRUE,0.013605442176870748,0.937888198757764,0.5609756097560976,0.8113207547169812,0.13548387096774195,0.37888198757763975,0.5301346215179961,51.80807729107976
102,M Peterson,Boise Hawks,6.27,1,3,14,2,1,33,46,27,23,7,26,7.09,1,1.61,151,1,1,2022,pitcher,33,1.9090909090909092,0.2727272727272727,12.545454545454543,3.7142857142857144,0.17218543046357615,0.04635761589403973,0.1258278145695364,0.14285714285714285,6.188213484242365,1.2197287540247828,4.968484730217582,4.5139392756721275,Reliever,TRUE,0.12582781456953643,0.5093167701863354,0.975609756097561,0.6415094339622641,0.6645161290322581,0.37267080745341613,0.7195962082876652,63.17577249725991
103,D Baird,Rocky Mountain Vibes,7.16,4,2,9,5,0,32.666666666666664,46,28,26,11,30,8.27,4,1.74,152,5,2,2022,pitcher,32.2,3.0306122448979593,1.1020408163265307,12.673469387755103,2.727272727272727,0.1973684210526316,0.07236842105263158,0.125,0.5555555555555556,6.188213484242365,1.2197287540247828,4.968484730217582,5.917464322054316,Starter,TRUE,0.125,0.36024844720496896,0.6178861788617886,0.4276729559748428,0.6580645161290323,0.35403726708074534,0.5286775275108634,51.7206516506518
103,S Davis,Rocky Mountain Vibes,5.79,3,2,29,0,2,32.666666666666664,40,23,21,17,49,13.5,4,1.74,150,6,4,2022,pitcher,32.2,4.683673469387755,1.1020408163265307,11.020408163265309,2.8823529411764706,0.32666666666666666,0.11333333333333331,0.21333333333333332,0,6.188213484242365,1.2197287540247828,4.968484730217582,5.488892893482888,Reliever,TRUE,0.21333333333333335,0.5962732919254659,0.7723577235772358,0.4276729559748428,0.9612903225806452,0.35403726708074534,0.6865150333954393,61.19090200372636
103,C Grant-Debose,Great Falls Voyagers,9.64,1,3,10,5,0,32.666666666666664,50,39,35,16,20,5.51,4,2.02,162,5,2,2022,pitcher,32.2,4.408163265306123,1.1020408163265307,13.775510204081634,1.25,0.12345679012345678,0.09876543209876544,0.02469135802469135,0.5,6.188213484242365,1.2197287540247828,4.968484730217582,6.988892893482888,Starter,TRUE,0.024691358024691357,0.14906832298136646,0.25203252032520324,0.2138364779874214,0.15483870967741936,0.35403726708074534,0.2286302363736241,33.71781418241744
106,T Wyatt,Idaho Falls Chukars,8.91,1,1,17,2,0,32.333333333333336,46,32,32,28,43,11.97,10,2.29,172,6,4,2022,pitcher,32.1,7.793814432989691,2.783505154639175,12.804123711340203,1.5357142857142858,0.25,0.16279069767441862,0.08720930232558138,0.11764705882352941,6.188213484242365,1.2197287540247828,4.968484730217582,9.298381637434076,Reliever,TRUE,0.0872093023255814,0.17391304347826086,0.024390243902439025,0.1320754716981132,0.45806451612903226,0.34782608695652173,0.19283741752181077,31.570245051308646
107,C Griffin,Colorado Springs Sky Sox,5.34,2,2,29,1,9,32,35,22,19,18,38,10.69,1,1.66,151,8,5,2022,pitcher,32,5.0625,0.28125,9.84375,2.111111111111111,0.25165562913907286,0.11920529801324505,0.13245033112582782,0.034482758620689655,6.188213484242365,1.2197287540247828,4.968484730217582,5.155984730217582,Reliever,TRUE,0.13245033112582782,0.6645962732919255,0.8780487804878049,0.5534591194968553,0.6903225806451613,0.32298136645962733,0.6927665862365726,61.565995174194356
107,E McRae,Billings Mustangs,4.22,3,1,6,6,0,32,35,17,15,10,17,4.78,2,1.41,140,1,1,2022,pitcher,32,2.8125,0.5625,9.84375,1.7,0.12142857142857144,0.07142857142857142,0.05,1,6.188213484242365,1.2197287540247828,4.968484730217582,5.749734730217582,Starter,TRUE,0.05,0.84472049689441,0.6910569105691057,0.8616352201257862,0.2129032258064516,0.32298136645962733,0.5803222109046168,54.819332654277005
107,Z Smith,Missoula PaddleHeads,7.88,1,1,15,1,0,32,46,28,28,15,29,8.16,2,1.91,151,8,1,2022,pitcher,32,4.21875,0.5625,12.9375,1.9333333333333331,0.1920529801324503,0.09933774834437084,0.09271523178807949,0.06666666666666667,6.188213484242365,1.2197287540247828,4.968484730217582,5.468484730217582,Reliever,TRUE,0.09271523178807947,0.2670807453416149,0.7804878048780488,0.2893081761006289,0.49032258064516127,0.32298136645962733,0.527699772460501,51.66198634763006
107,D Swain,Missoula PaddleHeads,3.94,2,1,28,0,1,32,27,14,14,25,48,13.5,2,1.63,146,2,1,2022,pitcher,32,7.03125,0.5625,7.59375,1.92,0.3287671232876712,0.17123287671232876,0.15753424657534246,0,6.188213484242365,1.2197287540247828,4.968484730217582,5.218484730217582,Reliever,TRUE,0.15753424657534246,0.8881987577639752,0.8455284552845529,0.610062893081761,0.8451612903225807,0.32298136645962733,0.7499269481200538,64.99561688720323
111,A Valle,Rocky Mountain Vibes,7.47,1,1,17,4,0,31.333333333333332,43,33,26,18,39,11.2,3,1.95,157,7,2,2022,pitcher,31.1,5.170212765957447,0.8617021276595745,12.351063829787234,2.1666666666666665,0.2484076433121019,0.11464968152866242,0.1337579617834395,0.23529411764705882,6.188213484242365,1.2197287540247828,4.968484730217582,5.638697496175029,Reliever,TRUE,0.1337579617834395,0.32298136645962733,0.7073170731707317,0.27672955974842767,0.7096774193548387,0.3167701863354037,0.5484980020333579,52.90988012200147
112,A Garcia,Great Falls Voyagers,10.74,1,5,7,7,0,31,51,38,37,22,31,9,3,2.35,168,8,5,2022,pitcher,31,6.387096774193548,0.8709677419354839,14.806451612903226,1.4090909090909092,0.1845238095238095,0.13095238095238096,0.05357142857142857,1,6.188213484242365,1.2197287540247828,4.968484730217582,6.839452472153066,Starter,TRUE,0.05357142857142857,0.09937888198757763,0.2926829268292683,0.11320754716981132,0.22580645161290322,0.30434782608695654,0.2341142219824492,34.04685331894695
112,D Pearce,Ogden Raptors,6.39,1,1,16,4,4,31,50,25,22,14,34,9.87,4,2.06,153,4,2,2022,pitcher,31,4.064516129032258,1.1612903225806452,14.516129032258064,2.4285714285714284,0.2222222222222222,0.0915032679738562,0.130718954248366,0.25,6.188213484242365,1.2197287540247828,4.968484730217582,6.000742794733711,Reliever,TRUE,0.13071895424836602,0.4658385093167702,0.5853658536585366,0.1761006289308176,0.6838709677419355,0.30434782608695654,0.5040585482154425,50.243512892926546
114,C Costello,Boise Hawks,5.93,3,2,6,5,0,30.333333333333332,42,24,20,19,20,5.93,3,2.01,149,3,2,2022,pitcher,30.1,5.637362637362638,0.8901098901098902,12.461538461538462,1.0526315789473684,0.1342281879194631,0.12751677852348994,0.00671140939597314,0.8333333333333334,6.188213484242365,1.2197287540247828,4.968484730217582,7.012440774173626,Starter,TRUE,0.006711409395973154,0.5652173913043478,0.23577235772357724,0.23270440251572327,0.11612903225806452,0.2857142857142857,0.26844494134541114,36.106696480724665
114,D Day,Glacier Range Riders,5.34,0,2,12,3,0,30.333333333333332,23,18,18,20,44,13.05,3,1.42,139,2,7,2022,pitcher,30.1,5.934065934065934,0.8901098901098902,6.824175824175825,2.2,0.31654676258992803,0.14388489208633093,0.1726618705035971,0.25,6.188213484242365,1.2197287540247828,4.968484730217582,6.023429785162636,Reliever,TRUE,0.17266187050359713,0.6645962732919255,0.5772357723577236,0.8427672955974843,0.8838709677419355,0.2857142857142857,0.6344918159021566,58.0695089541294
114,G Fletcher,Rocky Mountain Vibes,5.04,2,2,6,6,0,30.333333333333332,40,18,17,11,20,5.93,3,1.68,138,3,3,2022,pitcher,30.1,3.2637362637362637,0.8901098901098902,11.868131868131869,1.818181818181818,0.14492753623188406,0.07971014492753623,0.06521739130434784,1,6.188213484242365,1.2197287540247828,4.968484730217582,6.320133081865933,Starter,TRUE,0.06521739130434782,0.7453416149068323,0.4878048780487805,0.5345911949685535,0.3161290322580645,0.2857142857142857,0.46646526226114815,47.98791573566889
117,J Parisi,Grand Junction Jackalopes,4.5,1,0,6,6,0,30,33,17,15,12,27,8.1,3,1.5,131,NA,NA,2022,pitcher,30,3.6,0.9,9.9,2.25,0.20610687022900764,0.0916030534351145,0.11450381679389314,1,6.188213484242365,1.2197287540247828,4.968484730217582,NA,Starter,TRUE,0.11450381679389313,0.8136645962732919,NA,0.7610062893081762,0.6064516129032258,0.2795031055900621,NA,NA
118,N Draves,Rocky Mountain Vibes,5.46,3,0,23,0,0,29.666666666666668,48,18,18,14,39,11.83,2,2.09,150,5,2,2022,pitcher,29.2,4.247191011235955,0.6067415730337078,14.561797752808989,2.7857142857142856,0.26,0.09333333333333334,0.16666666666666669,0,6.188213484242365,1.2197287540247828,4.968484730217582,4.833653269543424,Reliever,TRUE,0.16666666666666666,0.6211180124223602,0.9349593495934959,0.1509433962264151,0.8709677419354839,0.2670807453416149,0.6965014415117329,61.79008649070397
118,T Elliott,Missoula PaddleHeads,3.03,1,0,21,0,0,29.666666666666668,28,15,10,19,30,9.1,1,1.58,131,2,2,2022,pitcher,29.2,5.764044943820225,0.3033707865168539,8.49438202247191,1.5789473684210529,0.22900763358778625,0.1450381679389313,0.08396946564885496,0,6.188213484242365,1.2197287540247828,4.968484730217582,5.507810572914211,Reliever,TRUE,0.08396946564885496,0.9254658385093167,0.7560975609756098,0.6855345911949685,0.45161290322580644,0.2670807453416149,0.6401970517325418,58.41182310395251
120,B Barnett,Billings Mustangs,5.97,3,2,22,0,0,28.666666666666668,30,22,19,23,21,6.59,NA,1.85,137,4,2,2022,pitcher,28.2,7.220930232558139,NA,9.41860465116279,0.9130434782608696,0.15328467153284672,0.1678832116788321,-0.01459854014598538,0,6.188213484242365,1.2197287540247828,4.968484730217582,NA,Reliever,TRUE,-0.014598540145985401,0.5590062111801242,NA,0.3584905660377358,0.06451612903225806,0.2546583850931677,NA,NA
120,C Grant-Debose,Colorado Springs Sky Sox,5.34,1,2,19,1,0,28.666666666666668,37,26,17,17,30,9.42,7,1.88,149,3,4,2022,pitcher,28.2,5.337209302325581,2.197674418604651,11.616279069767442,1.7647058823529411,0.20134228187919465,0.11409395973154364,0.08724832214765099,0.05263157894736842,6.188213484242365,1.2197287540247828,4.968484730217582,8.247554497659442,Reliever,TRUE,0.087248322147651,0.6645962732919255,0.06504065040650407,0.3081761006289308,0.4645161290322581,0.2546583850931677,0.2876252947897103,37.25751768738262
122,R Monsion,Missoula PaddleHeads,7.07,3,1,8,7,0,28,43,29,22,13,22,7.07,6,2,142,3,4,2022,pitcher,28,4.178571428571429,1.9285714285714288,13.821428571428571,1.6923076923076923,0.15492957746478872,0.09154929577464788,0.06338028169014083,0.875,6.188213484242365,1.2197287540247828,4.968484730217582,8.004199015931867,Starter,TRUE,0.06338028169014084,0.38509316770186336,0.08943089430894309,0.24528301886792453,0.2967741935483871,0.2484472049689441,0.21468655422066824,32.88119325324009
123,J Correa,Billings Mustangs,4.23,4,0,10,2,0,27.666666666666668,20,17,13,7,22,7.16,1,0.98,112,4,7,2022,pitcher,27.2,2.2771084337349397,0.3253012048192771,6.506024096385542,3.142857142857143,0.19642857142857145,0.0625,0.13392857142857142,0.2,6.188213484242365,1.2197287540247828,4.968484730217582,5.366075091663364,Reliever,TRUE,0.13392857142857142,0.8322981366459627,0.7886178861788617,0.9811320754716981,0.7161290322580646,0.2422360248447205,0.7179662926939299,63.07797756163579
124,C Schultz,Missoula PaddleHeads,8.33,2,1,8,6,0,27,39,27,25,7,25,8.33,3,1.7,131,9,NA,2022,pitcher,27,2.3333333333333335,1,13,3.5714285714285716,0.19083969465648856,0.05343511450381679,0.13740458015267176,0.75,6.188213484242365,1.2197287540247828,4.968484730217582,NA,Starter,TRUE,0.13740458015267176,0.2360248447204969,NA,0.4968553459119497,0.7354838709677419,0.2360248447204969,NA,NA
125,S Duprey,Ogden Raptors,7.52,1,1,9,5,0,26.333333333333332,33,26,22,15,26,8.89,2,1.82,133,5,7,2022,pitcher,26.1,5.126582278481013,0.6835443037974683,11.278481012658228,1.7333333333333334,0.19548872180451127,0.11278195488721804,0.08270676691729323,0.5555555555555556,6.188213484242365,1.2197287540247828,4.968484730217582,6.487472071989734,Starter,TRUE,0.08270676691729323,0.3105590062111801,0.4146341463414634,0.37735849056603776,0.44516129032258067,0.22981366459627328,0.3736776662788233,42.4206599767294
4,P Adams,Ogden Raptors,0,0,0,1,0,0,1,1,NA,NA,1,NA,0,NA,2,5,NA,NA,2022,pitcher,1,9,NA,9,NA,NA,0.2,NA,0,6.188213484242365,1.2197287540247828,4.968484730217582,NA,Reliever,TRUE,NA,0.9813664596273292,NA,0.24528301886792453,NA,0.018633540372670808,NA,NA
7,J Ajamian,Boise Hawks,3,1,0,1,1,0,6,6,3,2,2,6,9,NA,1.33,26,NA,NA,2022,pitcher,6,3,NA,9,3,0.2307692307692308,0.07692307692307693,0.15384615384615383,1,6.188213484242365,1.2197287540247828,4.968484730217582,NA,Starter,TRUE,0.15384615384615385,0.9316770186335404,NA,0.9056603773584906,0.8193548387096774,0.11801242236024845,NA,NA
12,P Alfonseca,Rocky Mountain Vibes,13.97,0,0,7,0,0,9.666666666666666,14,15,15,16,9,8.38,NA,3.1,59,3,1,2022,pitcher,9.2,14.896551724137932,NA,13.03448275862069,0.5625,0.15254237288135594,0.2711864406779661,-0.11864406779661016,0,6.188213484242365,1.2197287540247828,4.968484730217582,NA,Reliever,TRUE,-0.11864406779661017,0.07453416149068323,NA,0.0440251572327044,0.01935483870967742,0.15527950310559005,NA,NA
16,G Alvarez,Rocky Mountain Vibes,9.58,0,2,9,2,1,20.666666666666668,33,22,22,9,23,10.02,3,2.03,102,NA,NA,2022,pitcher,20.2,3.919354838709677,1.3064516129032258,14.370967741935482,2.5555555555555554,0.22549019607843135,0.08823529411764706,0.13725490196078433,0.2222222222222222,6.188213484242365,1.2197287540247828,4.968484730217582,NA,Reliever,TRUE,0.13725490196078433,0.15527950310559005,NA,0.20754716981132076,0.7290322580645161,0.2111801242236025,NA,NA
19,J Asa,Idaho Falls Chukars,21.6,0,0,2,0,0,1.6666666666666663,4,7,4,5,2,10.8,NA,5.4,16,NA,1,2022,pitcher,1.2,27.000000000000004,NA,21.6,0.4,0.125,0.3125,-0.1875,0,6.188213484242365,1.2197287540247828,4.968484730217582,NA,Reliever,TRUE,-0.1875,0.031055900621118012,NA,0.012578616352201259,0,0.043478260869565216,NA,NA
20,A Atwood,Great Falls Voyagers,5.06,0,0,6,0,0,5.333333333333333,9,3,3,2,1,1.69,NA,2.06,27,NA,1,2022,pitcher,5.1,3.375,NA,15.1875,0.5,0.03703703703703703,0.07407407407407407,-0.03703703703703703,0,6.188213484242365,1.2197287540247828,4.968484730217582,NA,Reliever,TRUE,-0.037037037037037035,0.7391304347826086,NA,0.1761006289308176,0.03870967741935484,0.10559006211180125,NA,NA
21,J Baggs,Boise Hawks,5.93,0,0,6,0,0,13.666666666666666,10,11,9,13,17,11.2,NA,1.68,69,4,5,2022,pitcher,13.2,8.560975609756097,NA,6.585365853658537,1.3076923076923077,0.2463768115942029,0.18840579710144928,0.05797101449275363,0,6.188213484242365,1.2197287540247828,4.968484730217582,NA,Reliever,TRUE,0.057971014492753624,0.5652173913043478,NA,0.5345911949685535,0.2645161290322581,0.18633540372670807,NA,NA
39,J Beuckelaere,Glacier Range Riders,10.13,0,1,4,0,0,5.333333333333333,9,6,6,1,5,8.44,NA,1.88,27,1,1,2022,pitcher,5.1,1.6875,NA,15.1875,5,0.18518518518518515,0.03703703703703703,0.14814814814814814,0,6.188213484242365,1.2197287540247828,4.968484730217582,NA,Reliever,TRUE,0.14814814814814814,0.11180124223602485,NA,0.3081761006289308,0.7870967741935484,0.10559006211180125,NA,NA
40,M Biasiello,Glacier Range Riders,4.85,0,0,7,0,0,13,17,7,7,3,16,11.08,3,1.54,59,NA,1,2022,pitcher,13,2.076923076923077,2.076923076923077,11.76923076923077,5.333333333333333,0.2711864406779661,0.05084745762711865,0.22033898305084745,0,6.188213484242365,1.2197287540247828,4.968484730217582,6.430023191756043,Reliever,TRUE,0.22033898305084745,0.7763975155279503,0.45528455284552843,0.7295597484276729,0.9741935483870968,0.17391304347826086,0.5924550895093297,55.54730537055978
41,D Binder,Rocky Mountain Vibes,0,0,0,1,0,0,2,NA,NA,NA,1,2,9,NA,0.5,6,NA,NA,2022,pitcher,2,4.5,NA,NA,2,0.3333333333333333,0.16666666666666666,0.16666666666666666,0,6.188213484242365,1.2197287540247828,4.968484730217582,NA,Reliever,TRUE,0.16666666666666666,0.9813664596273292,NA,1,0.8709677419354839,0.055900621118012424,NA,NA
43,M Blaise,Ogden Raptors,6.75,0,0,1,0,0,1.3333333333333333,1,1,1,1,1,6.75,NA,1.5,6,NA,1,2022,pitcher,1.1,6.75,NA,6.75,1,0.16666666666666666,0.16666666666666666,0,0,6.188213484242365,1.2197287540247828,4.968484730217582,NA,Reliever,TRUE,0,0.4161490683229814,NA,0.7610062893081762,0.08387096774193549,0.031055900621118012,NA,NA
49,J Bolt,Colorado Springs Sky Sox,13.5,0,0,2,0,0,3.3333333333333335,6,5,5,4,3,8.1,2,3,19,1,NA,2022,pitcher,3.1,10.8,5.3999999999999995,16.2,0.75,0.15789473684210523,0.21052631578947367,-0.05263157894736842,0,6.188213484242365,1.2197287540247828,4.968484730217582,NA,Reliever,TRUE,-0.05263157894736842,0.08074534161490683,NA,0.05660377358490566,0.03225806451612903,0.08074534161490683,NA,NA
50,M Bono,Grand Junction Jackalopes,8.44,0,0,8,0,0,10.666666666666666,19,11,10,6,14,11.81,1,2.34,56,1,1,2022,pitcher,10.2,5.0625,0.84375,16.03125,2.3333333333333335,0.25,0.10714285714285714,0.14285714285714285,0,6.188213484242365,1.2197287540247828,4.968484730217582,5.530984730217582,Reliever,TRUE,0.14285714285714285,0.2236024844720497,0.7479674796747967,0.12578616352201258,0.7741935483870968,0.16770186335403728,0.5252999700734524,51.51799820440715
54,N Boudreau,Boise Hawks,16.2,0,0,2,0,0,1.6666666666666663,1,3,3,2,2,10.8,NA,1.8,9,1,1,2022,pitcher,1.2,10.8,NA,5.4,1,0.2222222222222222,0.2222222222222222,0,0,6.188213484242365,1.2197287540247828,4.968484730217582,NA,Reliever,TRUE,0,0.055900621118012424,NA,0.389937106918239,0.08387096774193549,0.043478260869565216,NA,NA
57,S Brewer,Idaho Falls Chukars,20.57,0,0,3,2,0,7,15,16,16,12,8,10.29,1,3.86,50,2,1,2022,pitcher,7,15.428571428571429,1.2857142857142858,19.285714285714285,0.6666666666666666,0.16,0.24,-0.07999999999999999,0.6666666666666666,6.188213484242365,1.2197287540247828,4.968484730217582,10.111341873074725,Starter,TRUE,-0.08,0.037267080745341616,0.016260162601626018,0.031446540880503145,0.025806451612903226,0.13043478260869565,0.03996528895438696,22.397917337263216
64,V Buelna,Rocky Mountain Vibes,11.57,1,0,5,0,0,9.333333333333334,16,12,12,6,8,7.71,1,2.36,49,NA,1,2022,pitcher,9.1,5.785714285714286,0.9642857142857142,15.428571428571429,1.3333333333333333,0.16326530612244897,0.12244897959183672,0.04081632653061223,0,6.188213484242365,1.2197287540247828,4.968484730217582,6.89705615878901,Reliever,TRUE,0.04081632653061224,0.09316770186335403,0.2764227642276423,0.1069182389937107,0.1935483870967742,0.14906832298136646,0.1963060107364909,31.778360644189455
68,S Burto,Ogden Raptors,6.05,3,0,4,4,0,19.333333333333332,21,13,13,12,12,5.59,4,1.71,92,2,6,2022,pitcher,19.1,5.586206896551724,1.8620689655172415,9.775862068965518,1,0.13043478260869565,0.13043478260869565,0,1,6.188213484242365,1.2197287540247828,4.968484730217582,9.209864040562408,Starter,TRUE,0,0.546583850931677,0.032520325203252036,0.48427672955974843,0.08387096774193549,0.19875776397515527,0.1900112388216876,31.400674329301257
69,M Cabeza,Boise Hawks,14.54,0,0,6,0,1,8.666666666666666,18,15,14,5,8,8.31,3,2.65,48,2,NA,2022,pitcher,8.2,5.1923076923076925,3.1153846153846154,18.692307692307693,1.6,0.16666666666666666,0.10416666666666669,0.06249999999999998,0,6.188213484242365,1.2197287540247828,4.968484730217582,NA,Reliever,TRUE,0.0625,0.06832298136645963,NA,0.0880503144654088,0.2838709677419355,0.14285714285714285,NA,NA
71,C Campbell,Ogden Raptors,18,0,1,4,0,0,6,14,12,12,4,3,4.5,2,3,35,NA,2,2022,pitcher,6,6,3,21,0.75,0.08571428571428572,0.11428571428571428,-0.02857142857142856,0,6.188213484242365,1.2197287540247828,4.968484730217582,11.301818063550916,Reliever,TRUE,-0.02857142857142857,0.043478260869565216,0.008130081300813009,0.05660377358490566,0.05161290322580645,0.11801242236024845,0.043458593008449106,22.607515580506945
72,U Cantu,Rocky Mountain Vibes,27,0,0,1,0,0,0.3333333333333333,3,1,1,NA,NA,0,NA,9,4,NA,NA,2022,pitcher,0.1,NA,NA,81,NA,NA,NA,NA,0,6.188213484242365,1.2197287540247828,4.968484730217582,NA,Reliever,TRUE,NA,0.012422360248447204,NA,0.006289308176100629,NA,0.006211180124223602,NA,NA
74,P Carreno,Rocky Mountain Vibes,108,0,0,1,0,0,1,13,12,12,NA,1,9,NA,13,18,NA,2,2022,pitcher,1,NA,NA,117,NA,0.05555555555555555,NA,NA,0,6.188213484242365,1.2197287540247828,4.968484730217582,NA,Reliever,TRUE,NA,0,NA,0,NA,0.018633540372670808,NA,NA
77,M Castillo,Grand Junction Jackalopes,7.56,0,0,9,0,0,8.333333333333334,4,7,7,6,9,9.72,NA,1.2,37,NA,NA,2022,pitcher,8.1,6.4799999999999995,NA,4.319999999999999,1.5,0.24324324324324328,0.16216216216216217,0.08108108108108109,0,6.188213484242365,1.2197287540247828,4.968484730217582,NA,Reliever,TRUE,0.08108108108108109,0.30434782608695654,NA,0.9622641509433962,0.432258064516129,0.13664596273291926,NA,NA
78,A Castro,Great Falls Voyagers,10.13,2,2,7,4,0,18.666666666666668,30,26,21,12,14,6.75,3,2.25,98,5,4,2022,pitcher,18.2,5.785714285714286,1.4464285714285714,14.464285714285714,1.1666666666666667,0.14285714285714285,0.12244897959183672,0.02040816326530611,0.5714285714285714,6.188213484242365,1.2197287540247828,4.968484730217582,8.129199015931867,Starter,TRUE,0.02040816326530612,0.11180124223602485,0.08130081300813008,0.13836477987421383,0.14838709677419354,0.19254658385093168,0.12168639645855561,27.301183787513338
79,T Caulfield,Rocky Mountain Vibes,8.72,0,0,10,0,0,21.666666666666668,34,25,21,17,16,6.65,NA,2.35,118,3,3,2022,pitcher,21.2,7.061538461538461,NA,14.123076923076924,0.9411764705882352,0.13559322033898305,0.1440677966101695,-0.00847457627118644,0,6.188213484242365,1.2197287540247828,4.968484730217582,NA,Reliever,TRUE,-0.00847457627118644,0.18633540372670807,NA,0.11320754716981132,0.07741935483870968,0.21739130434782608,NA,NA
80,T Chapman,Colorado Springs Sky Sox,16.2,0,1,6,0,0,5,12,9,9,6,8,14.4,3,3.6,31,4,NA,2022,pitcher,5,10.8,5.4,21.6,1.3333333333333333,0.25806451612903225,0.1935483870967742,0.06451612903225806,0,6.188213484242365,1.2197287540247828,4.968484730217582,NA,Reliever,TRUE,0.06451612903225806,0.055900621118012424,NA,0.03773584905660377,0.3096774193548387,0.09316770186335403,NA,NA
81,E Chavarria,Missoula PaddleHeads,27,0,0,1,0,0,1.3333333333333333,2,4,4,2,1,6.75,1,3,8,NA,1,2022,pitcher,1.1,13.5,6.75,13.5,0.5,0.125,0.25,-0.125,0,6.188213484242365,1.2197287540247828,4.968484730217582,19.968484730217583,Reliever,TRUE,-0.125,0.012422360248447204,0,0.05660377358490566,0.012903225806451613,0.031055900621118012,0.01476276165021567,20.88576569901294
82,P Chung,Missoula PaddleHeads,36,0,1,1,1,0,2,8,8,8,1,1,4.5,NA,4.5,16,NA,1,2022,pitcher,2,4.5,NA,36,1,0.0625,0.0625,0,1,6.188213484242365,1.2197287540247828,4.968484730217582,NA,Starter,TRUE,0,0.006211180124223602,NA,0.018867924528301886,0.08387096774193549,0.055900621118012424,NA,NA
84,N Cicci,Missoula PaddleHeads,0,0,0,1,0,0,0.3333333333333333,NA,NA,NA,NA,NA,0,NA,NA,1,NA,NA,2022,pitcher,0.1,NA,NA,NA,NA,NA,NA,NA,0,6.188213484242365,1.2197287540247828,4.968484730217582,NA,Reliever,TRUE,NA,0.9813664596273292,NA,NA,NA,0.006211180124223602,NA,NA
87,V Cole,Boise Hawks,17.69,0,2,3,3,0,9.666666666666666,24,22,19,6,6,5.59,1,3.1,61,NA,2,2022,pitcher,9.2,5.586206896551724,0.9310344827586208,22.344827586206897,1,0.09836065573770492,0.09836065573770492,0,1,6.188213484242365,1.2197287540247828,4.968484730217582,7.554691626769306,Starter,TRUE,0,0.049689440993788817,0.13821138211382114,0.0440251572327044,0.08387096774193549,0.15527950310559005,0.10720660373209283,26.43239622392557
97,H Cruz,Ogden Raptors,13.5,0,1,1,1,0,2.6666666666666665,7,4,4,1,3,10.13,1,3,15,NA,NA,2022,pitcher,2.2,3.375,3.375,23.625,3,0.2,0.06666666666666667,0.13333333333333336,1,6.188213484242365,1.2197287540247828,4.968484730217582,NA,Starter,TRUE,0.13333333333333333,0.08074534161490683,NA,0.05660377358490566,0.7032258064516129,0.07453416149068323,NA,NA
100,B Davis,Missoula PaddleHeads,0,0,0,1,0,0,0,NA,NA,NA,NA,NA,0,NA,NA,NA,NA,NA,2022,pitcher,0,NA,NA,NA,NA,NA,NA,NA,0,6.188213484242365,1.2197287540247828,4.968484730217582,NA,Reliever,FALSE,NA,0.9813664596273292,NA,NA,NA,0,NA,NA
107,L De Paula,Rocky Mountain Vibes,9,0,0,1,0,0,2,3,2,2,NA,2,9,NA,1.5,9,NA,NA,2022,pitcher,2,NA,NA,13.5,NA,0.2222222222222222,NA,NA,0,6.188213484242365,1.2197287540247828,4.968484730217582,NA,Reliever,TRUE,NA,0.16770186335403728,NA,0.7610062893081762,NA,0.055900621118012424,NA,NA
110,S DePalma,Glacier Range Riders,27,0,2,5,0,0,5,15,15,15,5,4,7.2,NA,4,36,5,NA,2022,pitcher,5,9,NA,27,0.8,0.1111111111111111,0.1388888888888889,-0.02777777777777779,0,6.188213484242365,1.2197287540247828,4.968484730217582,NA,Reliever,TRUE,-0.027777777777777776,0.012422360248447204,NA,0.025157232704402517,0.05806451612903226,0.09316770186335403,NA,NA
114,D Delorefice,Missoula PaddleHeads,5.4,0,0,2,0,0,3.3333333333333335,5,3,2,5,2,5.4,NA,3,18,1,1,2022,pitcher,3.1,13.5,NA,13.5,0.4,0.1111111111111111,0.2777777777777778,-0.16666666666666669,0,6.188213484242365,1.2197287540247828,4.968484730217582,NA,Reliever,TRUE,-0.16666666666666666,0.6521739130434783,NA,0.05660377358490566,0.0064516129032258064,0.08074534161490683,NA,NA
116,S Dexter,Colorado Springs Sky Sox,9.15,1,3,4,4,0,19.666666666666668,30,25,20,9,22,10.07,1,1.98,101,3,2,2022,pitcher,19.2,4.11864406779661,0.45762711864406774,13.728813559322033,2.4444444444444446,0.21782178217821785,0.0891089108910891,0.12871287128712872,1,6.188213484242365,1.2197287540247828,4.968484730217582,5.070179645471819,Starter,TRUE,0.12871287128712872,0.16149068322981366,0.9105691056910569,0.2578616352201258,0.6774193548387096,0.20496894409937888,0.5804666208655561,54.82799725193337
119,L Diaz,Colorado Springs Sky Sox,7.66,0,1,13,1,0,24.666666666666668,30,23,21,21,25,9.12,2,2.07,128,11,6,2022,pitcher,24.2,7.662162162162161,0.7297297297297297,10.945945945945946,1.1904761904761905,0.1953125,0.1640625,0.03125,0.07692307692307693,6.188213484242365,1.2197287540247828,4.968484730217582,7.279295541028392,Reliever,TRUE,0.03125,0.2857142857142857,0.17886178861788618,0.16352201257861634,0.16774193548387098,0.2236024844720497,0.19784281932974063,31.870569159784438
124,H Dollander,Great Falls Voyagers,1.35,2,0,2,2,0,13.333333333333334,6,3,2,1,12,8.1,1,0.53,51,NA,2,2022,pitcher,13.1,0.6749999999999999,0.6749999999999999,4.05,12,0.2352941176470588,0.0196078431372549,0.21568627450980393,1,6.188213484242365,1.2197287540247828,4.968484730217582,4.818484730217581,Starter,TRUE,0.21568627450980393,0.9751552795031055,0.943089430894309,0.9937106918238994,0.967741935483871,0.18012422360248448,0.8434471541027263,70.60682924616358
1,A Villa,Missoula PaddleHeads,2.82,13,1,18,18,0,108.66666666666669,99,40,34,35,129,10.68,9,1.23,451,7,5,2023,pitcher,108.2,2.8987730061349692,0.7453987730061349,8.199386503067485,3.6857142857142855,0.2860310421286031,0.07760532150776053,0.20842572062084255,1,6.532585219269415,1.7438257113343976,4.788759507935017,4.595507974192686,Starter,TRUE,0.20842572062084258,0.95625,0.9694656488549618,0.9490445859872612,0.9671052631578947,1,0.9695492707722898,78.17295624633738
2,A Schneider,Colorado Springs Sky Sox,7,5,9,19,18,0,100.33333333333331,128,88,78,46,93,8.34,16,1.73,470,16,11,2023,pitcher,100.1,4.12624584717608,1.435215946843854,11.481727574750831,2.0217391304347827,0.19787234042553192,0.09787234042553192,0.1,0.9473684210526315,6.532585219269415,1.7438257113343976,4.788759507935017,6.712347547802127,Starter,TRUE,0.1,0.425,0.44274809160305345,0.5668789808917197,0.625,0.99375,0.5715996347303933,54.2959780838236
3,P Long,Rocky Mountain Vibes,5.96,9,4,19,18,0,99.66666666666669,127,73,66,43,67,6.05,9,1.71,470,5,9,2023,pitcher,99.2,3.882943143812709,0.8127090301003345,11.468227424749164,1.558139534883721,0.1425531914893617,0.09148936170212764,0.05106382978723406,0.9473684210526315,6.532585219269415,1.7438257113343976,4.788759507935017,6.183408337366456,Starter,TRUE,0.05106382978723404,0.6125,0.5725190839694656,0.6114649681528662,0.35526315789473684,0.9875,0.6012067619820203,56.07240571892122
4,J Kleinsorge,Grand Junction Jackalopes,4.17,8,2,18,17,0,99.33333333333331,108,60,46,33,113,10.24,14,1.42,441,9,6,2023,pitcher,99.1,2.989932885906041,1.2684563758389262,9.78523489932886,3.4242424242424243,0.2562358276643991,0.07482993197278912,0.18140589569161,0.9444444444444444,6.532585219269415,1.7438257113343976,4.788759507935017,5.523658836794078,Starter,TRUE,0.18140589569160998,0.875,0.8396946564885496,0.8598726114649682,0.9473684210526315,0.98125,0.889776307952443,73.38657847714657
5,I Fuentes,Missoula PaddleHeads,5.27,9,3,18,18,0,97.33333333333331,116,61,57,27,72,6.66,13,1.47,421,6,4,2023,pitcher,97.1,2.4965753424657535,1.202054794520548,10.726027397260276,2.6666666666666665,0.171021377672209,0.06413301662707839,0.10688836104513062,1,6.532585219269415,1.7438257113343976,4.788759507935017,6.001088275058305,Starter,TRUE,0.10688836104513064,0.725,0.6183206106870229,0.8407643312101911,0.6513157894736842,0.975,0.7166678352905651,63.00007011743391
6,D Silva,Idaho Falls Chukars,6.12,5,6,16,15,0,97,117,67,66,25,65,6.03,11,1.46,428,4,9,2023,pitcher,97,2.3195876288659796,1.0206185567010309,10.855670103092784,2.6,0.15186915887850466,0.05841121495327103,0.09345794392523364,0.9375,6.532585219269415,1.7438257113343976,4.788759507935017,5.974326518244296,Starter,TRUE,0.09345794392523364,0.58125,0.648854961832061,0.8471337579617835,0.5592105263157895,0.96875,0.6885974657921605,61.31584794752963
7,C Schultz,Missoula PaddleHeads,3.82,7,3,18,17,0,96.66666666666669,87,48,41,26,91,8.47,11,1.17,403,9,4,2023,pitcher,96.2,2.4206896551724135,1.0241379310344827,8.1,3.5,0.2258064516129032,0.06451612903225806,0.16129032258064516,0.9444444444444444,6.532585219269415,1.7438257113343976,4.788759507935017,5.316345714831569,Starter,TRUE,0.16129032258064516,0.89375,0.8702290076335878,0.9617834394904459,0.881578947368421,0.9625,0.8990232364761639,73.94139418856983
8,F Racioppo,Grand Junction Jackalopes,7.58,3,8,20,16,0,95,119,88,80,69,67,6.35,18,1.98,464,8,16,2023,pitcher,95,6.536842105263158,1.7052631578947368,11.273684210526316,0.9710144927536232,0.14439655172413793,0.14870689655172414,-0.00431034482758621,0.8,6.532585219269415,1.7438257113343976,4.788759507935017,8.525601613198175,Starter,TRUE,-0.004310344827586207,0.35,0.09923664122137404,0.33121019108280253,0.1513157894736842,0.95625,0.29901633349156675,37.940980009494005
9,T Naumann,Great Falls Voyagers,7.16,3,7,22,18,0,93,139,93,74,37,70,6.77,14,1.89,466,15,4,2023,pitcher,93,3.5806451612903225,1.3548387096774193,13.451612903225806,1.891891891891892,0.15021459227467812,0.07939914163090128,0.07081545064377684,0.8181818181818182,6.532585219269415,1.7438257113343976,4.788759507935017,6.562953056322114,Starter,TRUE,0.07081545064377683,0.4,0.5114503816793893,0.42038216560509556,0.48026315789473684,0.95,0.5451710008112126,52.71026004867276
10,B Gilliam,Ogden Raptors,6.26,9,6,18,18,0,92,117,73,64,30,88,8.61,12,1.6,424,7,9,2023,pitcher,92,2.9347826086956523,1.173913043478261,11.445652173913045,2.933333333333333,0.20754716981132076,0.07075471698113207,0.1367924528301887,1,6.532585219269415,1.7438257113343976,4.788759507935017,5.843107334021974,Starter,TRUE,0.13679245283018868,0.5625,0.6946564885496184,0.7388535031847133,0.7894736842105263,0.94375,0.735580182580424,64.13481095482544
11,C Day,Rocky Mountain Vibes,7,8,6,20,18,0,91.33333333333331,125,79,71,39,62,6.11,13,1.8,431,7,7,2023,pitcher,91.1,3.843065693430657,1.281021897810219,12.317518248175183,1.5897435897435896,0.14385150812064965,0.09048723897911833,0.05336426914153132,0.9,6.532585219269415,1.7438257113343976,4.788759507935017,6.792409142971514,Starter,TRUE,0.05336426914153132,0.425,0.40458015267175573,0.5095541401273885,0.3684210526315789,0.9375,0.49084668560775696,49.450801136465415
12,J Pintaro,Glacier Range Riders,6.95,5,6,21,14,0,90.66666666666669,114,79,70,33,86,8.54,16,1.62,424,8,15,2023,pitcher,90.2,3.2757352941176467,1.588235294117647,11.316176470588236,2.606060606060606,0.2028301886792453,0.07783018867924528,0.125,0.6666666666666666,6.532585219269415,1.7438257113343976,4.788759507935017,6.774053625582076,Starter,TRUE,0.125,0.4375,0.4122137404580153,0.7133757961783439,0.7368421052631579,0.93125,0.588903996853672,55.33423981122032
13,N Barros,Glacier Range Riders,4.58,9,5,22,15,0,90.33333333333331,94,53,46,42,92,9.17,10,1.51,410,5,7,2023,pitcher,90.1,4.184501845018451,0.996309963099631,9.365313653136532,2.1904761904761907,0.22439024390243903,0.1024390243902439,0.12195121951219512,0.6818181818181818,6.532585219269415,1.7438257113343976,4.788759507935017,5.818279803137969,Starter,TRUE,0.12195121951219512,0.825,0.7404580152671756,0.802547770700637,0.7236842105263158,0.925,0.7836748252821971,67.02048951693183
14,A Smith,Boise Hawks,6.6,5,6,16,16,0,90,102,77,66,47,55,5.5,12,1.66,418,4,6,2023,pitcher,90,4.7,1.2,10.2,1.1702127659574468,0.13157894736842105,0.1124401913875598,0.01913875598086123,1,6.532585219269415,1.7438257113343976,4.788759507935017,7.066537285712795,Starter,TRUE,0.019138755980861243,0.51875,0.31297709923664124,0.6560509554140127,0.21052631578947367,0.91875,0.44852619839395247,46.91157190363715
15,M Tindall,Colorado Springs Sky Sox,5.82,7,3,21,16,0,86.66666666666667,120,78,56,36,61,6.33,11,1.8,419,6,12,2023,pitcher,86.2,3.738461538461538,1.1423076923076922,12.461538461538462,1.6944444444444444,0.14558472553699284,0.08591885441527446,0.05966587112171838,0.7619047619047619,6.532585219269415,1.7438257113343976,4.788759507935017,6.692605661781171,Starter,TRUE,0.059665871121718374,0.64375,0.46564885496183206,0.5095541401273885,0.39473684210526316,0.9125,0.5495998244185243,52.975989465111454
16,T Morrill,Rocky Mountain Vibes,8.9,4,10,22,15,2,86,110,104,85,78,107,11.2,8,2.19,448,8,10,2023,pitcher,86,8.162790697674419,0.8372093023255814,11.511627906976743,1.3717948717948718,0.23883928571428573,0.17410714285714285,0.06473214285714288,0.6818181818181818,6.532585219269415,1.7438257113343976,4.788759507935017,6.579457182353622,Starter,TRUE,0.06473214285714286,0.2375,0.5038167938931297,0.1464968152866242,0.42105263157894735,0.90625,0.47194942540170376,48.31696552410223
17,P Maybach,Billings Mustangs,5.51,4,3,16,16,0,85,95,70,52,33,70,7.41,6,1.51,389,7,13,2023,pitcher,85,3.4941176470588236,0.6352941176470588,10.058823529411764,2.121212121212121,0.17994858611825193,0.08483290488431877,0.09511568123393316,1,6.532585219269415,1.7438257113343976,4.788759507935017,5.682877154993841,Starter,TRUE,0.09511568123393316,0.6875,0.7862595419847328,0.802547770700637,0.5723684210526315,0.9,0.7473572780744832,64.84143668446899
18,T Walker,Idaho Falls Chukars,10.15,3,11,18,17,0,83.33333333333333,134,98,94,54,61,6.59,21,2.26,433,6,7,2023,pitcher,83.1,5.832000000000001,2.268,14.472,1.1296296296296295,0.14087759815242495,0.12471131639722864,0.01616628175519631,0.9444444444444444,6.532585219269415,1.7438257113343976,4.788759507935017,8.796759507935018,Starter,TRUE,0.016166281755196306,0.14375,0.07633587786259542,0.12101910828025478,0.19736842105263158,0.89375,0.23773494618358998,34.2640967710154
19,C Jessee,Colorado Springs Sky Sox,6.33,2,2,26,16,0,81,106,67,57,68,85,9.44,9,2.15,414,15,9,2023,pitcher,81,7.555555555555555,1,11.77777777777778,1.25,0.20531400966183577,0.1642512077294686,0.04106280193236714,0.6153846153846154,6.532585219269415,1.7438257113343976,4.788759507935017,6.986290372132548,Starter,TRUE,0.04106280193236715,0.55,0.3511450381679389,0.18471337579617833,0.29605263157894735,0.88125,0.43282737916258285,45.96964274975497
19,M Voelker,Boise Hawks,6.78,7,5,17,16,0,81,123,70,61,35,42,4.67,19,1.95,398,6,4,2023,pitcher,81,3.888888888888889,2.111111111111111,13.666666666666666,1.2,0.10552763819095476,0.08793969849246232,0.017587939698492452,0.9411764705882353,6.532585219269415,1.7438257113343976,4.788759507935017,8.245549631391807,Starter,TRUE,0.017587939698492462,0.49375,0.12213740458015267,0.37579617834394907,0.20394736842105263,0.88125,0.3334740533506665,40.00844320103999
21,K Patel,Billings Mustangs,5.11,4,5,16,15,0,79.33333333333333,87,51,45,35,69,7.83,8,1.54,354,6,2,2023,pitcher,79.1,3.9705882352941178,0.907563025210084,9.869747899159664,1.9714285714285715,0.19491525423728817,0.09887005649717516,0.096045197740113,0.9375,6.532585219269415,1.7438257113343976,4.788759507935017,5.759347743229135,Starter,TRUE,0.096045197740113,0.75625,0.7480916030534351,0.7770700636942676,0.5789473684210527,0.86875,0.7364831212750114,64.18898727650068
21,B Spears,Boise Hawks,5.11,9,6,16,16,0,79.33333333333333,75,50,45,34,69,7.83,6,1.37,362,6,18,2023,pitcher,79.1,3.857142857142857,0.680672268907563,8.508403361344538,2.0294117647058822,0.19060773480662985,0.09392265193370164,0.0966850828729282,1,6.532585219269415,1.7438257113343976,4.788759507935017,5.998843541548463,Starter,TRUE,0.09668508287292818,0.75625,0.6259541984732825,0.89171974522293,0.5921052631578947,0.86875,0.7017247065431849,62.10348239259109
23,L Trueman,Billings Mustangs,5.95,4,5,16,14,0,78.66666666666667,103,56,52,25,42,4.81,12,1.63,350,1,3,2023,pitcher,78.2,2.860169491525423,1.3728813559322033,11.783898305084746,1.68,0.12,0.07142857142857142,0.04857142857142857,0.875,6.532585219269415,1.7438257113343976,4.788759507935017,6.7718103553926445,Starter,TRUE,0.04857142857142857,0.625,0.4198473282442748,0.7070063694267515,0.3355263157894737,0.8625,0.5288698313982798,51.73218988389679
24,N Zegna,Glacier Range Riders,5.99,5,4,15,15,0,76.66666666666667,101,57,51,25,49,5.75,10,1.64,353,5,5,2023,pitcher,76.2,2.934782608695652,1.1739130434782608,11.856521739130434,1.96,0.1388101983002833,0.0708215297450425,0.0679886685552408,1,6.532585219269415,1.7438257113343976,4.788759507935017,6.3800638557611045,Starter,TRUE,0.0679886685552408,0.6,0.549618320610687,0.6878980891719745,0.4407894736842105,0.85625,0.5952325318983144,55.71395191389886
25,J Mullholland,Ogden Raptors,5.59,8,1,15,15,0,75.66666666666667,114,54,47,30,69,8.21,11,1.9,362,7,NA,2023,pitcher,75.2,3.568281938325991,1.3083700440528634,13.559471365638766,2.3,0.19060773480662985,0.08287292817679558,0.10773480662983428,1,6.532585219269415,1.7438257113343976,4.788759507935017,NA,Starter,TRUE,0.10773480662983426,0.675,NA,0.40764331210191085,0.6578947368421053,0.85,NA,NA
26,W Buraconak,Colorado Springs Sky Sox,6.84,6,4,17,12,0,75,89,64,57,34,65,7.8,13,1.64,348,5,6,2023,pitcher,75,4.08,1.56,10.68,1.911764705882353,0.1867816091954023,0.09770114942528736,0.08908045977011493,0.7058823529411765,6.532585219269415,1.7438257113343976,4.788759507935017,6.9087595079350175,Starter,TRUE,0.08908045977011494,0.475,0.3816793893129771,0.6878980891719745,0.5394736842105263,0.84375,0.5271688014844935,51.630128089069615
27,J Diaz,Colorado Springs Sky Sox,8.63,2,4,24,11,0,73,106,75,70,50,73,9,16,2.14,370,4,9,2023,pitcher,73,6.164383561643835,1.9726027397260273,13.068493150684931,1.46,0.1972972972972973,0.13513513513513514,0.06216216216216216,0.4583333333333333,6.532585219269415,1.7438257113343976,4.788759507935017,8.062732110674744,Reliever,TRUE,0.062162162162162166,0.26875,0.15267175572519084,0.19745222929936307,0.40789473684210525,0.8375,0.32833037258843367,39.69982235530602
28,T Jackson,Billings Mustangs,4.78,4,3,28,4,4,69.66666666666667,68,48,37,40,86,11.11,9,1.55,323,12,7,2023,pitcher,69.2,5.167464114832535,1.1626794258373203,8.78468899521531,2.15,0.26625386996904027,0.1238390092879257,0.1424148606811146,0.14285714285714285,6.532585219269415,1.7438257113343976,4.788759507935017,6.023209268700567,Reliever,TRUE,0.14241486068111456,0.8,0.6106870229007634,0.7579617834394905,0.8092105263157895,0.83125,0.7266005927674124,63.59603556604475
29,K Pindel,Boise Hawks,6.62,3,2,14,14,0,66.66666666666667,92,53,49,23,58,7.83,6,1.72,305,4,2,2023,pitcher,66.2,3.105,0.8099999999999999,12.42,2.5217391304347827,0.1901639344262295,0.07540983606557378,0.11475409836065573,1,6.532585219269415,1.7438257113343976,4.788759507935017,5.343759507935017,Starter,TRUE,0.11475409836065574,0.5125,0.8625954198473282,0.5923566878980892,0.7105263157894737,0.81875,0.7460665998866349,64.7639959931981
29,M Stone,Ogden Raptors,5.26,4,5,14,13,0,66.66666666666667,68,46,39,32,81,10.93,10,1.5,304,5,4,2023,pitcher,66.2,4.319999999999999,1.35,9.18,2.53125,0.26644736842105265,0.10526315789473684,0.16118421052631582,0.9285714285714286,6.532585219269415,1.7438257113343976,4.788759507935017,5.928759507935017,Starter,TRUE,0.1611842105263158,0.7375,0.6717557251908397,0.8152866242038217,0.875,0.81875,0.7586684524967181,65.5201071498031
31,B Held,Great Falls Voyagers,5.89,4,5,17,10,0,65.66666666666667,76,48,43,28,79,10.83,14,1.58,304,7,5,2023,pitcher,65.2,3.8375634517766497,1.9187817258883249,10.416243654822336,2.8214285714285716,0.2598684210526316,0.09210526315789472,0.16776315789473684,0.5882352941176471,6.532585219269415,1.7438257113343976,4.788759507935017,6.661855954635525,Starter,TRUE,0.16776315789473684,0.6375,0.4732824427480916,0.7515923566878981,0.9078947368421053,0.8125,0.6635511601364474,59.813069608186844
32,M Harris,Billings Mustangs,5.51,3,7,28,4,0,65.33333333333333,86,51,40,13,60,8.27,10,1.52,296,1,2,2023,pitcher,65.1,1.7908163265306123,1.3775510204081634,11.846938775510203,4.615384615384615,0.20270270270270271,0.04391891891891892,0.1587837837837838,0.14285714285714285,6.532585219269415,1.7438257113343976,4.788759507935017,5.630596242628895,Reliever,TRUE,0.15878378378378377,0.6875,0.8015267175572519,0.7961783439490446,0.868421052631579,0.80625,0.797975231944121,67.87851391664725
33,C Minchey,Great Falls Voyagers,4.18,3,4,13,11,0,64.66666666666667,76,44,30,9,37,5.15,6,1.31,281,4,6,2023,pitcher,64.2,1.2525773195876289,0.8350515463917525,10.577319587628866,4.111111111111111,0.13167259786476868,0.03202846975088968,0.099644128113879,0.8461538461538461,6.532585219269415,1.7438257113343976,4.788759507935017,5.546491466697904,Starter,TRUE,0.099644128113879,0.86875,0.8244274809160306,0.9235668789808917,0.618421052631579,0.8,0.7961243907908173,67.76746344744905
34,G Blackman,Great Falls Voyagers,5.8,3,5,19,9,0,63.666666666666664,83,55,41,27,47,6.64,5,1.73,304,8,2,2023,pitcher,63.2,3.816753926701571,0.7068062827225131,11.732984293193718,1.7407407407407407,0.15460526315789477,0.08881578947368421,0.06578947368421054,0.47368421052631576,6.532585219269415,1.7438257113343976,4.788759507935017,5.699754272332923,Reliever,TRUE,0.06578947368421052,0.65625,0.7709923664122137,0.5668789808917197,0.4342105263157895,0.7875,0.6684894499172154,60.10936699503292
34,Z Ottinger,Rocky Mountain Vibes,4.95,5,0,18,9,0,63.666666666666664,79,41,35,28,36,5.09,9,1.68,296,1,7,2023,pitcher,63.2,3.9581151832460737,1.2722513089005236,11.167539267015709,1.2857142857142858,0.12162162162162164,0.0945945945945946,0.02702702702702703,0.5,6.532585219269415,1.7438257113343976,4.788759507935017,7.1447804503433945,Starter,TRUE,0.02702702702702703,0.775,0.3053435114503817,0.6305732484076433,0.2236842105263158,0.7875,0.4643065715261801,47.858394291570804
36,P Miner,Glacier Range Riders,6.25,6,4,13,11,0,63.333333333333336,96,57,44,15,49,6.96,9,1.75,297,5,3,2023,pitcher,63.1,2.131578947368421,1.2789473684210526,13.642105263157896,3.2666666666666666,0.16498316498316498,0.0505050505050505,0.11447811447811448,0.8461538461538461,6.532585219269415,1.7438257113343976,4.788759507935017,5.941391086882386,Starter,TRUE,0.11447811447811448,0.56875,0.6641221374045801,0.5605095541401274,0.7039473684210527,0.78125,0.6649892840600553,59.89935704360332
37,A Bloebaum,Grand Junction Jackalopes,6.86,2,3,16,9,0,63,80,54,48,25,74,10.57,11,1.67,295,5,4,2023,pitcher,63,3.5714285714285716,1.5714285714285714,11.428571428571429,2.96,0.25084745762711863,0.0847457627118644,0.16610169491525423,0.5625,6.532585219269415,1.7438257113343976,4.788759507935017,6.090346809522319,Starter,TRUE,0.16610169491525423,0.46875,0.5954198473282443,0.643312101910828,0.8947368421052632,0.775,0.6680090175434331,60.08054105260599
38,P Arevalo,Ogden Raptors,5.11,5,3,12,12,0,61.666666666666664,60,39,35,22,50,7.3,11,1.33,263,NA,4,2023,pitcher,61.2,3.210810810810811,1.6054054054054054,8.756756756756758,2.272727272727273,0.19011406844106463,0.08365019011406843,0.1064638783269962,1,6.532585219269415,1.7438257113343976,4.788759507935017,6.7509216700971795,Starter,TRUE,0.10646387832699619,0.75625,0.4351145038167939,0.910828025477707,0.6447368421052632,0.7625,0.6218884724955408,57.313308349732445
38,K Bartlett,Grand Junction Jackalopes,8.76,2,3,21,3,2,61.666666666666664,97,65,60,26,52,7.59,9,1.99,309,4,4,2023,pitcher,61.2,3.794594594594595,1.3135135135135136,14.156756756756756,2,0.16828478964401294,0.08414239482200647,0.08414239482200647,0.14285714285714285,6.532585219269415,1.7438257113343976,4.788759507935017,6.459029778205288,Reliever,TRUE,0.08414239482200647,0.25625,0.5343511450381679,0.3184713375796178,0.5197368421052632,0.7625,0.5023474601942816,50.140847611656895
40,J White,Glacier Range Riders,7.04,3,7,14,13,0,61.333333333333336,79,58,48,36,69,10.13,6,1.88,292,2,NA,2023,pitcher,61.1,5.282608695652174,0.8804347826086956,11.592391304347826,1.9166666666666667,0.2363013698630137,0.1232876712328767,0.113013698630137,0.9285714285714286,6.532585219269415,1.7438257113343976,4.788759507935017,NA,Starter,TRUE,0.11301369863013698,0.40625,NA,0.4267515923566879,0.6973684210526315,0.75625,NA,NA
41,D Baird,Idaho Falls Chukars,10.24,1,7,21,8,0,60.666666666666664,109,72,69,39,53,7.86,9,2.44,330,16,7,2023,pitcher,60.2,5.785714285714286,1.3351648351648353,16.17032967032967,1.358974358974359,0.1606060606060606,0.11818181818181818,0.04242424242424243,0.38095238095238093,6.532585219269415,1.7438257113343976,4.788759507935017,7.244803463978974,Reliever,TRUE,0.04242424242424243,0.13125,0.2824427480916031,0.09554140127388536,0.3092105263157895,0.74375,0.31562334462718766,38.93740067763126
41,V Rodriguez,Idaho Falls Chukars,8.16,3,2,30,3,0,60.666666666666664,85,65,55,34,56,8.31,4,1.96,303,6,7,2023,pitcher,60.2,5.043956043956044,0.5934065934065934,12.60989010989011,1.6470588235294117,0.1848184818481848,0.1122112211221122,0.0726072607260726,0.1,6.532585219269415,1.7438257113343976,4.788759507935017,5.827221046396556,Reliever,TRUE,0.07260726072607261,0.29375,0.7251908396946565,0.3630573248407643,0.4934210526315789,0.74375,0.5806912788882548,54.84147673329529
43,C Allen,Grand Junction Jackalopes,6.9,2,6,13,12,0,60,76,50,46,33,49,7.35,9,1.82,282,4,1,2023,pitcher,60,4.95,1.35,11.4,1.4848484848484849,0.17375886524822695,0.11702127659574468,0.05673758865248227,0.9230769230769231,6.532585219269415,1.7438257113343976,4.788759507935017,6.805426174601684,Starter,TRUE,0.05673758865248227,0.45,0.3969465648854962,0.4968152866242038,0.375,0.7375,0.46158515461661886,47.69510927699713
44,G Gorrell,Boise Hawks,5.49,4,1,16,2,1,57.333333333333336,69,37,35,20,54,8.48,5,1.55,255,3,NA,2023,pitcher,57.1,3.13953488372093,0.7848837209302325,10.831395348837209,2.7,0.21176470588235297,0.0784313725490196,0.13333333333333333,0.125,6.532585219269415,1.7438257113343976,4.788759507935017,NA,Reliever,TRUE,0.13333333333333333,0.7,NA,0.7579617834394905,0.7697368421052632,0.725,NA,NA
44,D Gotto,Idaho Falls Chukars,8.16,3,6,11,11,0,57.333333333333336,97,65,52,20,34,5.34,9,2.04,292,3,6,2023,pitcher,57.1,3.13953488372093,1.4127906976744184,15.226744186046512,1.7,0.11643835616438356,0.0684931506849315,0.04794520547945205,1,6.532585219269415,1.7438257113343976,4.788759507935017,7.003875787004785,Starter,TRUE,0.04794520547945205,0.29375,0.33587786259541985,0.2484076433121019,0.32894736842105265,0.725,0.3777938830535887,42.66763298321532
46,J Clark,Glacier Range Riders,6.79,5,3,13,11,0,57,71,53,43,30,49,7.74,14,1.77,273,4,7,2023,pitcher,57,4.7368421052631575,2.210526315789474,11.210526315789474,1.6333333333333333,0.1794871794871795,0.10989010989010987,0.0695970695970696,0.8461538461538461,6.532585219269415,1.7438257113343976,4.788759507935017,8.209812139513964,Starter,TRUE,0.0695970695970696,0.4875,0.1297709923664122,0.5477707006369427,0.46710526315789475,0.7125,0.3801065196418381,42.80639117851028
46,A Garcia,Missoula PaddleHeads,5.53,3,3,32,5,9,57,51,39,35,36,76,12,3,1.53,264,18,6,2023,pitcher,57,5.684210526315789,0.47368421052631576,8.052631578947368,2.111111111111111,0.2878787878787879,0.13636363636363635,0.15151515151515155,0.15625,6.532585219269415,1.7438257113343976,4.788759507935017,5.016829683373614,Reliever,TRUE,0.15151515151515152,0.68125,0.9312977099236641,0.7898089171974523,0.8486842105263158,0.7125,0.830299317794474,69.81795906766844
48,B Bagshaw,Idaho Falls Chukars,8.73,0,5,29,5,5,55.666666666666664,83,64,54,39,36,5.82,9,2.19,294,11,6,2023,pitcher,55.2,6.3053892215568865,1.4550898203592817,13.419161676646707,0.9230769230769232,0.12244897959183672,0.1326530612244898,-0.01020408163265307,0.1724137931034483,6.532585219269415,1.7438257113343976,4.788759507935017,8.022292442066753,Reliever,TRUE,-0.01020408163265306,0.2625,0.16030534351145037,0.1464968152866242,0.13815789473684212,0.70625,0.251715897880611,35.10295387283666
49,K Pilot,Missoula PaddleHeads,3.95,8,1,9,9,0,54.666666666666664,54,27,24,21,46,7.57,5,1.37,227,4,5,2023,pitcher,54.2,3.457317073170732,0.8231707317073171,8.890243902439025,2.1904761904761907,0.2026431718061674,0.09251101321585904,0.11013215859030837,1,6.532585219269415,1.7438257113343976,4.788759507935017,5.72168633720331,Starter,TRUE,0.11013215859030837,0.8875,0.7557251908396947,0.89171974522293,0.6907894736842105,0.6875,0.7658699455950131,65.9521967357008
49,J Slocum,Idaho Falls Chukars,9.22,2,7,16,9,0,54.666666666666664,96,74,56,22,30,4.94,8,2.16,290,3,8,2023,pitcher,54.2,3.6219512195121952,1.3170731707317074,15.804878048780488,1.3636363636363635,0.10344827586206896,0.07586206896551724,0.02758620689655172,0.5625,6.532585219269415,1.7438257113343976,4.788759507935017,7.239979020130139,Starter,TRUE,0.027586206896551724,0.19375,0.2900763358778626,0.17834394904458598,0.23026315789473684,0.6875,0.31210506083455103,38.72630365007306
49,R Widell,Boise Hawks,5.27,5,3,11,11,0,54.666666666666664,63,39,32,28,56,9.22,6,1.66,255,4,4,2023,pitcher,54.2,4.609756097560976,0.9878048780487804,10.371951219512196,2,0.2196078431372549,0.10980392156862744,0.10980392156862744,1,6.532585219269415,1.7438257113343976,4.788759507935017,5.922905849398433,Starter,TRUE,0.10980392156862745,0.725,0.6793893129770993,0.6560509554140127,0.6842105263157895,0.6875,0.686077925995399,61.16467555972394
52,Z Penrod,Missoula PaddleHeads,2.98,4,1,13,10,2,54.333333333333336,39,29,18,32,65,10.77,8,1.31,236,2,1,2023,pitcher,54.1,5.300613496932515,1.3251533742331287,6.460122699386503,2.03125,0.2754237288135593,0.13559322033898305,0.13983050847457626,0.7692307692307693,6.532585219269415,1.7438257113343976,4.788759507935017,6.132317790143606,Starter,TRUE,0.13983050847457626,0.94375,0.5801526717557252,0.9235668789808917,0.8026315789473685,0.675,0.7277565723898529,63.66539434339118
52,C Stratton,Ogden Raptors,7.79,1,5,20,4,1,54.333333333333336,68,58,47,34,60,9.94,10,1.88,269,11,3,2023,pitcher,54.1,5.631901840490797,1.656441717791411,11.263803680981594,1.7647058823529411,0.2230483271375465,0.12639405204460966,0.0966542750929368,0.2,6.532585219269415,1.7438257113343976,4.788759507935017,7.015753372965692,Reliever,TRUE,0.09665427509293681,0.33125,0.3282442748091603,0.4267515923566879,0.5855263157894737,0.675,0.4420156323172277,46.52093793903366
54,E Baram,Ogden Raptors,6.88,3,6,14,9,0,53.666666666666664,64,44,41,23,40,6.71,9,1.62,250,6,11,2023,pitcher,53.2,3.857142857142857,1.5093167701863357,10.732919254658386,1.7391304347826086,0.16,0.092,0.068,0.6428571428571429,6.532585219269415,1.7438257113343976,4.788759507935017,7.378821619736259,Starter,TRUE,0.068,0.4625,0.22900763358778625,0.7133757961783439,0.4473684210526316,0.6625,0.4211643172634752,45.26985903580851
54,J Dicenso,Idaho Falls Chukars,11.24,1,5,14,14,0,53.666666666666664,84,71,67,38,44,7.38,9,2.27,289,12,7,2023,pitcher,53.2,6.372670807453416,1.5093167701863357,14.08695652173913,1.1578947368421053,0.1522491349480969,0.1314878892733564,0.02076124567474049,1,6.532585219269415,1.7438257113343976,4.788759507935017,7.84466012905303,Starter,TRUE,0.020761245674740483,0.09375,0.1984732824427481,0.11464968152866242,0.21710526315789475,0.6625,0.2477128337615444,34.86277002569267
56,B Pooler,Great Falls Voyagers,7.79,2,3,19,7,2,52,77,48,45,21,54,9.35,6,1.88,253,4,5,2023,pitcher,52,3.6346153846153846,1.0384615384615383,13.326923076923077,2.5714285714285716,0.2134387351778656,0.08300395256916997,0.13043478260869562,0.3684210526315789,6.532585219269415,1.7438257113343976,4.788759507935017,5.711836431011941,Reliever,TRUE,0.13043478260869565,0.33125,0.7633587786259542,0.4267515923566879,0.7631578947368421,0.65625,0.6487752496334189,58.92651497800514
57,J Cunningham,Rocky Mountain Vibes,5.96,3,3,48,1,1,51.333333333333336,72,43,34,16,27,4.73,3,1.71,242,3,7,2023,pitcher,51.1,2.8051948051948052,0.525974025974026,12.623376623376624,1.6875,0.1115702479338843,0.06611570247933884,0.04545454545454545,0.020833333333333332,6.532585219269415,1.7438257113343976,4.788759507935017,5.84070755988307,Reliever,TRUE,0.045454545454545456,0.6125,0.7022900763358778,0.6114649681528662,0.3223684210526316,0.65,0.5959112115601641,55.75467269360985
58,M Guzman,Rocky Mountain Vibes,9.41,4,2,23,4,0,50.666666666666664,70,61,53,41,60,10.66,7,2.19,269,11,6,2023,pitcher,50.2,7.282894736842105,1.243421052631579,12.43421052631579,1.4634146341463414,0.2230483271375465,0.1524163568773234,0.07063197026022305,0.17391304347826086,6.532585219269415,1.7438257113343976,4.788759507935017,6.999285823724492,Reliever,TRUE,0.07063197026022305,0.18125,0.3435114503816794,0.1464968152866242,0.47368421052631576,0.6375,0.3696036037865973,42.17621622719584
58,E Swanson,Missoula PaddleHeads,2.66,4,2,32,0,0,50.666666666666664,43,16,15,28,61,10.84,3,1.4,223,5,7,2023,pitcher,50.2,4.973684210526316,0.5328947368421053,7.638157894736843,2.1785714285714284,0.273542600896861,0.12556053811659193,0.14798206278026907,0,6.532585219269415,1.7438257113343976,4.788759507935017,5.222970034250807,Reliever,TRUE,0.14798206278026907,0.9625,0.8778625954198473,0.8662420382165605,0.8289473684210527,0.6375,0.8435587156738055,70.61352294042833
60,B Kaminer,Colorado Springs Sky Sox,9.18,5,4,15,9,0,50,68,59,51,43,35,6.3,10,2.22,263,5,5,2023,pitcher,50,7.74,1.8,12.24,0.813953488372093,0.13307984790874525,0.1634980988593156,-0.03041825095057035,0.6,6.532585219269415,1.7438257113343976,4.788759507935017,8.868759507935017,Starter,TRUE,-0.030418250950570342,0.20625,0.06870229007633588,0.14012738853503184,0.10526315789473684,0.61875,0.1862962864629849,31.177777187779093
60,C Linton,Colorado Springs Sky Sox,4.86,3,4,42,0,0,50,49,39,27,31,66,11.88,8,1.6,235,6,4,2023,pitcher,50,5.58,1.44,8.82,2.129032258064516,0.28085106382978725,0.13191489361702127,0.14893617021276598,0,6.532585219269415,1.7438257113343976,4.788759507935017,6.328759507935017,Reliever,TRUE,0.14893617021276595,0.78125,0.5572519083969466,0.7388535031847133,0.8421052631578947,0.61875,0.6752071663088288,60.51242997852973
60,R Ottesen,Ogden Raptors,8.1,3,0,24,2,0,50,70,47,45,27,50,9,7,1.94,247,5,1,2023,pitcher,50,4.86,1.26,12.6,1.851851851851852,0.20242914979757085,0.10931174089068826,0.09311740890688258,0.08333333333333333,6.532585219269415,1.7438257113343976,4.788759507935017,6.288759507935017,Reliever,TRUE,0.0931174089068826,0.30625,0.5648854961832062,0.39490445859872614,0.5526315789473685,0.61875,0.5147209601226288,50.88325760735773
63,C Wills,Colorado Springs Sky Sox,5.14,3,4,45,0,13,49,59,40,28,25,65,11.94,7,1.71,232,10,1,2023,pitcher,49,4.591836734693878,1.2857142857142858,10.83673469387755,2.6,0.2801724137931034,0.10775862068965517,0.17241379310344826,0,6.532585219269415,1.7438257113343976,4.788759507935017,5.584677875281956,Reliever,TRUE,0.1724137931034483,0.75,0.816793893129771,0.6114649681528662,0.9210526315789473,0.6125,0.7764495803829846,66.58697482297907
64,J Gonzalez,Idaho Falls Chukars,4.34,3,0,14,5,0,47.666666666666664,65,34,23,14,41,7.74,5,1.66,225,5,5,2023,pitcher,47.2,2.6433566433566433,0.944055944055944,12.272727272727272,2.9285714285714284,0.18222222222222223,0.06222222222222222,0.12,0.35714285714285715,6.532585219269415,1.7438257113343976,4.788759507935017,5.6279203470958565,Reliever,TRUE,0.12,0.85625,0.8091603053435115,0.6560509554140127,0.7171052631578947,0.6,0.7511277703103848,65.06766621862309
64,M Timmins,Missoula PaddleHeads,4.72,6,1,21,3,0,47.666666666666664,53,26,25,13,44,8.31,6,1.38,209,NA,4,2023,pitcher,47.2,2.4545454545454546,1.132867132867133,10.006993006993008,3.3846153846153846,0.21052631578947367,0.06220095693779904,0.14832535885167464,0.14285714285714285,6.532585219269415,1.7438257113343976,4.788759507935017,5.648899368074877,Reliever,TRUE,0.14832535885167464,0.8125,0.7938931297709924,0.8789808917197452,0.8355263157894737,0.6,0.7844356042382662,67.06613625429597
66,C Macca,Rocky Mountain Vibes,7.99,1,6,40,2,3,47.333333333333336,67,47,42,35,35,6.65,5,2.15,242,3,6,2023,pitcher,47.1,6.654929577464788,0.9507042253521126,12.73943661971831,1,0.1446280991735537,0.1446280991735537,0,0.05,6.532585219269415,1.7438257113343976,4.788759507935017,7.28171725441389,Reliever,TRUE,0,0.3125,0.25190839694656486,0.18471337579617833,0.15789473684210525,0.59375,0.2867511437266648,37.205068623599885
67,E McRae,Billings Mustangs,7.85,4,1,12,9,0,47,59,48,41,28,36,6.89,7,1.85,232,10,5,2023,pitcher,47,5.361702127659575,1.3404255319148937,11.297872340425531,1.2857142857142858,0.15517241379310345,0.1206896551724138,0.03448275862068965,0.75,6.532585219269415,1.7438257113343976,4.788759507935017,7.299397805807358,Starter,TRUE,0.034482758620689655,0.325,0.24427480916030533,0.47770700636942676,0.2631578947368421,0.58125,0.3340497032484332,40.04298219490599
67,M Shill,Ogden Raptors,6.7,2,0,41,0,0,47,73,41,35,20,43,8.23,7,1.98,233,3,6,2023,pitcher,47,3.8297872340425534,1.3404255319148937,13.97872340425532,2.15,0.184549356223176,0.08583690987124463,0.09871244635193134,0,6.532585219269415,1.7438257113343976,4.788759507935017,6.554716954743528,Reliever,TRUE,0.09871244635193133,0.50625,0.5190839694656488,0.33121019108280253,0.6052631578947368,0.58125,0.5249322384734871,51.49593430840923
69,R Brown,Idaho Falls Chukars,9.2,3,0,28,0,1,46,73,54,47,24,31,6.07,10,2.11,242,5,9,2023,pitcher,46,4.695652173913044,1.9565217391304348,14.282608695652174,1.2916666666666667,0.128099173553719,0.09917355371900828,0.02892561983471073,0,6.532585219269415,1.7438257113343976,4.788759507935017,8.419194290543713,Reliever,TRUE,0.028925619834710745,0.2,0.10687022900763359,0.21656050955414013,0.23684210526315788,0.575,0.22802256361109902,33.68135381666594
70,J Evans,Billings Mustangs,9.07,2,4,11,9,0,45.666666666666664,54,46,46,38,24,4.73,6,2.01,224,5,9,2023,pitcher,45.2,7.489051094890511,1.1824817518248176,10.642335766423358,0.631578947368421,0.10714285714285714,0.16964285714285715,-0.06250000000000001,0.8181818181818182,6.532585219269415,1.7438257113343976,4.788759507935017,8.533285055380272,Starter,TRUE,-0.0625,0.2125,0.0916030534351145,0.27388535031847133,0.05263157894736842,0.5625,0.1908060721953666,31.448364331721997
70,M Sox,Boise Hawks,6.9,1,5,12,10,1,45.666666666666664,55,39,35,21,39,7.69,10,1.66,215,2,5,2023,pitcher,45.2,4.138686131386861,1.9708029197080292,10.83941605839416,1.8571428571428572,0.1813953488372093,0.09767441860465116,0.08372093023255815,0.8333333333333334,6.532585219269415,1.7438257113343976,4.788759507935017,7.635474836402171,Starter,TRUE,0.08372093023255814,0.45,0.21374045801526717,0.6560509554140127,0.5131578947368421,0.5625,0.4056078576948765,44.33647146169259
72,M Peterson,Boise Hawks,7.94,3,2,19,0,2,45.333333333333336,73,46,40,9,36,7.15,9,1.81,214,2,4,2023,pitcher,45.1,1.7867647058823528,1.7867647058823528,14.492647058823527,4,0.16822429906542055,0.04205607476635514,0.1261682242990654,0,6.532585219269415,1.7438257113343976,4.788759507935017,6.641700684405605,Reliever,TRUE,0.1261682242990654,0.31875,0.48091603053435117,0.5031847133757962,0.743421052631579,0.55625,0.5226190940776358,51.35714564465815
73,D Day,Missoula PaddleHeads,4.2,4,2,9,9,0,45,47,27,21,14,48,9.6,4,1.36,192,1,6,2023,pitcher,45,2.8,0.8,9.4,3.4285714285714284,0.25,0.07291666666666667,0.17708333333333331,1,6.532585219269415,1.7438257113343976,4.788759507935017,5.1443150634905725,Starter,TRUE,0.17708333333333334,0.8625,0.8931297709923665,0.9044585987261147,0.9342105263157895,0.54375,0.8454773735327159,70.72864241196295
73,A Dill,Missoula PaddleHeads,6.8,3,2,20,2,1,45,68,43,34,18,54,10.8,5,1.91,219,6,1,2023,pitcher,45,3.6,1,13.6,3,0.2465753424657534,0.0821917808219178,0.1643835616438356,0.1,6.532585219269415,1.7438257113343976,4.788759507935017,5.099870619046128,Reliever,TRUE,0.1643835616438356,0.48125,0.9083969465648855,0.4012738853503185,0.8881578947368421,0.54375,0.7348677461083545,64.09206476650127
75,B Traxel,Rocky Mountain Vibes,5.64,2,3,9,9,0,44.666666666666664,66,30,28,13,34,6.85,4,1.77,205,2,1,2023,pitcher,44.2,2.619402985074627,0.8059701492537313,13.298507462686567,2.6153846153846154,0.16585365853658535,0.06341463414634146,0.10243902439024392,1,6.532585219269415,1.7438257113343976,4.788759507935017,5.370849060173823,Starter,TRUE,0.1024390243902439,0.6625,0.8549618320610687,0.5477707006369427,0.6381578947368421,0.5375,0.7043933818354902,62.26360291012941
76,J Coleman,Glacier Range Riders,2.86,5,0,41,0,8,44,33,14,14,12,58,11.86,6,1.02,179,4,7,2023,pitcher,44,2.4545454545454546,1.2272727272727273,6.75,4.833333333333333,0.3240223463687151,0.0670391061452514,0.2569832402234637,0,6.532585219269415,1.7438257113343976,4.788759507935017,5.220577689753199,Reliever,TRUE,0.2569832402234637,0.95,0.8854961832061069,0.9681528662420382,0.993421052631579,0.53125,0.8718854704329624,72.31312822597775
77,N Alexander,Boise Hawks,3.09,2,1,27,0,9,43.666666666666664,44,19,15,14,46,9.48,3,1.33,185,4,3,2023,pitcher,43.2,2.885496183206107,0.6183206106870229,9.068702290076336,3.2857142857142856,0.24864864864864863,0.07567567567567568,0.17297297297297298,0,6.532585219269415,1.7438257113343976,4.788759507935017,4.74295798121746,Reliever,TRUE,0.17297297297297298,0.925,0.9618320610687023,0.910828025477707,0.9276315789473685,0.525,0.8788419427647253,72.73051656588352
78,D Marrufo,Boise Hawks,6.91,2,0,34,0,3,43,54,36,33,30,33,6.91,4,1.95,219,6,10,2023,pitcher,43,6.27906976744186,0.8372093023255814,11.30232558139535,1.1,0.1506849315068493,0.136986301369863,0.0136986301369863,0,6.532585219269415,1.7438257113343976,4.788759507935017,7.253875787004785,Reliever,TRUE,0.0136986301369863,0.44375,0.26717557251908397,0.37579617834394907,0.19078947368421054,0.51875,0.32698274157887064,39.61896449473224
79,K McGinnis,Billings Mustangs,5.91,4,2,31,0,0,42.666666666666664,43,31,28,33,40,8.44,5,1.78,206,14,7,2023,pitcher,42.2,6.9609375,1.0546875,9.0703125,1.2121212121212122,0.1941747572815534,0.16019417475728157,0.03398058252427183,0,6.532585219269415,1.7438257113343976,4.788759507935017,7.249697007935017,Reliever,TRUE,0.03398058252427184,0.63125,0.2748091603053435,0.5286624203821656,0.2565789473684211,0.50625,0.38473069563403817,43.08384173804229
79,M Quigley,Glacier Range Riders,6.12,1,4,36,0,2,42.666666666666664,60,34,29,14,33,6.96,5,1.73,200,4,1,2023,pitcher,42.2,2.953125,1.0546875,12.65625,2.357142857142857,0.165,0.07,0.095,0,6.532585219269415,1.7438257113343976,4.788759507935017,5.820009507935017,Reliever,TRUE,0.095,0.58125,0.732824427480916,0.5668789808917197,0.5657894736842105,0.50625,0.6261005638183805,57.566033829102835
81,S Gustafson,Great Falls Voyagers,7.65,1,3,15,7,0,42.333333333333336,68,46,36,20,31,6.59,5,2.08,220,1,6,2023,pitcher,42.1,4.251968503937007,1.062992125984252,14.456692913385826,1.55,0.1409090909090909,0.09090909090909093,0.04999999999999999,0.4666666666666667,6.532585219269415,1.7438257113343976,4.788759507935017,6.702145334706671,Reliever,TRUE,0.05,0.34375,0.4580152671755725,0.2229299363057325,0.34868421052631576,0.4875,0.3999234426060654,43.995406556363925
81,N Jenkins,Billings Mustangs,6.17,2,2,36,0,2,42.333333333333336,58,38,29,20,42,8.93,5,1.84,203,9,2,2023,pitcher,42.1,4.251968503937007,1.062992125984252,12.330708661417322,2.1,0.20689655172413793,0.09852216748768472,0.1083743842364532,0,6.532585219269415,1.7438257113343976,4.788759507935017,5.898995728407458,Reliever,TRUE,0.10837438423645321,0.575,0.6870229007633588,0.4840764331210191,0.6710526315789473,0.4875,0.6168023299332349,57.0081397959941
81,H Schilperoort,Billings Mustangs,3.19,3,1,36,0,8,42.333333333333336,37,16,15,14,55,11.69,3,1.2,180,5,5,2023,pitcher,42.1,2.9763779527559056,0.6377952755905512,7.866141732283464,3.928571428571429,0.3055555555555556,0.07777777777777778,0.2277777777777778,0,6.532585219269415,1.7438257113343976,4.788759507935017,4.458050846517694,Reliever,TRUE,0.22777777777777777,0.91875,0.9770992366412213,0.9554140127388535,0.9802631578947368,0.4875,0.8933712275093212,73.60227365055927
84,N Draves,Colorado Springs Sky Sox,4.71,1,1,24,5,0,42,55,25,22,14,45,9.64,3,1.64,198,6,5,2023,pitcher,42,3,0.6428571428571429,11.785714285714286,3.2142857142857144,0.2272727272727273,0.0707070707070707,0.15656565656565655,0.20833333333333334,6.532585219269415,1.7438257113343976,4.788759507935017,4.931616650792161,Reliever,TRUE,0.15656565656565657,0.81875,0.9465648854961832,0.6878980891719745,0.8618421052631579,0.48125,0.8147841841683023,68.88705105009814
85,C Thompson,Missoula PaddleHeads,4.46,1,4,37,0,1,40.333333333333336,35,23,20,17,40,8.93,2,1.29,180,6,3,2023,pitcher,40.1,3.7933884297520657,0.44628099173553715,7.8099173553719,2.3529411764705883,0.2222222222222222,0.09444444444444444,0.12777777777777777,0,6.532585219269415,1.7438257113343976,4.788759507935017,4.93751983851353,Reliever,TRUE,0.12777777777777777,0.84375,0.9389312977099237,0.9363057324840764,0.756578947368421,0.475,0.8183313818060614,69.09988290836368
86,R Hamby,Glacier Range Riders,7.03,2,3,9,8,0,39.666666666666664,54,42,31,20,33,7.49,4,1.87,198,6,2,2023,pitcher,39.2,4.53781512605042,0.907563025210084,12.252100840336135,1.65,0.16666666666666666,0.101010101010101,0.06565656565656565,0.8888888888888888,6.532585219269415,1.7438257113343976,4.788759507935017,6.099683877682916,Starter,TRUE,0.06565656565656566,0.4125,0.5877862595419847,0.46496815286624205,0.4276315789473684,0.4625,0.4983876348928918,49.903258093573506
86,J Walker,Colorado Springs Sky Sox,9.76,2,0,15,7,0,39.666666666666664,70,46,43,16,24,5.45,10,2.17,202,2,1,2023,pitcher,39.2,3.630252100840337,2.26890756302521,15.882352941176473,1.5,0.1188118811881188,0.07920792079207921,0.0396039603960396,0.4666666666666667,6.532585219269415,1.7438257113343976,4.788759507935017,8.141700684405606,Reliever,TRUE,0.039603960396039604,0.1625,0.13740458015267176,0.16560509554140126,0.28289473684210525,0.4625,0.22185128898362988,33.31107733901779
88,J Smith,Grand Junction Jackalopes,13.38,1,2,17,4,0,39,63,59,58,38,31,7.15,12,2.59,211,10,5,2023,pitcher,39,8.76923076923077,2.769230769230769,14.538461538461538,0.8157894736842105,0.14691943127962084,0.18009478672985782,-0.03317535545023697,0.23529411764705882,6.532585219269415,1.7438257113343976,4.788759507935017,10.506708225883736,Reliever,TRUE,-0.03317535545023697,0.06875,0.03816793893129771,0.07643312101910828,0.09210526315789473,0.45,0.11914404030600886,27.14864241836053
88,B Williams,Idaho Falls Chukars,6.46,3,4,36,0,9,39,44,29,28,21,39,9,7,1.67,182,6,2,2023,pitcher,39,4.846153846153846,1.6153846153846154,10.153846153846152,1.8571428571428572,0.21428571428571427,0.1153846153846154,0.09890109890109888,0,6.532585219269415,1.7438257113343976,4.788759507935017,6.89132361049912,Reliever,TRUE,0.0989010989010989,0.53125,0.3893129770992366,0.643312101910828,0.6118421052631579,0.45,0.48961232208340905,49.37673932500454
90,R Butz,Rocky Mountain Vibes,5.82,1,1,31,0,1,38.666666666666664,47,28,25,22,33,7.68,5,1.78,187,2,3,2023,pitcher,38.2,5.120689655172414,1.163793103448276,10.939655172413794,1.5,0.17647058823529413,0.1176470588235294,0.05882352941176472,0,6.532585219269415,1.7438257113343976,4.788759507935017,6.702552611383293,Reliever,TRUE,0.058823529411764705,0.64375,0.45038167938931295,0.5286624203821656,0.3881578947368421,0.4375,0.47283799274131016,48.37027956447861
90,C Woods,Rocky Mountain Vibes,8.84,2,3,11,9,0,38.666666666666664,53,47,38,31,31,7.22,7,2.17,199,4,1,2023,pitcher,38.2,7.2155172413793105,1.6293103448275863,12.336206896551724,1,0.15577889447236182,0.15577889447236182,0,0.8181818181818182,6.532585219269415,1.7438257113343976,4.788759507935017,8.021518128624672,Starter,TRUE,0,0.24375,0.16793893129770993,0.16560509554140126,0.15789473684210525,0.4375,0.21750252944164516,33.05015176649871
92,L Malone,Boise Hawks,9,2,4,22,0,0,38,62,41,38,14,28,6.63,8,2,180,6,NA,2023,pitcher,38,3.3157894736842106,1.894736842105263,14.68421052631579,2,0.15555555555555556,0.07777777777777778,0.07777777777777778,0,6.532585219269415,1.7438257113343976,4.788759507935017,NA,Reliever,TRUE,0.07777777777777778,0.21875,NA,0.2802547770700637,0.506578947368421,0.425,NA,NA
92,N McBride,Boise Hawks,3.55,0,1,35,0,2,38,42,16,15,22,52,12.32,3,1.68,177,5,1,2023,pitcher,38,5.2105263157894735,0.7105263157894737,9.947368421052632,2.363636363636364,0.2937853107344633,0.12429378531073448,0.1694915254237288,0,6.532585219269415,1.7438257113343976,4.788759507935017,4.8940226658297545,Reliever,TRUE,0.1694915254237288,0.90625,0.9541984732824428,0.6305732484076433,0.9144736842105263,0.425,0.8273189509958467,69.6391370597508
94,K Dickey,Rocky Mountain Vibes,5.97,1,5,12,6,0,37.666666666666664,37,33,25,41,22,5.26,5,2.07,194,4,5,2023,pitcher,37.2,9.79646017699115,1.1946902654867255,8.840707964601771,0.5365853658536586,0.1134020618556701,0.211340206185567,-0.0979381443298969,0.5,6.532585219269415,1.7438257113343976,4.788759507935017,9.009998445988115,Starter,TRUE,-0.0979381443298969,0.60625,0.061068702290076333,0.2356687898089172,0.03289473684210526,0.4125,0.20738580726534328,32.4431484359206
94,J Natoli,Glacier Range Riders,4.78,3,0,34,0,3,37.666666666666664,34,21,20,35,35,8.36,3,1.83,178,3,2,2023,pitcher,37.2,8.36283185840708,0.7168141592920354,8.123893805309734,1,0.19662921348314608,0.19662921348314608,0,0,6.532585219269415,1.7438257113343976,4.788759507935017,6.912653313244752,Reliever,TRUE,0,0.8,0.37404580152671757,0.49044585987261147,0.15789473684210525,0.4125,0.4121168539663692,44.727011237982154
96,Q Waterhouse,Ogden Raptors,4.82,3,2,32,0,0,37.333333333333336,38,26,20,14,32,7.71,2,1.39,167,3,3,2023,pitcher,37.1,3.375,0.4821428571428571,9.160714285714285,2.2857142857142856,0.19161676646706588,0.08383233532934131,0.10778443113772455,0,6.532585219269415,1.7438257113343976,4.788759507935017,5.136973793649303,Reliever,TRUE,0.10778443113772455,0.7875,0.9007633587786259,0.8726114649681529,0.6644736842105263,0.40625,0.759523726850371,65.57142361102225
97,R Cloude,Glacier Range Riders,6.32,0,0,31,1,0,37,50,30,26,10,38,9.24,6,1.62,179,6,4,2023,pitcher,37,2.4324324324324325,1.4594594594594594,12.16216216216216,3.8,0.2122905027932961,0.05586592178770949,0.1564245810055866,0.03225806451612903,6.532585219269415,1.7438257113343976,4.788759507935017,5.977948697124207,Reliever,TRUE,0.1564245810055866,0.55625,0.6412213740458015,0.7133757961783439,0.8552631578947368,0.3875,0.6404412608151023,58.42647564890614
97,E Kowalski,Boise Hawks,4.38,2,1,21,0,1,37,38,23,18,17,40,9.73,3,1.49,171,3,6,2023,pitcher,37,4.135135135135135,0.7297297297297297,9.243243243243244,2.3529411764705883,0.23391812865497075,0.09941520467836255,0.13450292397660818,0,6.532585219269415,1.7438257113343976,4.788759507935017,5.545516264691774,Reliever,TRUE,0.13450292397660818,0.85,0.8320610687022901,0.8343949044585988,0.7763157894736842,0.3875,0.7571520758215128,65.42912454929078
97,C Repetti,Billings Mustangs,2.43,6,1,8,6,0,37,37,15,10,14,20,4.86,4,1.38,162,4,3,2023,pitcher,37,3.4054054054054053,0.972972972972973,9,1.4285714285714286,0.12345679012345678,0.08641975308641975,0.03703703703703703,0.75,6.532585219269415,1.7438257113343976,4.788759507935017,6.49146221063772,Starter,TRUE,0.037037037037037035,0.96875,0.5267175572519084,0.8789808917197452,0.26973684210526316,0.3875,0.5559699804937904,53.358198829627426
100,C Housley,Glacier Range Riders,3.96,3,1,29,0,0,36.333333333333336,38,19,16,18,33,8.17,2,1.54,165,4,8,2023,pitcher,36.1,4.458715596330275,0.4954128440366972,9.412844036697248,1.8333333333333333,0.2,0.10909090909090909,0.09090909090909093,0,6.532585219269415,1.7438257113343976,4.788759507935017,5.834631067568045,Reliever,TRUE,0.09090909090909091,0.88125,0.7099236641221374,0.7770700636942676,0.5460526315789473,0.38125,0.6602619983340712,59.61571990004427
101,J Kengott,Billings Mustangs,10.5,0,4,10,8,0,36,51,46,42,36,26,6.5,7,2.42,192,6,6,2023,pitcher,36,9,1.75,12.75,0.7222222222222222,0.13541666666666666,0.1875,-0.05208333333333334,0.8,6.532585219269415,1.7438257113343976,4.788759507935017,9.372092841268351,Starter,TRUE,-0.052083333333333336,0.1125,0.05343511450381679,0.10191082802547771,0.05921052631578947,0.375,0.11653223386723238,26.991934032033942
102,T Johnson,Grand Junction Jackalopes,8.83,3,3,20,0,0,35.666666666666664,42,39,35,25,40,10.09,7,1.88,177,7,8,2023,pitcher,35.2,6.308411214953272,1.766355140186916,10.598130841121495,1.6,0.22598870056497175,0.14124293785310735,0.0847457627118644,0,6.532585219269415,1.7438257113343976,4.788759507935017,7.872871657467728,Reliever,TRUE,0.0847457627118644,0.25,0.19083969465648856,0.4267515923566879,0.5263157894736842,0.3625,0.3161491949930011,38.96895169958007
102,D Kubiuk,Ogden Raptors,0.5,1,0,35,0,15,35.666666666666664,26,3,2,9,50,12.62,1,0.98,142,3,1,2023,pitcher,35.2,2.2710280373831777,0.25233644859813087,6.560747663551402,5.555555555555555,0.352112676056338,0.06338028169014084,0.28873239436619713,0,6.532585219269415,1.7438257113343976,4.788759507935017,3.190628666813522,Reliever,TRUE,0.2887323943661972,0.98125,1,0.9936305732484076,1,0.3625,0.9009255573248408,74.05553343949045
104,R Robles,Glacier Range Riders,7.46,0,2,38,0,2,35,44,31,29,21,33,8.49,6,1.86,169,5,5,2023,pitcher,35,5.4,1.542857142857143,11.314285714285717,1.5714285714285714,0.1952662721893491,0.1242603550295858,0.07100591715976332,0,6.532585219269415,1.7438257113343976,4.788759507935017,7.3601880793635885,Reliever,TRUE,0.07100591715976332,0.36875,0.2366412213740458,0.4713375796178344,0.4868421052631579,0.35625,0.3479086675640334,40.874520053842005
105,J LaRossa,Missoula PaddleHeads,4.5,0,0,34,0,0,34,27,18,17,22,43,11.38,4,1.44,152,5,3,2023,pitcher,34,5.823529411764706,1.0588235294117647,7.147058823529412,1.9545454545454544,0.28289473684210525,0.14473684210526316,0.1381578947368421,0,6.532585219269415,1.7438257113343976,4.788759507935017,5.994641860876194,Reliever,TRUE,0.13815789473684212,0.83125,0.6335877862595419,0.8535031847133758,0.7960526315789473,0.35,0.6751834592909438,60.51100755745663
106,F Pace,Ogden Raptors,6.42,1,2,24,1,0,33.666666666666664,45,26,24,13,23,6.15,3,1.72,160,4,1,2023,pitcher,33.2,3.4752475247524757,0.801980198019802,12.02970297029703,1.7692307692307692,0.14375,0.08125,0.06249999999999998,0.041666666666666664,6.532585219269415,1.7438257113343976,4.788759507935017,5.828363468331057,Reliever,TRUE,0.0625,0.5375,0.7175572519083969,0.5923566878980892,0.4144736842105263,0.34375,0.561340806395273,53.680448383716374
107,J Bogacz,Idaho Falls Chukars,7.02,1,2,30,0,0,33.333333333333336,44,39,26,24,34,9.18,1,2.04,172,3,1,2023,pitcher,33.1,6.4799999999999995,0.26999999999999996,11.88,1.4166666666666667,0.19767441860465115,0.13953488372093023,0.05813953488372092,0,6.532585219269415,1.7438257113343976,4.788759507935017,5.388759507935017,Reliever,TRUE,0.05813953488372093,0.41875,0.8473282442748091,0.2484076433121019,0.3815789473684211,0.3375,0.5535253515148181,53.211521090889086
108,L Fuenmayor,Missoula PaddleHeads,5.45,4,2,34,0,0,33,33,20,20,18,39,10.64,3,1.55,154,1,5,2023,pitcher,33,4.909090909090909,0.8181818181818182,9,2.1666666666666665,0.2532467532467532,0.11688311688311688,0.13636363636363635,0,6.532585219269415,1.7438257113343976,4.788759507935017,5.6978504170259265,Reliever,TRUE,0.13636363636363635,0.70625,0.7786259541984732,0.7579617834394905,0.7828947368421053,0.31875,0.6975755073917594,61.85453044350557
108,K Ward,Rocky Mountain Vibes,6,1,2,10,5,0,33,38,24,22,29,28,7.64,3,2.03,164,6,3,2023,pitcher,33,7.909090909090909,0.8181818181818182,10.363636363636363,0.9655172413793104,0.17073170731707318,0.17682926829268292,-0.00609756097560973,0.5,6.532585219269415,1.7438257113343976,4.788759507935017,7.182698901874412,Starter,TRUE,-0.006097560975609756,0.59375,0.29770992366412213,0.2611464968152866,0.14473684210526316,0.31875,0.3110209875682301,38.66125925409381
108,T Wyatt,Idaho Falls Chukars,10.36,0,4,11,6,0,33,54,39,38,11,35,9.55,9,1.97,164,2,2,2023,pitcher,33,3,2.4545454545454546,14.727272727272728,3.1818181818181817,0.21341463414634143,0.06707317073170732,0.14634146341463414,0.5454545454545454,6.532585219269415,1.7438257113343976,4.788759507935017,7.394820113995623,Starter,TRUE,0.14634146341463414,0.125,0.22137404580152673,0.34394904458598724,0.8223684210526315,0.31875,0.35398070698973577,41.23884241938414
111,D Landis,Colorado Springs Sky Sox,8.27,2,0,28,0,2,32.666666666666664,37,33,30,25,30,8.27,6,1.9,166,12,7,2023,pitcher,32.2,6.887755102040817,1.653061224489796,10.193877551020408,1.2,0.18072289156626503,0.15060240963855423,0.03012048192771083,0,6.532585219269415,1.7438257113343976,4.788759507935017,8.278555426302365,Reliever,TRUE,0.030120481927710843,0.28125,0.11450381679389313,0.40764331210191085,0.24342105263157895,0.30625,0.22337506845406413,33.40250410724385
111,B McPherson,Billings Mustangs,5.23,3,0,8,7,0,32.666666666666664,40,19,19,14,24,6.61,1,1.65,146,5,1,2023,pitcher,32.2,3.857142857142857,0.2755102040816327,11.020408163265309,1.7142857142857142,0.1643835616438356,0.0958904109589041,0.0684931506849315,0.875,6.532585219269415,1.7438257113343976,4.788759507935017,5.094881956914609,Starter,TRUE,0.0684931506849315,0.74375,0.916030534351145,0.6815286624203821,0.45394736842105265,0.30625,0.6828545536667068,60.97127322000241
113,M Hess,Ogden Raptors,5.34,3,1,6,5,0,32,47,24,19,10,16,4.5,3,1.78,152,6,1,2023,pitcher,32,2.8125,0.84375,13.21875,1.6,0.10526315789473684,0.06578947368421052,0.03947368421052631,0.8333333333333334,6.532585219269415,1.7438257113343976,4.788759507935017,6.038759507935017,Starter,TRUE,0.039473684210526314,0.7125,0.6030534351145038,0.5286624203821656,0.27631578947368424,0.29375,0.5002882739787549,50.017296438725296
113,M Simon,Missoula PaddleHeads,5.63,1,3,32,0,12,32,35,21,20,13,46,12.94,2,1.5,145,1,4,2023,pitcher,32,3.65625,0.5625,9.84375,3.5384615384615383,0.31724137931034485,0.0896551724137931,0.2275862068965517,0,6.532585219269415,1.7438257113343976,4.788759507935017,4.320009507935017,Reliever,TRUE,0.22758620689655173,0.66875,0.9847328244274809,0.8152866242038217,0.9736842105263158,0.29375,0.8145336342966377,68.87201805779827
115,J Zigan,Idaho Falls Chukars,10.52,0,0,19,0,1,31.666666666666668,50,39,37,13,21,5.97,7,1.99,156,6,NA,2023,pitcher,31.2,3.694736842105263,1.9894736842105265,14.210526315789473,1.6153846153846154,0.1346153846153846,0.08333333333333333,0.05128205128205128,0,6.532585219269415,1.7438257113343976,4.788759507935017,NA,Reliever,TRUE,0.05128205128205128,0.10625,NA,0.3184713375796178,0.3618421052631579,0.2875,NA,NA
116,J Dobrash,Grand Junction Jackalopes,15.85,1,5,10,7,0,30.666666666666668,59,57,54,30,24,7.04,11,2.9,190,9,11,2023,pitcher,30.2,8.804347826086957,3.2282608695652173,17.315217391304348,0.8,0.1263157894736842,0.15789473684210523,-0.03157894736842104,0.7,6.532585219269415,1.7438257113343976,4.788759507935017,11.89745516010893,Starter,TRUE,-0.031578947368421054,0.04375,0.015267175572519083,0.050955414012738856,0.09868421052631579,0.28125,0.07968925373554467,24.781355224132682
117,D Ross,Colorado Springs Sky Sox,8.6,2,3,26,0,0,30.333333333333332,40,30,29,17,27,8.01,4,1.88,144,NA,2,2023,pitcher,30.1,5.043956043956044,1.1868131868131868,11.868131868131869,1.588235294117647,0.1875,0.11805555555555557,0.06944444444444445,0,6.532585219269415,1.7438257113343976,4.788759507935017,6.60194632112183,Reliever,TRUE,0.06944444444444445,0.275,0.4961832061068702,0.4267515923566879,0.4605263157894737,0.275,0.41575370483631163,44.9452222901787
118,B McCabe,Ogden Raptors,7.5,1,2,34,0,2,30,32,29,25,27,55,16.5,4,1.97,155,5,4,2023,pitcher,30,8.1,1.2,9.6,2.037037037037037,0.3548387096774194,0.17419354838709675,0.1806451612903226,0,6.532585219269415,1.7438257113343976,4.788759507935017,5.955426174601684,Reliever,TRUE,0.18064516129032257,0.35625,0.6564885496183206,0.34394904458598724,0.9407894736842105,0.2625,0.5779607190427691,54.67764314256615
118,I Oxnevad,Boise Hawks,7.5,1,2,7,6,0,30,37,28,25,15,22,6.6,4,1.73,142,5,4,2023,pitcher,30,4.5,1.2,11.1,1.4666666666666666,0.15492957746478872,0.1056338028169014,0.04929577464788731,0.8571428571428571,6.532585219269415,1.7438257113343976,4.788759507935017,6.9554261746016834,Starter,TRUE,0.04929577464788732,0.35625,0.35877862595419846,0.5668789808917197,0.34210526315789475,0.2625,0.3614329011024303,41.68597406614582
120,C Runge,Missoula PaddleHeads,10.01,1,3,9,4,0,29.666666666666668,41,37,33,22,11,3.34,5,2.12,157,5,11,2023,pitcher,29.2,6.674157303370786,1.5168539325842696,12.438202247191011,0.5,0.07006369426751592,0.14012738853503184,-0.07006369426751592,0.4444444444444444,6.532585219269415,1.7438257113343976,4.788759507935017,9.5752763618676,Reliever,TRUE,-0.07006369426751592,0.15625,0.04580152671755725,0.21019108280254778,0.046052631578947366,0.25,0.10948774528306715,26.56926471698403
120,N Zeglin,Rocky Mountain Vibes,3.03,3,0,6,6,0,29.666666666666668,28,10,10,9,39,11.83,1,1.25,125,2,1,2023,pitcher,29.2,2.730337078651685,0.3033707865168539,8.49438202247191,4.333333333333333,0.312,0.072,0.24,1,6.532585219269415,1.7438257113343976,4.788759507935017,3.608984227036141,Starter,TRUE,0.24,0.93125,0.9923664122137404,0.9426751592356688,0.9868421052631579,0.25,0.8657700018616946,71.94620011170167
122,B McFadden,Boise Hawks,5.28,1,0,30,0,0,29,30,17,17,17,29,9,3,1.62,135,2,5,2023,pitcher,29,5.275862068965517,0.9310344827586208,9.310344827586206,1.7058823529411764,0.2148148148148148,0.1259259259259259,0.0888888888888889,0,6.532585219269415,1.7438257113343976,4.788759507935017,6.409449163107431,Reliever,TRUE,0.08888888888888889,0.71875,0.5419847328244275,0.7133757961783439,0.5328947368421053,0.24375,0.5390854201160264,52.34512520696158
123,C Marley,Grand Junction Jackalopes,6.59,1,0,24,0,6,28.666666666666668,39,23,21,19,25,7.85,3,2.02,142,3,2,2023,pitcher,28.2,5.965116279069767,0.9418604651162792,12.244186046511627,1.3157894736842106,0.176056338028169,0.13380281690140844,0.04225352112676056,0,6.532585219269415,1.7438257113343976,4.788759507935017,6.60271299630711,Reliever,TRUE,0.04225352112676056,0.525,0.48854961832061067,0.267515923566879,0.3026315789473684,0.2375,0.3970727554744059,43.82436532846435
124,P Harris,Great Falls Voyagers,10.16,3,0,16,1,0,28.333333333333332,50,34,32,9,27,8.58,7,2.08,147,4,2,2023,pitcher,28.1,2.8588235294117648,2.223529411764706,15.882352941176473,3,0.1836734693877551,0.06122448979591836,0.12244897959183676,0.0625,6.532585219269415,1.7438257113343976,4.788759507935017,7.259347743229135,Reliever,TRUE,0.12244897959183673,0.1375,0.2595419847328244,0.2229299363057325,0.7302631578947368,0.23125,0.32747491910265036,39.64849514615902
125,B Lorah,Great Falls Voyagers,7.39,0,2,11,3,0,28,46,29,23,9,27,8.68,6,1.96,141,3,3,2023,pitcher,28,2.892857142857143,1.9285714285714288,14.785714285714286,3,0.1914893617021277,0.06382978723404255,0.12765957446808512,0.2727272727272727,6.532585219269415,1.7438257113343976,4.788759507935017,6.93161665079216,Reliever,TRUE,0.1276595744680851,0.38125,0.366412213740458,0.3630573248407643,0.75,0.225,0.4238081179802597,45.42848707881558
8,L Almonte,Rocky Mountain Vibes,10.57,0,1,7,0,0,7.666666666666667,11,9,9,9,3,3.52,NA,2.61,42,NA,1,2023,pitcher,7.2,10.565217391304348,NA,12.91304347826087,0.3333333333333333,0.07142857142857142,0.21428571428571427,-0.14285714285714285,0,6.532585219269415,1.7438257113343976,4.788759507935017,NA,Reliever,TRUE,-0.14285714285714285,0.1,NA,0.07006369426751592,0.006578947368421052,0.1125,NA,NA
10,J Alvarez,Missoula PaddleHeads,12,0,0,2,0,0,3,2,4,4,4,2,6,1,2,16,NA,1,2023,pitcher,3,12,3,6,0.5,0.125,0.25,-0.125,0,6.532585219269415,1.7438257113343976,4.788759507935017,12.788759507935016,Reliever,TRUE,-0.125,0.08125,0.007633587786259542,0.2802547770700637,0.013157894736842105,0.075,0.05714799176887861,23.428879506132716
13,J Ariza,Rocky Mountain Vibes,45,0,0,1,0,0,1,6,5,5,1,2,18,2,7,10,NA,NA,2023,pitcher,1,9,18,54,2,0.2,0.1,0.1,0,6.532585219269415,1.7438257113343976,4.788759507935017,NA,Reliever,TRUE,0.1,0.00625,NA,0,0.625,0.0125,NA,NA
14,J Armstrong,Great Falls Voyagers,7.2,0,0,5,0,0,5,7,4,4,2,1,1.8,2,1.8,24,1,NA,2023,pitcher,5,3.6,3.6,12.6,0.5,0.04166666666666666,0.08333333333333333,-0.04166666666666666,0,6.532585219269415,1.7438257113343976,4.788759507935017,NA,Reliever,TRUE,-0.041666666666666664,0.39375,NA,0.5095541401273885,0.06578947368421052,0.0875,NA,NA
16,A Atwood,Great Falls Voyagers,9,0,0,1,0,0,2,1,2,2,1,NA,0,NA,1,8,2,1,2023,pitcher,2,4.5,NA,4.5,NA,NA,0.125,NA,0,6.532585219269415,1.7438257113343976,4.788759507935017,NA,Reliever,TRUE,NA,0.21875,NA,0.9745222929936306,NA,0.05,NA,NA
20,R Baldenebro,Grand Junction Jackalopes,13.5,0,0,4,1,0,8,18,14,12,7,6,6.75,1,3.13,47,2,1,2023,pitcher,8,7.875,1.125,20.25,0.8571428571428571,0.1276595744680851,0.14893617021276595,-0.02127659574468085,0.25,6.532585219269415,1.7438257113343976,4.788759507935017,7.913759507935017,Reliever,TRUE,-0.02127659574468085,0.05625,0.17557251908396945,0.03184713375796178,0.1118421052631579,0.11875,0.12203214206201554,27.32192852372093
24,L Barns,Ogden Raptors,4.5,0,0,2,0,0,2,4,2,1,NA,1,4.5,NA,2,11,NA,NA,2023,pitcher,2,NA,NA,18,NA,0.09090909090909093,NA,NA,0,6.532585219269415,1.7438257113343976,4.788759507935017,NA,Reliever,TRUE,NA,0.83125,NA,0.2802547770700637,NA,0.05,NA,NA
27,C Barton,Grand Junction Jackalopes,9.49,2,0,17,1,0,24.666666666666668,41,32,26,18,13,4.74,4,2.39,131,1,NA,2023,pitcher,24.2,6.5675675675675675,1.4594594594594594,14.959459459459458,0.7222222222222222,0.09923664122137404,0.13740458015267176,-0.03816793893129772,0.058823529411764705,6.532585219269415,1.7438257113343976,4.788759507935017,NA,Reliever,TRUE,-0.03816793893129771,0.175,NA,0.10828025477707007,0.08552631578947369,0.20625,NA,NA
29,A Becerra-Lopez,Great Falls Voyagers,4.82,0,0,9,0,0,9.333333333333334,12,9,5,8,7,6.75,NA,2.14,51,NA,2,2023,pitcher,9.1,7.7142857142857135,NA,11.571428571428571,0.875,0.13725490196078433,0.1568627450980392,-0.01960784313725488,0,6.532585219269415,1.7438257113343976,4.788759507935017,NA,Reliever,TRUE,-0.0196078431372549,0.7875,NA,0.19745222929936307,0.11842105263157894,0.15,NA,NA
33,B Blessie,Great Falls Voyagers,9.31,0,0,10,0,0,9.666666666666666,9,12,10,10,15,13.97,2,1.97,51,NA,2,2023,pitcher,9.2,9.310344827586208,1.8620689655172415,8.379310344827587,1.5,0.29411764705882354,0.19607843137254904,0.09803921568627452,0,6.532585219269415,1.7438257113343976,4.788759507935017,8.099104335521226,Reliever,TRUE,0.09803921568627451,0.1875,0.1450381679389313,0.34394904458598724,0.5986842105263158,0.15625,0.2637095137394344,35.82257082436607
35,K Blum,Missoula PaddleHeads,6.41,0,0,32,0,0,26.666666666666668,17,29,19,35,41,13.84,3,1.95,140,9,7,2023,pitcher,26.2,11.8125,1.0125,5.7375,1.1714285714285717,0.29285714285714287,0.25,0.04285714285714287,0,6.532585219269415,1.7438257113343976,4.788759507935017,7.901259507935017,Reliever,TRUE,0.04285714285714286,0.54375,0.183206106870229,0.37579617834394907,0.3157894736842105,0.2125,0.28745745531932865,37.24744731915972
39,B Bonner,Ogden Raptors,9,0,0,2,0,0,2,5,2,2,1,1,4.5,NA,3,12,NA,NA,2023,pitcher,2,4.5,NA,22.5,1,0.08333333333333333,0.08333333333333333,0,0,6.532585219269415,1.7438257113343976,4.788759507935017,NA,Reliever,TRUE,0,0.21875,NA,0.03821656050955414,0.15789473684210525,0.05,NA,NA
42,N Boudreau,Boise Hawks,6.75,0,0,1,0,0,1.3333333333333333,2,1,1,3,NA,0,NA,3.75,9,1,NA,2023,pitcher,1.1,20.25,NA,13.5,NA,NA,0.3333333333333333,NA,0,6.532585219269415,1.7438257113343976,4.788759507935017,NA,Reliever,TRUE,NA,0.5,NA,0.012738853503184714,NA,0.0375,NA,NA
44,N Boyle,Missoula PaddleHeads,3,0,0,5,0,1,6,5,2,2,1,5,7.5,NA,1,24,NA,NA,2023,pitcher,6,1.5,NA,7.5,5,0.20833333333333337,0.04166666666666666,0.16666666666666669,0,6.532585219269415,1.7438257113343976,4.788759507935017,NA,Reliever,TRUE,0.16666666666666666,0.9375,NA,0.9745222929936306,0.9013157894736842,0.1,NA,NA
47,B Brown,Great Falls Voyagers,18,0,0,2,1,0,5,13,10,10,2,2,3.6,4,3,30,NA,NA,2023,pitcher,5,3.6,7.2,23.4,1,0.06666666666666667,0.06666666666666667,0,0.5,6.532585219269415,1.7438257113343976,4.788759507935017,NA,Starter,TRUE,0,0.03125,NA,0.03821656050955414,0.15789473684210525,0.0875,NA,NA
50,A Buendia,Grand Junction Jackalopes,10.5,0,0,3,0,0,6,7,7,7,5,2,3,2,2,30,NA,1,2023,pitcher,6,7.5,3,10.5,0.4,0.06666666666666667,0.16666666666666666,-0.1,0,6.532585219269415,1.7438257113343976,4.788759507935017,11.455426174601683,Reliever,TRUE,-0.1,0.1125,0.022900763358778626,0.2802547770700637,0.019736842105263157,0.1,0.07300815147157044,24.380489088294226
53,M Byrne,Rocky Mountain Vibes,Inf,0,0,1,0,0,0,NA,2,2,2,NA,0,NA,NA,3,NA,1,2023,pitcher,0,NA,NA,NA,NA,NA,0.6666666666666666,NA,0,6.532585219269415,1.7438257113343976,4.788759507935017,NA,Reliever,FALSE,NA,0,NA,NA,NA,0,NA,NA
54,R Campbell,Rocky Mountain Vibes,11.32,0,1,3,3,0,10.333333333333334,16,13,13,10,9,7.84,2,2.52,55,5,1,2023,pitcher,10.1,8.709677419354838,1.7419354838709675,13.935483870967742,0.9,0.16363636363636364,0.18181818181818185,-0.01818181818181818,1,6.532585219269415,1.7438257113343976,4.788759507935017,8.756501443418887,Starter,TRUE,-0.01818181818181818,0.0875,0.08396946564885496,0.08280254777070063,0.125,0.16875,0.10530554103661205,26.31833246219672
57,B Carson,Rocky Mountain Vibes,21.6,0,1,1,1,0,1.6666666666666663,4,6,4,2,3,16.2,NA,3.6,13,NA,NA,2023,pitcher,1.2,10.8,NA,21.6,1.5,0.2307692307692308,0.15384615384615383,0.07692307692307693,1,6.532585219269415,1.7438257113343976,4.788759507935017,NA,Starter,TRUE,0.07692307692307693,0.01875,NA,0.025477707006369428,0.5,0.04375,NA,NA
58,C Carver,Missoula PaddleHeads,15.12,0,1,4,3,0,8.333333333333334,20,15,14,4,7,7.56,1,2.88,49,NA,NA,2023,pitcher,8.1,4.319999999999999,1.0799999999999998,21.6,1.75,0.14285714285714285,0.08163265306122448,0.06122448979591836,0.75,6.532585219269415,1.7438257113343976,4.788759507935017,NA,Starter,TRUE,0.061224489795918366,0.05,NA,0.05732484076433121,0.40131578947368424,0.13125,NA,NA
59,R Cash,Missoula PaddleHeads,18,0,0,1,0,0,1,2,2,2,NA,NA,0,NA,2,7,NA,2,2023,pitcher,1,NA,NA,18,NA,NA,NA,NA,0,6.532585219269415,1.7438257113343976,4.788759507935017,NA,Reliever,TRUE,NA,0.03125,NA,0.2802547770700637,NA,0.0125,NA,NA
61,A Cedano,Rocky Mountain Vibes,8.25,0,2,12,0,5,12,18,11,11,9,11,8.25,1,2.25,60,2,NA,2023,pitcher,12,6.75,0.75,13.5,1.2222222222222223,0.18333333333333332,0.15,0.03333333333333332,0,6.532585219269415,1.7438257113343976,4.788759507935017,NA,Reliever,TRUE,0.03333333333333333,0.2875,NA,0.12738853503184713,0.25,0.18125,NA,NA
62,J Cervantes,Great Falls Voyagers,9.56,0,3,5,4,0,16,23,23,17,10,9,5.06,2,2.06,83,1,3,2023,pitcher,16,5.625,1.125,12.9375,0.9,0.10843373493975904,0.12048192771084336,-0.01204819277108433,0.8,6.532585219269415,1.7438257113343976,4.788759507935017,7.726259507935017,Starter,TRUE,-0.012048192771084338,0.16875,0.20610687022900764,0.24203821656050956,0.13157894736842105,0.19375,0.18733735922133823,31.240241553280292
63,D Champagne,Ogden Raptors,27,0,0,5,0,0,4.333333333333333,7,13,13,9,6,12.46,2,3.69,30,4,1,2023,pitcher,4.1,18.692307692307693,4.153846153846154,14.53846153846154,0.6666666666666666,0.2,0.3,-0.09999999999999998,0,6.532585219269415,1.7438257113343976,4.788759507935017,14.942605661781172,Reliever,TRUE,-0.1,0.0125,0,0.01910828025477707,0.019736842105263157,0.08125,0.01992069644653034,21.19524178679182
64,S Charle,Rocky Mountain Vibes,3.38,0,0,11,0,1,10.666666666666666,10,4,4,6,8,6.75,1,1.5,50,1,2,2023,pitcher,10.2,5.0625,0.84375,8.4375,1.3333333333333333,0.16,0.12,0.04000000000000001,0,6.532585219269415,1.7438257113343976,4.788759507935017,6.757509507935017,Reliever,TRUE,0.04,0.9125,0.42748091603053434,0.8152866242038217,0.2894736842105263,0.175,0.4735407656747012,48.41244594048207
67,M Cirino,Grand Junction Jackalopes,7.42,3,2,15,2,1,26.666666666666668,32,24,22,14,28,9.45,5,1.72,128,1,3,2023,pitcher,26.2,4.725,1.6875,10.8,2,0.21875,0.109375,0.109375,0.13333333333333333,6.532585219269415,1.7438257113343976,4.788759507935017,7.038759507935017,Reliever,TRUE,0.109375,0.375,0.32061068702290074,0.5923566878980892,0.6776315789473685,0.2125,0.41113125938844286,44.66787556330657
76,S Colon,Rocky Mountain Vibes,20.25,0,0,1,1,0,2.6666666666666665,7,7,6,4,1,3.38,1,4.13,18,1,NA,2023,pitcher,2.2,13.5,3.375,23.625,0.25,0.05555555555555555,0.2222222222222222,-0.16666666666666666,1,6.532585219269415,1.7438257113343976,4.788759507935017,NA,Starter,TRUE,-0.16666666666666666,0.025,NA,0.006369426751592357,0,0.06875,NA,NA
80,J Coronado,Colorado Springs Sky Sox,13.5,0,0,7,1,0,10,14,16,15,13,8,7.2,3,2.7,57,2,1,2023,pitcher,10,11.7,2.7,12.6,0.6153846153846154,0.14035087719298245,0.22807017543859648,-0.08771929824561403,0.14285714285714285,6.532585219269415,1.7438257113343976,4.788759507935017,11.288759507935016,Reliever,TRUE,-0.08771929824561403,0.05625,0.030534351145038167,0.06369426751592357,0.039473684210526314,0.1625,0.05929040405171288,23.557424243102773
86,E Cuevas,Colorado Springs Sky Sox,10.13,0,1,6,0,0,8,10,11,9,5,11,12.38,NA,1.88,42,NA,4,2023,pitcher,8,5.625,NA,11.25,2.2,0.2619047619047619,0.11904761904761904,0.14285714285714288,0,6.532585219269415,1.7438257113343976,4.788759507935017,NA,Reliever,TRUE,0.14285714285714285,0.15,NA,0.4267515923566879,0.8157894736842105,0.11875,NA,NA
90,L Dawson,Glacier Range Riders,7.23,0,1,18,0,0,18.666666666666668,21,15,15,21,17,8.2,NA,2.25,97,9,3,2023,pitcher,18.2,10.125,NA,10.125,0.8095238095238095,0.17525773195876287,0.21649484536082475,-0.04123711340206187,0,6.532585219269415,1.7438257113343976,4.788759507935017,NA,Reliever,TRUE,-0.041237113402061855,0.3875,NA,0.12738853503184713,0.07236842105263158,0.2,NA,NA
96,M DeSanti,Idaho Falls Chukars,0,0,0,1,0,0,1,NA,NA,NA,NA,2,18,NA,NA,3,NA,NA,2023,pitcher,1,NA,NA,NA,NA,0.6666666666666666,NA,NA,0,6.532585219269415,1.7438257113343976,4.788759507935017,NA,Reliever,TRUE,NA,0.9875,NA,NA,NA,0.0125,NA,NA
97,B Demco,Great Falls Voyagers,1.08,1,2,8,0,1,8.333333333333334,5,1,1,3,10,10.8,NA,0.96,34,1,3,2023,pitcher,8.1,3.24,NA,5.3999999999999995,3.3333333333333335,0.29411764705882354,0.08823529411764706,0.2058823529411765,0,6.532585219269415,1.7438257113343976,4.788759507935017,NA,Reliever,TRUE,0.20588235294117646,0.975,NA,1,0.9605263157894737,0.13125,NA,NA
107,M Dinesen,Glacier Range Riders,0,0,0,1,0,0,1,2,NA,NA,NA,NA,0,NA,2,4,NA,NA,2023,pitcher,1,NA,NA,18,NA,NA,NA,NA,0,6.532585219269415,1.7438257113343976,4.788759507935017,NA,Reliever,TRUE,NA,0.9875,NA,0.2802547770700637,NA,0.0125,NA,NA
109,B Donovan,Billings Mustangs,12.96,0,0,8,0,0,8.333333333333334,11,13,12,10,8,8.64,NA,2.52,50,1,4,2023,pitcher,8.1,10.8,NA,11.88,0.8,0.16,0.2,-0.04000000000000001,0,6.532585219269415,1.7438257113343976,4.788759507935017,NA,Reliever,TRUE,-0.04,0.075,NA,0.08280254777070063,0.07894736842105263,0.13125,NA,NA
110,B Dorman,Great Falls Voyagers,0,0,0,1,0,0,0,NA,NA,NA,NA,NA,0,NA,NA,NA,NA,NA,2023,pitcher,0,NA,NA,NA,NA,NA,NA,NA,0,6.532585219269415,1.7438257113343976,4.788759507935017,NA,Reliever,FALSE,NA,0.9875,NA,NA,NA,0,NA,NA
113,C Dykstra,Boise Hawks,3.6,0,1,15,0,3,15,7,8,6,8,21,12.6,1,1,64,3,3,2023,pitcher,15,4.8,0.6,4.2,2.625,0.328125,0.125,0.203125,0,6.532585219269415,1.7438257113343976,4.788759507935017,5.055426174601684,Reliever,TRUE,0.203125,0.9,0.9236641221374046,0.9745222929936306,0.9539473684210527,0.1875,0.8208323518385354,69.24994111031212
1,M Peterson,Boise Hawks,4.38,10,8,19,19,0,115,119,66,56,36,100,7.83,9,1.35,499,2,10,2024,pitcher,115,2.8173913043478263,0.7043478260869566,9.31304347826087,2.7777777777777777,0.2004008016032064,0.07214428857715431,0.12825651302605212,1,6.322036836403034,1.6614084507042253,4.660628385698809,5.138889255264027,Starter,TRUE,0.1282565130260521,0.8238636363636364,0.875,0.8793103448275862,0.7,1,0.8515105799373042,71.09063479623825
2,C Jessee,Colorado Springs Sky Sox,5.42,9,6,19,17,0,103,110,71,62,54,109,9.52,20,1.59,471,11,6,2024,pitcher,103,4.718446601941747,1.7475728155339805,9.611650485436892,2.0185185185185186,0.23142250530785563,0.11464968152866242,0.1167728237791932,0.8947368421052632,6.322036836403034,1.6614084507042253,4.660628385698809,6.8159681915240515,Starter,TRUE,0.11677282377919321,0.6534090909090909,0.4236111111111111,0.6896551724137931,0.6352941176470588,0.9886363636363636,0.6117756033970537,56.70653620382323
2,O Sharts,Idaho Falls Chukars,5.85,4,7,19,18,0,103,115,83,67,51,119,10.4,12,1.61,479,11,12,2024,pitcher,103,4.456310679611651,1.0485436893203883,10.048543689320388,2.3333333333333335,0.24843423799582465,0.10647181628392484,0.14196242171189982,0.9473684210526315,6.322036836403034,1.6614084507042253,4.660628385698809,5.6994633371551195,Starter,TRUE,0.1419624217118998,0.6022727272727273,0.7083333333333334,0.6551724137931034,0.7588235294117647,0.9886363636363636,0.7392516442313604,64.35509865388161
4,C Lomeli,Rocky Mountain Vibes,5.74,9,5,20,20,0,102,118,72,65,29,58,5.12,8,1.44,446,12,6,2024,pitcher,102,2.5588235294117645,0.7058823529411765,10.411764705882351,2,0.13004484304932734,0.06502242152466367,0.06502242152466367,1,6.322036836403034,1.6614084507042253,4.660628385698809,5.572393091581162,Starter,TRUE,0.06502242152466367,0.6136363636363636,0.75,0.8160919540229885,0.37058823529411766,0.9772727272727273,0.694363206097486,61.66179236584916
4,A Villa,Missoula PaddleHeads,5.12,9,2,19,18,0,102,106,65,58,38,114,10.06,10,1.41,456,7,14,2024,pitcher,102,3.3529411764705883,0.8823529411764706,9.352941176470589,3,0.25,0.08333333333333333,0.16666666666666669,0.9473684210526315,6.322036836403034,1.6614084507042253,4.660628385698809,5.229255836679201,Starter,TRUE,0.16666666666666666,0.7159090909090909,0.8541666666666666,0.8333333333333334,0.8647058823529412,0.9772727272727273,0.8519184491978611,71.11510695187167
6,B Ferrer,Yuba-Sutter Freebirds,4.35,10,4,22,14,0,99.33333333333331,100,52,48,28,108,9.79,11,1.29,424,6,4,2024,pitcher,99.1,2.5369127516778525,0.9966442953020136,9.060402684563758,3.857142857142857,0.25471698113207547,0.0660377358490566,0.18867924528301888,0.6363636363636364,6.322036836403034,1.6614084507042253,4.660628385698809,4.892172009859883,Starter,TRUE,0.18867924528301888,0.8295454545454546,0.9027777777777778,0.9137931034482759,0.9176470588235294,0.9715909090909091,0.9061902877660992,74.37141726596596
7,C Repetti,Yuba-Sutter Freebirds,4.48,8,4,19,16,1,98.33333333333331,98,61,49,40,90,8.24,10,1.4,431,8,10,2024,pitcher,98.1,3.6610169491525424,0.9152542372881356,8.969491525423729,2.25,0.2088167053364269,0.09280742459396751,0.1160092807424594,0.8421052631578947,6.322036836403034,1.6614084507042253,4.660628385698809,5.677577538241182,Starter,TRUE,0.11600928074245939,0.8068181818181818,0.7152777777777778,0.8390804597701149,0.6235294117647059,0.9659090909090909,0.7606341303501548,65.63804782100928
8,L Malone,Boise Hawks,5.2,6,8,19,19,0,97,140,67,56,23,80,7.42,12,1.68,449,4,7,2024,pitcher,97,2.134020618556701,1.11340206185567,12.989690721649485,3.4782608695652173,0.17817371937639198,0.05122494432071269,0.12694877505567928,1,6.322036836403034,1.6614084507042253,4.660628385698809,5.547226323843139,Starter,TRUE,0.12694877505567928,0.7045454545454546,0.7777777777777778,0.5862068965517241,0.6941176470588235,0.9602272727272727,0.7582712392689573,65.49627435613743
9,C Gearing,Colorado Springs Sky Sox,5.4,8,3,21,14,0,96.66666666666669,119,66,58,37,81,7.54,11,1.61,448,1,11,2024,pitcher,96.2,3.4448275862068964,1.0241379310344827,11.079310344827586,2.189189189189189,0.18080357142857145,0.08258928571428571,0.09821428571428573,0.6666666666666666,6.322036836403034,1.6614084507042253,4.660628385698809,5.953731833974671,Starter,TRUE,0.09821428571428571,0.6590909090909091,0.6666666666666666,0.6551724137931034,0.5352941176470588,0.9488636363636364,0.6804359133935707,60.826154803614244
9,E Massie,Grand Junction Jackalopes,5.21,7,4,19,16,0,96.66666666666669,116,65,56,44,85,7.91,12,1.66,454,3,19,2024,pitcher,96.2,4.096551724137931,1.1172413793103448,10.8,1.931818181818182,0.18722466960352424,0.09691629955947136,0.09030837004405289,0.8421052631578947,6.322036836403034,1.6614084507042253,4.660628385698809,6.470973213285015,Starter,TRUE,0.09030837004405286,0.6988636363636364,0.5069444444444444,0.6091954022988506,0.5117647058823529,0.9488636363636364,0.6132093500932243,56.792561005593456
11,R Vazquez,Ogden Raptors,7.25,5,9,19,19,0,90.66666666666669,137,86,73,34,72,7.15,14,1.89,440,4,5,2024,pitcher,90.2,3.375,1.3897058823529411,13.599264705882351,2.1176470588235294,0.16363636363636364,0.07727272727272727,0.08636363636363636,1,6.322036836403034,1.6614084507042253,4.660628385698809,6.37018720922822,Starter,TRUE,0.08636363636363636,0.4090909090909091,0.5347222222222222,0.3620689655172414,0.4823529411764706,0.9431818181818182,0.5494072827668163,52.964436966008975
12,B McPherson,Yuba-Sutter Freebirds,5.22,6,2,16,16,0,89.66666666666667,102,55,52,30,78,7.83,10,1.47,387,9,1,2024,pitcher,89.2,3.011152416356877,1.003717472118959,10.237918215613382,2.6,0.2015503875968992,0.07751937984496124,0.12403100775193798,1,6.322036836403034,1.6614084507042253,4.660628385698809,5.407840281609589,Starter,TRUE,0.12403100775193798,0.6931818181818182,0.8125,0.7873563218390804,0.6764705882352942,0.9375,0.7836320225582396,67.01792135349437
13,W Buraconak,Grand Junction Jackalopes,7.44,3,7,19,18,0,88.33333333333333,124,86,73,56,76,7.74,13,2.04,441,15,6,2024,pitcher,88.1,5.705660377358491,1.3245283018867926,12.633962264150943,1.3571428571428572,0.17233560090702948,0.12698412698412698,0.04535147392290251,0.9473684210526315,6.322036836403034,1.6614084507042253,4.660628385698809,6.958741593245978,Starter,TRUE,0.045351473922902494,0.3693181818181818,0.3402777777777778,0.2471264367816092,0.2529411764705882,0.9318181818181818,0.40658244462884424,44.39494667773066
14,C Day,Rocky Mountain Vibes,6.49,7,5,19,14,0,87.33333333333333,121,71,63,30,59,6.08,9,1.73,406,5,5,2024,pitcher,87.1,3.0916030534351147,0.9274809160305344,12.469465648854962,1.9666666666666663,0.14532019704433496,0.07389162561576355,0.07142857142857141,0.7368421052631579,6.322036836403034,1.6614084507042253,4.660628385698809,5.851468080355297,Starter,TRUE,0.07142857142857142,0.5227272727272727,0.6875,0.5344827586206896,0.4117647058823529,0.9261363636363636,0.628130762493085,57.6878457495851
15,T Curtis,Colorado Springs Sky Sox,7.03,4,5,20,15,0,87,128,80,68,23,72,7.45,17,1.74,410,4,7,2024,pitcher,87,2.3793103448275863,1.7586206896551724,13.241379310344827,3.130434782608696,0.17560975609756097,0.05609756097560976,0.1195121951219512,0.75,6.322036836403034,1.6614084507042253,4.660628385698809,6.580168615583866,Starter,TRUE,0.11951219512195121,0.44886363636363635,0.4513888888888889,0.5172413793103449,0.6529411764705882,0.9204545454545454,0.5682656560534349,54.0959393632061
16,S Still,Grand Junction Jackalopes,7.79,5,5,18,14,0,84.33333333333333,116,84,73,32,117,12.49,16,1.75,406,9,12,2024,pitcher,84.1,3.41501976284585,1.707509881422925,12.379446640316209,3.65625,0.2881773399014778,0.07881773399014778,0.20935960591133,0.7777777777777778,6.322036836403034,1.6614084507042253,4.660628385698809,5.91754538174624,Starter,TRUE,0.20935960591133004,0.3181818181818182,0.6805555555555556,0.5,0.9588235294117647,0.9147727272727273,0.698930109922757,61.93580659536542
17,K Sophy,Glacier Range Riders,5.68,5,6,17,17,0,84,94,62,53,46,92,9.86,8,1.67,394,18,5,2024,pitcher,84,4.928571428571429,0.8571428571428571,10.071428571428571,2,0.233502538071066,0.116751269035533,0.116751269035533,1,6.322036836403034,1.6614084507042253,4.660628385698809,5.5296760047464275,Starter,TRUE,0.116751269035533,0.625,0.7847222222222222,0.5977011494252874,0.6294117647058823,0.9090909090909091,0.7296549931362305,63.77929958817383
18,Z St. Pierre,Oakland Ballers,5.33,7,5,24,10,0,82.66666666666667,87,60,49,39,87,9.47,7,1.52,370,6,3,2024,pitcher,82.2,4.245967741935484,0.7620967741935484,9.471774193548386,2.230769230769231,0.23513513513513515,0.1054054054054054,0.12972972972972974,0.4166666666666667,6.322036836403034,1.6614084507042253,4.660628385698809,5.18078967602139,Reliever,TRUE,0.12972972972972974,0.6704545454545454,0.8680555555555556,0.7413793103448276,0.7058823529411765,0.9034090909090909,0.7986161692994858,67.91697015796915
19,J Pineda,Great Falls Voyagers,5.47,6,4,22,9,0,82.33333333333333,82,55,50,43,71,7.76,16,1.52,382,12,18,2024,pitcher,82.1,4.700404858299596,1.7489878542510122,8.963562753036438,1.6511627906976745,0.18586387434554977,0.112565445026178,0.07329842931937174,0.4090909090909091,6.322036836403034,1.6614084507042253,4.660628385698809,7.684919883674517,Reliever,TRUE,0.07329842931937172,0.6420454545454546,0.2013888888888889,0.7413793103448276,0.4176470588235294,0.8920454545454546,0.46833653471838066,48.10019208310284
19,N Zegna,Glacier Range Riders,6.34,5,3,26,13,0,82.33333333333333,88,63,58,42,74,8.09,16,1.58,376,5,8,2024,pitcher,82.1,4.591093117408907,1.7489878542510122,9.619433198380568,1.761904761904762,0.19680851063829788,0.11170212765957446,0.08510638297872342,0.5,6.322036836403034,1.6614084507042253,4.660628385698809,7.211235673148202,Starter,TRUE,0.0851063829787234,0.5454545454545454,0.2847222222222222,0.6954022988505747,0.4764705882352941,0.8920454545454546,0.4943482364210051,49.660894185260304
21,C Cosby,Oakland Ballers,4.59,7,3,19,14,0,80.33333333333333,74,45,41,31,124,13.89,15,1.31,349,6,4,2024,pitcher,80.1,3.4730290456431536,1.6804979253112031,8.29045643153527,4,0.3553008595988539,0.08882521489971347,0.2664756446991404,0.7368421052631579,6.322036836403034,1.6614084507042253,4.660628385698809,5.307931290263125,Starter,TRUE,0.2664756446991404,0.7840909090909091,0.8402777777777778,0.9022988505747126,0.9941176470588236,0.8806818181818182,0.8748804346712562,72.49282608027536
21,B Mitchell,Yuba-Sutter Freebirds,7.28,5,2,17,17,0,80.33333333333333,92,69,65,49,62,6.95,7,1.76,371,13,4,2024,pitcher,80.1,5.4896265560165975,0.7842323651452283,10.307053941908714,1.2653061224489797,0.16711590296495957,0.1320754716981132,0.03504043126684636,1,6.322036836403034,1.6614084507042253,4.660628385698809,6.229093115989265,Starter,TRUE,0.03504043126684636,0.4034090909090909,0.5833333333333334,0.4885057471264368,0.2,0.8806818181818182,0.51479754440961345,50.88785266457681
23,J Jones,Missoula PaddleHeads,6.24,3,3,41,1,0,79.33333333333333,91,66,55,52,91,10.32,9,1.8,380,6,5,2024,pitcher,79.1,5.899159663865547,1.021008403361345,10.323529411764708,1.75,0.2394736842105263,0.1368421052631579,0.1026315789473684,0.024390243902439025,6.322036836403034,1.6614084507042253,4.660628385698809,5.996762839480322,Reliever,TRUE,0.10263157894736842,0.5625,0.6319444444444444,0.46551724137931033,0.5705882352941176,0.875,0.6290721489745323,57.74432893847194
24,N Madej,Great Falls Voyagers,4.46,8,3,16,16,0,78.66666666666667,67,47,39,65,82,9.38,6,1.68,373,14,13,2024,pitcher,78.2,7.436440677966101,0.6864406779661016,7.665254237288135,1.2615384615384615,0.2198391420911528,0.1742627345844504,0.04557640750670241,1,6.322036836403034,1.6614084507042253,4.660628385698809,6.541984317902198,Starter,TRUE,0.045576407506702415,0.8125,0.4791666666666667,0.5862068965517241,0.25882352941176473,0.8693181818181818,0.5543247894769192,53.259487368615154
25,K Ward,Rocky Mountain Vibes,7.88,4,4,22,15,0,77.66666666666667,77,76,68,68,87,10.08,7,1.87,382,24,7,2024,pitcher,77.2,7.879828326180257,0.8111587982832618,8.92274678111588,1.2794117647058822,0.22774869109947643,0.17801047120418848,0.04973821989528795,0.6818181818181818,6.322036836403034,1.6614084507042253,4.660628385698809,6.48895456595632,Starter,TRUE,0.049738219895287955,0.29545454545454547,0.5,0.40229885057471265,0.27647058823529413,0.8636363636363636,0.4693876390681665,48.16325834408999
26,B Medoro,Billings Mustangs,4.72,6,1,35,0,1,76.33333333333333,103,46,40,28,47,5.54,4,1.72,353,5,3,2024,pitcher,76.1,3.3013100436681224,0.4716157205240175,12.14410480349345,1.6785714285714286,0.13314447592067988,0.07932011331444759,0.05382436260623229,0,6.322036836403034,1.6614084507042253,4.660628385698809,5.328750656441167,Reliever,TRUE,0.053824362606232294,0.7670454545454546,0.8333333333333334,0.5459770114942529,0.3,0.8579545454545454,0.6916810344827586,61.50086206896552
27,R Adams,Colorado Springs Sky Sox,4.97,6,5,15,14,0,76,94,57,42,31,82,9.71,8,1.64,354,8,7,2024,pitcher,76,3.6710526315789473,0.9473684210526316,11.13157894736842,2.6451612903225805,0.23163841807909605,0.08757062146892655,0.1440677966101695,0.9333333333333333,6.322036836403034,1.6614084507042253,4.660628385698809,5.371154701488282,Starter,TRUE,0.1440677966101695,0.7443181818181818,0.8263888888888888,0.632183908045977,0.7705882352941177,0.8522727272727273,0.7873802297826131,67.24281378695679
28,M Tindall,Colorado Springs Sky Sox,8.84,4,6,21,14,0,75.33333333333333,115,84,74,44,55,6.57,16,2.11,384,12,8,2024,pitcher,75.1,5.2566371681415935,1.9115044247787611,13.738938053097346,1.25,0.14322916666666666,0.11458333333333331,0.02864583333333333,0.6666666666666666,6.322036836403034,1.6614084507042253,4.660628385698809,8.032309801628013,Starter,TRUE,0.028645833333333332,0.19886363636363635,0.1597222222222222,0.20689655172413793,0.18823529411764706,0.8465909090909091,0.27904378470301394,36.74262708218083
29,E McRae,Billings Mustangs,8.23,2,5,18,12,0,74.33333333333333,101,73,68,25,38,4.6,12,1.7,354,6,10,2024,pitcher,74.1,3.0269058295964126,1.4529147982062782,12.228699551569507,1.52,0.10734463276836158,0.07062146892655367,0.0367231638418079,0.6666666666666666,6.322036836403034,1.6614084507042253,4.660628385698809,7.14941762336697,Starter,TRUE,0.03672316384180791,0.25,0.3055555555555556,0.5632183908045977,0.20588235294117646,0.8409090909090909,0.3833568955272809,43.00141373163686
30,C Macca,Ogden Raptors,6.72,4,4,15,15,0,73.66666666666667,101,63,55,35,48,5.86,10,1.85,351,7,4,2024,pitcher,73.2,4.276018099547511,1.2217194570135743,12.339366515837105,1.3714285714285714,0.13675213675213677,0.09971509971509972,0.03703703703703705,1,6.322036836403034,1.6614084507042253,4.660628385698809,6.710402141354917,Starter,TRUE,0.037037037037037035,0.5,0.4375,0.42528735632183906,0.21176470588235294,0.8352272727272727,0.4601657677177454,47.609946063064726
31,C Benson,Glacier Range Riders,4.33,4,1,14,14,0,70.66666666666667,66,35,34,29,78,9.93,11,1.34,308,2,6,2024,pitcher,70.2,3.693396226415094,1.400943396226415,8.40566037735849,2.689655172413793,0.2532467532467532,0.09415584415584416,0.15909090909090906,1,6.322036836403034,1.6614084507042253,4.660628385698809,5.962515178151639,Starter,TRUE,0.1590909090909091,0.8352272727272727,0.6597222222222222,0.8850574712643678,0.8235294117647058,0.8238636363636364,0.7659641547319032,65.95784928391419
31,N Parker,Missoula PaddleHeads,5.86,6,3,15,14,0,70.66666666666667,76,52,46,37,89,11.33,8,1.6,325,7,8,2024,pitcher,70.2,4.712264150943396,1.018867924528302,9.679245283018869,2.4054054054054053,0.27384615384615385,0.11384615384615385,0.16,0.9333333333333333,6.322036836403034,1.6614084507042253,4.660628385698809,5.52383593286862,Starter,TRUE,0.16,0.5965909090909091,0.7916666666666666,0.6724137931034483,0.8294117647058824,0.8238636363636364,0.7628585807363697,65.77151484418218
33,B Williams,Idaho Falls Chukars,7.53,7,5,17,13,0,69.33333333333333,84,62,58,35,60,7.79,12,1.72,322,6,3,2024,pitcher,69.1,4.543269230769231,1.5576923076923077,10.903846153846157,1.7142857142857142,0.1863354037267081,0.10869565217391304,0.07763975155279502,0.7647058823529411,6.322036836403034,1.6614084507042253,4.660628385698809,6.824089924160347,Starter,TRUE,0.07763975155279502,0.3409090909090909,0.4027777777777778,0.5459770114942529,0.4294117647058823,0.8181818181818182,0.47545480156534925,48.52728809392096
34,R Butz,Oakland Ballers,6.59,1,1,27,10,0,68.33333333333333,73,53,50,30,75,9.88,11,1.51,305,NA,3,2024,pitcher,68.1,3.9512195121951224,1.4487804878048782,9.614634146341464,2.5,0.2459016393442623,0.09836065573770492,0.14754098360655735,0.37037037037037035,6.322036836403034,1.6614084507042253,4.660628385698809,6.006969849113443,Reliever,TRUE,0.14754098360655737,0.5170454545454546,0.6180555555555556,0.7586206896551724,0.788235294117647,0.8125,0.6801631681930871,60.80979009158523
35,N Powers,Rocky Mountain Vibes,7.83,3,5,14,14,0,66.66666666666667,92,67,58,31,53,7.15,9,1.84,317,NA,3,2024,pitcher,66.2,4.185,1.215,12.42,1.7096774193548387,0.167192429022082,0.09779179810725552,0.06940063091482648,1,6.322036836403034,1.6614084507042253,4.660628385698809,6.355628385698809,Starter,TRUE,0.0694006309148265,0.3125,0.5416666666666666,0.4367816091954023,0.4,0.8068181818181818,0.5082425548589342,50.49455329153605
36,N Marshall,Great Falls Voyagers,6.65,3,6,13,13,0,65,77,54,48,34,71,9.83,8,1.71,305,9,4,2024,pitcher,65,4.707692307692308,1.1076923076923078,10.66153846153846,2.088235294117647,0.23278688524590163,0.11147540983606558,0.12131147540983606,1,6.322036836403034,1.6614084507042253,4.660628385698809,5.829859154929578,Starter,TRUE,0.12131147540983607,0.5113636363636364,0.6944444444444444,0.5574712643678161,0.6705882352941176,0.8011363636363636,0.664517551273383,59.87105307640298
37,J Kleinsorge,Oakland Ballers,3.94,5,4,12,12,0,64,63,29,28,18,67,9.42,7,1.27,263,3,1,2024,pitcher,64,2.53125,0.984375,8.859375,3.7222222222222223,0.25475285171102663,0.06844106463878327,0.18631178707224336,1,6.322036836403034,1.6614084507042253,4.660628385698809,4.879378385698809,Starter,TRUE,0.18631178707224336,0.8806818181818182,0.9097222222222222,0.9310344827586207,0.9117647058823529,0.7897727272727273,0.8899134601594034,73.3948076095642
37,C Lambert,Oakland Ballers,6.89,2,4,24,9,7,64,75,51,49,18,65,9.14,14,1.45,283,5,5,2024,pitcher,64,2.53125,1.96875,10.546875,3.611111111111111,0.22968197879858657,0.0636042402826855,0.16607773851590107,0.375,6.322036836403034,1.6614084507042253,4.660628385698809,6.551253385698809,Reliever,TRUE,0.16607773851590105,0.4772727272727273,0.4722222222222222,0.8045977011494253,0.8588235294117647,0.7897727272727273,0.6311701830680025,57.87021098408015
39,D Galvan,Great Falls Voyagers,7.21,1,5,13,13,0,63.666666666666664,98,67,51,25,49,6.93,9,1.93,317,7,4,2024,pitcher,63.2,3.5340314136125657,1.2722513089005236,13.853403141361255,1.96,0.15457413249211358,0.07886435331230283,0.07570977917981074,1,6.322036836403034,1.6614084507042253,4.660628385698809,6.325549851667395,Starter,TRUE,0.07570977917981073,0.42613636363636365,0.5486111111111112,0.3390804597701149,0.4235294117647059,0.7840909090909091,0.519592463683488,51.175547821009275
40,A Edwards,Boise Hawks,4.55,6,0,34,3,0,63.333333333333336,61,41,32,24,76,10.8,4,1.34,285,3,10,2024,pitcher,63.1,3.4105263157894736,0.5684210526315789,8.66842105263158,3.1666666666666665,0.26666666666666666,0.08421052631578947,0.1824561403508772,0.08823529411764706,6.322036836403034,1.6614084507042253,4.660628385698809,4.69220733306723,Reliever,TRUE,0.1824561403508772,0.7897727272727273,0.9375,0.8850574712643678,0.9,0.7784090909090909,0.8787330198537096,72.72398119122258
41,I Mendez,Boise Hawks,3.14,6,2,11,11,0,63,58,23,22,15,73,10.43,8,1.16,253,2,2,2024,pitcher,63,2.142857142857143,1.1428571428571428,8.285714285714286,4.866666666666666,0.2885375494071146,0.05928853754940711,0.22924901185770752,1,6.322036836403034,1.6614084507042253,4.660628385698809,4.803485528555952,Starter,TRUE,0.22924901185770752,0.9375,0.9236111111111112,0.9770114942528736,0.9705882352941176,0.7727272727272727,0.9177973318376462,75.06783991025878
42,E Kowalski,Boise Hawks,5.89,2,1,37,1,3,62.666666666666664,75,44,41,25,49,7.04,5,1.6,284,6,6,2024,pitcher,62.2,3.5904255319148937,0.7180851063829787,10.77127659574468,1.96,0.17253521126760565,0.0880281690140845,0.08450704225352113,0.02702702702702703,6.322036836403034,1.6614084507042253,4.660628385698809,5.618075194209447,Reliever,TRUE,0.08450704225352113,0.5909090909090909,0.7430555555555556,0.6724137931034483,0.4647058823529412,0.7670454545454546,0.6610979598213371,59.66587758928023
43,N Saltaformaggio,Ogden Raptors,7.51,2,2,19,8,0,62.333333333333336,89,60,52,20,60,8.66,8,1.75,298,13,2,2024,pitcher,62.1,2.8877005347593583,1.1550802139037433,12.850267379679144,3,0.20134228187919465,0.06711409395973154,0.13422818791946306,0.42105263157894735,6.322036836403034,1.6614084507042253,4.660628385698809,5.462767423131964,Reliever,TRUE,0.1342281879194631,0.3522727272727273,0.7986111111111112,0.5,0.7176470588235294,0.7613636363636364,0.6800193107546049,60.80115864527629
44,D Nunan,Rocky Mountain Vibes,8.17,3,3,21,11,0,61.666666666666664,92,66,56,33,52,7.59,5,2.03,316,8,6,2024,pitcher,61.2,4.816216216216216,0.7297297297297297,13.427027027027028,1.5757575757575757,0.16455696202531644,0.10443037974683544,0.060126582278481,0.5238095238095238,6.322036836403034,1.6614084507042253,4.660628385698809,5.925493250563674,Starter,TRUE,0.060126582278481014,0.26704545454545453,0.6736111111111112,0.25287356321839083,0.32941176470588235,0.7556818181818182,0.514023244616551,50.84139467699306
45,C Harrison,Idaho Falls Chukars,4.28,4,3,26,4,0,61,73,36,29,17,49,7.23,6,1.48,279,3,1,2024,pitcher,61,2.5081967213114753,0.8852459016393442,10.770491803278688,2.8823529411764706,0.17562724014336917,0.06093189964157706,0.11469534050179211,0.15384615384615385,6.322036836403034,1.6614084507042253,4.660628385698809,5.218005434879137,Reliever,TRUE,0.11469534050179211,0.8465909090909091,0.8611111111111112,0.7816091954022989,0.6058823529411764,0.75,0.7832704709365461,66.99622825619277
46,S Washilewski,Great Falls Voyagers,9.2,3,2,19,4,0,60.666666666666664,79,66,62,38,43,6.38,19,1.93,300,2,6,2024,pitcher,60.2,5.637362637362638,2.818681318681319,11.71978021978022,1.131578947368421,0.14333333333333334,0.12666666666666668,0.01666666666666666,0.21052631578947367,6.322036836403034,1.6614084507042253,4.660628385698809,9.49029871536914,Reliever,TRUE,0.016666666666666666,0.1875,0.04861111111111111,0.3390804597701149,0.16470588235294117,0.7443181818181818,0.22606639416477142,33.56398364988628
47,Z Ottinger,Rocky Mountain Vibes,7.89,1,7,16,12,0,59.333333333333336,73,63,52,41,39,5.92,6,1.92,301,6,6,2024,pitcher,59.1,6.219101123595506,0.9101123595505618,11.073033707865168,0.951219512195122,0.12956810631229235,0.1362126245847176,-0.00664451827242526,0.75,6.322036836403034,1.6614084507042253,4.660628385698809,7.037032880080831,Starter,TRUE,-0.006644518272425249,0.2897727272727273,0.3263888888888889,0.3505747126436782,0.1,0.7386363636363636,0.339874390456287,40.39246342737722
48,D Willie,Billings Mustangs,7.25,1,2,29,2,0,58.333333333333336,79,51,47,26,42,6.48,13,1.8,283,NA,7,2024,pitcher,58.1,4.011428571428572,2.005714285714286,12.188571428571429,1.6153846153846154,0.14840989399293286,0.09187279151943464,0.05653710247349823,0.06896551724137931,6.322036836403034,1.6614084507042253,4.660628385698809,7.814914099984524,Reliever,TRUE,0.05653710247349823,0.4090909090909091,0.19444444444444445,0.46551724137931033,0.31176470588235294,0.7329545454545454,0.3579892612739976,41.47935567643985
49,G Pacheco,Ogden Raptors,7.38,1,3,25,6,1,57.333333333333336,76,59,47,43,49,7.69,11,2.08,296,7,10,2024,pitcher,57.1,6.75,1.7267441860465116,11.930232558139537,1.1395348837209305,0.16554054054054054,0.14527027027027026,0.02027027027027028,0.24,6.322036836403034,1.6614084507042253,4.660628385698809,8.218767920582529,Reliever,TRUE,0.02027027027027027,0.38636363636363635,0.125,0.22413793103448276,0.17058823529411765,0.7215909090909091,0.2727246219804536,36.363477318827215
49,B Ross,Grand Junction Jackalopes,6.91,5,4,15,11,0,57.333333333333336,80,53,44,34,50,7.85,8,1.99,288,7,5,2024,pitcher,57.1,5.337209302325581,1.255813953488372,12.55813953488372,1.4705882352941178,0.1736111111111111,0.11805555555555557,0.05555555555555555,0.7333333333333333,6.322036836403034,1.6614084507042253,4.660628385698809,6.771093501977878,Starter,TRUE,0.05555555555555555,0.4715909090909091,0.4305555555555556,0.28735632183908044,0.3058823529411765,0.7215909090909091,0.44111159772163827,46.4666958632983
51,H Bryan,Grand Junction Jackalopes,6.75,4,2,30,7,7,56,80,52,42,26,58,9.32,13,1.89,270,6,3,2024,pitcher,56,4.178571428571429,2.0892857142857144,12.857142857142858,2.230769230769231,0.2148148148148148,0.0962962962962963,0.11851851851851852,0.23333333333333334,6.322036836403034,1.6614084507042253,4.660628385698809,7.160628385698809,Reliever,TRUE,0.11851851851851852,0.4943181818181818,0.2986111111111111,0.3620689655172414,0.6470588235294118,0.7159090909090909,0.46659719661114185,47.99583179666851
52,J Ariza,Grand Junction Jackalopes,7.69,2,7,22,10,0,55,73,53,47,23,47,7.69,15,1.75,261,4,6,2024,pitcher,55,3.763636363636364,2.4545454545454546,11.945454545454544,2.0434782608695654,0.1800766283524904,0.08812260536398467,0.09195402298850576,0.45454545454545453,6.322036836403034,1.6614084507042253,4.660628385698809,8.078810203880627,Reliever,TRUE,0.09195402298850575,0.32954545454545453,0.14583333333333334,0.5,0.5176470588235295,0.7102272727272727,0.36782865418894833,42.0697192513369
53,G Blackman,Billings Mustangs,4.17,4,3,11,9,0,54,49,30,25,19,57,9.5,11,1.26,230,NA,5,2024,pitcher,54,3.1666666666666665,1.8333333333333333,8.166666666666666,3,0.24782608695652175,0.08260869565217391,0.16521739130434784,0.8181818181818182,6.322036836403034,1.6614084507042253,4.660628385698809,6.530998756069179,Starter,TRUE,0.16521739130434782,0.8636363636363636,0.4861111111111111,0.9367816091954023,0.8529411764705882,0.6988636363636364,0.6930858406581023,61.585150439486135
53,D Ross,Colorado Springs Sky Sox,4.67,1,2,50,1,0,54,62,33,28,25,54,9,5,1.61,250,2,7,2024,pitcher,54,4.166666666666667,0.8333333333333334,10.333333333333334,2.16,0.216,0.1,0.116,0.02,6.322036836403034,1.6614084507042253,4.660628385698809,5.642109867180291,Reliever,TRUE,0.116,0.7784090909090909,0.7222222222222222,0.6551724137931034,0.6176470588235294,0.6988636363636364,0.6995264511238143,61.97158706742886
55,S Gustafson,Ogden Raptors,5.7,4,3,36,0,0,53.666666666666664,68,52,34,31,67,11.24,9,1.84,270,3,9,2024,pitcher,53.2,5.198757763975156,1.5093167701863357,11.403726708074537,2.161290322580645,0.24814814814814817,0.1148148148148148,0.13333333333333333,0,6.322036836403034,1.6614084507042253,4.660628385698809,6.5798830440839025,Reliever,TRUE,0.13333333333333333,0.6193181818181818,0.4583333333333333,0.4367816091954023,0.711764705882353,0.6931818181818182,0.5662394354293442,53.97436612576065
56,J Huntzinger,Glacier Range Riders,6.41,3,4,31,4,0,53.333333333333336,62,43,38,27,64,10.8,8,1.67,256,6,10,2024,pitcher,53.1,4.5562499999999995,1.35,10.4625,2.3703703703703702,0.25,0.10546875,0.14453125,0.12903225806451613,6.322036836403034,1.6614084507042253,4.660628385698809,6.2918783856988085,Reliever,TRUE,0.14453125,0.5340909090909091,0.5555555555555556,0.5977011494252874,0.7764705882352941,0.6875,0.6205250911754462,57.23150547052677
57,G Crowley,Idaho Falls Chukars,5.6,3,3,40,0,4,53,72,44,33,34,83,14.09,5,2,270,13,4,2024,pitcher,53,5.773584905660377,0.8490566037735849,12.226415094339623,2.4411764705882355,0.3074074074074074,0.1259259259259259,0.1814814814814815,0,6.322036836403034,1.6614084507042253,4.660628385698809,4.905911404566734,Reliever,TRUE,0.1814814814814815,0.6306818181818182,0.8958333333333334,0.27586206896551724,0.8823529411764706,0.6704545454545454,0.7575605830106338,65.45363498063803
57,B Knoll,Yuba-Sutter Freebirds,4.25,2,5,10,10,0,53,60,38,25,24,30,5.09,5,1.58,240,7,6,2024,pitcher,53,4.0754716981132075,0.8490566037735849,10.18867924528302,1.25,0.125,0.1,0.02499999999999999,1,6.322036836403034,1.6614084507042253,4.660628385698809,6.453081215887488,Starter,TRUE,0.025,0.8522727272727273,0.5138888888888888,0.6954022988505747,0.17647058823529413,0.6704545454545454,0.5387989939967628,52.32793963980577
57,B Spears,Boise Hawks,3.74,6,2,10,10,0,53,46,27,22,20,56,9.51,2,1.25,228,5,7,2024,pitcher,53,3.39622641509434,0.33962264150943394,7.811320754716981,2.8,0.24561403508771928,0.08771929824561403,0.15789473684210523,1,6.322036836403034,1.6614084507042253,4.660628385698809,4.566288763057299,Starter,TRUE,0.15789473684210525,0.8977272727272727,0.9444444444444444,0.9425287356321839,0.8117647058823529,0.6704545454545454,0.8696108652447395,72.17665191468437
60,C Reyes,Idaho Falls Chukars,7.86,4,5,12,12,0,52.666666666666664,74,53,46,33,35,5.98,10,2.03,262,NA,3,2024,pitcher,52.2,5.639240506329114,1.7088607594936709,12.645569620253164,1.0606060606060606,0.133587786259542,0.12595419847328243,0.00763358778625955,1,6.322036836403034,1.6614084507042253,4.660628385698809,7.850501803420328,Starter,TRUE,0.007633587786259542,0.3068181818181818,0.1875,0.25287356321839083,0.15294117647058825,0.6647727272727273,0.2766142279795931,36.59685367877559
61,B Held,Glacier Range Riders,7.14,3,6,16,10,0,51.666666666666664,71,51,41,32,59,10.28,11,1.99,263,11,5,2024,pitcher,51.2,5.574193548387097,1.9161290322580649,12.367741935483872,1.84375,0.22433460076045628,0.12167300380228135,0.10266159695817492,0.625,6.322036836403034,1.6614084507042253,4.660628385698809,7.292886450214938,Starter,TRUE,0.10266159695817491,0.4431818181818182,0.2708333333333333,0.28735632183908044,0.5764705882352941,0.6534090909090909,0.41685171952793654,45.0111031716762
61,M Hess,Ogden Raptors,5.4,5,5,12,12,0,51.666666666666664,64,35,31,22,38,6.62,9,1.66,247,7,5,2024,pitcher,51.2,3.8322580645161297,1.567741935483871,11.148387096774194,1.7272727272727273,0.15384615384615383,0.08906882591093117,0.06477732793522269,1,6.322036836403034,1.6614084507042253,4.660628385698809,7.021918708279454,Starter,TRUE,0.06477732793522267,0.6590909090909091,0.3333333333333333,0.6091954022988506,0.36470588235294116,0.6534090909090909,0.4640690500338066,47.844143002028396
63,C Linton,Colorado Springs Sky Sox,7.01,5,3,47,0,1,51.333333333333336,56,41,40,33,68,11.92,13,1.73,243,11,5,2024,pitcher,51.1,5.785714285714286,2.279220779220779,9.818181818181818,2.060606060606061,0.27983539094650206,0.13580246913580246,0.1440329218106996,0,6.322036836403034,1.6614084507042253,4.660628385698809,7.524264749335172,Reliever,TRUE,0.1440329218106996,0.45454545454545453,0.2361111111111111,0.5344827586206896,0.7647058823529411,0.6477272727272727,0.46617480586801074,47.97048835208064
64,B Eglite,Oakland Ballers,3.55,5,0,26,1,0,50.666666666666664,40,20,20,19,55,9.77,4,1.16,213,4,4,2024,pitcher,50.2,3.375,0.7105263157894737,7.105263157894737,2.8947368421052633,0.25821596244131456,0.0892018779342723,0.16901408450704225,0.038461538461538464,6.322036836403034,1.6614084507042253,4.660628385698809,4.877733648856704,Reliever,TRUE,0.16901408450704225,0.9147727272727273,0.9166666666666666,0.9770114942528736,0.8764705882352941,0.6420454545454546,0.8731846610117402,72.3910796607044
65,E Gill,Ogden Raptors,9.36,6,2,11,10,0,50,77,55,52,33,45,8.1,15,2.2,258,1,3,2024,pitcher,50,5.94,2.7,13.86,1.3636363636363635,0.1744186046511628,0.12790697674418605,0.04651162790697674,0.9090909090909091,6.322036836403034,1.6614084507042253,4.660628385698809,8.920628385698809,Starter,TRUE,0.046511627906976744,0.17045454545454544,0.0625,0.1781609195402299,0.2647058823529412,0.6363636363636364,0.2167799956973385,33.00679974184031
66,D Cherry,Rocky Mountain Vibes,7.97,2,5,25,5,1,49.666666666666664,67,50,44,38,48,8.7,8,2.11,259,14,9,2024,pitcher,49.2,6.885906040268456,1.4496644295302017,12.140939597315436,1.263157894736842,0.18532818532818532,0.14671814671814673,0.03861003861003859,0.2,6.322036836403034,1.6614084507042253,4.660628385698809,7.660628385698809,Reliever,TRUE,0.03861003861003861,0.2784090909090909,0.20833333333333334,0.20689655172413793,0.2235294117647059,0.6306818181818182,0.2850925072223247,37.10555043333948
67,D Baird,Idaho Falls Chukars,7.53,0,1,27,0,0,49,68,46,41,23,44,8.08,8,1.86,237,9,7,2024,pitcher,49,4.224489795918367,1.469387755102041,12.489795918367347,1.9130434782608696,0.18565400843881855,0.0970464135021097,0.08860759493670887,0,6.322036836403034,1.6614084507042253,4.660628385698809,6.823893691821258,Reliever,TRUE,0.08860759493670886,0.3409090909090909,0.4097222222222222,0.41379310344827586,0.5,0.6193181818181818,0.4493022901428073,46.95813740856844
67,K Carrillo,Great Falls Voyagers,7.9,0,6,18,7,0,49,66,58,43,45,47,8.63,8,2.27,273,19,11,2024,pitcher,49,8.26530612244898,1.469387755102041,12.122448979591836,1.0444444444444445,0.17216117216117216,0.16483516483516483,0.00732600732600732,0.3888888888888889,6.322036836403034,1.6614084507042253,4.660628385698809,8.293281446923299,Reliever,TRUE,0.007326007326007326,0.2840909090909091,0.1111111111111111,0.15517241379310345,0.14705882352941177,0.6193181818181818,0.22488481416600076,33.493088849960046
69,J Clark,Missoula PaddleHeads,10.73,2,2,12,11,0,48.666666666666664,70,61,58,28,49,9.06,13,2.01,241,5,8,2024,pitcher,48.2,5.178082191780822,2.404109589041096,12.945205479452056,1.75,0.2033195020746888,0.11618257261410787,0.08713692946058091,0.9166666666666666,6.322036836403034,1.6614084507042253,4.660628385698809,8.338710577479631,Starter,TRUE,0.08713692946058091,0.11931818181818182,0.09722222222222222,0.27011494252873564,0.49411764705882355,0.6136363636363636,0.274667094371709,36.48002566230254
70,D Landis,Colorado Springs Sky Sox,4.21,4,3,45,0,13,47,46,23,22,19,50,9.57,5,1.38,209,10,8,2024,pitcher,47,3.638297872340426,0.9574468085106383,8.808510638297872,2.6315789473684212,0.23923444976076555,0.09090909090909093,0.14832535885167464,0,6.322036836403034,1.6614084507042253,4.660628385698809,5.639351789954128,Reliever,TRUE,0.14832535885167464,0.8579545454545454,0.7291666666666666,0.8505747126436781,0.7941176470588235,0.6079545454545454,0.7554340309791628,65.32604185874976
71,R Fields,Missoula PaddleHeads,9.84,1,3,15,11,0,46.666666666666664,69,58,51,24,47,9.06,11,1.99,235,4,3,2024,pitcher,46.2,4.628571428571429,2.121428571428571,13.307142857142855,1.9583333333333333,0.2,0.10212765957446808,0.09787234042553192,0.7333333333333333,6.322036836403034,1.6614084507042253,4.660628385698809,7.446342671413095,Starter,TRUE,0.09787234042553192,0.14204545454545456,0.24305555555555555,0.28735632183908044,0.5294117647058824,0.6022727272727273,0.343487934620034,40.60927607720204
72,C David,Oakland Ballers,3.3,4,0,22,7,7,46.333333333333336,37,20,17,15,39,7.58,4,1.12,191,4,5,2024,pitcher,46.1,2.913669064748201,0.776978417266187,7.18705035971223,2.6,0.20418848167539264,0.078534031413612565,0.1256544502617801,0.3181818181818182,6.322036836403034,1.6614084507042253,4.660628385698809,5.3944413353390965,Reliever,TRUE,0.1256544502617801,0.9318181818181818,0.8194444444444444,0.9885057471264368,0.6823529411764706,0.5965909090909091,0.7923603043620792,67.54161826172475
73,C Langrell,Yuba-Sutter Freebirds,1.97,2,1,38,0,4,45.666666666666664,35,11,10,6,46,9.07,3,0.9,179,2,2,2024,pitcher,45.2,1.1824817518248176,0.5912408759124088,6.897810218978103,7.666666666666667,0.2569832402234637,0.0335195530726257,0.223463687150838,0,6.322036836403034,1.6614084507042253,4.660628385698809,4.025591889348444,Reliever,TRUE,0.22346368715083798,0.9715909090909091,0.9930555555555556,1,0.9647058823529412,0.5909090909090909,0.9245383986928105,75.47230392156862
74,E Alfonzo,Boise Hawks,6.95,1,3,27,3,2,45.333333333333336,51,37,35,28,62,12.31,4,1.74,212,8,5,2024,pitcher,45.1,5.5588235294117645,0.7941176470588235,10.125,2.2142857142857144,0.29245283018867924,0.1320754716981132,0.16037735849056603,0.1111111111111111,6.322036836403034,1.6614084507042253,4.660628385698809,5.256216620992927,Reliever,TRUE,0.16037735849056603,0.4602272727272727,0.8472222222222222,0.5172413793103449,0.8352941176470589,0.5852272727272727,0.7144900321675169,62.86940193005102
75,J McCaskey,Colorado Springs Sky Sox,5.44,2,1,35,1,0,44.666666666666664,53,31,27,23,44,8.87,8,1.7,209,6,5,2024,pitcher,44.2,4.634328358208956,1.611940298507463,10.679104477611942,1.9130434782608696,0.21052631578947367,0.11004784688995216,0.10047846889952151,0.02857142857142857,6.322036836403034,1.6614084507042253,4.660628385698809,6.899434355848063,Reliever,TRUE,0.10047846889952153,0.6477272727272727,0.3611111111111111,0.5632183908045977,0.5529411764705883,0.5795454545454546,0.49544542790993096,49.726725674595855
76,T Robertson,Great Falls Voyagers,7.71,2,3,23,1,0,44.333333333333336,60,45,38,32,48,9.74,5,2.08,227,8,2,2024,pitcher,44.1,6.496240601503759,1.0150375939849623,12.180451127819548,1.5,0.21145374449339208,0.14096916299559473,0.07048458149779735,0.043478260869565216,6.322036836403034,1.6614084507042253,4.660628385698809,6.262132145097305,Reliever,TRUE,0.07048458149779736,0.32386363636363635,0.5763888888888888,0.22413793103448276,0.40588235294117647,0.5738636363636364,0.46880491015632997,48.12829460937979
77,A McEvoy,Glacier Range Riders,5.11,1,1,29,1,0,44,36,27,25,31,69,14.11,2,1.52,209,12,10,2024,pitcher,44,6.340909090909091,0.4090909090909091,7.363636363636363,2.225806451612903,0.33014354066985646,0.14832535885167464,0.18181818181818185,0.034482758620689655,6.322036836403034,1.6614084507042253,4.660628385698809,4.910628385698809,Reliever,TRUE,0.18181818181818182,0.7215909090909091,0.8888888888888888,0.7413793103448276,0.888235294117647,0.5681818181818182,0.8008064545044767,68.0483872702686
78,L Schafer,Boise Hawks,8.37,0,5,9,9,0,43,64,42,40,20,34,7.12,6,1.95,207,2,2,2024,pitcher,43,4.186046511627907,1.255813953488372,13.395348837209305,1.7,0.1642512077294686,0.0966183574879227,0.0676328502415459,1,6.322036836403034,1.6614084507042253,4.660628385698809,6.428070246163925,Starter,TRUE,0.06763285024154589,0.23295454545454544,0.5208333333333334,0.3275862068965517,0.38823529411764707,0.5454545454545454,0.43550037648288153,46.13002258897289
78,D Schorie,Grand Junction Jackalopes,10.26,1,3,15,5,0,43,65,55,49,33,32,6.7,10,2.28,225,3,6,2024,pitcher,43,6.906976744186046,2.0930232558139537,13.604651162790695,0.9696969696969696,0.14222222222222222,0.14666666666666667,-0.00444444444444444,0.3333333333333333,6.322036836403034,1.6614084507042253,4.660628385698809,8.916442339187181,Reliever,TRUE,-0.0044444444444444444,0.125,0.06944444444444445,0.14942528735632185,0.11176470588235295,0.5454545454545454,0.16564142950806238,29.938485770483744
78,S Spencer,Billings Mustangs,5.23,2,4,8,8,0,43,48,28,25,11,37,7.74,4,1.37,186,5,NA,2024,pitcher,43,2.302325581395349,0.8372093023255814,10.046511627906977,3.363636363636364,0.1989247311827957,0.05913978494623656,0.13978494623655913,1,6.322036836403034,1.6614084507042253,4.660628385698809,NA,Starter,TRUE,0.13978494623655913,0.6875,NA,0.8563218390804598,0.7411764705882353,0.5454545454545454,NA,NA
78,S Triplett,Ogden Raptors,3.56,0,1,28,0,0,43,38,24,17,22,39,8.16,3,1.4,201,3,12,2024,pitcher,43,4.604651162790698,0.627906976744186,7.953488372093023,1.7727272727272727,0.19402985074626863,0.10945273631840796,0.0845771144278607,0,6.322036836403034,1.6614084507042253,4.660628385698809,6.125744664768576,Reliever,TRUE,0.0845771144278607,0.9090909090909091,0.5972222222222222,0.8390804597701149,0.47058823529411764,0.5454545454545454,0.6350964001065421,58.105784006392525
82,J Dahle,Oakland Ballers,4.93,4,2,35,0,2,42,47,27,23,18,28,6,7,1.55,191,7,6,2024,pitcher,42,3.857142857142857,1.5,10.071428571428571,1.5555555555555556,0.14659685863874344,0.09424083769633508,0.05235602094240836,0,6.322036836403034,1.6614084507042253,4.660628385698809,7.208247433317856,Reliever,TRUE,0.05235602094240838,0.75,0.2916666666666667,0.7183908045977011,0.29411764705882354,0.5340909090909091,0.43994291290183785,46.39657477411027
82,E Swanson,Missoula PaddleHeads,4.29,4,1,44,0,8,42,33,22,20,38,66,14.14,2,1.69,202,8,10,2024,pitcher,42,8.142857142857142,0.42857142857142855,7.071428571428571,1.736842105263158,0.32673267326732675,0.18811881188118812,0.13861386138613865,0,6.322036836403034,1.6614084507042253,4.660628385698809,5.565390290460714,Reliever,TRUE,0.13861386138613863,0.8409090909090909,0.7569444444444444,0.5804597701149425,0.7352941176470589,0.5340909090909091,0.7141325783186838,62.84795469912103
84,J Lynch,Glacier Range Riders,6.7,0,2,34,0,5,41.666666666666664,40,31,31,23,46,9.94,5,1.51,191,4,10,2024,pitcher,41.2,4.968,1.08,8.64,2,0.24083769633507857,0.12041884816753928,0.12041884816753928,0,6.322036836403034,1.6614084507042253,4.660628385698809,6.388628385698809,Reliever,TRUE,0.12041884816753927,0.5056818181818182,0.5277777777777778,0.7586206896551724,0.6647058823529411,0.5227272727272727,0.5741757201835802,54.45054321101481
84,C Richardson,Oakland Ballers,4.1,6,0,32,0,0,41.666666666666664,37,20,19,22,53,11.45,8,1.42,189,5,5,2024,pitcher,41.2,4.752000000000001,1.7280000000000002,7.992000000000001,2.409090909090909,0.2804232804232804,0.1164021164021164,0.164021164021164,0,6.322036836403034,1.6614084507042253,4.660628385698809,6.556628385698809,Reliever,TRUE,0.164021164021164,0.8693181818181818,0.4652777777777778,0.8275862068965517,0.8470588235294118,0.5227272727272727,0.6470883146884667,58.825298881308
86,M Timmins,Missoula PaddleHeads,6.31,5,2,38,0,1,41.333333333333336,51,33,29,17,40,8.71,8,1.65,199,4,5,2024,pitcher,41.1,3.701612903225806,1.7419354838709675,11.104838709677418,2.3529411764705883,0.20100502512562815,0.08542713567839195,0.1155778894472362,0,6.322036836403034,1.6614084507042253,4.660628385698809,6.838047740537519,Reliever,TRUE,0.11557788944723618,0.5511363636363636,0.3888888888888889,0.6264367816091954,0.611764705882353,0.5113636363636364,0.4999271748929457,49.99563049357674
86,Q Waterhouse,Ogden Raptors,8.06,1,5,41,0,6,41.333333333333336,46,39,37,31,40,8.71,6,1.86,205,10,7,2024,pitcher,41.1,6.75,1.3064516129032258,10.016129032258064,1.2903225806451613,0.1951219512195122,0.15121951219512195,0.04390243902439025,0,6.322036836403034,1.6614084507042253,4.660628385698809,7.370305805053647,Reliever,TRUE,0.04390243902439024,0.2727272727272727,0.2569444444444444,0.41379310344827586,0.2411764705882353,0.5113636363636364,0.31000601860388877,38.60036111623333
88,G Grosjean,Idaho Falls Chukars,5.49,2,2,7,7,0,41,51,27,25,17,29,6.37,8,1.66,186,1,3,2024,pitcher,41,3.731707317073171,1.7560975609756098,11.195121951219512,1.7058823529411764,0.15591397849462366,0.0913978494623656,0.06451612903225806,1,6.322036836403034,1.6614084507042253,4.660628385698809,7.245994239357346,Starter,TRUE,0.06451612903225806,0.6363636363636364,0.2777777777777778,0.6091954022988506,0.3588235294117647,0.5056818181818182,0.4151021754051673,44.90613052431004
89,C Griffin,Ogden Raptors,5.31,3,1,38,0,0,40.666666666666664,47,31,24,28,41,9.07,6,1.84,197,5,3,2024,pitcher,40.2,6.19672131147541,1.3278688524590163,10.401639344262296,1.4642857142857142,0.20812182741116753,0.14213197969543148,0.06598984771573604,0,6.322036836403034,1.6614084507042253,4.660628385698809,6.849152975862744,Reliever,TRUE,0.06598984771573604,0.6761363636363636,0.3819444444444444,0.4367816091954023,0.3764705882352941,0.48295454545454547,0.44561369270801326,46.7368215624808
89,J Haab,Billings Mustangs,2.21,4,1,41,0,12,40.666666666666664,35,16,10,24,61,13.5,NA,1.45,184,3,2,2024,pitcher,40.2,5.311475409836066,NA,7.745901639344263,2.5416666666666665,0.33152173913043476,0.13043478260869565,0.2010869565217391,0,6.322036836403034,1.6614084507042253,4.660628385698809,NA,Reliever,TRUE,0.20108695652173914,0.9659090909090909,NA,0.8045977011494253,0.9470588235294117,0.48295454545454547,NA,NA
89,C Kafka,Glacier Range Riders,5.75,4,3,11,9,0,40.666666666666664,45,30,26,29,42,9.3,7,1.82,194,2,1,2024,pitcher,40.2,6.418032786885246,1.5491803278688523,9.959016393442624,1.4482758620689655,0.21649484536082475,0.14948453608247422,0.06701030927835053,0.8181818181818182,6.322036836403034,1.6614084507042253,4.660628385698809,7.045874287338153,Starter,TRUE,0.06701030927835051,0.6079545454545454,0.3194444444444444,0.4540229885057471,0.38235294117647056,0.48295454545454547,0.41328702850001026,44.79722171000061
89,S Ordorica,Idaho Falls Chukars,6.42,3,3,33,1,1,40.666666666666664,66,35,29,11,27,5.98,5,1.89,191,NA,3,2024,pitcher,40.2,2.4344262295081966,1.1065573770491803,14.606557377049182,2.4545454545454546,0.14136125654450263,0.05759162303664921,0.08376963350785341,0.030303030303030304,6.322036836403034,1.6614084507042253,4.660628385698809,5.963907074223399,Reliever,TRUE,0.08376963350785341,0.5284090909090909,0.6527777777777778,0.3620689655172414,0.4588235294117647,0.48295454545454547,0.5407872589997338,52.44723553998403
93,D Day,Missoula PaddleHeads,4.46,5,1,12,8,0,40.333333333333336,43,22,20,12,69,15.4,6,1.36,180,1,4,2024,pitcher,40.1,2.677685950413223,1.3388429752066116,9.59504132231405,5.75,0.38333333333333336,0.06666666666666667,0.3166666666666667,0.6666666666666666,6.322036836403034,1.6614084507042253,4.660628385698809,4.363107724541784,Starter,TRUE,0.31666666666666665,0.8125,0.9722222222222222,0.867816091954023,1,0.4715909090909091,0.8682841344479277,72.09704806687566
93,A Garcia,Missoula PaddleHeads,9.37,1,3,43,0,6,40.333333333333336,48,45,42,42,53,11.83,4,2.23,215,13,5,2024,pitcher,40.1,9.37190082644628,0.8925619834710743,10.710743801652892,1.261904761904762,0.24651162790697675,0.19534883720930232,0.05116279069767443,0,6.322036836403034,1.6614084507042253,4.660628385698809,6.817653179087238,Reliever,TRUE,0.05116279069767442,0.16477272727272727,0.4166666666666667,0.1724137931034483,0.2823529411764706,0.4715909090909091,0.3358331796668511,40.149990780011066
95,C Czerwinski,Great Falls Voyagers,6.08,3,2,8,7,0,40,44,30,27,13,47,10.58,3,1.43,177,2,3,2024,pitcher,40,2.925,0.675,9.9,3.6153846153846154,0.2655367231638418,0.07344632768361582,0.192090395480226,0.875,6.322036836403034,1.6614084507042253,4.660628385698809,4.485628385698809,Starter,TRUE,0.192090395480226,0.5738636363636364,0.9652777777777778,0.8218390804597702,0.9294117647058824,0.45454545454545453,0.8084387357346283,68.5063241440777
95,R Garland,Boise Hawks,7.2,3,2,12,7,1,40,47,40,32,32,44,9.9,5,1.98,199,14,6,2024,pitcher,40,7.2,1.125,10.575,1.375,0.22110552763819097,0.16080402010050251,0.06030150753768845,0.5833333333333334,6.322036836403034,1.6614084507042253,4.660628385698809,6.935628385698809,Starter,TRUE,0.06030150753768844,0.4318181818181818,0.3472222222222222,0.3160919540229885,0.3352941176470588,0.45454545454545453,0.37051145327514495,42.2306871965087
95,J O'Neal,Rocky Mountain Vibes,4.5,4,2,36,0,0,40,32,21,20,15,33,7.42,3,1.18,166,2,7,2024,pitcher,40,3.375,0.675,7.2,2.2,0.19879518072289157,0.09036144578313252,0.10843373493975904,0,6.322036836403034,1.6614084507042253,4.660628385698809,5.6356283856988085,Reliever,TRUE,0.10843373493975904,0.7954545454545454,0.7361111111111112,0.9712643678160919,0.5823529411764706,0.45454545454545453,0.6955414694613478,61.73248816768086
98,R Dudzinski,Boise Hawks,6.86,4,3,8,8,0,39.333333333333336,44,30,30,20,28,6.41,10,1.63,179,1,2,2024,pitcher,39.1,4.576271186440677,2.2881355932203387,10.067796610169491,1.4,0.1564245810055866,0.111731843575419,0.0446927374301676,1,6.322036836403034,1.6614084507042253,4.660628385698809,8.219950419597113,Starter,TRUE,0.0446927374301676,0.48295454545454547,0.11805555555555555,0.6436781609195402,0.24705882352941178,0.4318181818181818,0.2982177121109677,37.89306272665806
98,E Elliott,Ogden Raptors,6.18,3,1,8,8,0,39.333333333333336,41,28,27,19,30,6.86,9,1.53,174,NA,1,2024,pitcher,39.1,4.347457627118644,2.059322033898305,9.38135593220339,1.5789473684210529,0.1724137931034483,0.10919540229885058,0.06321839080459771,1,6.322036836403034,1.6614084507042253,4.660628385698809,7.635204656885249,Starter,TRUE,0.06321839080459771,0.5681818181818182,0.2152777777777778,0.735632183908046,0.34705882352941175,0.4318181818181818,0.37908609420779804,42.74516565246788
98,T Morrill,Rocky Mountain Vibes,5.03,3,3,37,0,6,39.333333333333336,42,32,22,21,52,11.9,2,1.6,185,6,3,2024,pitcher,39.1,4.805084745762712,0.45762711864406774,9.610169491525424,2.4761904761904763,0.2810810810810811,0.11351351351351352,0.16756756756756758,0,6.322036836403034,1.6614084507042253,4.660628385698809,4.508086012817453,Reliever,TRUE,0.16756756756756758,0.7329545454545454,0.9513888888888888,0.6724137931034483,0.8705882352941177,0.4318181818181818,0.7966304910156331,67.79782946093798
98,K Pijaszek,Oakland Ballers,5.26,2,0,27,0,1,39.333333333333336,40,35,23,24,21,4.81,8,1.63,186,6,3,2024,pitcher,39.1,5.491525423728813,1.830508474576271,9.152542372881356,0.875,0.1129032258064516,0.12903225806451613,-0.01612903225806451,0,6.322036836403034,1.6614084507042253,4.660628385698809,8.296221606037792,Reliever,TRUE,-0.016129032258064516,0.6818181818181818,0.10416666666666667,0.6436781609195402,0.08823529411764706,0.4318181818181818,0.2907269961276046,37.44361976765627
102,J Fuson,Billings Mustangs,8.38,2,5,10,9,0,38.666666666666664,56,42,36,21,40,9.31,7,1.99,193,6,4,2024,pitcher,38.2,4.887931034482759,1.6293103448275863,13.03448275862069,1.9047619047619049,0.20725388601036268,0.1088082901554404,0.09844559585492228,0.9,6.322036836403034,1.6614084507042253,4.660628385698809,6.884766316733292,Starter,TRUE,0.09844559585492228,0.22727272727272727,0.375,0.28735632183908044,0.5411764705882353,0.42613636363636365,0.3849822899379187,43.09893739627512
103,N Draves,Colorado Springs Sky Sox,7.34,1,2,13,9,0,38,58,38,31,19,43,10.18,6,2.03,190,7,1,2024,pitcher,38,4.5,1.4210526315789471,13.736842105263158,2.263157894736842,0.22631578947368425,0.1,0.1263157894736842,0.6923076923076923,6.322036836403034,1.6614084507042253,4.660628385698809,6.029049438330388,Starter,TRUE,0.12631578947368421,0.39204545454545453,0.6041666666666666,0.25287356321839083,0.6882352941176471,0.4034090909090909,0.523919263630217,51.43515581781302
103,T Dyball,Idaho Falls Chukars,9,0,1,27,0,1,38,56,42,38,16,27,6.39,8,1.89,194,5,5,2024,pitcher,38,3.789473684210526,1.894736842105263,13.263157894736842,1.6875,0.13917525773195877,0.08247422680412371,0.05670103092783506,0,6.322036836403034,1.6614084507042253,4.660628385698809,7.634312596225125,Reliever,TRUE,0.05670103092783505,0.19318181818181818,0.2222222222222222,0.3620689655172414,0.3176470588235294,0.4034090909090909,0.27811383356895525,36.686830014137314
103,C Dykstra,Boise Hawks,2.84,1,2,35,0,7,38,26,18,12,20,51,12.08,6,1.21,164,3,5,2024,pitcher,38,4.7368421052631575,1.4210526315789471,6.157894736842105,2.55,0.31097560975609756,0.12195121951219512,0.18902439024390244,0,6.322036836403034,1.6614084507042253,4.660628385698809,6.002733648856704,Reliever,TRUE,0.18902439024390244,0.9545454545454546,0.625,0.9597701149425287,0.9235294117647059,0.4034090909090909,0.7343760756653759,64.06256453992256
103,J Zalasky,Yuba-Sutter Freebirds,4.03,6,1,38,0,1,38,42,25,17,8,30,7.11,5,1.32,163,5,4,2024,pitcher,38,1.894736842105263,1.1842105263157894,9.947368421052632,3.75,0.1840490797546012,0.04907975460122699,0.13496932515337423,0,6.322036836403034,1.6614084507042253,4.660628385698809,5.739575754119862,Reliever,TRUE,0.13496932515337423,0.875,0.7013888888888888,0.896551724137931,0.7235294117647059,0.4034090909090909,0.7066779739586535,62.40067843751921
107,A De Leon,Oakland Ballers,7.88,1,2,24,2,1,37.666666666666664,51,39,33,23,39,9.32,7,1.96,185,10,10,2024,pitcher,37.2,5.495575221238939,1.672566371681416,12.185840707964603,1.6956521739130437,0.2108108108108108,0.12432432432432432,0.08648648648648649,0.08333333333333333,6.322036836403034,1.6614084507042253,4.660628385698809,7.634079713132437,Reliever,TRUE,0.08648648648648649,0.29545454545454547,0.22916666666666666,0.3218390804597701,0.48823529411764705,0.3977272727272727,0.32547490626344583,39.52849437580675
108,D Lane,Yuba-Sutter Freebirds,7.23,0,3,9,7,0,37.333333333333336,58,32,30,19,44,10.61,6,2.06,183,6,NA,2024,pitcher,37.1,4.580357142857142,1.4464285714285714,13.982142857142856,2.3157894736842106,0.24043715846994537,0.10382513661202186,0.13661202185792348,0.7777777777777778,6.322036836403034,1.6614084507042253,4.660628385698809,NA,Starter,TRUE,0.1366120218579235,0.42045454545454547,NA,0.23563218390804597,0.7294117647058823,0.39204545454545453,NA,NA
109,A Coleman,Idaho Falls Chukars,9.24,1,5,9,9,0,37,68,44,38,17,17,4.14,9,2.3,196,1,2,2024,pitcher,37,4.135135135135135,2.189189189189189,16.54054054054054,1,0.08673469387755102,0.08673469387755102,0,1,6.322036836403034,1.6614084507042253,4.660628385698809,8.444412169482593,Starter,TRUE,0,0.18181818181818182,0.09027777777777778,0.12643678160919541,0.11764705882352941,0.38636363636363635,0.15751147376400926,29.450688425840553
110,T Jackson,Idaho Falls Chukars,8.35,0,3,31,1,1,36.666666666666664,44,43,34,47,46,11.29,6,2.48,209,9,7,2024,pitcher,36.2,11.536363636363635,1.4727272727272729,10.8,0.9787234042553192,0.22009569377990432,0.2248803827751196,-0.0047846889952153,0.03225806451612903,6.322036836403034,1.6614084507042253,4.660628385698809,8.696992022062446,Reliever,TRUE,-0.004784688995215311,0.23863636363636365,0.0763888888888889,0.11494252873563218,0.10588235294117647,0.375,0.1552717335628086,29.316304013768516
110,P Maybach,Billings Mustangs,3.68,4,1,6,6,0,36.666666666666664,38,17,15,7,35,8.59,2,1.23,154,2,4,2024,pitcher,36.2,1.7181818181818185,0.49090909090909096,9.327272727272728,5,0.2272727272727273,0.04545454545454545,0.18181818181818185,1,6.322036836403034,1.6614084507042253,4.660628385698809,4.360628385698809,Starter,TRUE,0.18181818181818182,0.9034090909090909,0.9791666666666666,0.9540229885057471,0.888235294117647,0.375,0.8564773879771344,71.38864327862805
112,L Hempel,Idaho Falls Chukars,5.2,0,0,31,0,2,36.333333333333336,44,24,21,10,49,12.14,5,1.49,162,1,2,2024,pitcher,36.1,2.477064220183486,1.238532110091743,10.89908256880734,4.9,0.30246913580246915,0.06172839506172839,0.24074074074074076,0,6.322036836403034,1.6614084507042253,4.660628385698809,4.743197193038259,Reliever,TRUE,0.24074074074074073,0.7045454545454546,0.9305555555555556,0.7758620689655172,0.9823529411764705,0.36363636363636365,0.8065062900813408,68.39037740488044
112,T Naumann,Idaho Falls Chukars,5.94,3,2,8,7,0,36.333333333333336,50,34,24,18,30,7.43,8,1.87,176,4,NA,2024,pitcher,36.1,4.458715596330275,1.9816513761467889,12.38532110091743,1.6666666666666667,0.17045454545454544,0.10227272727272728,0.06818181818181816,0.875,6.322036836403034,1.6614084507042253,4.660628385698809,NA,Starter,TRUE,0.06818181818181818,0.5852272727272727,NA,0.40229885057471265,0.3941176470588235,0.36363636363636365,NA,NA
114,C Dayton,Boise Hawks,4.89,1,0,30,0,2,35,39,22,19,15,37,9.51,3,1.54,157,2,2,2024,pitcher,35,3.857142857142857,0.7714285714285715,10.028571428571428,2.466666666666667,0.2356687898089172,0.09554140127388536,0.14012738853503184,0,6.322036836403034,1.6614084507042253,4.660628385698809,5.117771242841666,Reliever,TRUE,0.14012738853503184,0.7613636363636364,0.8819444444444444,0.7241379310344828,0.7470588235294118,0.3522727272727273,0.741648790132563,64.49892740795377
114,P Wicklander,Glacier Range Riders,3.34,3,0,6,6,0,35,33,14,13,12,47,12.09,6,1.29,149,1,NA,2024,pitcher,35,3.085714285714286,1.542857142857143,8.485714285714286,3.9166666666666665,0.31543624161073824,0.08053691275167785,0.2348993288590604,1,6.322036836403034,1.6614084507042253,4.660628385698809,NA,Starter,TRUE,0.2348993288590604,0.9261363636363636,NA,0.9137931034482759,0.9764705882352941,0.3522727272727273,NA,NA
116,K Anglin,Yuba-Sutter Freebirds,3.89,2,0,31,0,0,34.666666666666664,26,16,15,21,45,11.68,4,1.36,151,7,2,2024,pitcher,34.2,5.4519230769230775,1.0384615384615383,6.750000000000001,2.142857142857143,0.2980132450331126,0.1390728476821192,0.1589403973509934,0,6.322036836403034,1.6614084507042253,4.660628385698809,5.554859154929578,Reliever,TRUE,0.15894039735099338,0.8863636363636364,0.7708333333333334,0.867816091954023,0.8176470588235294,0.3409090909090909,0.7427352633843507,64.56411580306104
116,M Quigley,Glacier Range Riders,3.12,5,1,24,0,0,34.666666666666664,30,18,12,6,32,8.31,1,1.04,141,5,2,2024,pitcher,34.2,1.5576923076923077,0.25961538461538464,7.788461538461539,5.333333333333333,0.22695035460992907,0.0425531914893617,0.18439716312056736,0,6.322036836403034,1.6614084507042253,4.660628385698809,3.881782231852655,Reliever,TRUE,0.18439716312056736,0.9431818181818182,1,0.9942528735632183,0.9058823529411765,0.3409090909090909,0.8732153943081935,72.39292365849161
118,G Taylor,Billings Mustangs,6.29,2,3,7,6,0,34.333333333333336,36,30,24,9,48,12.58,7,1.31,155,4,3,2024,pitcher,34.1,2.3592233009708736,1.8349514563106797,9.436893203883496,5.333333333333333,0.3096774193548387,0.05806451612903226,0.2516129032258065,0.8571428571428571,6.322036836403034,1.6614084507042253,4.660628385698809,5.563541007058032,Starter,TRUE,0.25161290322580643,0.5568181818181818,0.7638888888888888,0.9022988505747126,0.9882352941176471,0.3352272727272727,0.7272393176183745,63.634359057102465
119,L Rettig,Billings Mustangs,8.74,1,5,13,6,0,34,61,46,33,16,25,6.62,3,2.26,182,4,3,2024,pitcher,34,4.235294117647059,0.7941176470588235,16.147058823529413,1.5625,0.13736263736263735,0.08791208791208792,0.04945054945054945,0.46153846153846156,6.322036836403034,1.6614084507042253,4.660628385698809,6.013569562169398,Reliever,TRUE,0.04945054945054945,0.21022727272727273,0.6111111111111112,0.16091954022988506,0.27058823529411763,0.3125,0.39306313643534746,43.58378818612085
119,A Santa Cruz,Ogden Raptors,7.15,2,5,8,8,0,34,46,38,27,24,33,8.74,5,2.06,172,4,2,2024,pitcher,34,6.352941176470588,1.3235294117647058,12.176470588235292,1.375,0.19186046511627908,0.13953488372093023,0.05232558139534885,1,6.322036836403034,1.6614084507042253,4.660628385698809,6.92533426805175,Starter,TRUE,0.05232558139534884,0.4375,0.3541666666666667,0.23563218390804597,0.28823529411764703,0.3125,0.3353769438810007,40.122616632860044
119,B Spagnuolo,Rocky Mountain Vibes,7.41,0,2,28,0,5,34,47,37,28,26,24,6.35,3,2.15,180,6,7,2024,pitcher,34,6.882352941176471,0.7941176470588235,12.441176470588236,0.9230769230769232,0.13333333333333333,0.14444444444444443,-0.0111111111111111,0,6.322036836403034,1.6614084507042253,4.660628385698809,7.30768720922822,Reliever,TRUE,-0.011111111111111112,0.375,0.2638888888888889,0.1896551724137931,0.09411764705882353,0.3125,0.2464696022086996,34.788176132521976
119,M Stone,Ogden Raptors,7.68,3,3,8,8,0,34,41,34,29,19,35,9.26,7,1.76,167,2,5,2024,pitcher,34,5.029411764705882,1.8529411764705883,10.852941176470589,1.8421052631578947,0.20958083832335328,0.11377245508982035,0.09580838323353293,1,6.322036836403034,1.6614084507042253,4.660628385698809,7.395922503345868,Starter,TRUE,0.09580838323353294,0.3352272727272727,0.25,0.4885057471264368,0.5235294117647059,0.3125,0.35071554797467575,41.04293287848054
123,C Minchey,Idaho Falls Chukars,9.36,2,3,7,7,0,33.666666666666664,45,36,35,22,11,2.94,1,1.99,169,3,6,2024,pitcher,33.2,5.881188118811882,0.26732673267326734,12.02970297029703,0.5,0.0650887573964497,0.1301775147928994,-0.0650887573964497,1,6.322036836403034,1.6614084507042253,4.660628385698809,6.888351157976037,Starter,TRUE,-0.0650887573964497,0.17045454545454544,0.3680555555555556,0.28735632183908044,0.041176470588235294,0.3068181818181818,0.2557840576146864,35.34704345688118
124,D Reinoso,Great Falls Voyagers,7.29,1,2,28,0,2,33.333333333333336,41,33,27,22,41,11.07,5,1.89,166,9,1,2024,pitcher,33.1,5.9399999999999995,1.35,11.07,1.8636363636363635,0.2469879518072289,0.13253012048192772,0.11445783132530118,0,6.322036836403034,1.6614084507042253,4.660628385698809,6.2206283856988085,Reliever,TRUE,0.1144578313253012,0.3977272727272727,0.5902777777777778,0.3620689655172414,0.6,0.30113636363636365,0.49714755311738074,49.828853187042846
125,L Trueman,Billings Mustangs,8.18,2,3,8,5,0,33,62,34,30,8,28,7.64,4,2.12,167,5,2,2024,pitcher,33,2.1818181818181817,1.0909090909090908,16.90909090909091,3.5,0.16766467065868262,0.04790419161676647,0.11976047904191615,0.625,6.322036836403034,1.6614084507042253,4.660628385698809,5.448507173577597,Starter,TRUE,0.11976047904191617,0.26136363636363635,0.8055555555555556,0.19540229885057472,0.6588235294117647,0.29545454545454547,0.5570498852623599,53.42299311574159
7,A Alger,Grand Junction Jackalopes,6.82,1,4,31,0,4,31.666666666666668,38,26,24,17,48,13.64,6,1.74,155,3,6,2024,pitcher,31.2,4.8315789473684205,1.7052631578947368,10.8,2.823529411764706,0.3096774193548387,0.10967741935483873,0.2,0,6.322036836403034,1.6614084507042253,4.660628385698809,6.271154701488283,Reliever,TRUE,0.2,0.48863636363636365,0.5694444444444444,0.5172413793103449,0.9352941176470588,0.2840909090909091,0.5824698301473149,54.9481898088389
8,T Anderson,Missoula PaddleHeads,7.39,2,0,19,0,0,28,34,23,23,12,24,7.71,4,1.64,135,1,4,2024,pitcher,28,3.857142857142857,1.2857142857142858,10.928571428571429,2,0.17777777777777778,0.08888888888888889,0.08888888888888889,0,6.322036836403034,1.6614084507042253,4.660628385698809,6.5177712428416665,Reliever,TRUE,0.08888888888888889,0.3806818181818182,0.4930555555555556,0.632183908045977,0.5058823529411764,0.26136363636363635,0.45792390179687337,47.475434107812404
9,C Angeroth,Ogden Raptors,8.49,1,0,7,0,0,11.666666666666666,16,13,11,6,11,8.49,3,1.89,60,3,2,2024,pitcher,11.2,4.628571428571429,2.3142857142857145,12.342857142857143,1.8333333333333333,0.18333333333333332,0.1,0.08333333333333331,0,6.322036836403034,1.6614084507042253,4.660628385698809,8.174914099984523,Reliever,TRUE,0.08333333333333333,0.2159090909090909,0.1388888888888889,0.3620689655172414,0.4470588235294118,0.17045454545454544,0.23912876226770752,34.34772573606245
12,A Atwood,Glacier Range Riders,7.5,0,0,6,0,0,6,12,6,5,1,6,9,2,2.17,33,NA,1,2024,pitcher,6,1.5,3,18,6,0.18181818181818185,0.0303030303030303,0.15151515151515152,0,6.322036836403034,1.6614084507042253,4.660628385698809,7.993961719032143,Reliever,TRUE,0.15151515151515152,0.35795454545454547,0.16666666666666666,0.1839080459770115,0.8,0.10795454545454546,0.31494383490073147,38.896630094043886
13,M Austin,Idaho Falls Chukars,0,0,0,1,0,0,0,NA,NA,NA,NA,0,0,NA,NA,NA,NA,NA,2024,pitcher,0,NA,NA,NA,NA,NA,NA,NA,0,6.322036836403034,1.6614084507042253,4.660628385698809,NA,Reliever,FALSE,NA,0.9829545454545454,NA,NA,NA,0,NA,NA
15,J Baez,Billings Mustangs,27,0,0,2,0,0,1.6666666666666663,7,5,5,2,1,5.4,NA,5.4,13,NA,NA,2024,pitcher,1.2,10.8,NA,37.8,0.5,0.07692307692307693,0.15384615384615383,-0.07692307692307693,0,6.322036836403034,1.6614084507042253,4.660628385698809,NA,Reliever,TRUE,-0.07692307692307693,0.017045454545454544,NA,0.017241379310344827,0.03529411764705882,0.03977272727272727,NA,NA
17,B Bagshaw,Idaho Falls Chukars,15.8,0,2,8,3,0,13.666666666666666,34,27,24,8,13,8.56,2,3.07,84,1,3,2024,pitcher,13.2,5.2682926829268295,1.3170731707317074,22.390243902439025,1.625,0.15476190476190477,0.09523809523809525,0.05952380952380953,0.375,6.322036836403034,1.6614084507042253,4.660628385698809,7.075262532040272,Reliever,TRUE,0.05952380952380952,0.06818181818181818,0.3125,0.06321839080459771,0.3235294117647059,0.21022727272727273,0.23778908506976457,34.26734510418588
19,A Baker,Rocky Mountain Vibes,10.8,0,1,5,1,0,6.666666666666667,8,8,8,5,4,5.4,2,1.95,32,1,1,2024,pitcher,6.2,6.75,2.6999999999999997,10.8,0.8,0.125,0.15625,-0.03125,0.2,6.322036836403034,1.6614084507042253,4.660628385698809,10.06062838569881,Reliever,TRUE,-0.03125,0.11363636363636363,0.041666666666666664,0.3275862068965517,0.058823529411764705,0.11931818181818182,0.09613317505685659,25.767990503411397
20,T Baker,Glacier Range Riders,4.98,1,1,8,2,0,21.666666666666668,30,13,12,4,23,9.55,2,1.57,95,2,NA,2024,pitcher,21.2,1.6615384615384614,0.8307692307692307,12.461538461538462,5.75,0.2421052631578947,0.04210526315789473,0.2,0.25,6.322036836403034,1.6614084507042253,4.660628385698809,NA,Reliever,TRUE,0.2,0.7386363636363636,NA,0.7068965517241379,0.9352941176470588,0.23295454545454544,NA,NA
24,L Barns,Ogden Raptors,54,0,0,1,0,0,0.3333333333333333,5,2,2,NA,NA,0,NA,15,6,NA,NA,2024,pitcher,0.1,NA,NA,135,NA,NA,NA,NA,0,6.322036836403034,1.6614084507042253,4.660628385698809,NA,Reliever,TRUE,NA,0.005681818181818182,NA,0.005747126436781609,NA,0.005681818181818182,NA,NA
27,C Barton,Grand Junction Jackalopes,8.22,0,0,13,1,0,23,39,23,21,14,11,4.3,2,2.3,121,3,NA,2024,pitcher,23,5.478260869565218,0.782608695652174,15.26086956521739,0.7857142857142857,0.09090909090909093,0.11570247933884298,-0.02479338842975206,0.07692307692307693,6.322036836403034,1.6614084507042253,4.660628385698809,NA,Reliever,TRUE,-0.024793388429752067,0.2556818181818182,NA,0.12643678160919541,0.07058823529411765,0.25,NA,NA
29,E Bates,Yuba-Sutter Freebirds,3.07,0,0,10,0,0,14.666666666666666,17,9,5,8,10,6.14,1,1.7,70,4,NA,2024,pitcher,14.2,4.909090909090909,0.6136363636363636,10.431818181818182,1.25,0.14285714285714285,0.11428571428571428,0.02857142857142856,0,6.322036836403034,1.6614084507042253,4.660628385698809,NA,Reliever,TRUE,0.02857142857142857,0.9488636363636364,NA,0.5632183908045977,0.18235294117647058,0.2159090909090909,NA,NA
30,M Bathauer,Grand Junction Jackalopes,18,0,0,2,0,0,3,7,6,6,2,2,6,NA,3,18,1,NA,2024,pitcher,3,6,NA,21,1,0.1111111111111111,0.1111111111111111,0,0,6.322036836403034,1.6614084507042253,4.660628385698809,NA,Reliever,TRUE,0,0.03409090909090909,NA,0.06896551724137931,0.11764705882352941,0.056818181818181816,NA,NA
34,B Blackford,Yuba-Sutter Freebirds,0,0,0,1,0,0,0.3333333333333333,NA,NA,NA,NA,0,0,NA,NA,1,NA,NA,2024,pitcher,0.1,NA,NA,NA,NA,0,NA,NA,0,6.322036836403034,1.6614084507042253,4.660628385698809,NA,Reliever,TRUE,NA,0.9829545454545454,NA,NA,NA,0.005681818181818182,NA,NA
37,E Blum,Billings Mustangs,18,0,0,1,0,0,1,4,2,2,NA,NA,0,1,4,7,NA,NA,2024,pitcher,1,NA,9,36,NA,NA,NA,NA,0,6.322036836403034,1.6614084507042253,4.660628385698809,NA,Reliever,TRUE,NA,0.03409090909090909,NA,0.028735632183908046,NA,0.028409090909090908,NA,NA
38,B Bohning,Idaho Falls Chukars,9.53,0,0,5,0,0,5.666666666666667,11,6,6,2,3,4.76,3,2.29,32,1,1,2024,pitcher,5.2,3.176470588235294,4.764705882352941,17.470588235294116,1.5,0.09375,0.0625,0.03125,0,6.322036836403034,1.6614084507042253,4.660628385698809,12.072393091581162,Reliever,TRUE,0.03125,0.1534090909090909,0.013888888888888888,0.13793103448275862,0.19411764705882353,0.09659090909090909,0.09567218841559613,25.74033130493577
39,J Bollman,Glacier Range Riders,16.88,0,0,4,0,0,5.333333333333333,7,10,10,7,5,8.44,1,2.63,33,5,3,2024,pitcher,5.1,11.8125,1.6875,11.8125,0.7142857142857143,0.15151515151515152,0.21212121212121213,-0.06060606060606061,0,6.322036836403034,1.6614084507042253,4.660628385698809,10.848128385698809,Reliever,TRUE,-0.06060606060606061,0.0625,0.020833333333333332,0.10919540229885058,0.047058823529411764,0.08522727272727272,0.050823729178191654,23.0494237506915
41,B Bonner,Ogden Raptors,4.5,2,1,27,0,2,30,31,15,15,10,23,6.9,6,1.37,128,2,1,2024,pitcher,30,3,1.8,9.3,2.3,0.1796875,0.078125,0.1015625,0,6.322036836403034,1.6614084507042253,4.660628385698809,6.827295052365475,Reliever,TRUE,0.1015625,0.7954545454545454,0.3958333333333333,0.8563218390804598,0.5588235294117647,0.2727272727272727,0.515957495851005,50.9574497510603
42,M Bono,Idaho Falls Chukars,27,0,1,5,0,0,8,21,25,24,11,11,12.38,6,4,55,2,1,2024,pitcher,8,12.375,6.75,23.625,1,0.2,0.2,0,0,6.322036836403034,1.6614084507042253,4.660628385698809,16.160628385698807,Reliever,TRUE,0,0.017045454545454544,0,0.028735632183908046,0.11764705882352941,0.14204545454545456,0.05026661134673305,23.015996680803983
44,R Bost,Billings Mustangs,19.64,0,0,8,0,0,7.333333333333333,12,19,16,12,7,8.59,1,3.27,49,10,2,2024,pitcher,7.1,14.727272727272728,1.2272727272727273,14.727272727272728,0.5833333333333334,0.14285714285714285,0.24489795918367344,-0.1020408163265306,0,6.322036836403034,1.6614084507042253,4.660628385698809,10.2515374766079,Reliever,TRUE,-0.10204081632653061,0.028409090909090908,0.027777777777777776,0.05172413793103448,0.029411764705882353,0.13636363636363635,0.046881786936300116,22.812907216178008
45,T Bothwell,Glacier Range Riders,8.31,1,1,3,3,0,13,10,12,12,10,16,11.08,3,1.54,59,NA,2,2024,pitcher,13,6.923076923076923,2.076923076923077,6.923076923076923,1.6,0.2711864406779661,0.1694915254237288,0.1016949152542373,1,6.322036836403034,1.6614084507042253,4.660628385698809,7.968320693391116,Starter,TRUE,0.1016949152542373,0.24431818181818182,0.1736111111111111,0.7241379310344828,0.5647058823529412,0.19318181818181818,0.320424414018481,39.22546484110886
47,J Bradshaw,Billings Mustangs,8.49,1,1,6,2,0,11.666666666666666,16,12,11,5,4,3.09,NA,1.8,57,1,3,2024,pitcher,11.2,3.857142857142857,NA,12.342857142857143,0.8,0.07017543859649122,0.08771929824561403,-0.0175438596491228,0.3333333333333333,6.322036836403034,1.6614084507042253,4.660628385698809,NA,Reliever,TRUE,-0.017543859649122806,0.2159090909090909,NA,0.46551724137931033,0.08235294117647059,0.17045454545454544,NA,NA
50,S Brinkley,Rocky Mountain Vibes,162,0,0,2,0,0,0.3333333333333333,3,6,6,5,1,27,1,24,9,2,NA,2024,pitcher,0.1,135,27,81,0.2,0.1111111111111111,0.5555555555555556,-0.4444444444444445,0,6.322036836403034,1.6614084507042253,4.660628385698809,NA,Reliever,TRUE,-0.4444444444444444,0,NA,0,0,0.005681818181818182,NA,NA
51,E Brown,Grand Junction Jackalopes,3.86,2,0,14,0,0,11.666666666666666,9,5,5,8,14,10.8,3,1.46,51,5,1,2024,pitcher,11.2,6.171428571428572,2.3142857142857145,6.942857142857143,1.75,0.27450980392156865,0.1568627450980392,0.11764705882352944,0,6.322036836403034,1.6614084507042253,4.660628385698809,7.917771242841666,Reliever,TRUE,0.11764705882352941,0.8920454545454546,0.18055555555555555,0.7988505747126436,0.6411764705882353,0.17045454545454544,0.4397175738111337,46.38305442866802
53,R Brown,Idaho Falls Chukars,11.86,1,0,12,0,0,22,47,35,29,12,13,5.32,6,2.68,128,4,2,2024,pitcher,22,4.909090909090909,2.4545454545454546,19.227272727272727,1.0833333333333333,0.1015625,0.09375,0.0078125,0,6.322036836403034,1.6614084507042253,4.660628385698809,8.93335565842608,Reliever,TRUE,0.0078125,0.10795454545454546,0.05555555555555555,0.10344827586206896,0.1588235294117647,0.23863636363636365,0.11632039205441842,26.979223523265105
57,M Bryant,Missoula PaddleHeads,8.78,0,0,8,0,0,13.333333333333334,18,17,13,10,13,8.78,1,2.1,73,4,3,2024,pitcher,13.1,6.75,0.6749999999999999,12.15,1.3,0.1780821917808219,0.136986301369863,0.0410958904109589,0,6.322036836403034,1.6614084507042253,4.660628385698809,6.610628385698809,Reliever,TRUE,0.0410958904109589,0.20454545454545456,0.4444444444444444,0.21839080459770116,0.22941176470588234,0.20454545454545456,0.30686284754236076,38.41177085254165
58,T Buckner,Yuba-Sutter Freebirds,3.38,1,1,31,0,11,32,24,16,12,14,33,9.28,1,1.19,135,4,2,2024,pitcher,32,3.9375,0.28125,6.75,2.357142857142857,0.24444444444444444,0.1037037037037037,0.14074074074074072,0,6.322036836403034,1.6614084507042253,4.660628385698809,4.504378385698809,Reliever,TRUE,0.14074074074074075,0.9204545454545454,0.9583333333333334,0.9655172413793104,0.7529411764705882,0.2897727272727273,0.812007383674473,68.72044302046838
61,B Burdett,Oakland Ballers,14.29,0,0,7,0,1,5.666666666666667,10,10,9,7,3,4.76,1,3,36,2,1,2024,pitcher,5.2,11.117647058823527,1.588235294117647,15.88235294117647,0.42857142857142855,0.08333333333333333,0.19444444444444445,-0.11111111111111112,0,6.322036836403034,1.6614084507042253,4.660628385698809,10.131216620992928,Reliever,TRUE,-0.1111111111111111,0.07954545454545454,0.034722222222222224,0.06896551724137931,0.023529411764705882,0.09659090909090909,0.05191177751142254,23.114706650685353
62,C Butler,Boise Hawks,6.04,0,1,18,0,1,22.333333333333332,17,15,15,25,42,16.93,2,1.88,106,6,NA,2024,pitcher,22.1,10.074626865671643,0.8059701492537313,6.850746268656716,1.68,0.3962264150943397,0.2358490566037736,0.16037735849056606,0,6.322036836403034,1.6614084507042253,4.660628385698809,NA,Reliever,TRUE,0.16037735849056603,0.5795454545454546,NA,0.39655172413793105,0.8352941176470589,0.24431818181818182,NA,NA
65,I Campa,Grand Junction Jackalopes,9.64,0,0,3,0,0,4.666666666666667,5,5,5,1,3,5.79,2,1.29,20,NA,NA,2024,pitcher,4.2,1.9285714285714284,3.8571428571428568,9.642857142857142,3,0.15,0.05,0.1,0,6.322036836403034,1.6614084507042253,4.660628385698809,NA,Reliever,TRUE,0.1,0.14772727272727273,NA,0.9137931034482759,0.5470588235294118,0.07954545454545454,NA,NA
68,C Caporale,Idaho Falls Chukars,17.72,1,2,3,2,0,10.666666666666666,19,26,21,13,11,9.28,1,3,67,4,2,2024,pitcher,10.2,10.96875,0.84375,16.03125,0.8461538461538461,0.16417910447761194,0.19402985074626863,-0.02985074626865672,0.6666666666666666,6.322036836403034,1.6614084507042253,4.660628385698809,8.035628385698809,Starter,TRUE,-0.029850746268656716,0.05113636363636364,0.1527777777777778,0.06896551724137931,0.06470588235294118,0.1590909090909091,0.1124829302149282,26.748975812895694
69,K Carattini,Glacier Range Riders,10,1,0,8,0,0,9,14,13,10,11,10,10,NA,2.78,52,6,1,2024,pitcher,9,11,NA,14,0.9090909090909092,0.19230769230769232,0.2115384615384615,-0.01923076923076921,0,6.322036836403034,1.6614084507042253,4.660628385698809,NA,Reliever,TRUE,-0.019230769230769232,0.13068181818181818,NA,0.09770114942528736,0.07647058823529412,0.1534090909090909,NA,NA
71,B Carson,Oakland Ballers,0,0,0,1,0,0,2,3,NA,NA,1,2,9,NA,2,9,NA,NA,2024,pitcher,2,4.5,NA,13.5,2,0.2222222222222222,0.1111111111111111,0.1111111111111111,0,6.322036836403034,1.6614084507042253,4.660628385698809,NA,Reliever,TRUE,0.1111111111111111,0.9829545454545454,NA,0.27586206896551724,0.5882352941176471,0.045454545454545456,NA,NA
74,M Castillo,Ogden Raptors,40.5,0,0,1,0,0,2,7,9,9,7,1,4.5,NA,7,19,NA,NA,2024,pitcher,2,31.5,NA,31.5,0.14285714285714285,0.05263157894736842,0.3684210526315789,-0.3157894736842105,0,6.322036836403034,1.6614084507042253,4.660628385698809,NA,Reliever,TRUE,-0.3157894736842105,0.011363636363636364,NA,0.011494252873563218,0.011764705882352941,0.045454545454545456,NA,NA
75,C Chatham,Great Falls Voyagers,5.06,0,0,5,0,1,5.333333333333333,9,4,3,3,4,6.75,NA,2.25,27,3,NA,2024,pitcher,5.1,5.0625,NA,15.1875,1.3333333333333333,0.14814814814814814,0.1111111111111111,0.03703703703703703,0,6.322036836403034,1.6614084507042253,4.660628385698809,NA,Reliever,TRUE,0.037037037037037035,0.7272727272727273,NA,0.16666666666666666,0.21176470588235294,0.08522727272727272,NA,NA
79,C Ciuffetelli,Missoula PaddleHeads,4.7,0,0,13,0,0,15.333333333333334,8,8,8,11,21,12.33,2,1.24,65,NA,1,2024,pitcher,15.1,6.456521739130435,1.1739130434782608,4.695652173913043,1.9090909090909092,0.3230769230769231,0.16923076923076924,0.15384615384615383,0,6.322036836403034,1.6614084507042253,4.660628385698809,5.964976211785766,Reliever,TRUE,0.15384615384615385,0.7727272727272727,0.6458333333333334,0.9482758620689655,0.8058823529411765,0.2215909090909091,0.6634851174011924,59.809107044071546
81,D Clark,Billings Mustangs,13.5,0,0,2,0,0,1.3333333333333333,7,3,2,NA,1,6.75,NA,5.25,12,NA,NA,2024,pitcher,1.1,NA,NA,47.25,NA,0.08333333333333333,NA,NA,0,6.322036836403034,1.6614084507042253,4.660628385698809,NA,Reliever,TRUE,NA,0.09090909090909091,NA,0.022988505747126436,NA,0.03409090909090909,NA,NA
85,T Clayton,Glacier Range Riders,9.49,0,3,10,5,0,24.666666666666668,34,28,26,11,19,6.93,6,1.82,125,3,7,2024,pitcher,24.2,4.013513513513513,2.189189189189189,12.405405405405403,1.7272727272727273,0.152,0.088,0.064,0.5,6.322036836403034,1.6614084507042253,4.660628385698809,8.47143919650962,Starter,TRUE,0.064,0.1590909090909091,0.08333333333333333,0.4540229885057471,0.35294117647058826,0.2556818181818182,0.2115397765689348,32.69238659413609
86,R Cloude,Ogden Raptors,6.92,0,0,11,0,0,13,21,13,10,10,16,11.08,NA,2.38,72,3,2,2024,pitcher,13,6.923076923076923,NA,14.538461538461538,1.6,0.2222222222222222,0.1388888888888889,0.08333333333333331,0,6.322036836403034,1.6614084507042253,4.660628385698809,NA,Reliever,TRUE,0.08333333333333333,0.4659090909090909,NA,0.1206896551724138,0.4470588235294118,0.19318181818181818,NA,NA
89,J Coleman,Glacier Range Riders,2.29,2,2,15,0,0,19.666666666666668,18,7,5,11,29,13.27,1,1.47,88,1,2,2024,pitcher,19.2,5.033898305084746,0.45762711864406774,8.23728813559322,2.636363636363636,0.32954545454545453,0.125,0.20454545454545453,0,6.322036836403034,1.6614084507042253,4.660628385698809,4.355543639936097,Reliever,TRUE,0.20454545454545456,0.9602272727272727,0.9861111111111112,0.7873563218390804,0.9529411764705882,0.22727272727272727,0.8418933119224701,70.5135987153482
91,J Cone,Ogden Raptors,4.91,0,0,4,0,0,3.6666666666666665,7,3,2,4,4,9.82,1,3,22,1,NA,2024,pitcher,3.2,9.818181818181818,2.4545454545454546,17.181818181818183,1,0.18181818181818185,0.18181818181818185,0,0,6.322036836403034,1.6614084507042253,4.660628385698809,NA,Reliever,TRUE,0,0.7556818181818182,NA,0.06896551724137931,0.11764705882352941,0.0625,NA,NA
92,L Cooper,Glacier Range Riders,7.47,1,1,26,0,1,31.333333333333332,45,31,26,11,33,9.48,5,1.79,151,2,3,2024,pitcher,31.1,3.1595744680851063,1.4361702127659577,12.925531914893618,3,0.2185430463576159,0.0728476821192053,0.14569536423841062,0,6.322036836403034,1.6614084507042253,4.660628385698809,5.969139023996681,Reliever,TRUE,0.1456953642384106,0.36363636363636365,0.6388888888888888,0.4827586206896552,0.7823529411764706,0.2784090909090909,0.5566088240416334,53.396529442498
93,C Corliss,Idaho Falls Chukars,15.43,0,0,3,0,0,7,16,12,12,NA,0,0,3,2.29,37,1,1,2024,pitcher,7,NA,3.857142857142857,20.571428571428573,NA,0,NA,NA,0,6.322036836403034,1.6614084507042253,4.660628385698809,NA,Reliever,TRUE,NA,0.07386363636363637,NA,0.13793103448275862,NA,0.125,NA,NA
94,R Cortez,Grand Junction Jackalopes,0,0,0,1,0,0,0.6666666666666666,NA,NA,NA,1,0,0,NA,1.5,3,NA,NA,2024,pitcher,0.2,13.5,NA,NA,0,0,0.3333333333333333,-0.3333333333333333,0,6.322036836403034,1.6614084507042253,4.660628385698809,NA,Reliever,TRUE,-0.3333333333333333,0.9829545454545454,NA,0.7701149425287356,0.0058823529411764705,0.022727272727272728,NA,NA
98,C Cowan,Glacier Range Riders,6.37,0,4,28,0,3,29.666666666666668,36,22,21,19,35,10.62,4,1.85,144,6,3,2024,pitcher,29.2,5.764044943820225,1.2134831460674156,10.92134831460674,1.8421052631578947,0.24305555555555555,0.13194444444444445,0.1111111111111111,0,6.322036836403034,1.6614084507042253,4.660628385698809,6.278605913788697,Reliever,TRUE,0.1111111111111111,0.5397727272727273,0.5625,0.42528735632183906,0.5882352941176471,0.26704545454545453,0.5061985217284406,50.37191130370644
103,A Cuello-Batista,Missoula PaddleHeads,9.95,0,0,7,0,0,6.333333333333333,13,7,7,5,8,11.37,NA,2.84,37,1,1,2024,pitcher,6.1,7.105263157894737,NA,18.473684210526315,1.6,0.21621621621621623,0.13513513513513514,0.08108108108108109,0,6.322036836403034,1.6614084507042253,4.660628385698809,NA,Reliever,TRUE,0.08108108108108109,0.13636363636363635,NA,0.09195402298850575,0.4411764705882353,0.11363636363636363,NA,NA
104,G Cuevas,Ogden Raptors,13.89,0,1,4,4,0,11.666666666666666,24,20,18,14,17,13.11,2,3.26,73,2,NA,2024,pitcher,11.2,10.8,1.542857142857143,18.514285714285716,1.2142857142857142,0.2328767123287671,0.1917808219178082,0.0410958904109589,1,6.322036836403034,1.6614084507042253,4.660628385698809,NA,Starter,TRUE,0.0410958904109589,0.08522727272727272,NA,0.05747126436781609,0.22941176470588234,0.17045454545454544,NA,NA
105,T Cunningham,Missoula PaddleHeads,17.18,0,0,4,0,0,3.6666666666666665,11,7,7,2,2,4.91,NA,3.55,24,3,NA,2024,pitcher,3.2,4.909090909090909,NA,27,1,0.08333333333333333,0.08333333333333333,0,0,6.322036836403034,1.6614084507042253,4.660628385698809,NA,Reliever,TRUE,0,0.056818181818181816,NA,0.040229885057471264,0.11764705882352941,0.0625,NA,NA
108,J Czeslawski,Idaho Falls Chukars,18,0,1,3,3,0,8,13,16,16,14,5,5.63,2,3.38,53,NA,2,2024,pitcher,8,15.75,2.25,14.625,0.35714285714285715,0.09433962264150944,0.2641509433962264,-0.16981132075471697,1,6.322036836403034,1.6614084507042253,4.660628385698809,12.660628385698809,Starter,TRUE,-0.16981132075471697,0.03409090909090909,0.006944444444444444,0.04597701149425287,0.01764705882352941,0.14204545454545456,0.03732534523736349,22.23952071424181
109,T Czyz,Oakland Ballers,11.91,1,1,6,1,0,11.333333333333334,15,15,15,9,14,11.12,2,2.12,62,3,5,2024,pitcher,11.1,7.147058823529411,1.588235294117647,11.911764705882351,1.5555555555555556,0.2258064516129032,0.14516129032258066,0.08064516129032256,0.16666666666666666,6.322036836403034,1.6614084507042253,4.660628385698809,8.190040150404691,Reliever,TRUE,0.08064516129032258,0.10227272727272728,0.13194444444444445,0.19540229885057472,0.43529411764705883,0.16477272727272727,0.19943364937406521,31.96601896244391
112,N Daniels,Billings Mustangs,12.27,0,0,4,0,0,3.6666666666666665,4,5,5,3,2,4.91,NA,1.91,22,NA,3,2024,pitcher,3.2,7.363636363636364,NA,9.818181818181818,0.6666666666666666,0.09090909090909093,0.13636363636363635,-0.04545454545454544,0,6.322036836403034,1.6614084507042253,4.660628385698809,NA,Reliever,TRUE,-0.045454545454545456,0.09659090909090909,NA,0.3563218390804598,0.052941176470588235,0.0625,NA,NA
116,T Davis,Oakland Ballers,1.29,0,0,5,1,1,7,4,1,1,7,9,11.57,NA,1.57,32,2,NA,2024,pitcher,7,9,NA,5.142857142857143,1.2857142857142858,0.28125,0.21875,0.0625,0.2,6.322036836403034,1.6614084507042253,4.660628385698809,NA,Reliever,TRUE,0.0625,0.9772727272727273,NA,0.7068965517241379,0.3411764705882353,0.125,NA,NA
1,G Taylor,Glacier Range Riders,4.71,7,7,19,19,0,114.66666666666669,127,64,60,30,117,9.18,18,1.37,491,6,1,2025,pitcher,114.2,2.3546511627906974,1.4127906976744184,9.968023255813954,3.9,0.23828920570264767,0.06109979633401222,0.17718940936863545,1,6.808370805949498,2.0062694569353168,4.8021013490141815,5.613147860642089,Starter,TRUE,0.17718940936863545,0.8103448275862069,0.8275862068965517,0.9011627906976745,0.9122807017543859,1,0.8751586263171964,72.50951757903178
2,G Grosjean,Idaho Falls Chukars,5.45,11,6,21,17,2,112.33333333333331,130,78,68,38,102,8.17,20,1.5,501,9,13,2025,pitcher,112.1,3.0445103857566767,1.602373887240356,10.415430267062314,2.6842105263157894,0.20359281437125748,0.07584830339321358,0.1277445109780439,0.8095238095238095,6.808370805949498,2.0062694569353168,4.8021013490141815,6.662635473643261,Starter,TRUE,0.1277445109780439,0.7068965517241379,0.6137931034482759,0.7674418604651163,0.7543859649122807,0.9942528735632183,0.7283110342013814,63.69866205208289
3,L Schafer,Glacier Range Riders,4.18,9,2,18,18,0,107.66666666666669,119,56,50,40,108,9.03,13,1.48,476,15,6,2025,pitcher,107.2,3.343653250773994,1.086687306501548,9.947368421052632,2.7,0.226890756302521,0.08403361344537816,0.14285714285714285,1,6.808370805949498,2.0062694569353168,4.8021013490141815,5.647302587404274,Starter,TRUE,0.14285714285714285,0.8390804597701149,0.8068965517241379,0.7906976744186046,0.8128654970760234,0.9885057471264368,0.8385394185812031,70.3123651148722
4,T Bothwell,Glacier Range Riders,5.4,4,6,19,19,0,105,109,70,63,42,130,11.14,14,1.44,468,8,10,2025,pitcher,105,3.6,1.2,9.342857142857143,3.0952380952380953,0.2777777777777778,0.08974358974358974,0.18803418803418803,1,6.808370805949498,2.0062694569353168,4.8021013490141815,5.544958491871324,Starter,TRUE,0.18803418803418803,0.7126436781609196,0.8482758620689655,0.8197674418604651,0.9181286549707602,0.9827586206896551,0.859223164835371,71.55338989012226
5,S Spencer,Idaho Falls Chukars,6.73,6,3,23,17,1,104.33333333333331,137,88,78,41,75,6.47,16,1.71,486,6,11,2025,pitcher,104.1,3.5367412140575083,1.380191693290735,11.817891373801915,1.829268292682927,0.15432098765432098,0.08436213991769548,0.0699588477366255,0.7391304347826086,6.808370805949498,2.0062694569353168,4.8021013490141815,6.853219559876802,Starter,TRUE,0.06995884773662552,0.5172413793103449,0.5586206896551724,0.6104651162790697,0.5029239766081871,0.9712643678160919,0.6083554448805789,56.50132669283474
5,B Wozniak,Yuba-Sutter Freebirds,3.45,10,3,17,16,0,104.33333333333331,114,49,40,30,80,6.9,12,1.38,454,2,4,2025,pitcher,104.1,2.587859424920128,1.0351437699680512,9.833865814696486,2.6666666666666665,0.1762114537444934,0.06607929515418502,0.11013215859030838,0.9411764705882353,6.808370805949498,2.0062694569353168,4.8021013490141815,5.7413984736148205,Starter,TRUE,0.11013215859030837,0.9137931034482759,0.7862068965517242,0.8837209302325582,0.695906432748538,0.9712643678160919,0.8247947588833082,69.48768553299848
7,J Castillo,Colorado Springs Sky Sox,8.91,5,7,19,18,0,104,159,107,103,49,82,7.1,19,2,518,8,7,2025,pitcher,104,4.240384615384615,1.6442307692307692,13.759615384615383,1.673469387755102,0.1583011583011583,0.0945945945945946,0.06370656370656369,0.9473684210526315,6.808370805949498,2.0062694569353168,4.8021013490141815,7.21556288747572,Starter,TRUE,0.0637065637065637,0.2988505747126437,0.45517241379310347,0.37209302325581395,0.4853801169590643,0.9655172413793104,0.5060094636484287,50.36056781890572
8,N Powers,Rocky Mountain Vibes,5.61,8,4,19,19,0,101,116,76,63,48,76,6.77,11,1.62,461,3,3,2025,pitcher,101,4.2772277227722775,0.9801980198019802,10.336633663366335,1.5833333333333333,0.1648590021691974,0.10412147505422992,0.06073752711496748,1,6.808370805949498,2.0062694569353168,4.8021013490141815,6.227843923271607,Starter,TRUE,0.06073752711496746,0.6551724137931034,0.6827586206896552,0.6918604651162791,0.4502923976608187,0.9597701149425287,0.6745893536299985,60.47536121779991
9,R Wentz,Missoula PaddleHeads,5.56,7,7,17,17,0,100.33333333333331,112,71,62,31,121,10.85,14,1.43,448,2,13,2025,pitcher,100.1,2.780730897009967,1.255813953488372,10.046511627906977,3.903225806451613,0.2700892857142857,0.06919642857142858,0.20089285714285712,1,6.808370805949498,2.0062694569353168,4.8021013490141815,5.519709322436109,Starter,TRUE,0.20089285714285715,0.6896551724137931,0.8620689655172413,0.8313953488372093,0.9473684210526315,0.9540229885057471,0.8639925294390749,71.8395517663445
10,M Sox,Missoula PaddleHeads,3.83,12,3,17,17,0,98.66666666666669,86,46,42,34,114,10.4,14,1.22,417,2,9,2025,pitcher,98.2,3.1013513513513513,1.277027027027027,7.844594594594594,3.3529411764705883,0.2733812949640288,0.0815347721822542,0.1918465227817746,1,6.808370805949498,2.0062694569353168,4.8021013490141815,5.643317565230397,Starter,TRUE,0.19184652278177458,0.8793103448275862,0.8137931034482758,0.9476744186046512,0.9298245614035088,0.9482758620689655,0.8803875265549601,72.82325159329761
11,Z St. Pierre,Oakland Ballers,5.36,8,4,22,16,1,97.33333333333331,126,71,58,38,73,6.75,15,1.68,463,1,8,2025,pitcher,97.1,3.5136986301369864,1.3869863013698631,11.65068493150685,1.9210526315789471,0.15766738660907129,0.08207343412526998,0.07559395248380131,0.7272727272727273,6.808370805949498,2.0062694569353168,4.8021013490141815,6.723334225726511,Starter,TRUE,0.0755939524838013,0.7241379310344828,0.6,0.627906976744186,0.543859649122807,0.9425287356321839,0.66156262749898,59.693757649938796
12,C Harrison,Idaho Falls Chukars,8.58,7,8,19,17,0,93.33333333333331,155,104,89,26,74,7.14,22,1.94,466,5,5,2025,pitcher,93.1,2.507142857142857,2.121428571428571,14.946428571428571,2.8461538461538463,0.15879828326180256,0.05579399141630901,0.10300429184549356,0.8947368421052632,6.808370805949498,2.0062694569353168,4.8021013490141815,7.277101349014181,Starter,TRUE,0.10300429184549356,0.3218390804597701,0.4413793103448276,0.42441860465116277,0.6432748538011696,0.9367816091954023,0.5364416588115571,52.18649952869343
13,B Beard,Missoula PaddleHeads,5.6,5,3,17,17,0,91.66666666666669,106,61,57,31,96,9.43,9,1.49,415,2,6,2025,pitcher,91.2,3.0436363636363635,0.8836363636363636,10.407272727272726,3.096774193548387,0.23132530120481928,0.0746987951807229,0.1566265060240964,1,6.808370805949498,2.0062694569353168,4.8021013490141815,5.194828621741454,Starter,TRUE,0.1566265060240964,0.6666666666666666,0.896551724137931,0.7790697674418605,0.847953216374269,0.9310344827586207,0.8457734820880055,70.74640892528032
14,R Butz,Oakland Ballers,5.3,9,5,17,17,0,90,106,59,53,45,70,7,14,1.68,410,4,1,2025,pitcher,90,4.5,1.4,10.6,1.5555555555555556,0.17073170731707318,0.1097560975609756,0.06097560975609757,1,6.808370805949498,2.0062694569353168,4.8021013490141815,6.8021013490141815,Starter,TRUE,0.06097560975609756,0.7413793103448276,0.5793103448275863,0.627906976744186,0.45614035087719296,0.9252873563218391,0.6357429057808917,58.1445743468535
15,C Czerwinski,Great Falls Voyagers,7.31,4,8,16,16,0,88.66666666666667,121,80,72,50,82,8.32,14,1.93,435,8,6,2025,pitcher,88.2,5.075187969924812,1.4210526315789471,12.281954887218044,1.64,0.1885057471264368,0.11494252873563218,0.0735632183908046,1,6.808370805949498,2.0062694569353168,4.8021013490141815,6.899845709916438,Starter,TRUE,0.0735632183908046,0.46551724137931033,0.5448275862068965,0.43023255813953487,0.52046783625731,0.9195402298850575,0.5728064782378293,54.368388694269754
16,C Dayton,Boise Hawks,6.44,7,1,23,13,0,88,115,81,63,48,73,7.47,19,1.85,432,7,9,2025,pitcher,88,4.909090909090909,1.943181818181818,11.761363636363637,1.5208333333333333,0.16898148148148148,0.1111111111111111,0.05787037037037038,0.5652173913043478,6.808370805949498,2.0062694569353168,4.8021013490141815,7.893010439923272,Starter,TRUE,0.05787037037037037,0.5344827586206896,0.2827586206896552,0.5,0.43859649122807015,0.9137931034482759,0.4680641258318209,48.08384754990925
17,C Chatman,Ogden Raptors,5.95,8,3,20,18,0,87.66666666666667,101,64,58,49,75,7.7,9,1.71,415,8,10,2025,pitcher,87.2,5.03041825095057,0.923954372623574,10.368821292775666,1.530612244897959,0.18072289156626503,0.1180722891566265,0.06265060240963856,0.9,6.808370805949498,2.0062694569353168,4.8021013490141815,6.44468690034498,Starter,TRUE,0.06265060240963856,0.6091954022988506,0.6551724137931034,0.6104651162790697,0.47368421052631576,0.9080459770114943,0.6454385261469633,58.7263115688178
18,N Saltaformaggio,Ogden Raptors,5.94,8,1,47,0,0,86.33333333333333,104,68,57,35,72,7.51,10,1.61,391,8,8,2025,pitcher,86.1,3.6486486486486487,1.0424710424710426,10.841698841698843,2.057142857142857,0.18414322250639387,0.08951406649616368,0.09462915601023018,0,6.808370805949498,2.0062694569353168,4.8021013490141815,6.134147681060513,Reliever,TRUE,0.09462915601023018,0.6149425287356322,0.7103448275862069,0.7093023255813954,0.6140350877192983,0.9022988505747126,0.7054613880330337,62.327683281982026
19,J Garcia,Billings Mustangs,4.41,4,6,15,13,0,85.66666666666667,98,52,42,23,64,6.72,8,1.41,384,4,9,2025,pitcher,85.2,2.4163424124513617,0.8404669260700388,10.295719844357976,2.782608695652174,0.16666666666666666,0.05989583333333333,0.10677083333333331,0.8666666666666667,6.808370805949498,2.0062694569353168,4.8021013490141815,5.64256827508422,Starter,TRUE,0.10677083333333333,0.8218390804597702,0.8206896551724138,0.8430232558139535,0.6608187134502924,0.8908045977011494,0.8016384820645572,68.09830892387343
19,N Marshall,Great Falls Voyagers,8.19,5,7,16,16,0,85.66666666666667,122,88,78,45,65,6.83,8,1.95,435,8,14,2025,pitcher,85.2,4.727626459143969,0.8404669260700388,12.817120622568092,1.4444444444444444,0.14942528735632185,0.10344827586206896,0.04597701149425289,1,6.808370805949498,2.0062694569353168,4.8021013490141815,6.564747263411069,Starter,TRUE,0.04597701149425287,0.3563218390804598,0.6413793103448275,0.4127906976744186,0.3508771929824561,0.8908045977011494,0.5550751980191054,53.304511881146325
21,N Millikan,Oakland Ballers,2.12,7,1,14,14,0,85,65,23,20,12,96,10.16,5,0.91,337,2,10,2025,pitcher,85,1.2705882352941176,0.5294117647058824,6.882352941176471,8,0.28486646884273,0.03560830860534125,0.24925816023738873,1,6.808370805949498,2.0062694569353168,4.8021013490141815,4.084454290190652,Starter,TRUE,0.24925816023738873,0.9540229885057471,0.9793103448275862,0.9941860465116279,0.9766081871345029,0.8850574712643678,0.9623264489746151,77.7395869384769
22,N Hemmerling,Idaho Falls Chukars,6.43,8,4,16,16,0,84,121,69,60,43,60,6.43,15,1.95,408,7,3,2025,pitcher,84,4.607142857142857,1.6071428571428572,12.964285714285714,1.3953488372093024,0.14705882352941177,0.1053921568627451,0.04166666666666667,1,6.808370805949498,2.0062694569353168,4.8021013490141815,7.337815634728467,Starter,TRUE,0.041666666666666664,0.5402298850574713,0.4206896551724138,0.4127906976744186,0.3391812865497076,0.8793103448275862,0.4903222236291075,49.41933341774645
23,J Jenkins,Yuba-Sutter Freebirds,6.26,3,6,16,15,0,82,108,62,57,34,74,8.12,15,1.73,391,7,10,2025,pitcher,82,3.731707317073171,1.646341463414634,11.853658536585366,2.176470588235294,0.18925831202046037,0.08695652173913043,0.10230179028132994,0.9375,6.808370805949498,2.0062694569353168,4.8021013490141815,6.985028178282475,Starter,TRUE,0.10230179028132992,0.5747126436781609,0.5103448275862069,0.5755813953488372,0.6374269005847953,0.8735632183908046,0.6064228299966704,56.38536979980022
24,A Coleman,Ogden Raptors,11.29,3,5,21,13,0,81.33333333333333,139,113,102,32,40,4.43,28,2.1,431,6,19,2025,pitcher,81.1,3.5409836065573774,3.098360655737705,15.381147540983608,1.25,0.09280742459396751,0.07424593967517401,0.0185614849187935,0.6190476190476191,6.808370805949498,2.0062694569353168,4.8021013490141815,10.175052168686314,Starter,TRUE,0.018561484918793503,0.1839080459770115,0.09655172413793103,0.31976744186046513,0.24561403508771928,0.867816091954023,0.27747886154841794,36.64873169290507
25,G Edwards,Boise Hawks,5.15,6,3,15,14,0,80.33333333333333,73,52,46,38,86,9.63,10,1.38,354,3,13,2025,pitcher,80.1,4.257261410788382,1.120331950207469,8.178423236514524,2.263157894736842,0.24293785310734464,0.10734463276836158,0.13559322033898308,0.9333333333333333,6.808370805949498,2.0062694569353168,4.8021013490141815,6.1838440876033935,Starter,TRUE,0.13559322033898305,0.7701149425287356,0.7034482758620689,0.8837209302325582,0.8011695906432749,0.8620689655172413,0.774812907703635,66.48877446221809
26,S Gustafson,Ogden Raptors,9.04,5,4,19,17,0,79.66666666666667,120,91,80,34,49,5.54,13,1.93,404,4,17,2025,pitcher,79.2,3.8410041841004183,1.4686192468619246,13.556485355648537,1.4411764705882353,0.12128712871287128,0.08415841584158416,0.03712871287128712,0.8947368421052632,6.808370805949498,2.0062694569353168,4.8021013490141815,7.61381683018573,Starter,TRUE,0.03712871287128713,0.28160919540229884,0.36551724137931035,0.43023255813953487,0.3157894736842105,0.8505747126436781,0.4222156333094163,45.33293799856498
26,N Shinn,Idaho Falls Chukars,7.23,3,4,22,12,0,79.66666666666667,115,81,64,39,63,7.12,18,1.93,396,3,5,2025,pitcher,79.2,4.405857740585774,2.0334728033472804,12.99163179916318,1.6153846153846154,0.1590909090909091,0.09848484848484848,0.06060606060606061,0.5454545454545454,6.808370805949498,2.0062694569353168,4.8021013490141815,7.8146536502694115,Starter,TRUE,0.06060606060606061,0.4827586206896552,0.30344827586206896,0.43023255813953487,0.4444444444444444,0.8505747126436781,0.45329145504767,47.197487302860196
28,E Massie,Grand Junction Jackalopes,9.23,4,6,18,17,0,79,115,92,81,69,66,7.52,9,2.33,422,12,14,2025,pitcher,79,7.860759493670886,1.0253164556962024,13.10126582278481,0.9565217391304348,0.15639810426540285,0.16350710900473933,-0.00710900473933648,0.9444444444444444,6.808370805949498,2.0062694569353168,4.8021013490141815,7.764126665469877,Starter,TRUE,-0.0071090047393364926,0.27011494252873564,0.32413793103448274,0.20348837209302326,0.18128654970760233,0.8448275862068966,0.3535026988749607,41.21016193249764
29,M Peterson,Missoula PaddleHeads,9.23,5,6,16,16,0,78,135,89,80,18,63,7.27,10,1.96,387,NA,5,2025,pitcher,78,2.076923076923077,1.1538461538461535,15.576923076923077,3.5,0.16279069767441862,0.04651162790697674,0.11627906976744189,1,6.808370805949498,2.0062694569353168,4.8021013490141815,5.737998784911618,Starter,TRUE,0.11627906976744186,0.27011494252873564,0.7931034482758621,0.4011627906976744,0.7076023391812866,0.8390804597701149,0.6652574365611972,59.91544619367183
30,G Tanner,Oakland Ballers,3.26,9,0,17,11,0,77.33333333333333,70,34,28,24,47,5.47,13,1.22,323,5,7,2025,pitcher,77.1,2.793103448275862,1.512931034482759,8.146551724137932,1.9583333333333333,0.14551083591331268,0.07430340557275542,0.07120743034055727,0.6470588235294118,6.808370805949498,2.0062694569353168,4.8021013490141815,6.97451514211763,Starter,TRUE,0.07120743034055728,0.9195402298850575,0.5172413793103449,0.9476744186046512,0.5087719298245614,0.8275862068965517,0.6654873450667568,59.92924070400541
30,C Womble,Yuba-Sutter Freebirds,7.33,6,4,15,15,0,77.33333333333333,98,65,63,37,54,6.28,12,1.75,362,5,9,2025,pitcher,77.1,4.306034482758621,1.396551724137931,11.405172413793103,1.4594594594594594,0.14917127071823205,0.10220994475138122,0.04696132596685083,1,6.808370805949498,2.0062694569353168,4.8021013490141815,7.207273762807285,Starter,TRUE,0.04696132596685083,0.45977011494252873,0.4689655172413793,0.5697674418604651,0.3567251461988304,0.8275862068965517,0.5090114285982265,50.54068571589359
32,D Foster,Billings Mustangs,7.61,7,3,21,11,0,73.33333333333333,108,72,62,18,56,6.87,12,1.72,348,6,7,2025,pitcher,73.1,2.2090909090909094,1.4727272727272729,13.254545454545456,3.111111111111111,0.16091954022988506,0.05172413793103448,0.10919540229885058,0.5238095238095238,6.808370805949498,2.0062694569353168,4.8021013490141815,6.4248286217414545,Starter,TRUE,0.10919540229885058,0.39655172413793105,0.6620689655172414,0.5872093023255814,0.6842105263157895,0.8218390804597702,0.6431492423922678,58.58895454353607
33,D Galvan,Great Falls Voyagers,8.67,3,3,25,7,0,71.66666666666667,118,77,69,29,62,7.79,10,2.05,363,4,6,2025,pitcher,71.2,3.6418604651162783,1.255813953488372,14.81860465116279,2.1379310344827585,0.17079889807162535,0.07988980716253444,0.09090909090909093,0.28,6.808370805949498,2.0062694569353168,4.8021013490141815,6.350938558316507,Reliever,TRUE,0.09090909090909091,0.3160919540229885,0.6689655172413793,0.3546511627906977,0.5964912280701754,0.8160919540229885,0.5921771549965531,55.53062929979318
34,J Fuson,Billings Mustangs,3.63,6,0,14,13,0,69.33333333333333,60,35,28,31,70,9.09,2,1.31,305,2,5,2025,pitcher,69.1,4.024038461538462,0.25961538461538464,7.788461538461539,2.2580645161290325,0.22950819672131148,0.10163934426229508,0.1278688524590164,0.9285714285714286,6.808370805949498,2.0062694569353168,4.8021013490141815,4.71556288747572,Starter,TRUE,0.12786885245901639,0.896551724137931,0.9448275862068966,0.9186046511627907,0.7602339181286549,0.8103448275862069,0.8778727659833894,72.67236595900337
35,C Scherrer,Rocky Mountain Vibes,6.16,5,4,16,15,0,68.66666666666667,102,63,47,46,51,6.68,7,2.16,344,8,6,2025,pitcher,68.2,6.0291262135922326,0.9174757281553396,13.36893203883495,1.108695652173913,0.1482558139534884,0.13372093023255813,0.01453488372093025,0.9375,6.808370805949498,2.0062694569353168,4.8021013490141815,6.913751834451075,Starter,TRUE,0.014534883720930232,0.5862068965517241,0.5310344827586206,0.29069767441860467,0.2222222222222222,0.8045977011494253,0.49454869464492557,49.67292167869553
36,E Elliott,Ogden Raptors,7.41,6,4,16,16,0,68,102,64,56,26,55,7.28,14,1.88,335,4,7,2025,pitcher,68,3.4411764705882355,1.8529411764705883,13.5,2.1153846153846154,0.16417910447761194,0.07761194029850746,0.08656716417910448,1,6.808370805949498,2.0062694569353168,4.8021013490141815,7.316807231367123,Starter,TRUE,0.08656716417910448,0.43103448275862066,0.43448275862068964,0.47674418604651164,0.5789473684210527,0.7988505747126436,0.5217397543578273,51.30438526146963
37,J Engman,Glacier Range Riders,7.35,1,6,14,14,0,67.33333333333333,84,60,55,28,56,7.49,13,1.66,311,6,2,2025,pitcher,67.1,3.742574257425743,1.7376237623762378,11.227722772277229,2,0.18006430868167203,0.09003215434083602,0.09003215434083602,1,6.808370805949498,2.0062694569353168,4.8021013490141815,6.985269665845864,Starter,TRUE,0.09003215434083602,0.4540229885057471,0.503448275862069,0.6511627906976745,0.5906432748538012,0.7931034482758621,0.5716932099025966,54.3015925941558
38,E Johnson,Billings Mustangs,7.46,2,4,21,10,0,66.33333333333333,100,62,55,27,52,7.06,11,1.91,331,6,8,2025,pitcher,66.1,3.663316582914573,1.492462311557789,13.5678391959799,1.9259259259259256,0.15709969788519637,0.08157099697885196,0.0755287009063444,0.47619047619047616,6.808370805949498,2.0062694569353168,4.8021013490141815,6.972955620370966,Reliever,TRUE,0.0755287009063444,0.41379310344827586,0.5241379310344828,0.45348837209302323,0.5380116959064327,0.7873563218390804,0.5427787625974854,52.56672575584912
39,E Kowalski,Rocky Mountain Vibes,8.36,1,2,15,11,1,65.66666666666667,103,66,61,35,49,6.72,14,2.1,338,4,9,2025,pitcher,65.2,4.796954314720812,1.9187817258883249,14.116751269035532,1.4,0.14497041420118342,0.10355029585798815,0.04142011834319525,0.7333333333333333,6.808370805949498,2.0062694569353168,4.8021013490141815,8.091441450537024,Starter,TRUE,0.04142011834319527,0.3505747126436782,0.2482758620689655,0.31976744186046513,0.3333333333333333,0.7816091954022989,0.36778134188719597,42.06688051323176
40,L Short,Oakland Ballers,3.58,7,1,15,14,0,65.33333333333333,62,28,26,23,79,10.88,3,1.3,282,4,4,2025,pitcher,65.1,3.168367346938776,0.413265306122449,8.540816326530614,3.4347826086956523,0.2801418439716312,0.08156028368794327,0.19858156028368795,0.9333333333333333,6.808370805949498,2.0062694569353168,4.8021013490141815,4.220468695952957,Starter,TRUE,0.19858156028368795,0.9080459770114943,0.9586206896551724,0.9244186046511628,0.9415204678362573,0.7758620689655172,0.9167804367909884,75.00682620745931
41,T Peltier,Rocky Mountain Vibes,7.48,6,5,33,9,0,65,94,62,54,35,52,7.2,12,1.98,324,7,6,2025,pitcher,65,4.846153846153846,1.6615384615384616,13.015384615384615,1.4857142857142858,0.16049382716049382,0.10802469135802469,0.05246913580246913,0.2727272727272727,6.808370805949498,2.0062694569353168,4.8021013490141815,7.494409041321874,Reliever,TRUE,0.05246913580246913,0.40804597701149425,0.3793103448275862,0.38372093023255816,0.40350877192982454,0.7701149425287356,0.4475221232712897,46.851327396277384
42,C Stasio,Ogden Raptors,5.29,7,1,12,12,0,64.66666666666667,77,39,38,19,65,9.05,8,1.48,289,3,7,2025,pitcher,64.2,2.6443298969072164,1.11340206185567,10.716494845360824,3.4210526315789473,0.2249134948096886,0.0657439446366782,0.15916955017301038,1,6.808370805949498,2.0062694569353168,4.8021013490141815,5.6062250603543875,Starter,TRUE,0.15916955017301038,0.7471264367816092,0.8344827586206897,0.7906976744186046,0.8538011695906432,0.764367816091954,0.8103472427392995,68.62083456435798
43,H Boncal,Billings Mustangs,3.92,4,5,19,11,0,64.33333333333333,68,35,28,34,66,9.23,3,1.59,296,2,4,2025,pitcher,64.1,4.756476683937824,0.4196891191709845,9.512953367875648,1.9411764705882353,0.22297297297297297,0.11486486486486489,0.1081081081081081,0.5789473684210527,6.808370805949498,2.0062694569353168,4.8021013490141815,5.128526219480503,Starter,TRUE,0.10810810810810811,0.867816091954023,0.903448275862069,0.7267441860465116,0.672514619883041,0.7586206896551724,0.8125221701674663,68.75133021004798
44,M Binns,Rocky Mountain Vibes,5.91,2,2,14,13,0,64,66,53,42,48,62,8.72,3,1.78,309,15,3,2025,pitcher,64,6.75,0.421875,9.28125,1.2916666666666667,0.20064724919093851,0.1553398058252427,0.04530744336569581,0.9285714285714286,6.808370805949498,2.0062694569353168,4.8021013490141815,5.8646013490141815,Starter,TRUE,0.045307443365695796,0.6206896551724138,0.7586206896551724,0.5465116279069767,0.34502923976608185,0.7471264367816092,0.6322777003990865,57.93666202394519
44,S Lavin,Great Falls Voyagers,7.88,3,6,12,12,0,64,90,63,56,26,62,8.72,17,1.81,302,7,2,2025,pitcher,64,3.65625,2.390625,12.65625,2.3846153846153846,0.2052980132450331,0.08609271523178808,0.11920529801324505,1,6.808370805949498,2.0062694569353168,4.8021013490141815,7.630226349014181,Starter,TRUE,0.11920529801324503,0.3793103448275862,0.3448275862068966,0.5290697674418605,0.7368421052631579,0.7471264367816092,0.5071719495209556,50.430316971257334
46,B Gillis,Grand Junction Jackalopes,8.14,3,3,40,5,0,63,78,62,57,55,83,11.86,9,2.11,336,12,16,2025,pitcher,63,7.857142857142857,1.2857142857142858,11.142857142857142,1.509090909090909,0.2470238095238095,0.1636904761904762,0.08333333333333334,0.125,6.808370805949498,2.0062694569353168,4.8021013490141815,7.405275952188784,Reliever,TRUE,0.08333333333333333,0.3620689655172414,0.41379310344827586,0.3081395348837209,0.5672514619883041,0.7413793103448276,0.4752987286446536,48.517923718679214
47,C Cressend,Yuba-Sutter Freebirds,7.26,3,2,21,8,0,62,61,54,50,42,73,10.6,12,1.66,293,7,10,2025,pitcher,62,6.096774193548387,1.7419354838709675,8.85483870967742,1.738095238095238,0.24914675767918087,0.14334470989761092,0.10580204778156996,0.38095238095238093,6.808370805949498,2.0062694569353168,4.8021013490141815,7.4795207038528915,Reliever,TRUE,0.10580204778156997,0.47126436781609193,0.38620689655172413,0.6511627906976745,0.6491228070175439,0.7241379310344828,0.5287339439215522,51.72403663529313
47,M Kavanaugh,Yuba-Sutter Freebirds,7.4,5,3,14,11,0,62,81,56,51,22,49,7.11,15,1.66,291,2,4,2025,pitcher,62,3.193548387096774,2.1774193548387095,11.758064516129032,2.227272727272727,0.16838487972508592,0.07560137457044673,0.0927835051546392,0.7857142857142857,6.808370805949498,2.0062694569353168,4.8021013490141815,7.624681994175472,Starter,TRUE,0.09278350515463918,0.4367816091954023,0.35172413793103446,0.6511627906976745,0.6081871345029239,0.7241379310344828,0.5015812921772489,50.09487753063493
47,Z Zaborowski,Grand Junction Jackalopes,10.74,4,6,17,12,0,62,109,82,74,27,65,9.44,18,2.19,326,6,8,2025,pitcher,62,3.9193548387096775,2.6129032258064515,15.82258064516129,2.407407407407407,0.19938650306748465,0.08282208588957055,0.1165644171779141,0.7058823529411765,6.808370805949498,2.0062694569353168,4.8021013490141815,8.173069090949665,Starter,TRUE,0.1165644171779141,0.20114942528735633,0.23448275862068965,0.27325581395348836,0.7134502923976608,0.7241379310344828,0.4026018467714327,44.156110806285966
50,D Day,Missoula PaddleHeads,3.94,5,0,17,12,0,61.666666666666664,53,33,27,33,74,10.8,6,1.39,275,2,8,2025,pitcher,61.2,4.816216216216216,0.8756756756756757,7.735135135135136,2.242424242424242,0.2690909090909091,0.12,0.1490909090909091,0.7058823529411765,6.808370805949498,2.0062694569353168,4.8021013490141815,5.661560808473641,Starter,TRUE,0.14909090909090908,0.8563218390804598,0.8,0.872093023255814,0.8245614035087719,0.7183908045977011,0.8083284795790601,68.4997087747436
51,J Hughes,Boise Hawks,6.56,5,3,13,13,0,60.333333333333336,65,45,44,32,69,10.29,8,1.61,280,8,4,2025,pitcher,60.1,4.773480662983426,1.1933701657458564,9.696132596685082,2.15625,0.24642857142857144,0.11428571428571428,0.13214285714285717,1,6.808370805949498,2.0062694569353168,4.8021013490141815,6.028620686030756,Starter,TRUE,0.13214285714285715,0.5287356321839081,0.7310344827586207,0.7093023255813954,0.783625730994152,0.7126436781609196,0.7062760684121423,62.37656410472854
52,A Bobadilla,Grand Junction Jackalopes,8.39,4,3,16,11,0,59,86,61,55,47,41,6.25,11,2.25,307,13,3,2025,pitcher,59,7.169491525423729,1.6779661016949152,13.11864406779661,0.8723404255319149,0.13355048859934854,0.15309446254071662,-0.01954397394136808,0.6875,6.808370805949498,2.0062694569353168,4.8021013490141815,8.37837253545486,Starter,TRUE,-0.019543973941368076,0.3448275862068966,0.21379310344827587,0.2441860465116279,0.1695906432748538,0.7068965517241379,0.3016125953750991,38.09675572250595
53,D Matsuoka,Oakland Ballers,7.46,5,1,19,9,0,56.666666666666664,75,51,47,29,45,7.15,12,1.84,281,5,10,2025,pitcher,56.2,4.605882352941177,1.9058823529411768,11.911764705882351,1.5517241379310345,0.1601423487544484,0.10320284697508895,0.05693950177935944,0.47368421052631576,6.808370805949498,2.0062694569353168,4.8021013490141815,8.031513113720063,Reliever,TRUE,0.05693950177935943,0.41379310344827586,0.2620689655172414,0.5058139534883721,0.4269005847953216,0.7011494252873564,0.40803047782514296,44.48182866950857
54,A Alger,Grand Junction Jackalopes,12.6,3,6,51,0,0,55,93,80,77,29,48,7.85,20,2.22,290,6,4,2025,pitcher,55,4.745454545454545,3.272727272727273,15.21818181818182,1.6551724137931034,0.16551724137931034,0.1,0.06551724137931034,0,6.808370805949498,2.0062694569353168,4.8021013490141815,9.583919530832365,Reliever,TRUE,0.06551724137931035,0.13218390804597702,0.1310344827586207,0.2558139534883721,0.49122807017543857,0.6954022988505747,0.300378733521856,38.02272401131136
55,G Van Deventer,Idaho Falls Chukars,8.89,5,5,15,12,0,54.666666666666664,91,64,54,22,32,5.27,9,2.07,279,9,5,2025,pitcher,54.2,3.6219512195121952,1.4817073170731707,14.981707317073171,1.4545454545454546,0.11469534050179211,0.07885304659498207,0.03584229390681004,0.8,6.808370805949498,2.0062694569353168,4.8021013490141815,7.253320861209303,Starter,TRUE,0.035842293906810034,0.3045977011494253,0.4482758620689655,0.3372093023255814,0.30994152046783624,0.6896551724137931,0.42415751018819436,45.44945061129167
56,R Miller,Grand Junction Jackalopes,1.33,3,0,46,0,16,54.333333333333336,37,10,8,17,83,13.75,2,0.99,219,5,5,2025,pitcher,54.1,2.8159509202453985,0.3312883435582822,6.128834355828221,4.882352941176471,0.3789954337899543,0.0776255707762557,0.3013698630136986,0,6.808370805949498,2.0062694569353168,4.8021013490141815,3.4401381588301323,Reliever,TRUE,0.3013698630136986,0.9770114942528736,1,0.9825581395348837,0.9941520467836257,0.6781609195402298,0.9453620853791791,76.72172512275074
56,N Parker,Missoula PaddleHeads,8.94,3,3,12,12,0,54.333333333333336,68,60,54,33,50,8.28,10,1.86,274,5,13,2025,pitcher,54.1,5.466257668711656,1.656441717791411,11.263803680981594,1.5151515151515151,0.18248175182481752,0.12043795620437955,0.06204379562043795,1,6.808370805949498,2.0062694569353168,4.8021013490141815,7.894125888891482,Starter,TRUE,0.06204379562043796,0.29310344827586204,0.27586206896551724,0.48255813953488375,0.4678362573099415,0.6781609195402298,0.39785754817409735,43.87145289044584
58,D Batcher,Great Falls Voyagers,9.83,4,5,13,9,0,54,101,67,59,29,36,6,11,2.41,284,5,NA,2025,pitcher,54,4.833333333333333,1.8333333333333333,16.833333333333332,1.2413793103448276,0.1267605633802817,0.10211267605633804,0.02464788732394365,0.6923076923076923,6.808370805949498,2.0062694569353168,4.8021013490141815,NA,Starter,TRUE,0.02464788732394366,0.23563218390804597,NA,0.18023255813953487,0.26900584795321636,0.6666666666666666,NA,NA
58,R Fields,Missoula PaddleHeads,5.67,6,2,25,1,1,54,61,38,34,30,64,10.67,5,1.69,252,6,1,2025,pitcher,54,5,0.8333333333333334,10.166666666666666,2.1333333333333333,0.25396825396825395,0.11904761904761904,0.1349206349206349,0.04,6.808370805949498,2.0062694569353168,4.8021013490141815,5.357656904569737,Reliever,TRUE,0.1349206349206349,0.6436781609195402,0.8827586206896552,0.622093023255814,0.7894736842105263,0.6666666666666666,0.7697592115814799,66.1855526948888
60,N Pender,Great Falls Voyagers,5.74,2,2,39,0,3,53.333333333333336,74,50,34,25,54,9.11,6,1.86,269,9,4,2025,pitcher,53.1,4.21875,1.0125,12.4875,2.16,0.20074349442379183,0.09293680297397768,0.10780669144981414,0,6.808370805949498,2.0062694569353168,4.8021013490141815,5.870851349014181,Reliever,TRUE,0.10780669144981413,0.6379310344827587,0.7517241379310344,0.48255813953488375,0.6666666666666666,0.6609195402298851,0.677106388666132,60.62638331996792
61,S Ellis,Yuba-Sutter Freebirds,5.64,0,2,26,4,0,52.666666666666664,54,33,33,24,47,8.03,8,1.48,239,7,5,2025,pitcher,52.2,4.101265822784811,1.3670886075949369,9.227848101265824,1.9583333333333333,0.196652719665272,0.100418410041841,0.09623430962343098,0.15384615384615385,6.808370805949498,2.0062694569353168,4.8021013490141815,6.643873500912916,Reliever,TRUE,0.09623430962343096,0.6494252873563219,0.6206896551724138,0.7906976744186046,0.6257309941520468,0.6551724137931034,0.6481814835136491,58.890889010818945
62,C Martinez,Colorado Springs Sky Sox,7.05,3,4,14,8,0,52.333333333333336,71,47,41,42,42,7.22,10,2.16,270,11,5,2025,pitcher,52.1,7.222929936305732,1.719745222929936,12.210191082802549,1,0.15555555555555556,0.15555555555555556,0,0.5714285714285714,6.808370805949498,2.0062694569353168,4.8021013490141815,8.375349756657494,Starter,TRUE,0,0.4942528735632184,0.2206896551724138,0.29069767441860467,0.1871345029239766,0.6494252873563219,0.3263242542335523,39.57945525401314
63,R Supple,Glacier Range Riders,6.58,2,6,29,6,5,52,54,48,38,30,56,9.69,5,1.62,244,4,4,2025,pitcher,52,5.1923076923076925,0.8653846153846154,9.346153846153848,1.8666666666666667,0.22950819672131148,0.12295081967213116,0.10655737704918034,0.20689655172413793,6.808370805949498,2.0062694569353168,4.8021013490141815,5.859793656706489,Reliever,TRUE,0.10655737704918032,0.5229885057471264,0.7655172413793103,0.6918604651162791,0.6549707602339181,0.6436781609195402,0.6813870951101356,60.88322570660814
64,W Tucker,Rocky Mountain Vibes,5.57,2,4,31,2,0,51.666666666666664,53,40,32,36,65,11.32,6,1.72,246,16,4,2025,pitcher,51.2,6.270967741935484,1.0451612903225806,9.23225806451613,1.8055555555555556,0.26422764227642276,0.14634146341463414,0.11788617886178862,0.06451612903225806,6.808370805949498,2.0062694569353168,4.8021013490141815,6.118230381272246,Reliever,TRUE,0.11788617886178862,0.6781609195402298,0.7172413793103448,0.5872093023255814,0.7251461988304093,0.6379310344827587,0.6880605148262262,61.28363088957357
65,L Cooper,Glacier Range Riders,3.6,2,3,45,0,3,50,41,22,20,25,74,13.32,7,1.32,219,6,4,2025,pitcher,50,4.5,1.26,7.38,2.96,0.3378995433789954,0.1141552511415525,0.2237442922374429,0,6.808370805949498,2.0062694569353168,4.8021013490141815,5.402101349014181,Reliever,TRUE,0.2237442922374429,0.9022988505747126,0.8758620689655172,0.9127906976744186,0.9707602339181286,0.632183908045977,0.8659483579303779,71.95690147582268
66,J Drake,Yuba-Sutter Freebirds,6.34,4,2,13,7,0,49.666666666666664,54,37,35,18,34,6.16,8,1.45,219,5,4,2025,pitcher,49.2,3.261744966442953,1.4496644295302017,9.78523489932886,1.8888888888888888,0.1552511415525114,0.0821917808219178,0.0730593607305936,0.5384615384615384,6.808370805949498,2.0062694569353168,4.8021013490141815,6.855792624181967,Starter,TRUE,0.0730593607305936,0.5459770114942529,0.5517241379310345,0.813953488372093,0.5146198830409356,0.6149425287356322,0.5791469116522929,54.748814699137576
66,Z Lampton,Missoula PaddleHeads,2.9,4,2,47,0,9,49.666666666666664,32,17,16,25,83,15.04,3,1.15,211,3,4,2025,pitcher,49.2,4.530201342281879,0.5436241610738255,5.798657718120806,3.32,0.3933649289099526,0.11848341232227488,0.27488151658767773,0,6.808370805949498,2.0062694569353168,4.8021013490141815,3.996732221497403,Reliever,TRUE,0.27488151658767773,0.9310344827586207,0.9862068965517241,0.9651162790697675,0.9883040935672515,0.6149425287356322,0.9205517569652546,75.23310541791528
66,C Richardson,Oakland Ballers,2.54,6,0,39,0,2,49.666666666666664,41,18,14,8,36,6.52,7,0.99,199,NA,3,2025,pitcher,49.2,1.4496644295302017,1.2684563758389262,7.429530201342282,4.5,0.18090452261306533,0.04020100502512563,0.1407035175879397,0,6.808370805949498,2.0062694569353168,4.8021013490141815,5.849081214785993,Reliever,TRUE,0.1407035175879397,0.9425287356321839,0.7724137931034483,0.9825581395348837,0.8070175438596491,0.6149425287356322,0.8022455296219698,68.1347317773182
69,B Moody,Great Falls Voyagers,8.57,2,5,11,9,0,49.333333333333336,82,54,47,20,26,4.74,8,2.07,251,5,9,2025,pitcher,49.1,3.6486486486486487,1.4594594594594594,14.959459459459458,1.3,0.10358565737051792,0.0796812749003984,0.02390438247011953,0.8181818181818182,6.808370805949498,2.0062694569353168,4.8021013490141815,7.619668916581749,Starter,TRUE,0.02390438247011952,0.3275862068965517,0.3586206896551724,0.3372093023255814,0.2631578947368421,0.6091954022988506,0.37031802642130585,42.219081585278346
70,A Bogosian,Oakland Ballers,5.33,3,0,31,0,2,49,59,34,29,14,53,9.73,2,1.49,224,3,2,2025,pitcher,49,2.5714285714285716,0.3673469387755102,10.83673469387755,3.7857142857142856,0.23660714285714285,0.0625,0.17410714285714285,0,6.808370805949498,2.0062694569353168,4.8021013490141815,4.149040124524386,Reliever,TRUE,0.17410714285714285,0.735632183908046,0.9655172413793104,0.7790697674418605,0.9064327485380117,0.5977011494252874,0.8454004230035126,70.72402538021075
70,C Edmonson,Ogden Raptors,6.06,2,1,48,0,1,49,58,40,33,24,58,10.65,7,1.67,232,8,4,2025,pitcher,49,4.408163265306122,1.2857142857142858,10.653061224489797,2.4166666666666665,0.25,0.10344827586206896,0.14655172413793105,0,6.808370805949498,2.0062694569353168,4.8021013490141815,6.0061829816672425,Reliever,TRUE,0.14655172413793102,0.603448275862069,0.7379310344827587,0.6395348837209303,0.8187134502923976,0.5977011494252874,0.7030410060167794,62.18246036100677
72,J Locklear,Boise Hawks,8.51,1,3,38,1,1,48.666666666666664,56,48,46,24,40,7.4,7,1.64,236,1,11,2025,pitcher,48.2,4.438356164383562,1.2945205479452055,10.356164383561644,1.6666666666666667,0.1694915254237288,0.1016949152542373,0.06779661016949151,0.02631578947368421,6.808370805949498,2.0062694569353168,4.8021013490141815,7.185662992849798,Reliever,TRUE,0.06779661016949153,0.3333333333333333,0.4827586206896552,0.6686046511627907,0.49707602339181284,0.5919540229885057,0.49817222151877955,49.89033329112677
73,T Morrill,Rocky Mountain Vibes,6.75,6,3,43,2,8,48,61,45,36,35,53,9.94,3,2,239,14,4,2025,pitcher,48,6.5625,0.5625,11.4375,1.5142857142857142,0.2217573221757322,0.14644351464435146,0.07531380753138076,0.046511627906976744,6.808370805949498,2.0062694569353168,4.8021013490141815,5.8437680156808485,Reliever,TRUE,0.07531380753138076,0.5057471264367817,0.7793103448275862,0.37209302325581395,0.5321637426900585,0.5862068965517241,0.6191592922429034,57.14955753457421
74,E Ross,Colorado Springs Sky Sox,9.25,1,3,32,2,0,47.666666666666664,72,57,49,38,46,8.69,9,2.31,255,9,4,2025,pitcher,47.2,7.174825174825175,1.6993006993006994,13.594405594405597,1.2105263157894737,0.1803921568627451,0.14901960784313725,0.03137254901960784,0.0625,6.808370805949498,2.0062694569353168,4.8021013490141815,7.96993351684635,Reliever,TRUE,0.03137254901960784,0.25862068965517243,0.2689655172413793,0.21511627906976744,0.29239766081871343,0.5804597701149425,0.3134394359327884,38.806366155967304
75,M Lauria,Colorado Springs Sky Sox,11.79,1,4,10,9,0,47.333333333333336,78,70,62,30,36,6.85,16,2.28,260,2,8,2025,pitcher,47.1,5.704225352112676,3.0422535211267605,14.830985915492956,1.2,0.13846153846153847,0.1153846153846154,0.02307692307692307,0.9,6.808370805949498,2.0062694569353168,4.8021013490141815,10.083791489859252,Starter,TRUE,0.023076923076923078,0.1724137931034483,0.10344827586206896,0.22674418604651161,0.2573099415204678,0.5747126436781609,0.22758468277081367,33.65508096624882
76,R Gutierrez Rosario,Ogden Raptors,7.66,2,4,10,10,0,47,66,42,40,26,37,7.09,9,1.96,228,15,2,2025,pitcher,47,4.9787234042553195,1.7234042553191489,12.638297872340424,1.4230769230769231,0.16228070175438597,0.11403508771929824,0.04824561403508773,1,6.808370805949498,2.0062694569353168,4.8021013490141815,7.504229008588649,Starter,TRUE,0.04824561403508772,0.3850574712643678,0.3724137931034483,0.4011627906976744,0.38011695906432746,0.5689655172413793,0.40820863639987437,44.49251818399246
77,S Brennan,Glacier Range Riders,7.38,1,7,12,12,0,46.333333333333336,56,44,38,29,41,7.96,12,1.83,224,1,3,2025,pitcher,46.1,5.633093525179856,2.330935251798561,10.87769784172662,1.4137931034482758,0.18303571428571427,0.12946428571428573,0.05357142857142855,1,6.808370805949498,2.0062694569353168,4.8021013490141815,8.47116609721562,Starter,TRUE,0.05357142857142857,0.4425287356321839,0.20689655172413793,0.5174418604651163,0.4152046783625731,0.5632183908045977,0.36840581137419864,42.10434868245191
78,A Armstrong,Missoula PaddleHeads,5.36,3,1,33,2,0,45.333333333333336,46,31,27,22,53,10.52,7,1.5,204,2,4,2025,pitcher,45.1,4.367647058823529,1.3897058823529411,9.13235294117647,2.409090909090909,0.25980392156862747,0.10784313725490197,0.1519607843137255,0.06060606060606061,6.808370805949498,2.0062694569353168,4.8021013490141815,6.191807231367123,Reliever,TRUE,0.15196078431372548,0.7241379310344828,0.696551724137931,0.7674418604651163,0.8304093567251462,0.5574712643678161,0.7136881263570581,62.82128758142349
79,N Soto,Colorado Springs Sky Sox,15.4,0,7,9,9,0,45,103,89,77,28,39,7.8,15,2.91,277,4,5,2025,pitcher,45,5.6,3,20.6,1.3928571428571428,0.1407942238267148,0.10108303249097472,0.03971119133574008,1,6.808370805949498,2.0062694569353168,4.8021013490141815,9.60210134901418,Starter,TRUE,0.039711191335740074,0.09195402298850575,0.12413793103448276,0.11627906976744186,0.32748538011695905,0.5517241379310345,0.22333187955186012,33.39991277311161
80,N Cardinal,Ogden Raptors,5.04,5,4,43,0,12,44.666666666666664,43,28,25,26,47,9.47,8,1.54,206,6,5,2025,pitcher,44.2,5.238805970149254,1.611940298507463,8.664179104477613,1.8076923076923077,0.22815533980582525,0.1262135922330097,0.10194174757281554,0,6.808370805949498,2.0062694569353168,4.8021013490141815,7.108071498267913,Reliever,TRUE,0.10194174757281553,0.7816091954022989,0.4896551724137931,0.7441860465116279,0.631578947368421,0.5459770114942529,0.595734394124847,55.74406364749082
81,M Bryant,Yuba-Sutter Freebirds,4.87,2,3,38,0,1,44.333333333333336,44,30,24,20,52,10.56,4,1.44,201,6,2,2025,pitcher,44.1,4.060150375939849,0.8120300751879699,8.932330827067668,2.6,0.25870646766169153,0.09950248756218906,0.15920398009950248,0,6.808370805949498,2.0062694569353168,4.8021013490141815,5.117890822698392,Reliever,TRUE,0.15920398009950248,0.7931034482758621,0.9103448275862069,0.8197674418604651,0.8596491228070176,0.5287356321839081,0.8163203618508984,68.9792217110539
81,C Franzen,Oakland Ballers,4.26,3,0,35,0,0,44.333333333333336,46,27,21,8,47,9.54,12,1.22,189,2,1,2025,pitcher,44.1,1.6240601503759398,2.43609022556391,9.338345864661653,5.875,0.24867724867724864,0.04232804232804232,0.2063492063492063,0,6.808370805949498,2.0062694569353168,4.8021013490141815,6.8096201460066625,Reliever,TRUE,0.20634920634920634,0.8275862068965517,0.5724137931034483,0.9476744186046512,0.9649122807017544,0.5287356321839081,0.7201636911042644,63.20982146625586
81,L Helton,Great Falls Voyagers,9.95,1,7,10,9,0,44.333333333333336,79,54,49,21,29,5.89,8,2.26,228,1,1,2025,pitcher,44.1,4.263157894736842,1.6240601503759398,16.037593984962406,1.380952380952381,0.12719298245614036,0.09210526315789472,0.03508771929824562,0.9,6.808370805949498,2.0062694569353168,4.8021013490141815,7.328417138487866,Starter,TRUE,0.03508771929824561,0.22413793103448276,0.42758620689655175,0.23255813953488372,0.30409356725146197,0.5287356321839081,0.36804004464516005,42.0824026787096
84,D Pratt,Glacier Range Riders,4.7,2,1,40,0,0,44,41,29,23,21,40,8.18,2,1.41,198,5,6,2025,pitcher,44,4.295454545454546,0.4090909090909091,8.386363636363637,1.9047619047619049,0.202020202020202,0.10606060606060606,0.09595959595959597,0,6.808370805949498,2.0062694569353168,4.8021013490141815,5.415737712650545,Reliever,TRUE,0.09595959595959595,0.8160919540229885,0.8689655172413793,0.8430232558139535,0.6198830409356725,0.5229885057471264,0.7567272096305988,65.40363257783594
85,A Alvarez,Billings Mustangs,5.77,0,2,11,10,0,43.666666666666664,68,34,28,20,23,4.74,2,2.02,217,3,7,2025,pitcher,43.2,4.122137404580153,0.4122137404580153,14.01526717557252,1.15,0.10599078341013823,0.09216589861751152,0.01382488479262672,0.9090909090909091,6.808370805949498,2.0062694569353168,4.8021013490141815,6.199047913899678,Starter,TRUE,0.013824884792626729,0.632183908045977,0.6896551724137931,0.36046511627906974,0.21052631578947367,0.5114942528735632,0.52556556788925,51.533934073355
85,H Bryan,Rocky Mountain Vibes,6.18,2,4,37,0,10,43.666666666666664,47,32,30,19,57,11.75,8,1.51,200,3,1,2025,pitcher,43.2,3.9160305343511457,1.6488549618320612,9.68702290076336,3,0.285,0.095,0.18999999999999995,0,6.808370805949498,2.0062694569353168,4.8021013490141815,5.947139516953113,Reliever,TRUE,0.19,0.5804597701149425,0.7448275862068966,0.7616279069767442,0.9239766081871345,0.5114942528735632,0.7226822502661358,63.360935015968145
87,J Hasty,Glacier Range Riders,1.45,1,1,45,0,2,43.333333333333336,33,17,7,27,56,11.63,2,1.38,189,10,4,2025,pitcher,43.1,5.607692307692307,0.41538461538461535,6.8538461538461535,2.074074074074074,0.2962962962962963,0.14285714285714285,0.15343915343915343,0,6.808370805949498,2.0062694569353168,4.8021013490141815,4.963639810552643,Reliever,TRUE,0.15343915343915343,0.9712643678160919,0.9241379310344827,0.8837209302325582,0.8362573099415205,0.5057471264367817,0.8468304515632842,70.80982709379705
88,J Colyer,Oakland Ballers,3.77,3,0,36,0,2,43,42,19,18,18,55,11.51,1,1.4,184,5,2,2025,pitcher,43,3.767441860465116,0.20930232558139536,8.790697674418604,3.0555555555555554,0.29891304347826086,0.09782608695652174,0.2010869565217391,0,6.808370805949498,2.0062694569353168,4.8021013490141815,3.941636232735112,Reliever,TRUE,0.20108695652173914,0.8850574712643678,0.993103448275862,0.8546511627906976,0.9532163742690059,0.4942528735632184,0.8802463221673538,72.81477933004123
88,C Sullivan,Oakland Ballers,4.81,2,1,42,0,19,43,38,26,23,16,47,9.84,4,1.26,185,2,4,2025,pitcher,43,3.3488372093023258,0.8372093023255814,7.953488372093023,2.9375,0.25405405405405407,0.08648648648648649,0.16756756756756758,0,6.808370805949498,2.0062694569353168,4.8021013490141815,5.220706000176972,Reliever,TRUE,0.16756756756756758,0.8045977011494253,0.8896551724137931,0.9418604651162791,0.8830409356725146,0.4942528735632184,0.8214838888185445,69.28903332911267
90,A Garcia,Yuba-Sutter Freebirds,6.12,0,4,36,0,3,42.666666666666664,43,31,29,32,58,12.23,9,1.76,210,9,9,2025,pitcher,42.2,6.75,1.8984375,9.0703125,1.8125,0.2761904761904762,0.1523809523809524,0.1238095238095238,0,6.808370805949498,2.0062694569353168,4.8021013490141815,7.708351349014181,Reliever,TRUE,0.12380952380952381,0.5919540229885057,0.3310344827586207,0.563953488372093,0.7485380116959064,0.4885057471264368,0.5005857097970803,50.035142587824815
91,Q Waterhouse,Boise Hawks,7.65,1,2,26,3,5,42.333333333333336,63,45,36,22,38,8.08,4,2.01,213,7,4,2025,pitcher,42.1,4.677165354330708,0.8503937007874015,13.393700787401574,1.7272727272727273,0.1784037558685446,0.10328638497652584,0.07511737089201877,0.11538461538461539,6.808370805949498,2.0062694569353168,4.8021013490141815,6.077691900195283,Reliever,TRUE,0.07511737089201878,0.39080459770114945,0.7241379310344828,0.36627906976744184,0.5263157894736842,0.4827586206896552,0.5625807200438948,53.75484320263369
92,S Ordorica,Idaho Falls Chukars,5.57,1,0,34,0,1,42,53,29,26,16,28,6,8,1.64,195,NA,8,2025,pitcher,42,3.4285714285714284,1.7142857142857142,11.357142857142858,1.75,0.14358974358974358,0.08205128205128205,0.06153846153846153,0,6.808370805949498,2.0062694569353168,4.8021013490141815,7.659244206157039,Reliever,TRUE,0.06153846153846154,0.6781609195402298,0.33793103448275863,0.6686046511627907,0.4619883040935672,0.47701149425287354,0.4677064017970615,48.06238410782369
93,N Zegna,Glacier Range Riders,4.24,0,2,37,0,6,40.333333333333336,38,24,19,14,50,11.16,3,1.29,177,4,6,2025,pitcher,40.1,3.12396694214876,0.6694214876033058,8.479338842975206,3.5714285714285716,0.2824858757062147,0.07909604519774012,0.2033898305084746,0,6.808370805949498,2.0062694569353168,4.8021013490141815,4.777307960584429,Reliever,TRUE,0.2033898305084746,0.8333333333333334,0.9310344827586207,0.9302325581395349,0.9590643274853801,0.47126436781609193,0.8529395695868915,71.1763741752135
94,J Collett,Great Falls Voyagers,8.47,1,0,27,0,0,39.333333333333336,45,39,37,27,50,11.44,8,1.83,193,10,6,2025,pitcher,39.1,6.177966101694915,1.830508474576271,10.296610169491524,1.851851851851852,0.25906735751295334,0.13989637305699482,0.11917098445595851,0,6.808370805949498,2.0062694569353168,4.8021013490141815,7.420745416810791,Reliever,TRUE,0.11917098445595854,0.3390804597701149,0.4068965517241379,0.5174418604651163,0.7309941520467836,0.46551724137931033,0.4813912923179373,48.88347753907624
95,R Velazquez,Colorado Springs Sky Sox,5.82,3,2,31,0,1,38.666666666666664,46,31,25,30,40,9.31,5,1.97,197,9,4,2025,pitcher,38.2,6.982758620689656,1.163793103448276,10.70689655172414,1.3333333333333333,0.20304568527918784,0.15228426395939088,0.05076142131979694,0,6.808370805949498,2.0062694569353168,4.8021013490141815,7.0521013490141815,Reliever,TRUE,0.050761421319796954,0.6264367816091954,0.496551724137931,0.38953488372093026,0.391812865497076,0.45977011494252873,0.4788677856094393,48.73206713656636
96,C Kratz,Rocky Mountain Vibes,5.54,1,2,30,0,0,37.333333333333336,47,30,23,24,41,9.88,6,1.9,184,4,1,2025,pitcher,37.1,5.785714285714286,1.4464285714285714,11.330357142857142,1.7083333333333333,0.22282608695652173,0.13043478260869565,0.09239130434782608,0,6.808370805949498,2.0062694569353168,4.8021013490141815,6.703887063299896,Reliever,TRUE,0.09239130434782608,0.6954022988505747,0.6068965517241379,0.47093023255813954,0.6023391812865497,0.4540229885057471,0.5827332733062274,54.963996398373645
97,S Drumheller,Yuba-Sutter Freebirds,6.32,0,4,32,0,0,37,40,33,26,17,30,7.3,8,1.54,170,1,1,2025,pitcher,37,4.135135135135135,1.945945945945946,9.72972972972973,1.7647058823529411,0.17647058823529413,0.1,0.07647058823529412,0,6.808370805949498,2.0062694569353168,4.8021013490141815,7.450749997662831,Reliever,TRUE,0.07647058823529412,0.5574712643678161,0.4,0.7441860465116279,0.5555555555555556,0.4482758620689655,0.4963917847277912,49.78350708366747
98,C Trout,Boise Hawks,3.96,2,2,41,1,2,36.333333333333336,38,17,16,15,19,4.71,4,1.46,160,2,5,2025,pitcher,36.1,3.715596330275229,0.9908256880733944,9.412844036697248,1.2666666666666666,0.11875,0.09375,0.02499999999999999,0.024390243902439025,6.808370805949498,2.0062694569353168,4.8021013490141815,6.838798596720603,Reliever,TRUE,0.025,0.8505747126436781,0.5655172413793104,0.8081395348837209,0.27485380116959063,0.4425287356321839,0.5559571275153936,53.35742765092362
99,M Lopez,Colorado Springs Sky Sox,9.5,0,3,16,2,1,36,58,41,38,26,37,9.25,8,2.33,192,7,1,2025,pitcher,36,6.5,2,14.5,1.4230769230769231,0.19270833333333337,0.13541666666666666,0.05729166666666668,0.125,6.808370805949498,2.0062694569353168,4.8021013490141815,7.885434682347515,Reliever,TRUE,0.057291666666666664,0.25287356321839083,0.2896551724137931,0.20348837209302326,0.4327485380116959,0.4367816091954023,0.3262088896392278,39.57253337835367
100,M Taubensee,Missoula PaddleHeads,2.78,3,0,32,0,0,35.666666666666664,26,14,11,23,64,16.15,4,1.37,158,NA,2,2025,pitcher,35.2,5.80373831775701,1.0093457943925237,6.560747663551402,2.782608695652174,0.4050632911392405,0.14556962025316456,0.25949367088607594,0,6.808370805949498,2.0062694569353168,4.8021013490141815,4.7740639658366115,Reliever,TRUE,0.25949367088607594,0.9367816091954023,0.9379310344827586,0.9011627906976745,0.9824561403508771,0.43103448275862066,0.8669523347261499,72.01714008356899
101,E Bates,Yuba-Sutter Freebirds,5.6,3,3,32,0,4,35.333333333333336,41,27,22,13,31,7.9,5,1.53,165,4,7,2025,pitcher,35.1,3.3113207547169807,1.2735849056603772,10.443396226415093,2.3846153846153846,0.18787878787878787,0.07878787878787878,0.10909090909090909,0,6.808370805949498,2.0062694569353168,4.8021013490141815,6.5851202169387095,Reliever,TRUE,0.10909090909090909,0.6666666666666666,0.6344827586206897,0.7558139534883721,0.6783625730994152,0.41954022988505746,0.6279780478997548,57.67868287398529
101,R Hughes,Idaho Falls Chukars,4.84,1,4,33,0,1,35.333333333333336,36,21,19,22,43,10.95,5,1.64,160,2,3,2025,pitcher,35.1,5.60377358490566,1.2735849056603772,9.169811320754716,1.9545454545454544,0.26875,0.1375,0.13124999999999998,0,6.808370805949498,2.0062694569353168,4.8021013490141815,6.330403235806634,Reliever,TRUE,0.13125,0.7988505747126436,0.6758620689655173,0.6686046511627907,0.7719298245614035,0.41954022988505746,0.6743498783044218,60.46099269826531
103,D Fox,Colorado Springs Sky Sox,17.23,0,1,24,2,0,35,63,71,67,40,27,6.94,7,2.94,217,4,17,2025,pitcher,35,10.285714285714286,1.8,16.2,0.675,0.12442396313364056,0.18433179723502305,-0.05990783410138249,0.08333333333333333,6.808370805949498,2.0062694569353168,4.8021013490141815,10.744958491871325,Reliever,TRUE,-0.059907834101382486,0.06896551724137931,0.07586206896551724,0.10465116279069768,0.14035087719298245,0.40804597701149425,0.1404318434418042,28.425910606508253
103,M Grannan,Great Falls Voyagers,4.11,1,0,30,0,0,35,36,19,16,13,34,8.74,4,1.4,159,4,1,2025,pitcher,35,3.342857142857143,1.0285714285714285,9.257142857142858,2.6153846153846154,0.2138364779874214,0.08176100628930817,0.13207547169811323,0,6.808370805949498,2.0062694569353168,4.8021013490141815,5.544958491871324,Reliever,TRUE,0.1320754716981132,0.8448275862068966,0.8482758620689655,0.8546511627906976,0.7777777777777778,0.40804597701149425,0.7682620511449703,66.09572306869822
105,B Barquin,Grand Junction Jackalopes,14.8,3,4,19,5,0,34.666666666666664,75,69,57,24,31,8.05,6,2.86,207,5,10,2025,pitcher,34.2,6.230769230769231,1.5576923076923077,19.471153846153847,1.2916666666666667,0.1497584541062802,0.11594202898550723,0.03381642512077294,0.2631578947368421,6.808370805949498,2.0062694569353168,4.8021013490141815,8.205947502860337,Reliever,TRUE,0.033816425120772944,0.10344827586206896,0.22758620689655173,0.12790697674418605,0.2982456140350877,0.39080459770114945,0.23761223427453962,34.256734056472375
105,D Delvecchio,Oakland Ballers,7.53,1,2,10,7,0,34.666666666666664,41,34,29,16,29,7.53,10,1.64,164,7,4,2025,pitcher,34.2,4.153846153846154,2.5961538461538463,10.64423076923077,1.8125,0.17682926829268292,0.0975609756097561,0.07926829268292682,0.7,6.808370805949498,2.0062694569353168,4.8021013490141815,8.60979365670649,Starter,TRUE,0.07926829268292683,0.40229885057471265,0.18620689655172415,0.6686046511627907,0.5614035087719298,0.39080459770114945,0.37258944273273403,42.35536656396404
105,G Pacheco,Boise Hawks,9.61,0,3,9,7,0,34.666666666666664,60,38,37,21,28,7.27,9,2.34,183,4,5,2025,pitcher,34.2,5.4519230769230775,2.3365384615384617,15.576923076923078,1.3333333333333333,0.15300546448087432,0.11475409836065574,0.03825136612021858,0.7777777777777778,6.808370805949498,2.0062694569353168,4.8021013490141815,8.811716733629567,Starter,TRUE,0.03825136612021858,0.2471264367816092,0.1793103448275862,0.19767441860465115,0.3216374269005848,0.39080459770114945,0.2515087203440303,35.09052322064182
108,W Cameron,Great Falls Voyagers,3.93,1,1,34,0,8,34.333333333333336,29,19,15,15,44,11.53,1,1.28,147,6,2,2025,pitcher,34.1,3.932038834951456,0.2621359223300971,7.601941747572815,2.933333333333333,0.29931972789115646,0.1020408163265306,0.19727891156462585,0,6.808370805949498,2.0062694569353168,4.8021013490141815,4.10307222280059,Reliever,TRUE,0.19727891156462585,0.8620689655172413,0.9724137931034482,0.936046511627907,0.935672514619883,0.3850574712643678,0.856773636845388,71.40641821072327
109,R Egloff,Grand Junction Jackalopes,5.61,4,2,7,7,0,33.666666666666664,55,28,21,5,32,8.55,4,1.78,167,2,2,2025,pitcher,33.2,1.3366336633663367,1.0693069306930694,14.702970297029704,6.4,0.19161676646706588,0.02994011976047904,0.16167664670658682,1,6.808370805949498,2.0062694569353168,4.8021013490141815,5.069428081687449,Starter,TRUE,0.16167664670658682,0.6551724137931034,0.9172413793103448,0.5465116279069767,0.8713450292397661,0.3735632183908046,0.750127065190375,65.0076239114225
109,A Rodriguez,Grand Junction Jackalopes,11.23,3,1,29,0,0,33.666666666666664,41,46,42,35,35,9.36,8,2.26,178,12,3,2025,pitcher,33.2,9.356435643564357,2.1386138613861387,10.96039603960396,1,0.19662921348314608,0.19662921348314608,0,0,6.808370805949498,2.0062694569353168,4.8021013490141815,9.198140952974578,Reliever,TRUE,0,0.19540229885057472,0.14482758620689656,0.23255813953488372,0.1871345029239766,0.3735632183908046,0.20395857660724923,32.237514596434956
111,R Kelley,Great Falls Voyagers,4.91,3,2,30,1,0,33,34,20,18,19,36,9.82,7,1.61,155,5,4,2025,pitcher,33,5.181818181818182,1.9090909090909092,9.272727272727272,1.894736842105263,0.23225806451612904,0.12258064516129032,0.10967741935483873,0.03333333333333333,6.808370805949498,2.0062694569353168,4.8021013490141815,7.468768015680848,Reliever,TRUE,0.10967741935483871,0.7873563218390804,0.3931034482758621,0.7093023255813954,0.6900584795321637,0.3563218390804598,0.5377350319128482,52.26410191477089
111,N Madej,Yuba-Sutter Freebirds,7.36,2,3,8,7,0,33,31,33,27,37,31,8.45,6,2.06,169,3,3,2025,pitcher,33,10.090909090909092,1.6363636363636365,8.454545454545455,0.8378378378378378,0.1834319526627219,0.21893491124260356,-0.03550295857988167,0.875,6.808370805949498,2.0062694569353168,4.8021013490141815,8.923313470226303,Starter,TRUE,-0.03550295857988166,0.4482758620689655,0.1724137931034483,0.3488372093023256,0.15204678362573099,0.3563218390804598,0.2549482500691719,35.296895004150315
111,S Schmitt,Billings Mustangs,8.73,1,2,8,7,0,33,51,35,32,14,22,6,7,1.97,166,4,3,2025,pitcher,33,3.8181818181818183,1.9090909090909092,13.909090909090908,1.5714285714285714,0.13253012048192772,0.08433734939759036,0.04819277108433736,0.875,6.808370805949498,2.0062694569353168,4.8021013490141815,7.771798318711151,Starter,TRUE,0.04819277108433735,0.3103448275862069,0.3103448275862069,0.38953488372093026,0.3684210526315789,0.3563218390804598,0.33677562993289156,40.20653779597349
114,J Ochoa,Colorado Springs Sky Sox,6.34,2,1,27,0,0,32.666666666666664,42,28,23,30,38,10.47,3,2.2,166,5,4,2025,pitcher,32.2,8.26530612244898,0.826530612244898,11.571428571428571,1.2666666666666666,0.2289156626506024,0.18072289156626503,0.04819277108433734,0,6.808370805949498,2.0062694569353168,4.8021013490141815,6.791897267381529,Reliever,TRUE,0.04819277108433735,0.5459770114942529,0.5862068965517241,0.26744186046511625,0.3684210526315789,0.3505747126436782,0.46939391381420675,48.16363482885241
115,T Wolf,Grand Junction Jackalopes,6.12,3,2,31,0,0,32.333333333333336,38,22,22,18,26,7.24,6,1.73,152,8,6,2025,pitcher,32.1,5.010309278350515,1.670103092783505,10.577319587628866,1.4444444444444444,0.17105263157894737,0.11842105263157894,0.05263157894736843,0,6.808370805949498,2.0062694569353168,4.8021013490141815,7.833029184065728,Reliever,TRUE,0.05263157894736842,0.5919540229885057,0.296551724137931,0.5755813953488372,0.4093567251461988,0.3448275862068966,0.3985674155986062,43.91404493591637
116,T Jones,Boise Hawks,5.06,1,2,14,2,2,32,34,24,18,21,38,10.69,6,1.72,152,NA,4,2025,pitcher,32,5.90625,1.6875,9.5625,1.8095238095238095,0.25,0.13815789473684212,0.11184210526315788,0.14285714285714285,6.808370805949498,2.0062694569353168,4.8021013490141815,7.208351349014181,Reliever,TRUE,0.1118421052631579,0.7758620689655172,0.46206896551724136,0.5872093023255814,0.7017543859649122,0.3275862068965517,0.5494166350117474,52.96499810070485
116,J Kinsky,Colorado Springs Sky Sox,12.38,0,1,22,0,0,32,46,51,44,42,29,8.16,2,2.75,195,11,9,2025,pitcher,32,11.8125,0.5625,12.9375,0.6904761904761905,0.14871794871794872,0.2153846153846154,-0.06666666666666668,0,6.808370805949498,2.0062694569353168,4.8021013490141815,8.583351349014182,Reliever,TRUE,-0.06666666666666667,0.14367816091954022,0.19310344827586207,0.1569767441860465,0.12280701754385964,0.3275862068965517,0.1881901124101352,31.29140674460811
116,E Ross,Billings Mustangs,9.84,1,2,15,2,0,32,46,38,35,25,28,7.88,6,2.22,169,6,3,2025,pitcher,32,7.03125,1.6875,12.9375,1.12,0.16568047337278108,0.14792899408284024,0.01775147928994083,0.13333333333333333,6.808370805949498,2.0062694569353168,4.8021013490141815,8.114601349014182,Reliever,TRUE,0.01775147928994083,0.22988505747126436,0.2413793103448276,0.2558139534883721,0.23976608187134502,0.3275862068965517,0.25370702551620966,35.22242153097258
119,N Pinazzi,Idaho Falls Chukars,8.13,1,1,29,1,2,31,40,30,28,17,42,12.19,2,1.84,148,3,1,2025,pitcher,31,4.935483870967742,0.5806451612903226,11.612903225806452,2.4705882352941178,0.28378378378378377,0.11486486486486489,0.16891891891891891,0.034482758620689655,6.808370805949498,2.0062694569353168,4.8021013490141815,4.6730690909496655,Reliever,TRUE,0.16891891891891891,0.367816091954023,0.9517241379310345,0.5058139534883721,0.8888888888888888,0.3218390804597701,0.7124971041610978,62.749826249665865
120,A Sabouri,Missoula PaddleHeads,6.3,0,0,30,0,8,30,28,26,21,25,29,8.7,1,1.77,147,1,7,2025,pitcher,30,7.5,0.3,8.4,1.16,0.19727891156462585,0.17006802721088435,0.0272108843537415,0,6.808370805949498,2.0062694569353168,4.8021013490141815,6.502101349014182,Reliever,TRUE,0.027210884353741496,0.5632183908045977,0.6482758620689655,0.5581395348837209,0.28654970760233917,0.3160919540229885,0.504330791560564,50.25984749363384
121,C Calnon,Billings Mustangs,3.68,4,0,7,4,0,29.333333333333332,29,14,12,1,15,4.6,4,1.02,116,NA,NA,2025,pitcher,29.1,0.3068181818181818,1.2272727272727273,8.897727272727273,15,0.12931034482758622,0.00862068965517241,0.1206896551724138,0.5714285714285714,6.808370805949498,2.0062694569353168,4.8021013490141815,NA,Starter,TRUE,0.1206896551724138,0.8908045977011494,NA,0.9709302325581395,0.7426900584795322,0.3103448275862069,NA,NA
122,K Carrillo,Colorado Springs Sky Sox,12.1,0,2,13,2,0,29,51,46,39,34,20,6.21,8,2.93,175,11,5,2025,pitcher,29,10.551724137931034,2.4827586206896552,15.827586206896552,0.5882352941176471,0.11428571428571428,0.19428571428571428,-0.08,0.15384615384615385,6.808370805949498,2.0062694569353168,4.8021013490141815,11.043480659359007,Reliever,TRUE,-0.08,0.16091954022988506,0.06206896551724138,0.11046511627906977,0.11695906432748537,0.29310344827586204,0.12736935897616267,27.64216153856976
122,C Ciuffetelli,Ogden Raptors,6.83,0,2,29,0,0,29,40,29,22,23,31,9.62,7,2.17,149,11,NA,2025,pitcher,29,7.137931034482759,2.1724137931034484,12.413793103448276,1.3478260869565215,0.2080536912751678,0.15436241610738255,0.05369127516778524,0,6.808370805949498,2.0062694569353168,4.8021013490141815,NA,Reliever,TRUE,0.053691275167785234,0.5,NA,0.28488372093023256,0.42105263157894735,0.29310344827586204,NA,NA
122,M Hoaglund,Grand Junction Jackalopes,12.41,1,1,10,3,0,29,51,41,40,19,22,6.83,8,2.41,155,1,2,2025,pitcher,29,5.896551724137931,2.4827586206896552,15.827586206896552,1.1578947368421053,0.14193548387096774,0.12258064516129032,0.01935483870967742,0.3,6.808370805949498,2.0062694569353168,4.8021013490141815,9.043480659359007,Reliever,TRUE,0.01935483870967742,0.13793103448275862,0.15862068965517243,0.18023255813953487,0.25146198830409355,0.29310344827586204,0.1964191017506343,31.78514610503806
125,B Carmichael,Boise Hawks,10.61,3,3,6,6,0,28,46,39,33,15,22,7.07,4,2.18,145,NA,2,2025,pitcher,28,4.821428571428571,1.2857142857142858,14.785714285714286,1.4666666666666666,0.15172413793103448,0.10344827586206896,0.04827586206896552,1,6.808370805949498,2.0062694569353168,4.8021013490141815,6.909244206157039,Starter,TRUE,0.04827586206896552,0.20689655172413793,0.5379310344827586,0.27906976744186046,0.38596491228070173,0.28735632183908044,0.3944103040279126,43.66461824167476
2,J Acosta,Boise Hawks,6.75,2,1,11,0,0,17.333333333333332,22,13,13,7,20,10.38,2,1.67,81,4,2,2025,pitcher,17.1,3.634615384615385,1.0384615384615383,11.423076923076923,2.857142857142857,0.24691358024691357,0.08641975308641975,0.16049382716049382,0,6.808370805949498,2.0062694569353168,4.8021013490141815,5.5521013490141815,Reliever,TRUE,0.16049382716049382,0.5057471264367817,0.8413793103448276,0.6395348837209303,0.8654970760233918,0.22988505747126436,0.6839494553009092,61.03696731805455
4,C Adamson,Colorado Springs Sky Sox,13.32,0,4,5,5,0,24.333333333333332,43,36,36,15,14,5.18,5,2.38,130,3,3,2025,pitcher,24.1,5.5479452054794525,1.8493150684931507,15.904109589041097,0.9333333333333332,0.1076923076923077,0.1153846153846154,-0.00769230769230769,1,6.808370805949498,2.0062694569353168,4.8021013490141815,8.541827376411442,Starter,TRUE,-0.007692307692307693,0.1206896551724138,0.2,0.19186046511627908,0.17543859649122806,0.25862068965517243,0.19117031753401148,31.47021905204069
5,N Agacki,Ogden Raptors,13.11,1,0,10,0,0,11.666666666666666,16,17,17,13,11,8.49,3,2.49,64,3,3,2025,pitcher,11.2,10.028571428571428,2.3142857142857145,12.342857142857143,0.8461538461538461,0.171875,0.203125,-0.03125,0,6.808370805949498,2.0062694569353168,4.8021013490141815,10.373529920442753,Reliever,TRUE,-0.03125,0.12643678160919541,0.08275862068965517,0.1744186046511628,0.15789473684210525,0.1781609195402299,0.12781391128181321,27.668834676908794
6,M Alba,Missoula PaddleHeads,15,0,0,3,0,0,3,4,5,5,5,3,9,NA,3,18,2,1,2025,pitcher,3,15,NA,12,0.6,0.16666666666666666,0.2777777777777778,-0.11111111111111112,0,6.808370805949498,2.0062694569353168,4.8021013490141815,NA,Reliever,TRUE,-0.1111111111111111,0.09770114942528736,NA,0.06976744186046512,0.08187134502923976,0.07471264367816093,NA,NA
11,J Allgeyer,Oakland Ballers,27,0,0,1,0,0,2,5,6,6,1,0,0,1,3,12,1,1,2025,pitcher,2,4.5,4.5,22.5,0,0,0.08333333333333333,-0.08333333333333333,0,6.808370805949498,2.0062694569353168,4.8021013490141815,14.302101349014182,Reliever,TRUE,-0.08333333333333333,0.017241379310344827,0.006896551724137931,0.06976744186046512,0.10526315789473684,0.04597701149425287,0.040270755075338706,22.416245304520324
13,A Alonso,Colorado Springs Sky Sox,16.5,0,1,5,2,0,12,23,24,22,17,5,3.75,6,3.33,74,NA,NA,2025,pitcher,12,12.75,4.5,17.25,0.29411764705882354,0.06756756756756757,0.22972972972972977,-0.16216216216216217,0.4,6.808370805949498,2.0062694569353168,4.8021013490141815,NA,Reliever,TRUE,-0.16216216216216217,0.08045977011494253,NA,0.046511627906976744,0.04678362573099415,0.1896551724137931,NA,NA
15,K Anglin,Yuba-Sutter Freebirds,5.17,1,0,4,4,0,15.666666666666666,23,11,9,7,20,11.49,1,1.91,75,2,NA,2025,pitcher,15.2,4.021276595744681,0.574468085106383,13.212765957446807,2.857142857142857,0.26666666666666666,0.09333333333333334,0.17333333333333334,1,6.808370805949498,2.0062694569353168,4.8021013490141815,NA,Starter,TRUE,0.17333333333333334,0.764367816091954,NA,0.45348837209302323,0.8947368421052632,0.22413793103448276,NA,NA
17,E Armstrong III,Glacier Range Riders,7.24,1,1,17,0,0,27.333333333333332,31,22,22,12,31,10.21,8,1.57,123,3,1,2025,pitcher,27.1,3.951219512195122,2.6341463414634148,10.207317073170731,2.5833333333333335,0.25203252032520324,0.0975609756097561,0.1544715447154471,0,6.808370805949498,2.0062694569353168,4.8021013490141815,7.765515983160523,Reliever,TRUE,0.15447154471544716,0.47701149425287354,0.31724137931034485,0.7325581395348837,0.8421052631578947,0.27586206896551724,0.48150445279196386,48.890267167517834
18,E Armstrong III,Colorado Springs Sky Sox,18.16,1,2,11,2,0,18.333333333333332,48,37,37,13,16,7.85,6,3.33,118,4,3,2025,pitcher,18.1,6.381818181818182,2.9454545454545458,23.56363636363637,1.2307692307692308,0.13559322033898305,0.11016949152542373,0.02542372881355932,0.18181818181818182,6.808370805949498,2.0062694569353168,4.8021013490141815,9.929374076286908,Reliever,TRUE,0.025423728813559324,0.05747126436781609,0.11724137931034483,0.046511627906976744,0.2807017543859649,0.2471264367816092,0.15337772056444238,29.202663233866545
21,T Atkins,Grand Junction Jackalopes,14.34,1,0,13,0,0,10.666666666666666,17,19,17,6,10,8.44,3,2.16,63,NA,6,2025,pitcher,10.2,5.0625,2.53125,14.34375,1.6666666666666667,0.15873015873015872,0.09523809523809525,0.06349206349206349,0,6.808370805949498,2.0062694569353168,4.8021013490141815,9.958351349014182,Reliever,TRUE,0.06349206349206349,0.10919540229885058,0.1103448275862069,0.29069767441860467,0.47953216374269003,0.16666666666666666,0.2104934415697088,32.629606494182525
22,C Backer Jr.,Rocky Mountain Vibes,12.38,0,2,2,2,0,8,18,14,11,5,2,2.25,NA,2.88,48,NA,NA,2025,pitcher,8,5.625,NA,20.25,0.4,0.04166666666666666,0.10416666666666669,-0.0625,1,6.808370805949498,2.0062694569353168,4.8021013490141815,NA,Starter,TRUE,-0.0625,0.14367816091954022,NA,0.12209302325581395,0.1286549707602339,0.15517241379310345,NA,NA
23,T Bacon,Great Falls Voyagers,5.47,0,2,24,0,2,26.333333333333332,24,18,16,25,27,9.23,3,1.86,130,7,1,2025,pitcher,26.1,8.544303797468356,1.0253164556962029,8.202531645569621,1.08,0.2076923076923077,0.19230769230769232,0.01538461538461538,0,6.808370805949498,2.0062694569353168,4.8021013490141815,7.194506412305321,Reliever,TRUE,0.015384615384615385,0.7011494252873564,0.47586206896551725,0.48255813953488375,0.22807017543859648,0.27011494252873564,0.42990433179982834,45.7942599079897
25,T Baker,Glacier Range Riders,9.24,0,1,3,3,0,12.666666666666666,27,19,13,2,3,2.13,4,2.29,69,NA,1,2025,pitcher,12.2,1.4210526315789471,2.8421052631578947,19.18421052631579,1.5,0.04347826086956521,0.02898550724637681,0.0144927536231884,1,6.808370805949498,2.0062694569353168,4.8021013490141815,9.144206612172075,Starter,TRUE,0.014492753623188406,0.26436781609195403,0.15172413793103448,0.22093023255813954,0.21637426900584794,0.20114942528735633,0.1958851184362939,31.753107106177634
30,S Bass,Ogden Raptors,8,0,1,2,2,0,9,14,9,8,5,5,5,4,2.11,44,1,1,2025,pitcher,9,5,4,14,1,0.11363636363636365,0.11363636363636365,0,1,6.808370805949498,2.0062694569353168,4.8021013490141815,11.468768015680848,Starter,TRUE,0,0.3735632183908046,0.04827586206896552,0.3081395348837209,0.1871345029239766,0.16091954022988506,0.16772361269385705,30.063416761631423
35,N Bautista,Missoula PaddleHeads,5.19,1,1,18,0,0,17.333333333333332,14,10,10,13,20,10.38,2,1.56,79,2,2,2025,pitcher,17.1,6.750000000000001,1.0384615384615383,7.26923076923077,1.5384615384615383,0.25316455696202533,0.16455696202531644,0.08860759493670889,0,6.808370805949498,2.0062694569353168,4.8021013490141815,6.59056288747572,Reliever,TRUE,0.08860759493670886,0.7528735632183908,0.6275862068965518,0.7383720930232558,0.5847953216374269,0.22988505747126436,0.58924454949188,55.3546729695128
38,D Beckman,Colorado Springs Sky Sox,11.77,0,0,10,0,0,13,14,20,17,15,11,7.62,4,2.23,72,2,4,2025,pitcher,13,10.384615384615383,2.769230769230769,9.692307692307692,0.7333333333333333,0.1527777777777778,0.20833333333333337,-0.05555555555555555,0,6.808370805949498,2.0062694569353168,4.8021013490141815,11.494409041321871,Reliever,TRUE,-0.05555555555555555,0.1781609195402299,0.041379310344827586,0.25,0.14619883040935672,0.20689655172413793,0.12855011090945756,27.713006654567454
40,H Belton,Rocky Mountain Vibes,6.29,2,1,5,5,0,24.333333333333332,27,18,17,20,13,4.81,3,1.93,116,NA,2,2025,pitcher,24.1,7.397260273972603,1.1095890410958904,9.986301369863014,0.65,0.11206896551724138,0.1724137931034483,-0.0603448275862069,1,6.808370805949498,2.0062694569353168,4.8021013490141815,8.048676691479935,Starter,TRUE,-0.0603448275862069,0.5689655172413793,0.25517241379310346,0.43023255813953487,0.13450292397660818,0.25862068965517243,0.2961307371609993,37.76784422965996
41,D Benton,Billings Mustangs,27,0,0,3,0,0,1.6666666666666663,2,5,5,4,2,10.8,NA,3.6,13,2,3,2025,pitcher,1.2,21.6,NA,10.8,0.5,0.15384615384615383,0.3076923076923077,-0.15384615384615383,0,6.808370805949498,2.0062694569353168,4.8021013490141815,NA,Reliever,TRUE,-0.15384615384615385,0.017241379310344827,NA,0.03488372093023256,0.05263157894736842,0.040229885057471264,NA,NA
46,M Binns,Oakland Ballers,12.34,1,2,6,1,1,11.666666666666666,13,16,16,8,9,6.94,3,1.8,59,2,3,2025,pitcher,11.2,6.171428571428572,2.3142857142857145,10.028571428571428,1.125,0.15254237288135594,0.13559322033898305,0.01694915254237289,0.16666666666666666,6.808370805949498,2.0062694569353168,4.8021013490141815,9.43067277758561,Reliever,TRUE,0.01694915254237288,0.15517241379310345,0.13793103448275862,0.5348837209302325,0.23391812865497075,0.1781609195402299,0.20544441161712085,32.326664697027255
47,G Blackman,Billings Mustangs,5.4,0,1,2,1,0,5,6,3,3,1,5,9,2,1.4,23,NA,NA,2025,pitcher,5,1.8,3.6,10.8,5,0.21739130434782608,0.04347826086956521,0.17391304347826086,0.5,6.808370805949498,2.0062694569353168,4.8021013490141815,NA,Starter,TRUE,0.17391304347826086,0.7126436781609196,NA,0.8546511627906976,0.9005847953216374,0.10919540229885058,NA,NA
48,B Blankenship,Grand Junction Jackalopes,21.86,0,2,8,2,0,7,10,17,17,17,4,5.14,1,3.86,46,1,1,2025,pitcher,7,21.857142857142858,1.2857142857142858,12.857142857142858,0.2352941176470588,0.08695652173913043,0.3695652173913043,-0.2826086956521739,0.25,6.808370805949498,2.0062694569353168,4.8021013490141815,13.23067277758561,Reliever,TRUE,-0.2826086956521739,0.040229885057471264,0.027586206896551724,0.023255813953488372,0.005847953216374269,0.13793103448275862,0.041253792728278865,22.47522756369673
49,E Blum,Ogden Raptors,0,0,0,1,0,0,0,NA,NA,NA,NA,0,0,NA,NA,NA,NA,NA,2025,pitcher,0,NA,NA,NA,NA,NA,NA,NA,0,6.808370805949498,2.0062694569353168,4.8021013490141815,NA,Reliever,FALSE,NA,0.9827586206896551,NA,NA,NA,0,NA,NA
54,J Bollman,Rocky Mountain Vibes,16.71,0,2,2,2,0,7,14,18,13,6,6,7.71,4,2.86,45,2,1,2025,pitcher,7,7.714285714285714,5.142857142857143,18,1,0.13333333333333333,0.13333333333333333,0,1,6.808370805949498,2.0062694569353168,4.8021013490141815,13.516387063299897,Starter,TRUE,0,0.07471264367816093,0.013793103448275862,0.12790697674418605,0.1871345029239766,0.13793103448275862,0.0876313913626622,25.25788348175973
56,B Bonner,Ogden Raptors,45,0,0,3,0,0,2,11,10,10,NA,0,0,1,5.5,18,NA,NA,2025,pitcher,2,NA,4.5,49.5,NA,0,NA,NA,0,6.808370805949498,2.0062694569353168,4.8021013490141815,NA,Reliever,TRUE,NA,0.005747126436781609,NA,0.011627906976744186,NA,0.04597701149425287,NA,NA
59,K Bow,Idaho Falls Chukars,1.8,0,0,6,0,0,5,4,1,1,5,7,12.6,NA,1.8,24,2,NA,2025,pitcher,5,9,NA,7.2,1.4,0.2916666666666667,0.20833333333333337,0.08333333333333334,0,6.808370805949498,2.0062694569353168,4.8021013490141815,NA,Reliever,TRUE,0.08333333333333333,0.9597701149425287,NA,0.5348837209302325,0.5672514619883041,0.10919540229885058,NA,NA
60,N Boyle,Ogden Raptors,0,0,0,1,0,0,0,NA,NA,NA,1,0,0,NA,NA,1,NA,NA,2025,pitcher,0,NA,NA,NA,0,0,1,-1,0,6.808370805949498,2.0062694569353168,4.8021013490141815,NA,Reliever,FALSE,-1,0.9827586206896551,NA,NA,0,0,NA,NA
62,J Bradley,Boise Hawks,10.38,1,0,1,1,0,4.333333333333333,6,5,5,6,3,6.23,1,2.77,27,2,2,2025,pitcher,4.1,12.461538461538462,2.076923076923077,12.461538461538462,0.5,0.1111111111111111,0.2222222222222222,-0.1111111111111111,1,6.808370805949498,2.0062694569353168,4.8021013490141815,11.955947502860337,Starter,TRUE,-0.1111111111111111,0.21264367816091953,0.034482758620689655,0.1511627906976744,0.08187134502923976,0.09770114942528736,0.09183537566182229,25.510122539709336
63,G Brasosky,Rocky Mountain Vibes,10.13,0,1,2,0,0,2.6666666666666665,7,5,3,1,3,10.13,1,3,17,NA,NA,2025,pitcher,2.2,3.375,3.375,23.625,3,0.17647058823529413,0.0588235294117647,0.11764705882352942,0,6.808370805949498,2.0062694569353168,4.8021013490141815,NA,Reliever,TRUE,0.11764705882352941,0.21839080459770116,NA,0.06976744186046512,0.7192982456140351,0.06896551724137931,NA,NA
67,E Brown,Grand Junction Jackalopes,9.82,0,1,12,0,0,14.666666666666666,19,22,16,22,10,6.14,3,2.8,86,3,2,2025,pitcher,14.2,13.5,1.840909090909091,11.65909090909091,0.4545454545454546,0.11627906976744186,0.2558139534883721,-0.13953488372093026,0,6.808370805949498,2.0062694569353168,4.8021013490141815,11.006646803559637,Reliever,TRUE,-0.13953488372093023,0.2413793103448276,0.06896551724137931,0.14534883720930233,0.06432748538011696,0.21839080459770116,0.12395210493488468,27.43712629609308
71,P Bryant,Grand Junction Jackalopes,15.88,0,1,3,2,0,5.666666666666667,10,10,10,8,2,3.18,1,3.18,35,1,1,2025,pitcher,5.2,12.705882352941176,1.588235294117647,15.88235294117647,0.25,0.05714285714285714,0.22857142857142856,-0.17142857142857143,0.6666666666666666,6.808370805949498,2.0062694569353168,4.8021013490141815,11.15504252548477,Starter,TRUE,-0.17142857142857143,0.08620689655172414,0.05517241379310345,0.06395348837209303,0.029239766081871343,0.1206896551724138,0.06534675032944565,23.92080501976674
72,T Buckner,Yuba-Sutter Freebirds,3,0,1,11,0,3,12,8,4,4,2,17,12.75,2,0.83,47,1,NA,2025,pitcher,12,1.5,1.5,6,8.5,0.3617021276595745,0.0425531914893617,0.3191489361702128,0,6.808370805949498,2.0062694569353168,4.8021013490141815,NA,Reliever,TRUE,0.3191489361702128,0.9252873563218391,NA,1,1,0.1896551724137931,NA,NA
76,R Butenschoen,Boise Hawks,9,0,0,3,0,0,2,1,2,2,5,3,13.5,1,3,11,NA,NA,2025,pitcher,2,22.5,4.5,4.5,0.6,0.2727272727272727,0.4545454545454546,-0.18181818181818185,0,6.808370805949498,2.0062694569353168,4.8021013490141815,NA,Reliever,TRUE,-0.18181818181818182,0.28735632183908044,NA,0.06976744186046512,0.017543859649122806,0.04597701149425287,NA,NA
77,C Butler,Idaho Falls Chukars,18,1,0,6,0,0,6,6,12,12,11,8,12,1,2.83,34,2,1,2025,pitcher,6,16.5,1.5,9,0.7272727272727273,0.2352941176470588,0.3235294117647059,-0.08823529411764708,0,6.808370805949498,2.0062694569353168,4.8021013490141815,10.302101349014182,Reliever,TRUE,-0.08823529411764706,0.06321839080459771,0.0896551724137931,0.13953488372093023,0.09941520467836257,0.12643678160919541,0.09814687413535174,25.888812448121104
79,M Byrne,Colorado Springs Sky Sox,20.25,0,0,2,0,0,1.3333333333333333,3,3,3,2,1,6.75,NA,3.75,10,NA,1,2025,pitcher,1.1,13.5,NA,20.25,0.5,0.1,0.2,-0.1,0,6.808370805949498,2.0062694569353168,4.8021013490141815,NA,Reliever,TRUE,-0.1,0.04597701149425287,NA,0.029069767441860465,0.0935672514619883,0.028735632183908046,NA,NA
81,C Calnon,Yuba-Sutter Freebirds,3.86,0,0,4,0,0,7,6,3,3,4,8,10.29,1,1.43,31,NA,NA,2025,pitcher,7,5.142857142857143,1.2857142857142858,7.714285714285714,2,0.25806451612903225,0.12903225806451613,0.12903225806451613,0,6.808370805949498,2.0062694569353168,4.8021013490141815,NA,Reliever,TRUE,0.12903225806451613,0.8735632183908046,NA,0.8313953488372093,0.7660818713450293,0.13793103448275862,NA,NA
89,C Castaneda,Grand Junction Jackalopes,67.5,0,0,3,0,0,1.3333333333333333,8,10,10,3,0,0,2,8.25,18,NA,2,2025,pitcher,1.1,20.25,13.5,54,0,0,0.16666666666666666,-0.16666666666666666,0,6.808370805949498,2.0062694569353168,4.8021013490141815,35.55210134901418,Reliever,TRUE,-0.16666666666666666,0,0,0,0.03508771929824561,0.028735632183908046,0.011327888687235329,20.67967332123412
96,C Chimenti,Billings Mustangs,5.19,0,3,14,0,4,17.333333333333332,23,12,10,5,11,5.71,NA,1.62,79,NA,2,2025,pitcher,17.1,2.5961538461538463,NA,11.942307692307692,2.2,0.13924050632911392,0.06329113924050633,0.07594936708860758,0,6.808370805949498,2.0062694569353168,4.8021013490141815,NA,Reliever,TRUE,0.0759493670886076,0.7528735632183908,NA,0.6918604651162791,0.5497076023391813,0.22988505747126436,NA,NA
99,C Ciuffetelli,Missoula PaddleHeads,13.5,0,0,2,0,0,2,1,3,3,4,2,9,NA,2.5,11,NA,1,2025,pitcher,2,18,NA,4.5,0.5,0.18181818181818185,0.3636363636363637,-0.18181818181818185,0,6.808370805949498,2.0062694569353168,4.8021013490141815,NA,Reliever,TRUE,-0.18181818181818182,0.11494252873563218,NA,0.1686046511627907,0.017543859649122806,0.04597701149425287,NA,NA
101,T Clarkson,Glacier Range Riders,0,0,0,1,0,0,1,1,NA,NA,NA,2,18,NA,1,4,NA,NA,2025,pitcher,1,NA,NA,9,NA,0.5,NA,NA,0,6.808370805949498,2.0062694569353168,4.8021013490141815,NA,Reliever,TRUE,NA,0.9827586206896551,NA,0.9767441860465116,NA,0.011494252873563218,NA,NA
105,N Cole,Glacier Range Riders,18.69,0,0,5,0,0,4.333333333333333,7,9,9,6,3,6.23,2,3,25,NA,NA,2025,pitcher,4.1,12.461538461538462,4.153846153846154,14.53846153846154,0.5,0.12,0.24,-0.12,0,6.808370805949498,2.0062694569353168,4.8021013490141815,NA,Reliever,TRUE,-0.12,0.05172413793103448,NA,0.06976744186046512,0.07017543859649122,0.09770114942528736,NA,NA
107,B Collett,Grand Junction Jackalopes,24,0,0,4,0,0,3,9,9,8,3,4,12,1,4,21,1,NA,2025,pitcher,3,9,3,27,1.3333333333333333,0.1904761904761905,0.14285714285714285,0.04761904761904761,0,6.808370805949498,2.0062694569353168,4.8021013490141815,NA,Reliever,TRUE,0.047619047619047616,0.028735632183908046,NA,0.01744186046511628,0.36257309941520466,0.07471264367816093,NA,NA
109,T Collins,Colorado Springs Sky Sox,12,0,0,1,1,0,3,2,5,4,6,3,9,NA,2.67,18,1,1,2025,pitcher,3,18,NA,6,0.5,0.16666666666666666,0.3333333333333333,-0.16666666666666666,1,6.808370805949498,2.0062694569353168,4.8021013490141815,NA,Starter,TRUE,-0.16666666666666666,0.16666666666666666,NA,0.16279069767441862,0.03508771929824561,0.07471264367816093,NA,NA
110,M Colucci,Ogden Raptors,11.25,1,0,4,0,0,4,6,5,5,7,5,11.25,1,3.25,24,1,NA,2025,pitcher,4,15.75,2.25,13.5,0.7142857142857143,0.20833333333333337,0.2916666666666667,-0.08333333333333334,0,6.808370805949498,2.0062694569353168,4.8021013490141815,NA,Reliever,TRUE,-0.08333333333333333,0.1896551724137931,NA,0.05813953488372093,0.10526315789473684,0.09195402298850575,NA,NA
111,C Colyer,Billings Mustangs,2.3,3,2,25,0,0,27.333333333333332,23,9,7,15,21,6.91,1,1.39,115,1,NA,2025,pitcher,27.1,4.939024390243903,0.32926829268292684,7.573170731707317,1.4,0.1826086956521739,0.13043478260869565,0.05217391304347826,0,6.808370805949498,2.0062694569353168,4.8021013490141815,NA,Reliever,TRUE,0.05217391304347826,0.9482758620689655,NA,0.872093023255814,0.39766081871345027,0.27586206896551724,NA,NA
114,C Cook,Great Falls Voyagers,36,0,0,1,0,0,1,2,4,4,4,2,18,NA,6,10,1,1,2025,pitcher,1,36,NA,18,0.5,0.2,0.4,-0.2,0,6.808370805949498,2.0062694569353168,4.8021013490141815,NA,Reliever,TRUE,-0.2,0.011494252873563218,NA,0.005813953488372093,0.011695906432748537,0.011494252873563218,NA,NA
117,J Coronado,Colorado Springs Sky Sox,0,0,0,1,0,0,1,2,NA,NA,1,2,18,NA,3,6,1,NA,2025,pitcher,1,9,NA,18,2,0.3333333333333333,0.16666666666666666,0.16666666666666666,0,6.808370805949498,2.0062694569353168,4.8021013490141815,NA,Reliever,TRUE,0.16666666666666666,0.9827586206896551,NA,0.06976744186046512,0.8771929824561403,0.011494252873563218,NA,NA
119,R Coronado,Colorado Springs Sky Sox,22.95,0,2,2,2,0,6.666666666666667,16,20,17,8,7,9.45,3,3.6,49,1,3,2025,pitcher,6.2,10.8,4.05,21.6,0.875,0.14285714285714285,0.16326530612244897,-0.02040816326530611,1,6.808370805949498,2.0062694569353168,4.8021013490141815,13.50210134901418,Starter,TRUE,-0.02040816326530612,0.034482758620689655,0.020689655172413793,0.03488372093023256,0.16374269005847952,0.13218390804597702,0.06951277217368468,24.17076633042108
120,G Courtright,Rocky Mountain Vibes,7.42,1,1,7,2,0,13.333333333333334,14,16,11,14,4,2.7,1,2.1,69,1,3,2025,pitcher,13.1,9.45,0.6749999999999999,9.45,0.2857142857142857,0.05797101449275362,0.2028985507246377,-0.14492753623188406,0.2857142857142857,6.808370805949498,2.0062694569353168,4.8021013490141815,9.002101349014183,Reliever,TRUE,-0.14492753623188406,0.42528735632183906,0.16551724137931034,0.31976744186046513,0.05847953216374269,0.21264367816091953,0.20556920234293297,32.33415214057598
121,C Cowan,Glacier Range Riders,7.15,0,3,21,0,1,22.666666666666668,21,18,18,18,33,13.1,3,1.72,111,2,6,2025,pitcher,22.2,7.147058823529411,1.1911764705882353,8.338235294117647,1.8333333333333333,0.2972972972972973,0.16216216216216217,0.13513513513513514,0,6.808370805949498,2.0062694569353168,4.8021013490141815,6.78739546666124,Reliever,TRUE,0.13513513513513514,0.4885057471264368,0.593103448275862,0.5872093023255814,0.7953216374269005,0.25287356321839083,0.5662335335800073,53.97401201480044
122,C Cowan,Great Falls Voyagers,1.64,0,0,11,0,0,11,6,4,2,15,9,7.36,NA,1.91,50,4,NA,2025,pitcher,11,12.272727272727272,NA,4.909090909090909,0.6,0.18,0.3,-0.12,0,6.808370805949498,2.0062694569353168,4.8021013490141815,NA,Reliever,TRUE,-0.12,0.9655172413793104,NA,0.45348837209302323,0.07017543859649122,0.1724137931034483,NA,NA
1,M Byrne,Glacier Range Riders,0,0,0,2,0,0,0.3333333333333333,NA,NA,NA,3,0,0,NA,9,5,NA,1,2026,pitcher,0.1,81,NA,NA,0,0,0.6,-0.6,0,7.514356743318832,2.4954630205096335,5.018893722809198,NA,Reliever,TRUE,-0.6,0.98,NA,0.005025125628140704,0,0.005,NA,NA
1,X Casserilla,Missoula PaddleHeads,0,0,0,1,0,0,1,1,NA,NA,1,1,9,NA,2,4,1,NA,2026,pitcher,1,9,NA,9,1,0.25,0.25,0,0,7.514356743318832,2.4954630205096335,5.018893722809198,NA,Reliever,TRUE,0,0.98,NA,0.45226130653266333,0.233502538071066,0.015,NA,NA
1,S Hernandez,RedPocket Mobiles,0,0,0,1,0,0,0,NA,NA,NA,NA,0,0,NA,NA,NA,NA,NA,2026,pitcher,0,NA,NA,NA,NA,NA,NA,NA,0,7.514356743318832,2.4954630205096335,5.018893722809198,NA,Reliever,FALSE,NA,0.98,NA,NA,NA,0,NA,NA
1,D Jackson,Boise Hawks,0,0,0,2,0,0,1.6666666666666663,2,NA,NA,1,1,5.4,NA,1.8,8,NA,NA,2026,pitcher,1.2,5.4,NA,10.8,1,0.125,0.125,0,0,7.514356743318832,2.4954630205096335,5.018893722809198,NA,Reliever,TRUE,0,0.98,NA,0.6331658291457286,0.233502538071066,0.035,NA,NA
1,M Koszewski,Missoula PaddleHeads,0,0,0,1,0,0,1,3,NA,NA,NA,0,0,NA,3,5,NA,NA,2026,pitcher,1,NA,NA,27,NA,0,NA,NA,0,7.514356743318832,2.4954630205096335,5.018893722809198,NA,Reliever,TRUE,NA,0.98,NA,0.07537688442211055,NA,0.015,NA,NA
1,N Saltaformaggio,Ogden Raptors,6.88,12,2,17,17,0,104.66666666666669,160,89,80,24,83,7.14,15,1.76,491,8,8,2026,pitcher,104.2,2.0636942675159236,1.2898089171974525,13.75796178343949,3.4583333333333335,0.1690427698574338,0.04887983706720977,0.12016293279022404,1,7.514356743318832,2.4954630205096335,5.018893722809198,6.213161238732765,Starter,TRUE,0.12016293279022404,0.58,0.84472049689441,0.6532663316582915,0.8274111675126904,0.98,0.8026970654261312,68.16182392556787
2,C Calnon,Billings Mustangs,5.54,10,3,15,13,0,89.33333333333333,129,75,55,15,42,4.23,18,1.61,415,1,4,2026,pitcher,89.1,1.5111940298507462,1.8134328358208955,12.99626865671642,2.8,0.10120481927710843,0.03614457831325301,0.06506024096385543,0.8666666666666667,7.514356743318832,2.4954630205096335,5.018893722809198,7.336057901913676,Starter,TRUE,0.06506024096385542,0.785,0.5838509316770186,0.7989949748743719,0.6142131979695431,0.93,0.6935325097521532,61.61195058512919
2,Z Longshore,Glacier Range Riders,5.63,10,5,20,19,0,110.33333333333331,130,76,69,39,105,8.56,21,1.53,492,4,6,2026,pitcher,110.1,3.181268882175227,1.7129909365558913,10.604229607250756,2.6923076923076925,0.21341463414634143,0.07926829268292683,0.13414634146341464,0.95,7.514356743318832,2.4954630205096335,5.018893722809198,6.813455656343941,Starter,TRUE,0.13414634146341464,0.77,0.6894409937888198,0.8844221105527639,0.883248730964467,0.985,0.8041183547636979,68.24710128582187
4,J Garcia,Billings Mustangs,5.6,9,1,16,16,0,99.66666666666669,127,69,62,35,97,8.76,12,1.63,461,11,5,2026,pitcher,99.2,3.160535117056856,1.0836120401337792,11.468227424749164,2.7714285714285714,0.210412147505423,0.07592190889370933,0.13449023861171366,1,7.514356743318832,2.4954630205096335,5.018893722809198,5.8416361977255855,Starter,TRUE,0.13449023861171366,0.775,0.906832298136646,0.7839195979899497,0.8883248730964467,0.965,0.8797898536729427,72.78739122037656
4,N Hemmerling,Long Beach Coast,4.53,9,0,18,16,0,95.33333333333331,95,57,48,32,100,9.44,9,1.33,407,5,5,2026,pitcher,95.1,3.0209790209790213,0.8496503496503497,8.968531468531468,3.125,0.2457002457002457,0.07862407862407862,0.16707616707616707,0.8888888888888888,7.514356743318832,2.4954630205096335,5.018893722809198,5.312600016515491,Starter,TRUE,0.16707616707616707,0.89,0.9813664596273292,0.9698492462311558,0.9441624365482234,0.945,0.953613995783692,77.21683974702151
4,J Jackson,Missoula PaddleHeads,7.83,9,4,19,19,0,100,136,94,87,40,100,9,16,1.76,473,10,6,2026,pitcher,100,3.6,1.44,12.24,2.5,0.2114164904862579,0.08456659619450317,0.12684989429175475,1,7.514356743318832,2.4954630205096335,5.018893722809198,6.478893722809198,Starter,TRUE,0.12684989429175475,0.47,0.7763975155279503,0.6532663316582915,0.8578680203045685,0.97,0.763459243437923,65.80755460627537
7,A Elfering,Glacier Range Riders,5.09,8,5,19,18,0,111.33333333333331,144,68,63,27,92,7.44,20,1.54,493,3,5,2026,pitcher,111.1,2.1826347305389224,1.6167664670658684,11.640718562874252,3.407407407407407,0.18661257606490872,0.05476673427991886,0.13184584178498987,0.9473684210526315,7.514356743318832,2.4954630205096335,5.018893722809198,6.563803902449916,Starter,TRUE,0.13184584178498987,0.85,0.7515527950310559,0.8743718592964824,0.868020304568528,0.99,0.8376623648557762,70.25974189134658
7,O Serrano,Modesto Roadsters,4.15,8,3,19,19,0,115,118,61,53,44,127,9.94,12,1.41,503,4,2,2026,pitcher,115,3.4434782608695653,0.9391304347826088,9.234782608695651,2.886363636363636,0.2524850894632207,0.0874751491053678,0.16500994035785288,1,7.514356743318832,2.4954630205096335,5.018893722809198,5.366719809765719,Starter,TRUE,0.16500994035785288,0.91,0.9751552795031055,0.9346733668341709,0.9390862944162437,1,0.9578467073679081,77.47080244207449
7,C Talley,Modesto Roadsters,5.99,8,3,17,16,0,79.66666666666667,104,61,53,37,62,7,10,1.77,378,1,3,2026,pitcher,79.2,4.179916317991632,1.1297071129707112,11.748953974895397,1.6756756756756757,0.164021164021164,0.09788359788359788,0.06613756613756613,0.9411764705882353,7.514356743318832,2.4954630205096335,5.018893722809198,6.6004836809681935,Starter,TRUE,0.06613756613756613,0.74,0.7329192546583851,0.6432160804020101,0.6192893401015228,0.89,0.7258471779238596,63.55083067543157
10,B Beard,Missoula PaddleHeads,7.11,7,3,17,17,0,87.33333333333333,119,85,69,29,77,7.94,26,1.69,414,2,11,2026,pitcher,87.1,2.988549618320611,2.6793893129770994,12.263358778625957,2.6551724137931036,0.1859903381642512,0.07004830917874397,0.11594202898550723,1,7.514356743318832,2.4954630205096335,5.018893722809198,8.499809753343548,Starter,TRUE,0.11594202898550725,0.555,0.30434782608695654,0.7286432160804021,0.817258883248731,0.915,0.578555228692569,54.713313721554144
10,J Martin,Long Beach Coast,5.23,7,2,16,15,0,75.66666666666667,82,55,44,30,55,6.54,15,1.48,343,2,8,2026,pitcher,75.2,3.568281938325991,1.7841409691629957,9.753303964757707,1.8333333333333333,0.16034985422740525,0.08746355685131195,0.0728862973760933,0.9375,7.514356743318832,2.4954630205096335,5.018893722809198,7.648849669945761,Starter,TRUE,0.0728862973760933,0.825,0.4968944099378882,0.8994974874371859,0.6751269035532995,0.875,0.6787328934295338,60.72397360577203
12,N Bautista,Long Beach Coast,4.74,6,3,18,14,0,79.66666666666667,86,49,42,41,81,9.15,10,1.59,353,6,3,2026,pitcher,79.2,4.631799163179916,1.1297071129707112,9.715481171548117,1.975609756097561,0.22946175637393768,0.11614730878186968,0.113314447592068,0.7777777777777778,7.514356743318832,2.4954630205096335,5.018893722809198,6.27412384833221,Starter,TRUE,0.11331444759206799,0.88,0.8260869565217391,0.8190954773869347,0.8071065989847716,0.89,0.8392656501443434,70.35593900866061
12,J Castillo,Modesto Roadsters,4.48,6,2,43,0,1,70.33333333333333,67,40,35,34,82,10.49,8,1.44,309,2,1,2026,pitcher,70.1,4.350710900473934,1.023696682464455,8.57345971563981,2.411764705882353,0.26537216828478966,0.11003236245954692,0.15533980582524273,0,7.514356743318832,2.4954630205096335,5.018893722809198,5.658704149349482,Reliever,TRUE,0.1553398058252427,0.9,0.9565217391304348,0.9195979899497487,0.9289340101522843,0.845,0.9221052966776057,75.32631780065634
12,G Grosjean,Long Beach Coast,5.31,6,3,23,4,0,42.333333333333336,44,36,25,26,39,8.29,6,1.65,206,3,7,2026,pitcher,42.1,5.52755905511811,1.2755905511811023,9.354330708661417,1.5,0.18932038834951456,0.1262135922330097,0.06310679611650485,0.17391304347826086,7.514356743318832,2.4954630205096335,5.018893722809198,7.357476399974551,Reliever,TRUE,0.06310679611650485,0.82,0.5714285714285714,0.7688442211055276,0.5888324873096447,0.585,0.6339723481439102,58.038340888634615
12,J Harris,Billings Mustangs,6.38,6,4,13,13,0,67.66666666666667,78,53,48,39,69,9.18,9,1.73,317,6,3,2026,pitcher,67.2,5.1871921182266005,1.1970443349753694,10.3743842364532,1.7692307692307692,0.21766561514195584,0.12302839116719244,0.09463722397476342,1,7.514356743318832,2.4954630205096335,5.018893722809198,6.570617860740232,Starter,TRUE,0.0946372239747634,0.675,0.7453416149068323,0.7035175879396985,0.7563451776649747,0.835,0.7462574402896978,64.77544641738186
12,D Hernandez,Modesto Roadsters,4.76,6,3,16,12,1,85,83,51,45,32,82,8.68,12,1.35,371,5,2,2026,pitcher,85,3.388235294117647,1.2705882352941176,8.788235294117648,2.5625,0.2210242587601078,0.0862533692722372,0.1347708894878706,0.75,7.514356743318832,2.4954630205096335,5.018893722809198,6.124776075750374,Starter,TRUE,0.1347708894878706,0.875,0.8757763975155279,0.9597989949748744,0.8984771573604061,0.91,0.8937358899757799,73.6241533985468
12,J Jenkins,Modesto Roadsters,5.72,6,3,18,18,0,102.33333333333331,103,67,65,40,104,9.15,13,1.4,452,8,11,2026,pitcher,102.1,3.5179153094462543,1.1433224755700326,9.058631921824103,2.6,0.23008849557522124,0.08849557522123894,0.1415929203539823,1,7.514356743318832,2.4954630205096335,5.018893722809198,6.132900237467178,Starter,TRUE,0.1415929203539823,0.76,0.8695652173913043,0.9396984924623115,0.9086294416243654,0.975,0.883771824527626,73.02630947165756
12,T McEvoy,Billings Mustangs,6.19,6,1,10,9,0,52.333333333333336,53,40,36,30,42,7.22,7,1.59,231,1,2,2026,pitcher,52.1,5.159235668789809,1.2038216560509554,9.114649681528665,1.4,0.18181818181818185,0.12987012987012986,0.05194805194805196,0.9,7.514356743318832,2.4954630205096335,5.018893722809198,6.987046589051236,Starter,TRUE,0.05194805194805195,0.71,0.6521739130434783,0.8190954773869347,0.5177664974619289,0.72,0.6608324124484705,59.649944746908226
12,H Mullins,Billings Mustangs,5.5,6,2,37,0,0,52.333333333333336,59,35,32,32,49,8.43,6,1.74,243,4,4,2026,pitcher,52.1,5.503184713375796,1.0318471337579618,10.146496815286625,1.53125,0.20164609053497945,0.13168724279835392,0.0699588477366255,0,7.514356743318832,2.4954630205096335,5.018893722809198,6.7004223852295794,Reliever,TRUE,0.06995884773662552,0.79,0.7204968944099379,0.6884422110552764,0.6548223350253807,0.72,0.7145074458745789,62.870446752474734
12,E Roarke,Modesto Roadsters,4.92,6,2,10,9,0,53,49,32,29,25,47,7.98,4,1.4,230,2,3,2026,pitcher,53,4.245283018867925,0.6792452830188679,8.320754716981131,1.88,0.20434782608695656,0.10869565217391304,0.0956521739130435,0.9,7.514356743318832,2.4954630205096335,5.018893722809198,5.811346552997877,Starter,TRUE,0.09565217391304348,0.865,0.9192546583850931,0.9396984924623115,0.766497461928934,0.735,0.8549712049860552,71.2982722991633
21,M Bryant,Idaho Falls Chukars,5.4,5,0,27,0,1,28.333333333333332,31,18,17,13,29,9.21,2,1.55,129,5,4,2026,pitcher,28.1,4.129411764705883,0.6352941176470589,9.847058823529412,2.230769230769231,0.2248062015503876,0.1007751937984496,0.124031007751938,0,7.514356743318832,2.4954630205096335,5.018893722809198,5.689481958103316,Reliever,TRUE,0.12403100775193798,0.8,0.9503105590062112,0.864321608040201,0.8426395939086294,0.375,0.8113343031882306,68.68005819129384
21,V Cisneros,Oakland Ballers,5.8,5,1,34,0,0,45,44,34,29,39,57,11.4,4,1.84,220,6,4,2026,pitcher,45,7.8,0.8,8.8,1.4615384615384617,0.2590909090909091,0.17727272727272728,0.08181818181818182,0,7.514356743318832,2.4954630205096335,5.018893722809198,6.507782611698087,Reliever,TRUE,0.08181818181818182,0.75,0.7639751552795031,0.5979899497487438,0.7157360406091371,0.62,0.714036265208503,62.842175912510186
21,R DuSang,Boise Hawks,6.8,5,2,41,0,7,42.333333333333336,47,34,32,36,38,8.08,4,1.96,202,4,6,2026,pitcher,42.1,7.653543307086614,0.8503937007874015,9.992125984251969,1.0555555555555556,0.18811881188118812,0.1782178217821782,0.00990099009900991,0,7.514356743318832,2.4954630205096335,5.018893722809198,7.428342541706835,Reliever,TRUE,0.009900990099009901,0.595,0.5590062111801242,0.48743718592964824,0.30456852791878175,0.585,0.5102599086487709,50.61559451892626
21,R Fields,Missoula PaddleHeads,3.59,5,2,13,4,0,42.666666666666664,36,19,17,16,49,10.34,5,1.22,176,1,NA,2026,pitcher,42.2,3.375,1.0546875,7.59375,3.0625,0.2784090909090909,0.09090909090909093,0.18749999999999997,0.3076923076923077,7.514356743318832,2.4954630205096335,5.018893722809198,NA,Reliever,TRUE,0.1875,0.935,NA,0.9849246231155779,0.9695431472081218,0.595,NA,NA
21,R Inouye,Idaho Falls Chukars,5.47,5,2,36,0,3,49.333333333333336,48,36,30,30,53,9.67,5,1.58,239,4,15,2026,pitcher,49.1,5.472972972972973,0.9121621621621622,8.756756756756756,1.7666666666666666,0.2217573221757322,0.12552301255230125,0.09623430962343096,0,7.514356743318832,2.4954630205096335,5.018893722809198,6.924299128214603,Reliever,TRUE,0.09623430962343096,0.795,0.6645962732919255,0.8291457286432161,0.7766497461928934,0.69,0.7268330314196706,63.60998188518023
21,J Leerssen,Idaho Falls Chukars,10.43,5,8,19,17,0,88,129,111,102,54,91,9.31,20,2.08,450,8,10,2026,pitcher,88,5.5227272727272725,2.0454545454545454,13.193181818181818,1.6851851851851851,0.20222222222222225,0.12,0.08222222222222222,0.8947368421052632,7.514356743318832,2.4954630205096335,5.018893722809198,8.087075540991016,Starter,TRUE,0.08222222222222222,0.2,0.37888198757763975,0.39195979899497485,0.7208121827411168,0.92,0.5029112114787768,50.17467268872661
21,A Moreno,Modesto Roadsters,8.39,5,4,31,0,5,34.333333333333336,45,37,32,22,37,9.7,7,1.95,175,1,3,2026,pitcher,34.1,5.766990291262135,1.8349514563106797,11.796116504854368,1.681818181818182,0.21142857142857144,0.12571428571428572,0.08571428571428572,0,7.514356743318832,2.4954630205096335,5.018893722809198,7.698505373294634,Reliever,TRUE,0.08571428571428572,0.405,0.4906832298136646,0.5175879396984925,0.7360406091370558,0.45,0.5234902077227263,51.40941246336358
21,R Radkey,Boise Hawks,7.84,5,3,13,12,0,62,73,63,54,45,46,6.68,8,1.9,302,4,5,2026,pitcher,62,6.532258064516129,1.1612903225806452,10.596774193548388,1.022222222222222,0.152317880794702,0.1490066225165563,0.00331125827814568,0.9230769230769231,7.514356743318832,2.4954630205096335,5.018893722809198,7.63179694861565,Starter,TRUE,0.0033112582781456954,0.465,0.5031055900621118,0.5527638190954773,0.28426395939086296,0.805,0.5038714098125651,50.2322845887539
21,T Reisinger,Missoula PaddleHeads,7.46,5,6,18,18,0,95.33333333333331,118,90,79,42,82,7.74,22,1.68,441,7,5,2026,pitcher,95.1,3.9650349650349654,2.076923076923077,11.13986013986014,1.9523809523809523,0.18594104308390025,0.09523809523809525,0.090702947845805,1,7.514356743318832,2.4954630205096335,5.018893722809198,7.777634981550456,Starter,TRUE,0.09070294784580499,0.505,0.4720496894409938,0.7437185929648241,0.751269035532995,0.945,0.630945542179479,57.85673253076874
21,Z Rose,Boise Hawks,6.4,5,4,47,2,12,95.66666666666669,115,73,68,34,79,7.43,17,1.56,437,3,9,2026,pitcher,95.2,3.1986062717770034,1.5993031358885017,10.818815331010452,2.323529411764706,0.18077803203661327,0.07780320366132723,0.10297482837528604,0.0425531914893617,7.514356743318832,2.4954630205096335,5.018893722809198,7.02586236392418,Reliever,TRUE,0.10297482837528604,0.67,0.6273291925465838,0.8542713567839196,0.7868020304568528,0.955,0.7374692187883961,64.24815312730377
21,L Smiddy,Great Falls Voyagers,7.24,5,3,24,2,1,51,74,49,41,34,45,7.94,6,2.12,262,5,6,2026,pitcher,51,6,1.0588235294117647,13.058823529411764,1.3235294117647058,0.1717557251908397,0.1297709923664122,0.04198473282442749,0.08333333333333333,7.514356743318832,2.4954630205096335,5.018893722809198,7.136540781632727,Reliever,TRUE,0.04198473282442748,0.535,0.6086956521739131,0.36683417085427134,0.4619289340101523,0.7,0.5577974647570229,53.46784788542137
32,A Baker,Boise Hawks,8.92,4,5,15,14,0,72.66666666666667,107,82,72,49,56,6.94,11,2.15,373,3,7,2026,pitcher,72.2,6.068807339449541,1.3623853211009174,13.25229357798165,1.1428571428571428,0.15013404825737264,0.13136729222520108,0.01876675603217156,0.9333333333333333,7.514356743318832,2.4954630205096335,5.018893722809198,7.757425832900941,Starter,TRUE,0.01876675603217158,0.34,0.4782608695652174,0.34673366834170855,0.34517766497461927,0.855,0.4742632476551817,48.4557948593109
32,C Chatman,Ogden Raptors,8.92,4,6,19,15,0,75.66666666666667,107,84,75,43,73,8.68,16,1.98,378,4,7,2026,pitcher,75.2,5.11453744493392,1.9030837004405283,12.726872246696034,1.697674418604651,0.1931216931216931,0.11375661375661376,0.07936507936507936,0.7894736842105263,7.514356743318832,2.4954630205096335,5.018893722809198,7.820655837346642,Starter,TRUE,0.07936507936507936,0.34,0.4409937888198758,0.4623115577889447,0.7055837563451777,0.875,0.5459954225758803,52.75972535455282
32,C Dayton,Boise Hawks,6.41,4,1,8,8,0,46.333333333333336,60,43,33,20,27,5.24,6,1.73,218,2,3,2026,pitcher,46.1,3.884892086330935,1.1654676258992804,11.654676258992804,1.35,0.12385321100917432,0.09174311926605504,0.03211009174311927,1,7.514356743318832,2.4954630205096335,5.018893722809198,7.026087967413514,Starter,TRUE,0.03211009174311927,0.66,0.6211180124223602,0.7035175879396985,0.39593908629441626,0.65,0.5944867810217972,55.669206861307835
32,R Egloff,Yuba-Sutter Freebirds,6.85,4,6,19,19,0,90.66666666666669,118,77,69,53,82,8.14,17,1.89,436,7,6,2026,pitcher,90.2,5.261029411764706,1.6875,11.713235294117649,1.5471698113207548,0.18807339449541283,0.12155963302752294,0.06651376146788991,1,7.514356743318832,2.4954630205096335,5.018893722809198,7.599776075750373,Starter,TRUE,0.06651376146788991,0.59,0.515527950310559,0.5628140703517588,0.6294416243654822,0.935,0.6171309120324959,57.02785472194976
32,D Gardner,Ogden Raptors,9.24,4,3,36,3,0,61.333333333333336,77,72,63,50,63,9.24,16,2.07,315,10,9,2026,pitcher,61.1,7.33695652173913,2.3478260869565215,11.29891304347826,1.26,0.2,0.15873015873015872,0.04126984126984129,0.08333333333333333,7.514356743318832,2.4954630205096335,5.018893722809198,9.24171980976572,Reliever,TRUE,0.04126984126984127,0.3,0.17391304347826086,0.3969849246231156,0.45685279187817257,0.8,0.3656342682292504,41.93805609375502
32,G Garza,Missoula PaddleHeads,8.71,4,0,36,1,0,51.666666666666664,74,55,50,35,33,5.75,15,2.11,267,2,2,2026,pitcher,51.2,6.096774193548387,2.6129032258064515,12.890322580645162,0.9428571428571428,0.12359550561797752,0.13108614232209737,-0.00749063670411984,0.027777777777777776,7.514356743318832,2.4954630205096335,5.018893722809198,9.66405501313178,Reliever,TRUE,-0.00749063670411985,0.375,0.12422360248447205,0.37185929648241206,0.2233502538071066,0.715,0.29504542140345136,37.70272528420708
32,R Hernandez,Idaho Falls Chukars,7.9,4,1,9,5,0,35.333333333333336,52,33,31,7,20,5.09,4,1.67,159,1,4,2026,pitcher,35.1,1.7830188679245282,1.018867924528302,13.245283018867925,2.857142857142857,0.12578616352201258,0.0440251572327044,0.08176100628930819,0.5555555555555556,7.514356743318832,2.4954630205096335,5.018893722809198,6.292478628469575,Starter,TRUE,0.08176100628930817,0.46,0.8198757763975155,0.7537688442211056,0.7106598984771574,0.465,0.6842091746765483,61.0525504805929
32,B Huter,Idaho Falls Chukars,6.11,4,4,17,15,0,88.33333333333333,118,70,60,32,51,5.2,12,1.7,410,3,5,2026,pitcher,88.1,3.260377358490566,1.2226415094339624,12.022641509433964,1.59375,0.12439024390243902,0.07804878048780488,0.04634146341463414,0.8823529411764706,7.514356743318832,2.4954630205096335,5.018893722809198,6.886818251111085,Starter,TRUE,0.046341463414634146,0.725,0.6708074534161491,0.7236180904522613,0.49238578680203043,0.925,0.686661947772092,61.19971686632552
32,I Lanik,Idaho Falls Chukars,10.33,4,8,17,16,0,83.66666666666667,143,101,96,44,56,6.02,21,2.24,432,5,8,2026,pitcher,83.2,4.733067729083665,2.2589641434262946,15.382470119521912,1.2727272727272727,0.12962962962962962,0.10185185185185185,0.02777777777777777,0.9411764705882353,7.514356743318832,2.4954630205096335,5.018893722809198,8.807738344323141,Starter,TRUE,0.027777777777777776,0.205,0.2484472049689441,0.2663316582914573,0.38071065989847713,0.905,0.3686541797964188,42.11925078778513
32,S Lavin,Great Falls Voyagers,7.63,4,6,16,16,0,96.66666666666669,134,90,82,50,105,9.78,16,1.9,472,15,5,2026,pitcher,96.2,4.655172413793103,1.489655172413793,12.475862068965515,2.1,0.22245762711864409,0.1059322033898305,0.11652542372881355,1,7.514356743318832,2.4954630205096335,5.018893722809198,6.7051006193609215,Starter,TRUE,0.11652542372881355,0.49,0.7142857142857143,0.5527638190954773,0.8223350253807107,0.96,0.7229576726999757,63.377460361998544
32,B Mayer,Oakland Ballers,6.41,4,0,22,0,0,39.333333333333336,49,37,28,25,38,8.69,8,1.88,195,3,4,2026,pitcher,39.1,5.720338983050847,1.830508474576271,11.21186440677966,1.52,0.19487179487179487,0.1282051282051282,0.06666666666666668,0,7.514356743318832,2.4954630205096335,5.018893722809198,7.94262253636852,Reliever,TRUE,0.06666666666666667,0.66,0.391304347826087,0.5678391959798995,0.6345177664974619,0.535,0.5194592120279172,51.16755272167504
32,P McMan,Ogden Raptors,9,4,1,13,13,0,60,91,64,60,25,53,7.95,23,1.93,292,3,3,2026,pitcher,60,3.75,3.45,13.65,2.12,0.1815068493150685,0.08561643835616438,0.09589041095890412,1,7.514356743318832,2.4954630205096335,5.018893722809198,9.635560389475865,Starter,TRUE,0.0958904109589041,0.325,0.13043478260869565,0.5276381909547738,0.7715736040609137,0.795,0.42725245295113834,45.635147177068305
32,M O'Brien,Long Beach Coast,5.21,4,3,12,10,0,57,65,34,33,17,29,4.58,6,1.44,253,2,6,2026,pitcher,57,2.6842105263157894,0.9473684210526316,10.263157894736842,1.7058823529411764,0.11462450592885376,0.06719367588932806,0.04743083003952569,0.8333333333333334,7.514356743318832,2.4954630205096335,5.018893722809198,6.5802972315811274,Starter,TRUE,0.04743083003952569,0.835,0.7391304347826086,0.9195979899497487,0.49746192893401014,0.77,0.7278543586948203,63.67126152168922
32,M Pennington,Idaho Falls Chukars,9.21,4,1,11,11,0,56.666666666666664,88,70,58,27,40,6.35,17,2.03,284,5,4,2026,pitcher,56.2,4.288235294117647,2.7,13.976470588235294,1.4814814814814814,0.14084507042253522,0.09507042253521128,0.04577464788732395,1,7.514356743318832,2.4954630205096335,5.018893722809198,9.14830548751508,Starter,TRUE,0.045774647887323945,0.31,0.19254658385093168,0.4271356783919598,0.4873096446700508,0.765,0.3784441303135788,42.70664781881473
32,R Pfeifer,Yuba-Sutter Freebirds,6.33,4,1,24,0,3,27,20,21,19,20,46,15.33,3,1.48,123,1,5,2026,pitcher,27,6.666666666666667,1,6.666666666666667,2.3,0.3739837398373983,0.16260162601626016,0.2113821138211382,0,7.514356743318832,2.4954630205096335,5.018893722809198,5.8337085376240125,Reliever,TRUE,0.21138211382113822,0.68,0.9130434782608695,0.8994974874371859,0.9847715736040609,0.355,0.8073714547688786,68.44228728613271
32,W Rogers,Great Falls Voyagers,6.14,4,4,22,6,3,58.666666666666664,66,43,40,29,68,10.43,8,1.62,277,7,6,2026,pitcher,58.2,4.448863636363637,1.2272727272727273,10.125,2.3448275862068964,0.24548736462093865,0.10469314079422384,0.1407942238267148,0.2727272727272727,7.514356743318832,2.4954630205096335,5.018893722809198,6.263211904627379,Reliever,TRUE,0.1407942238267148,0.715,0.8322981366459627,0.7889447236180904,0.9035532994923858,0.79,0.8182743869186715,69.09646321512028
32,J Schaaf,Ogden Raptors,5.4,4,2,12,12,0,73.33333333333333,88,45,44,27,47,5.77,8,1.57,327,4,1,2026,pitcher,73.1,3.313636363636364,0.981818181818182,10.8,1.7407407407407407,0.1437308868501529,0.08256880733944955,0.06116207951070335,1,7.514356743318832,2.4954630205096335,5.018893722809198,6.30071190462738,Starter,TRUE,0.06116207951070336,0.8,0.8136645962732919,0.8492462311557789,0.5786802030456852,0.865,0.7758765022340317,66.5525901340419
32,E Sepulveda,Great Falls Voyagers,10.16,4,0,29,0,0,36.333333333333336,47,43,41,34,15,3.72,8,2.23,189,2,6,2026,pitcher,36.1,8.422018348623853,1.9816513761467889,11.642201834862384,0.4411764705882353,0.07936507936507936,0.17989417989417988,-0.10052910052910052,0,7.514356743318832,2.4954630205096335,5.018893722809198,10.358343264093602,Reliever,TRUE,-0.10052910052910052,0.22,0.07453416149068323,0.271356783919598,0.07106598984771574,0.48,0.17616254095777623,30.569752457466574
32,G Van Deventer,Long Beach Coast,6.32,4,2,14,13,0,62.666666666666664,90,54,44,25,44,6.32,6,1.84,300,4,6,2026,pitcher,62.2,3.5904255319148937,0.8617021276595745,12.925531914893618,1.76,0.14666666666666667,0.08333333333333333,0.06333333333333334,0.9285714285714286,7.514356743318832,2.4954630205096335,5.018893722809198,6.3433618079155805,Starter,TRUE,0.06333333333333334,0.685,0.8012422360248447,0.5979899497487438,0.5939086294416244,0.815,0.7240776152731372,63.44465691638823
32,T Wolf,Yuba-Sutter Freebirds,7.74,4,5,47,0,7,57,66,51,49,57,57,9,7,2.16,293,10,4,2026,pitcher,57,9,1.105263157894737,10.421052631578949,1,0.1945392491467577,0.1945392491467577,0,0,7.514356743318832,2.4954630205096335,5.018893722809198,7.825911266668847,Reliever,TRUE,0,0.48,0.42857142857142855,0.32160804020100503,0.233502538071066,0.77,0.43778988306288513,46.26739298377311
52,C Anziani,Billings Mustangs,6.56,3,1,25,0,1,35.666666666666664,45,26,26,26,32,8.07,1,1.99,180,5,4,2026,pitcher,35.2,6.560747663551402,0.25233644859813087,11.35514018691589,1.2307692307692308,0.17777777777777778,0.14444444444444443,0.03333333333333335,0,7.514356743318832,2.4954630205096335,5.018893722809198,6.1123516667344315,Reliever,TRUE,0.03333333333333333,0.63,0.8819875776397516,0.457286432160804,0.40609137055837563,0.47,0.6447419483836562,58.68451690301937
52,H Boncal,Billings Mustangs,9.15,3,4,17,13,0,62,97,69,63,40,68,9.87,12,2.21,314,5,4,2026,pitcher,62,5.806451612903226,1.7419354838709675,14.080645161290322,1.7,0.2165605095541401,0.12738853503184713,0.089171974522293,0.7647058823529411,7.514356743318832,2.4954630205096335,5.018893722809198,7.470506626035004,Starter,TRUE,0.08917197452229299,0.32,0.5403726708074534,0.2864321608040201,0.7461928934010152,0.805,0.5627808630835864,53.766851785015184
52,L Burkett,Oakland Ballers,7.15,3,1,32,1,2,34,26,35,27,33,50,13.24,6,1.74,164,6,6,2026,pitcher,34,8.735294117647058,1.588235294117647,6.882352941176471,1.5151515151515151,0.3048780487804878,0.20121951219512196,0.10365853658536583,0.03125,7.514356743318832,2.4954630205096335,5.018893722809198,7.813011369868021,Reliever,TRUE,0.10365853658536585,0.545,0.4472049689440994,0.6884422110552764,0.7918781725888325,0.44,0.5538518432009338,53.23111059205603
52,C Canada,Glacier Range Riders,7.51,3,3,16,9,0,44.333333333333336,48,46,37,43,56,11.37,9,2.05,228,9,5,2026,pitcher,44.1,8.729323308270676,1.827067669172932,9.74436090225564,1.302325581395349,0.24561403508771928,0.18859649122807015,0.0570175438596491,0.5625,7.514356743318832,2.4954630205096335,5.018893722809198,8.379795978448296,Starter,TRUE,0.05701754385964912,0.495,0.3105590062111801,0.41708542713567837,0.5583756345177665,0.61,0.44335727210159315,46.60143632609559
52,C Colyer,Idaho Falls Chukars,11.08,3,1,27,0,0,31.666666666666668,62,42,39,24,37,10.52,7,2.72,176,3,NA,2026,pitcher,31.2,6.821052631578947,1.9894736842105265,17.621052631578948,1.5416666666666667,0.2102272727272727,0.13636363636363635,0.07386363636363638,0,7.514356743318832,2.4954630205096335,5.018893722809198,NA,Reliever,TRUE,0.07386363636363637,0.165,NA,0.1306532663316583,0.6852791878172588,0.4,NA,NA
52,J Cone,Boise Hawks,11.02,3,8,16,16,0,72.66666666666667,125,99,89,58,40,4.95,17,2.52,407,7,5,2026,pitcher,72.2,7.18348623853211,2.1055045871559632,15.481651376146788,0.6896551724137931,0.09828009828009827,0.14250614250614252,-0.04422604422604424,1,7.514356743318832,2.4954630205096335,5.018893722809198,9.560178126478922,Starter,TRUE,-0.044226044226044224,0.175,0.13664596273291926,0.17587939698492464,0.16751269035532995,0.855,0.2602488628627262,35.61493177176357
52,C Cressend,Glacier Range Riders,5.66,3,4,15,12,0,47.666666666666664,61,38,30,18,33,6.23,5,1.66,220,NA,1,2026,pitcher,47.2,3.3986013986013988,0.944055944055944,11.517482517482518,1.8333333333333333,0.15,0.08181818181818182,0.06818181818181818,0.8,7.514356743318832,2.4954630205096335,5.018893722809198,6.193718897634373,Starter,TRUE,0.06818181818181818,0.765,0.8509316770186336,0.7587939698492462,0.6446700507614214,0.665,0.7596860779446624,65.58116467667975
52,A Diaz,Modesto Roadsters,6.24,3,3,22,10,0,70.66666666666667,91,59,49,23,66,8.41,14,1.61,324,2,7,2026,pitcher,70.2,2.929245283018868,1.7830188679245282,11.589622641509433,2.869565217391304,0.2037037037037037,0.07098765432098765,0.13271604938271603,0.45454545454545453,7.514356743318832,2.4954630205096335,5.018893722809198,7.000025798280896,Reliever,TRUE,0.13271604938271606,0.695,0.639751552795031,0.7989949748743719,0.8730964467005076,0.85,0.7421694079455512,64.53016447673306
52,C Diaz,Oakland Ballers,7.38,3,3,15,6,1,39,49,36,32,19,24,5.54,9,1.74,182,2,4,2026,pitcher,39,4.384615384615385,2.076923076923077,11.307692307692308,1.263157894736842,0.13186813186813187,0.1043956043956044,0.02747252747252747,0.4,7.514356743318832,2.4954630205096335,5.018893722809198,8.557355261270736,Reliever,TRUE,0.027472527472527472,0.52,0.2857142857142857,0.6884422110552764,0.3756345177664975,0.53,0.4157568389445414,44.94541033667248
52,J Giblin,Glacier Range Riders,6,3,3,12,10,0,48,58,35,32,26,50,9.38,4,1.75,224,2,1,2026,pitcher,48,4.875,0.75,10.875,1.9230769230769231,0.22321428571428573,0.11607142857142858,0.10714285714285716,0.8333333333333334,7.514356743318832,2.4954630205096335,5.018893722809198,5.706393722809198,Starter,TRUE,0.10714285714285714,0.735,0.9440993788819876,0.6683417085427136,0.8020304568527918,0.67,0.8156300137776249,68.9378008266575
52,D Hankins,Billings Mustangs,8.41,3,4,18,10,0,55.666666666666664,75,58,52,45,43,6.95,8,2.16,287,4,9,2026,pitcher,55.2,7.275449101796408,1.2934131736526946,12.125748502994012,0.9555555555555556,0.14982578397212545,0.156794425087108,-0.00696864111498257,0.5555555555555556,7.514356743318832,2.4954630205096335,5.018893722809198,8.252426656940933,Starter,TRUE,-0.006968641114982578,0.4,0.34782608695652173,0.32160804020100503,0.22842639593908629,0.755,0.39022651799052643,43.41359107943158
52,L Hartman,Billings Mustangs,6.28,3,3,33,1,10,38.666666666666664,41,28,27,23,59,13.73,6,1.66,174,10,1,2026,pitcher,38.2,5.353448275862069,1.396551724137931,9.543103448275865,2.5652173913043477,0.3390804597701149,0.13218390804597702,0.2068965517241379,0.030303030303030304,7.514356743318832,2.4954630205096335,5.018893722809198,5.846479929705749,Reliever,TRUE,0.20689655172413793,0.69,0.9006211180124224,0.7587939698492462,0.9796954314720813,0.505,0.8113169304843099,68.67901582905859
52,J Johnson,Missoula PaddleHeads,10,3,1,29,0,1,27,40,36,30,13,30,10,5,1.96,135,6,2,2026,pitcher,27,4.333333333333333,1.6666666666666667,13.333333333333334,2.3076923076923075,0.2222222222222222,0.0962962962962963,0.1259259259259259,0,7.514356743318832,2.4954630205096335,5.018893722809198,6.87074557466105,Reliever,TRUE,0.1259259259259259,0.23,0.6770186335403726,0.48743718592964824,0.8527918781725888,0.355,0.5778595476436317,54.6715728586179
52,S Kelby,Idaho Falls Chukars,6.45,3,1,15,9,0,53,57,50,38,45,28,4.75,6,1.92,262,7,6,2026,pitcher,53,7.641509433962264,1.018867924528302,9.679245283018869,0.6222222222222222,0.1068702290076336,0.1717557251908397,-0.06488549618320612,0.6,7.514356743318832,2.4954630205096335,5.018893722809198,8.320780515262028,Starter,TRUE,-0.0648854961832061,0.65,0.32919254658385094,0.5326633165829145,0.13705583756345177,0.735,0.42010451780452224,45.206271068271334
52,K Kneip,Ogden Raptors,9.22,3,3,28,0,4,27.333333333333332,36,34,28,25,20,6.59,4,2.23,147,9,4,2026,pitcher,27.1,8.231707317073171,1.3170731707317074,11.853658536585366,0.8,0.1360544217687075,0.17006802721088435,-0.03401360544217685,0,7.514356743318832,2.4954630205096335,5.018893722809198,8.640844942321394,Reliever,TRUE,-0.034013605442176874,0.305,0.2732919254658385,0.271356783919598,0.18781725888324874,0.365,0.27451590035494494,36.47095402129669
52,E Langston,Glacier Range Riders,9.49,3,5,23,11,0,67.33333333333333,102,84,71,35,48,6.42,10,2.03,336,5,8,2026,pitcher,67.1,4.678217821782178,1.3366336633663367,13.633663366336634,1.3714285714285714,0.14285714285714285,0.10416666666666669,0.03869047619047618,0.4782608695652174,7.514356743318832,2.4954630205096335,5.018893722809198,7.439685802017118,Reliever,TRUE,0.03869047619047619,0.27,0.5527950310559007,0.4271356783919598,0.4467005076142132,0.83,0.5181716817843989,51.090300907063934
52,K Lewis,Ogden Raptors,8.08,3,3,41,0,0,45.666666666666664,60,54,41,34,49,9.66,14,2.06,240,6,6,2026,pitcher,45.2,6.700729927007299,2.759124087591241,11.824817518248176,1.4411764705882353,0.20416666666666664,0.14166666666666666,0.0625,0,7.514356743318832,2.4954630205096335,5.018893722809198,9.486047007480732,Reliever,TRUE,0.0625,0.43,0.16149068322981366,0.40703517587939697,0.583756345177665,0.645,0.38330105991539815,42.99806359492389
52,S Murray,Great Falls Voyagers,8.38,3,0,33,0,1,38.666666666666664,50,39,36,29,55,12.8,5,2.04,193,7,1,2026,pitcher,38.2,6.75,1.163793103448276,11.63793103448276,1.896551724137931,0.2849740932642487,0.15025906735751296,0.13471502590673576,0,7.514356743318832,2.4954630205096335,5.018893722809198,6.1826868262574735,Reliever,TRUE,0.13471502590673576,0.41,0.8571428571428571,0.4221105527638191,0.8934010152284264,0.505,0.7009984011792101,62.05990407075261
52,S Ordorica,Long Beach Coast,3.95,3,3,49,0,2,57,61,26,25,22,34,5.37,6,1.46,242,2,4,2026,pitcher,57,3.473684210526316,0.9473684210526316,9.63157894736842,1.5454545454545454,0.14049586776859505,0.09090909090909093,0.04958677685950413,0,7.514356743318832,2.4954630205096335,5.018893722809198,6.562753371932004,Reliever,TRUE,0.049586776859504134,0.92,0.7577639751552795,0.9095477386934674,0.5076142131979695,0.77,0.7490832065710524,64.94499239426315
52,C Percival,Long Beach Coast,3.95,3,1,10,7,2,41,41,22,18,9,30,6.59,10,1.22,170,NA,NA,2026,pitcher,41,1.975609756097561,2.1951219512195124,9,3.3333333333333335,0.17647058823529413,0.05294117647058823,0.12352941176470587,0.7,7.514356743318832,2.4954630205096335,5.018893722809198,NA,Starter,TRUE,0.12352941176470589,0.92,NA,0.9849246231155779,0.8375634517766497,0.55,NA,NA
52,J Skapinetz,Boise Hawks,10.06,3,5,14,14,0,68,104,88,76,45,81,10.72,19,2.19,363,5,10,2026,pitcher,68,5.955882352941177,2.514705882352941,13.764705882352942,1.8,0.2231404958677686,0.12396694214876032,0.09917355371900828,1,7.514356743318832,2.4954630205096335,5.018893722809198,8.695364311044491,Starter,TRUE,0.09917355371900827,0.225,0.2608695652173913,0.3015075376884422,0.7817258883248731,0.84,0.45059375752077535,47.03562545124652
52,S Spencer,Idaho Falls Chukars,10.63,3,6,17,14,0,64.33333333333333,112,93,76,56,43,6.02,9,2.61,360,15,5,2026,pitcher,64.1,7.83419689119171,1.2590673575129534,15.66839378238342,0.7678571428571429,0.11944444444444444,0.15555555555555556,-0.03611111111111111,0.8235294117647058,7.514356743318832,2.4954630205096335,5.018893722809198,8.345318593275518,Starter,TRUE,-0.03611111111111111,0.195,0.32298136645962733,0.1507537688442211,0.18274111675126903,0.82,0.33306614681852686,39.983968809111616
52,R Steinman,Missoula PaddleHeads,7.91,3,2,34,0,0,38.666666666666664,51,36,34,25,31,7.22,7,1.97,192,1,2,2026,pitcher,38.2,5.81896551724138,1.6293103448275863,11.870689655172416,1.24,0.16145833333333334,0.13020833333333334,0.03125,0,7.514356743318832,2.4954630205096335,5.018893722809198,7.8637213090160945,Reliever,TRUE,0.03125,0.455,0.40993788819875776,0.4723618090452261,0.39086294416243655,0.505,0.433383925016513,46.00303550099078
52,R Steinmann,Billings Mustangs,8.74,3,0,8,0,0,11.333333333333334,13,13,11,13,16,12.71,2,2.29,63,NA,1,2026,pitcher,11.1,10.323529411764705,1.588235294117647,10.323529411764705,1.2307692307692308,0.25396825396825395,0.2063492063492063,0.04761904761904761,0,7.514356743318832,2.4954630205096335,5.018893722809198,8.195364311044491,Reliever,TRUE,0.047619047619047616,0.365,0.36024844720496896,0.22613065326633167,0.5025380710659898,0.165,0.34672005842181874,40.80320350530913
52,M Taubensee,Missoula PaddleHeads,2.94,3,1,44,0,11,49,36,21,16,40,84,15.43,4,1.55,223,6,NA,2026,pitcher,49,7.346938775510204,0.7346938775510204,6.612244897959184,2.1,0.37668161434977576,0.17937219730941703,0.19730941704035873,0,7.514356743318832,2.4954630205096335,5.018893722809198,NA,Reliever,TRUE,0.19730941704035873,0.96,NA,0.864321608040201,0.9746192893401016,0.68,NA,NA
52,D Thomas,Oakland Ballers,3.93,3,1,8,6,0,36.666666666666664,38,18,16,11,30,7.36,5,1.34,156,1,NA,2026,pitcher,36.2,2.7,1.2272727272727273,9.327272727272728,2.727272727272727,0.19230769230769232,0.07051282051282051,0.1217948717948718,0.75,7.514356743318832,2.4954630205096335,5.018893722809198,NA,Starter,TRUE,0.12179487179487179,0.93,NA,0.964824120603015,0.8324873096446701,0.485,NA,NA
52,R Tibbett,Long Beach Coast,16.88,3,0,11,0,0,13.333333333333334,28,25,25,13,14,9.45,7,3.07,81,2,1,2026,pitcher,13.1,8.775,4.725,18.9,1.0769230769230769,0.1728395061728395,0.16049382716049382,0.01234567901234567,0,7.514356743318832,2.4954630205096335,5.018893722809198,12.893893722809198,Reliever,TRUE,0.012345679012345678,0.06,0.031055900621118012,0.07035175879396985,0.3248730964467005,0.22,0.1264321554171843,27.58592932503106
52,J Toporek,Missoula PaddleHeads,6.95,3,1,9,8,0,45.333333333333336,68,36,35,14,34,6.75,4,1.81,211,5,2,2026,pitcher,45.1,2.7794117647058822,0.7941176470588235,13.5,2.4285714285714284,0.16113744075829384,0.06635071090047394,0.0947867298578199,0.8888888888888888,7.514356743318832,2.4954630205096335,5.018893722809198,5.724776075750374,Starter,TRUE,0.0947867298578199,0.565,0.937888198757764,0.6180904522613065,0.7614213197969543,0.635,0.7692485886886271,66.15491532131762
52,C Trout,Boise Hawks,5.23,3,0,53,0,1,41.333333333333336,53,35,24,18,20,4.35,5,1.72,193,2,2,2026,pitcher,41.1,3.919354838709677,1.0887096774193548,11.54032258064516,1.1111111111111112,0.10362694300518134,0.0932642487046632,0.01036269430051813,0,7.514356743318832,2.4954630205096335,5.018893722809198,7.075345335712424,Reliever,TRUE,0.010362694300518135,0.825,0.6149068322981367,0.7185929648241206,0.3147208121827411,0.555,0.587766191838215,55.2659715102929
52,R Velazquez,RedPocket Mobiles,8.84,3,5,16,11,0,58,73,69,57,40,51,7.91,13,1.95,296,7,5,2026,pitcher,58,6.206896551724138,2.0172413793103448,11.327586206896552,1.275,0.17229729729729729,0.13513513513513514,0.03716216216216214,0.6875,7.514356743318832,2.4954630205096335,5.018893722809198,8.501652343498852,Starter,TRUE,0.037162162162162164,0.36,0.2981366459627329,0.5175879396984925,0.4365482233502538,0.785,0.4300730970249932,45.804385821499594
52,L Wade,Glacier Range Riders,3.05,3,2,26,0,0,41.333333333333336,33,17,14,22,45,9.8,2,1.33,172,2,1,2026,pitcher,41.1,4.790322580645161,0.43548387096774194,7.185483870967741,2.0454545454545454,0.2616279069767442,0.12790697674418605,0.13372093023255816,0,7.514356743318832,2.4954630205096335,5.018893722809198,5.139861464744682,Reliever,TRUE,0.13372093023255813,0.955,0.9937888198757764,0.9698492462311558,0.8781725888324873,0.555,0.8966349703399237,73.79809822039542
52,B Wozniak,Long Beach Coast,4.07,3,1,12,7,0,42,43,24,19,17,24,5.14,3,1.43,186,1,2,2026,pitcher,42,3.642857142857143,0.6428571428571429,9.214285714285714,1.411764705882353,0.12903225806451613,0.0913978494623656,0.03763440860215053,0.5833333333333334,7.514356743318832,2.4954630205096335,5.018893722809198,6.16175086566634,Starter,TRUE,0.03763440860215054,0.915,0.8633540372670807,0.9296482412060302,0.4416243654822335,0.58,0.750881312123882,65.05287872743293
84,R Abe-Arias,Oakland Ballers,6.2,2,3,18,18,0,114.66666666666669,144,92,79,37,77,6.04,23,1.58,525,3,3,2026,pitcher,114.2,2.9040697674418605,1.8052325581395348,11.302325581395348,2.081081081081081,0.14666666666666667,0.07047619047619047,0.0761904761904762,1,7.514356743318832,2.4954630205096335,5.018893722809198,7.329940234437105,Starter,TRUE,0.0761904761904762,0.705,0.5900621118012422,0.8291457286432161,0.700507614213198,0.995,0.7140409404274581,62.84245642564749
84,I Austin IV,Ogden Raptors,8.88,2,1,23,0,1,24.333333333333332,35,29,24,19,28,10.36,4,2.22,135,2,6,2026,pitcher,24.1,7.027397260273973,1.479452054794521,12.945205479452056,1.4736842105263157,0.2074074074074074,0.14074074074074075,0.06666666666666665,0,7.514356743318832,2.4954630205096335,5.018893722809198,7.93670194198728,Reliever,TRUE,0.06666666666666667,0.355,0.39751552795031053,0.2814070351758794,0.6345177664974619,0.33,0.41680046799720455,45.00802807983227
84,T Bates,Oakland Ballers,6.86,2,1,17,0,0,19.666666666666668,20,16,15,17,17,7.78,5,1.88,94,NA,2,2026,pitcher,19.2,7.779661016949152,2.2881355932203387,9.152542372881356,1,0.18085106382978725,0.18085106382978725,0,0,7.514356743318832,2.4954630205096335,5.018893722809198,9.49346999399564,Reliever,TRUE,0,0.585,0.15527950310559005,0.5678391959798995,0.233502538071066,0.28,0.29534622845443914,37.720773707266346
84,J Betancourt,Billings Mustangs,7.81,2,0,11,3,0,27.666666666666668,34,26,24,14,15,4.88,3,1.73,130,NA,3,2026,pitcher,27.2,4.554216867469879,0.9759036144578312,11.06024096385542,1.0714285714285714,0.1153846153846154,0.1076923076923077,0.00769230769230769,0.2727272727272727,7.514356743318832,2.4954630205096335,5.018893722809198,7.187568421604379,Reliever,TRUE,0.007692307692307693,0.475,0.6024844720496895,0.7035175879396985,0.29441624365482233,0.37,0.4969787963448101,49.818727780688604
84,C Brinson,Missoula PaddleHeads,12.6,2,0,9,0,0,10,22,15,14,7,7,6.3,NA,2.9,57,1,3,2026,pitcher,10,6.3,NA,19.8,1,0.12280701754385964,0.12280701754385964,0,0,7.514356743318832,2.4954630205096335,5.018893722809198,NA,Reliever,TRUE,0,0.12,NA,0.10552763819095477,0.233502538071066,0.145,NA,NA
84,C Bunch,Ogden Raptors,9.91,2,6,14,11,0,52.666666666666664,96,67,58,24,47,8.03,10,2.28,278,8,4,2026,pitcher,52.2,4.101265822784811,1.7088607594936709,16.405063291139243,1.9583333333333333,0.16906474820143885,0.08633093525179857,0.08273381294964029,0.7857142857142857,7.514356743318832,2.4954630205096335,5.018893722809198,7.297374735467425,Starter,TRUE,0.08273381294964029,0.24,0.5962732919254659,0.23618090452261306,0.7309644670050761,0.73,0.553820300623463,53.229218037407776
84,A Bustamante,Glacier Range Riders,2.49,2,0,36,0,4,47,44,15,13,21,56,10.72,3,1.38,202,5,3,2026,pitcher,47,4.0212765957446805,0.574468085106383,8.425531914893616,2.6666666666666665,0.27722772277227725,0.10396039603960396,0.1732673267326733,0,7.514356743318832,2.4954630205096335,5.018893722809198,4.997617127064517,Reliever,TRUE,0.17326732673267325,0.97,1,0.949748743718593,0.9593908629441624,0.655,0.9306030469606918,75.83618281764151
84,M Collins,Idaho Falls Chukars,7.42,2,3,26,0,0,47.333333333333336,75,51,39,27,23,4.37,12,2.15,245,6,3,2026,pitcher,47.1,5.133802816901408,2.2816901408450705,14.26056338028169,0.8518518518518519,0.09387755102040816,0.11020408163265306,-0.0163265306122449,0,7.514356743318832,2.4954630205096335,5.018893722809198,9.244245835485254,Reliever,TRUE,-0.0163265306122449,0.515,0.16770186335403728,0.34673366834170855,0.20304568527918782,0.66,0.3186132492316234,39.116794953897404
84,J Covey,Glacier Range Riders,1.5,2,0,2,2,0,12,11,2,2,2,14,10.5,1,1.08,48,3,NA,2026,pitcher,12,1.5,0.75,8.25,7,0.2916666666666667,0.04166666666666666,0.25,1,7.514356743318832,2.4954630205096335,5.018893722809198,NA,Starter,TRUE,0.25,0.975,NA,0.9949748743718593,0.9949238578680203,0.2,NA,NA
84,J Dixon,Long Beach Coast,5.2,2,0,42,0,0,45,59,34,26,24,38,7.6,6,1.84,220,4,2,2026,pitcher,45,4.8,1.2,11.8,1.5833333333333333,0.17272727272727273,0.10909090909090909,0.06363636363636364,0,7.514356743318832,2.4954630205096335,5.018893722809198,6.796671500586975,Reliever,TRUE,0.06363636363636363,0.84,0.6956521739130435,0.5979899497487438,0.6040609137055838,0.62,0.6778720472812085,60.67232283687251
84,M Dye,Billings Mustangs,7.21,2,0,17,5,0,43.666666666666664,50,37,35,24,49,10.1,6,1.69,201,3,3,2026,pitcher,43.2,4.9465648854961835,1.236641221374046,10.305343511450385,2.0416666666666665,0.2437810945273632,0.11940298507462686,0.12437810945273632,0.29411764705882354,7.514356743318832,2.4954630205096335,5.018893722809198,6.415840287694694,Reliever,TRUE,0.12437810945273632,0.54,0.782608695652174,0.7286432160804021,0.8477157360406091,0.6,0.7264509470770316,63.5870568246219
84,R Faulks,Long Beach Coast,5.08,2,0,42,0,1,51.333333333333336,57,36,29,30,47,8.24,10,1.69,246,7,6,2026,pitcher,51.1,5.259740259740259,1.7532467532467533,9.993506493506493,1.5666666666666669,0.1910569105691057,0.12195121951219512,0.06910569105691058,0,7.514356743318832,2.4954630205096335,5.018893722809198,7.824088528004003,Reliever,TRUE,0.06910569105691057,0.86,0.43478260869565216,0.7286432160804021,0.649746192893401,0.71,0.6122266036649814,56.733596219898885
84,B Fritcher,Idaho Falls Chukars,12.34,2,1,9,0,0,11.666666666666666,16,18,16,7,9,6.94,4,1.97,59,2,2,2026,pitcher,11.2,5.4,3.085714285714286,12.342857142857143,1.2857142857142858,0.15254237288135594,0.11864406779661016,0.03389830508474577,0,7.514356743318832,2.4954630205096335,5.018893722809198,10.247465151380627,Reliever,TRUE,0.03389830508474576,0.13,0.08074534161490683,0.4723618090452261,0.4213197969543147,0.18,0.2102982769413483,32.6178966164809
84,J Garcia,Great Falls Voyagers,9,2,2,10,7,0,49,77,60,49,24,25,4.59,11,2.06,256,3,8,2026,pitcher,49,4.408163265306122,2.020408163265306,14.142857142857142,1.0416666666666667,0.09765625,0.09375,0.00390625,0.7,7.514356743318832,2.4954630205096335,5.018893722809198,8.876036579952055,Starter,TRUE,0.00390625,0.325,0.2422360248447205,0.40703517587939697,0.2893401015228426,0.68,0.34621594783039644,40.77295686982379
84,E Gardner,Boise Hawks,3.38,2,0,4,0,0,2.6666666666666665,6,7,1,6,1,3.38,NA,4.5,21,1,NA,2026,pitcher,2.2,20.25,NA,20.25,0.16666666666666666,0.04761904761904761,0.2857142857142857,-0.23809523809523808,0,7.514356743318832,2.4954630205096335,5.018893722809198,NA,Reliever,TRUE,-0.23809523809523808,0.945,NA,0.035175879396984924,0.015228426395939087,0.05,NA,NA
84,C Goffar,Missoula PaddleHeads,10.88,2,0,5,5,0,24,44,29,29,15,7,2.63,3,2.46,121,3,2,2026,pitcher,24,5.625,1.125,16.5,0.4666666666666667,0.05785123966942149,0.12396694214876032,-0.06611570247933884,1,7.514356743318832,2.4954630205096335,5.018893722809198,8.185560389475864,Starter,TRUE,-0.06611570247933884,0.18,0.36645962732919257,0.18592964824120603,0.1319796954314721,0.325,0.26732275484209206,36.039365290525524
84,J Hasty,Glacier Range Riders,6.48,2,1,43,0,1,41.666666666666664,35,38,30,45,60,12.96,1,1.92,212,9,10,2026,pitcher,41.2,9.72,0.21600000000000005,7.56,1.3333333333333333,0.2830188679245283,0.21226415094339623,0.07075471698113206,0,7.514356743318832,2.4954630205096335,5.018893722809198,6.410893722809198,Reliever,TRUE,0.07075471698113207,0.64,0.7888198757763976,0.5326633165829145,0.6649746192893401,0.57,0.6832892058267185,60.99735234960311
84,E Hernandez,Great Falls Voyagers,10.26,2,7,17,14,0,73.66666666666667,101,89,84,65,72,8.8,9,2.25,389,14,8,2026,pitcher,73.2,7.941176470588235,1.099547511312217,12.339366515837105,1.1076923076923078,0.18508997429305912,0.16709511568123395,0.01799485861182517,0.8235294117647058,7.514356743318832,2.4954630205096335,5.018893722809198,7.6252285644381566,Starter,TRUE,0.017994858611825194,0.21,0.5093167701863354,0.25125628140703515,0.3350253807106599,0.87,0.45785741235736965,47.471444741442184
84,R Humphreys,Glacier Range Riders,9.91,2,1,16,0,0,26.333333333333332,23,30,29,34,27,9.23,NA,2.16,134,4,5,2026,pitcher,26.1,11.620253164556962,NA,7.860759493670886,0.7941176470588235,0.20149253731343283,0.2537313432835821,-0.05223880597014926,0,7.514356743318832,2.4954630205096335,5.018893722809198,NA,Reliever,TRUE,-0.05223880597014925,0.24,NA,0.32160804020100503,0.14720812182741116,0.345,NA,NA
84,C Hurley,Oakland Ballers,7.98,2,5,11,11,0,53,52,50,47,32,42,7.13,13,1.58,250,6,10,2026,pitcher,53,5.433962264150943,2.207547169811321,8.830188679245284,1.3125,0.168,0.128,0.04000000000000001,1,7.514356743318832,2.4954630205096335,5.018893722809198,9.000025798280895,Starter,TRUE,0.04,0.44,0.2236024844720497,0.8291457286432161,0.4517766497461929,0.735,0.4389608966023801,46.3376537961428
84,J Kozasky,Long Beach Coast,11.05,2,1,8,0,0,7.333333333333333,11,9,9,7,5,6.14,1,2.45,41,1,NA,2026,pitcher,7.1,8.590909090909092,1.2272727272727273,13.5,0.7142857142857143,0.12195121951219512,0.17073170731707318,-0.04878048780487806,0,7.514356743318832,2.4954630205096335,5.018893722809198,NA,Reliever,TRUE,-0.04878048780487805,0.17,NA,0.19095477386934673,0.15736040609137056,0.11,NA,NA
84,C Martinez,Yuba-Sutter Freebirds,9.2,2,3,12,7,0,45,54,50,46,53,44,8.8,7,2.38,240,6,8,2026,pitcher,45,10.6,1.4,10.8,0.8301886792452831,0.18333333333333332,0.22083333333333333,-0.0375,0.5833333333333334,7.514356743318832,2.4954630205096335,5.018893722809198,9.152227056142532,Starter,TRUE,-0.0375,0.315,0.18633540372670807,0.20100502512562815,0.17766497461928935,0.62,0.2704176589271039,36.22505953562623
84,A Miranda,RedPocket Mobiles,6.03,2,4,14,3,0,31.333333333333332,38,29,21,21,31,8.9,1,1.88,155,3,3,2026,pitcher,31.1,6.031914893617022,0.2872340425531915,10.914893617021278,1.4761904761904765,0.2,0.13548387096774195,0.06451612903225806,0.21428571428571427,7.514356743318832,2.4954630205096335,5.018893722809198,5.752936276000687,Reliever,TRUE,0.06451612903225806,0.73,0.9316770186335404,0.5678391959798995,0.6091370558375635,0.395,0.7200321382189189,63.20192829313513
84,N Naccarato,Billings Mustangs,6.75,2,0,32,0,0,38.666666666666664,47,30,29,21,36,8.38,6,1.76,182,8,2,2026,pitcher,38.2,4.887931034482759,1.396551724137931,10.939655172413794,1.7142857142857142,0.1978021978021978,0.1153846153846154,0.0824175824175824,0,7.514356743318832,2.4954630205096335,5.018893722809198,6.958548895222991,Reliever,TRUE,0.08241758241758242,0.6,0.6583850931677019,0.6532663316582915,0.7258883248730964,0.505,0.6396083354075293,58.37650012445175
84,C Peguero,Great Falls Voyagers,13.36,2,1,7,6,0,33,61,50,49,18,37,10.09,5,2.39,183,6,5,2026,pitcher,33,4.909090909090909,1.3636363636363635,16.636363636363637,2.0555555555555554,0.2021857923497268,0.09836065573770492,0.10382513661202186,0.8571428571428571,7.514356743318832,2.4954630205096335,5.018893722809198,6.837075540991016,Starter,TRUE,0.10382513661202186,0.1,0.6832298136645962,0.19597989949748743,0.7969543147208121,0.42,0.5302807783597497,51.816846701584986
84,M Riley,Oakland Ballers,12.07,2,1,12,3,0,28.333333333333332,49,39,38,23,31,9.85,9,2.54,152,2,1,2026,pitcher,28.1,7.305882352941177,2.8588235294117648,15.56470588235294,1.3478260869565215,0.20394736842105263,0.1513157894736842,0.05263157894736842,0.25,7.514356743318832,2.4954630205096335,5.018893722809198,9.501246663985668,Reliever,TRUE,0.05263157894736842,0.14,0.14285714285714285,0.1658291457286432,0.5279187817258884,0.375,0.2565595280608991,35.393571683653946
84,A Risse,Oakland Ballers,9.27,2,6,12,12,0,56.333333333333336,86,62,58,32,36,5.75,10,2.09,281,6,4,2026,pitcher,56.1,5.112426035502958,1.5976331360946745,13.7396449704142,1.125,0.12811387900355872,0.11387900355871886,0.01423487544483986,1,7.514356743318832,2.4954630205096335,5.018893722809198,7.965639284939375,Starter,TRUE,0.014234875444839857,0.295,0.38509316770186336,0.3869346733668342,0.3299492385786802,0.76,0.4169705821331648,45.01823492798989
84,A Silvas,Yuba-Sutter Freebirds,9.8,2,6,22,16,0,82.66666666666667,124,99,90,58,72,7.84,25,2.2,428,4,5,2026,pitcher,82.2,6.314516129032258,2.721774193548387,13.5,1.2413793103448276,0.16822429906542055,0.13551401869158877,0.03271028037383178,0.7272727272727273,7.514356743318832,2.4954630205096335,5.018893722809198,9.4947001744221,Starter,TRUE,0.03271028037383177,0.26,0.14906832298136646,0.2964824120603015,0.4010152284263959,0.9,0.34347861608385594,40.608716965031356
84,G Smith,Oakland Ballers,9.38,2,6,10,9,0,48,71,58,50,18,32,6,23,1.85,231,1,2,2026,pitcher,48,3.375,4.3125,13.3125,1.7777777777777777,0.13852813852813853,0.07792207792207792,0.06060606060606061,0.9,7.514356743318832,2.4954630205096335,5.018893722809198,11.164727056142532,Starter,TRUE,0.06060606060606061,0.285,0.055900621118012424,0.5879396984924623,0.5685279187817259,0.67,0.3381098020527964,40.28658812316778
84,D Spinoso,Boise Hawks,7.98,2,0,25,0,0,29.333333333333332,40,30,26,19,22,6.75,4,2.01,154,6,6,2026,pitcher,29.1,5.829545454545455,1.2272727272727273,12.272727272727272,1.1578947368421053,0.14285714285714285,0.12337662337662338,0.01948051948051947,0,7.514356743318832,2.4954630205096335,5.018893722809198,7.848439177354653,Reliever,TRUE,0.01948051948051948,0.44,0.422360248447205,0.44221105527638194,0.3553299492385787,0.385,0.4079811947542359,44.47887168525415
84,G Tanner,Oakland Ballers,8.74,2,1,4,4,0,22.666666666666668,37,22,22,10,18,7.15,9,2.07,114,1,5,2026,pitcher,22.2,3.9705882352941178,3.5735294117647056,14.691176470588234,1.8,0.15789473684210523,0.08771929824561403,0.07017543859649122,1,7.514356743318832,2.4954630205096335,5.018893722809198,10.577717252220962,Starter,TRUE,0.07017543859649122,0.365,0.06832298136645963,0.3969849246231156,0.6598984771573604,0.31,0.3002573804403675,38.015442826422046
84,E Thompson,Idaho Falls Chukars,13.33,2,2,20,0,1,26.333333333333332,37,42,39,19,13,4.44,8,2.13,134,2,5,2026,pitcher,26.1,6.493670886075949,2.7341772151898733,12.645569620253164,0.6842105263157895,0.09701492537313432,0.1417910447761194,-0.04477611940298506,0,7.514356743318832,2.4954630205096335,5.018893722809198,10.715096254454767,Reliever,TRUE,-0.04477611940298507,0.105,0.062111801242236024,0.36180904522613067,0.16243654822335024,0.345,0.16101293466417754,29.660776079850653
84,R Tibbett,Glacier Range Riders,5.8,2,3,17,6,0,40.333333333333336,46,28,26,17,28,6.25,3,1.56,183,5,7,2026,pitcher,40.1,3.7933884297520657,0.6694214876033058,10.264462809917354,1.6470588235294117,0.15300546448087432,0.09289617486338798,0.06010928961748633,0.35294117647058826,7.514356743318832,2.4954630205096335,5.018893722809198,6.382530086445561,Reliever,TRUE,0.060109289617486336,0.75,0.7950310559006211,0.8542713567839196,0.5634517766497462,0.545,0.7103799133685897,62.622794802115386
84,H Vela,Boise Hawks,6.75,2,5,9,9,0,44,59,35,33,19,21,4.3,12,1.77,206,NA,2,2026,pitcher,44,3.886363636363636,2.4545454545454546,12.068181818181818,1.105263157894737,0.10194174757281552,0.09223300970873786,0.00970873786407766,1,7.514356743318832,2.4954630205096335,5.018893722809198,9.04162099553647,Starter,TRUE,0.009708737864077669,0.6,0.21739130434782608,0.6432160804020101,0.29949238578680204,0.605,0.39192660693669185,43.51559641620151
84,Z Voelker,Long Beach Coast,3.35,2,4,45,0,22,51,38,26,19,32,71,12.53,4,1.37,228,4,4,2026,pitcher,51,5.647058823529412,0.7058823529411765,6.705882352941177,2.21875,0.31140350877192985,0.14035087719298245,0.1710526315789474,0,7.514356743318832,2.4954630205096335,5.018893722809198,5.3718348992797855,Reliever,TRUE,0.17105263157894737,0.95,0.968944099378882,0.9547738693467337,0.9543147208121827,0.7,0.9214179708486627,75.28507825091977
84,R Wentz,Missoula PaddleHeads,9.34,2,1,15,6,0,35.666666666666664,48,41,37,29,39,9.84,8,2.16,187,9,6,2026,pitcher,35.2,7.317757009345795,2.018691588785047,12.112149532710282,1.3448275862068966,0.20855614973262032,0.15508021390374332,0.053475935828877,0.4,7.514356743318832,2.4954630205096335,5.018893722809198,8.691790919070879,Reliever,TRUE,0.053475935828877004,0.29,0.2670807453416149,0.32160804020100503,0.5380710659898477,0.47,0.360607315354716,41.63643892128296
84,S Wiese,Yuba-Sutter Freebirds,8.02,2,0,46,0,0,55,80,53,49,16,32,5.24,17,1.75,264,1,6,2026,pitcher,55,2.618181818181818,2.7818181818181817,13.090909090909092,2,0.12121212121212122,0.06060606060606061,0.06060606060606061,0,7.514356743318832,2.4954630205096335,5.018893722809198,9.073439177354652,Reliever,TRUE,0.06060606060606061,0.435,0.2111801242236025,0.6683417085427136,0.5685279187817259,0.75,0.44276180430005757,46.565708258003454
84,I Williams,Yuba-Sutter Freebirds,8.42,2,3,26,2,0,41.666666666666664,42,46,39,46,28,6.05,1,2.11,211,4,2,2026,pitcher,41.2,9.936,0.21600000000000005,9.072,0.6086956521739131,0.13270142180094788,0.21800947867298576,-0.08530805687203791,0.07692307692307693,7.514356743318832,2.4954630205096335,5.018893722809198,7.442893722809197,Reliever,TRUE,-0.08530805687203792,0.395,0.546583850931677,0.37185929648241206,0.10152284263959391,0.57,0.42087403854883076,45.252442312929844
122,W Adams,RedPocket Mobiles,8.15,1,6,20,0,2,17.666666666666668,16,16,16,19,21,10.7,2,1.98,90,2,3,2026,pitcher,17.2,9.679245283018869,1.018867924528302,8.150943396226415,1.105263157894737,0.23333333333333336,0.2111111111111111,0.02222222222222222,0,7.514356743318832,2.4954630205096335,5.018893722809198,7.84908240205448,Reliever,TRUE,0.022222222222222223,0.425,0.4161490683229814,0.4623115577889447,0.3604060913705584,0.255,0.38677200138219875,43.206320082931924
122,J Almeda,Billings Mustangs,5.91,1,0,27,3,0,35,40,25,23,29,39,10.03,4,1.97,176,2,3,2026,pitcher,35,7.457142857142857,1.0285714285714285,10.285714285714286,1.3448275862068966,0.2215909090909091,0.1647727272727273,0.05681818181818182,0.1111111111111111,7.514356743318832,2.4954630205096335,5.018893722809198,7.018893722809198,Reliever,TRUE,0.056818181818181816,0.745,0.6335403726708074,0.4723618090452261,0.5532994923857868,0.455,0.5913122284500031,55.47873370700019
122,C Anziani,Boise Hawks,12.41,1,1,8,0,0,12.333333333333334,18,21,17,16,11,8.03,4,2.76,70,1,NA,2026,pitcher,12.1,11.675675675675675,2.918918918918919,13.135135135135137,0.6875,0.15714285714285714,0.22857142857142856,-0.07142857142857142,0,7.514356743318832,2.4954630205096335,5.018893722809198,NA,Reliever,TRUE,-0.07142857142857142,0.125,NA,0.12060301507537688,0.1116751269035533,0.205,NA,NA
122,J Aponte,Yuba-Sutter Freebirds,6.75,1,1,5,0,0,4,5,3,3,4,5,11.25,NA,2.25,19,NA,NA,2026,pitcher,4,9,NA,11.25,1.25,0.2631578947368421,0.21052631578947367,0.05263157894736842,0,7.514356743318832,2.4954630205096335,5.018893722809198,NA,Reliever,TRUE,0.05263157894736842,0.6,NA,0.25125628140703515,0.5279187817258884,0.065,NA,NA
21,D Pratt,Glacier Range Riders,7.43,1,5,32,0,1,49.666666666666664,49,45,41,41,76,13.77,6,1.81,241,5,5,2026,pitcher,49.2,7.429530201342282,1.087248322147651,8.879194630872483,1.853658536585366,0.3153526970954357,0.17012448132780084,0.14522821576763484,0,7.514356743318832,2.4954630205096335,5.018893722809198,6.307484326836043,Reliever,TRUE,0.14522821576763487,0.51,0.8074534161490683,0.6180904522613065,0.9137055837563451,0.695,0.748281528437027,64.89689170622162
27,A Christopher,RedPocket Mobiles,7.64,1,10,14,14,0,90.66666666666669,143,99,77,18,68,6.75,22,1.78,441,3,8,2026,pitcher,90.2,1.7867647058823528,2.1838235294117645,14.19485294117647,3.7777777777777777,0.15419501133786848,0.04081632653061224,0.11337868480725624,1,7.514356743318832,2.4954630205096335,5.018893722809198,7.533599605162139,Starter,TRUE,0.11337868480725624,0.485,0.5279503105590062,0.6381909547738693,0.8121827411167513,0.935,0.6504357679243397,59.02614607546038
35,K Walker,RedPocket Mobiles,10.26,1,8,20,14,0,76.33333333333333,119,91,87,61,57,6.72,10,2.36,413,8,16,2026,pitcher,76.1,7.192139737991266,1.1790393013100438,14.03056768558952,0.9344262295081968,0.13801452784503632,0.14769975786924938,-0.00968523002421306,0.7,7.514356743318832,2.4954630205096335,5.018893722809198,8.254701583071206,Starter,TRUE,-0.009685230024213076,0.21,0.3416149068322981,0.20603015075376885,0.2182741116751269,0.885,0.36515380014332155,41.90922800859929
46,J Hamberg,RedPocket Mobiles,10.8,1,4,16,7,0,36.666666666666664,44,48,44,42,52,12.76,7,2.35,200,2,3,2026,pitcher,36.2,10.30909090909091,1.7181818181818185,10.8,1.238095238095238,0.26,0.21,0.05000000000000002,0.4375,7.514356743318832,2.4954630205096335,5.018893722809198,8.346166450081926,Reliever,TRUE,0.05,0.185,0.3167701863354037,0.21105527638190955,0.5126903553299492,0.485,0.35085167323834227,41.05110039430053
68,C Barker,Yuba-Sutter Freebirds,4.5,1,1,30,0,0,32,17,17,16,39,42,11.81,2,1.75,158,3,10,2026,pitcher,32,10.96875,0.5625,4.78125,1.0769230769230769,0.26582278481012656,0.2468354430379747,0.01898734177215186,0,7.514356743318832,2.4954630205096335,5.018893722809198,7.800143722809198,Reliever,TRUE,0.0189873417721519,0.895,0.45962732919254656,0.6683417085427136,0.350253807106599,0.405,0.5157358639526097,50.94415183715658
72,J Maruskin,Glacier Range Riders,6.95,0,2,22,0,7,22,19,19,17,18,41,16.77,3,1.68,107,4,3,2026,pitcher,22,7.363636363636363,1.2272727272727273,7.772727272727272,2.2777777777777777,0.38317757009345793,0.16822429906542055,0.21495327102803735,0,7.514356743318832,2.4954630205096335,5.018893722809198,5.927984631900107,Reliever,TRUE,0.21495327102803738,0.565,0.8944099378881988,0.7437185929648241,0.9898477157360406,0.285,0.7576053775989701,65.45632265593821
78,C Blowers,Oakland Ballers,7.05,0,0,8,8,0,44.666666666666664,52,36,35,20,38,7.66,11,1.61,207,2,5,2026,pitcher,44.2,4.029850746268657,2.2164179104477615,10.477611940298509,1.9,0.18357487922705315,0.0966183574879227,0.08695652173913045,1,7.514356743318832,2.4954630205096335,5.018893722809198,8.197998200421138,Starter,TRUE,0.08695652173913043,0.56,0.35403726708074534,0.7989949748743719,0.7411167512690355,0.615,0.5459877545735424,52.75926527441255
78,H Day,Oakland Ballers,6.75,0,6,14,13,0,65.33333333333333,87,55,49,31,38,5.23,16,1.81,304,1,1,2026,pitcher,65.1,4.270408163265307,2.2040816326530615,11.984693877551022,1.2258064516129032,0.125,0.10197368421052631,0.02302631578947368,0.9285714285714286,7.514356743318832,2.4954630205096335,5.018893722809198,8.508689641176545,Starter,TRUE,0.023026315789473683,0.6,0.2919254658385093,0.6180904522613065,0.36548223350253806,0.825,0.465425678262042,47.92554069572252
83,C Murphy,Great Falls Voyagers,12.03,0,3,11,4,0,33.666666666666664,62,49,45,25,37,9.89,7,2.58,189,2,2,2026,pitcher,33.2,6.683168316831684,1.8712871287128712,16.574257425742577,1.48,0.19576719576719576,0.13227513227513227,0.06349206349206349,0.36363636363636365,7.514356743318832,2.4954630205096335,5.018893722809198,7.929784811918109,Reliever,TRUE,0.06349206349206349,0.145,0.40372670807453415,0.15577889447236182,0.5989847715736041,0.43,0.38311552699177065,42.98693161950624
83,L Riley,Ogden Raptors,13.15,0,2,23,0,3,26,35,38,38,26,37,12.81,7,2.35,148,3,10,2026,pitcher,26,9,2.423076923076923,12.115384615384617,1.4230769230769231,0.25,0.17567567567567569,0.07432432432432431,0,7.514356743318832,2.4954630205096335,5.018893722809198,9.826586030501506,Reliever,TRUE,0.07432432432432433,0.11,0.10559006211180125,0.21105527638190955,0.6903553299492385,0.34,0.26891261847275916,36.13475710836555
88,C Tremain,Modesto Roadsters,6.12,1,1,31,0,0,32.333333333333336,50,24,22,12,36,10.02,3,1.92,162,2,3,2026,pitcher,32.1,3.34020618556701,0.8350515463917525,13.917525773195877,3,0.2222222222222222,0.07407407407407407,0.14814814814814814,0,7.514356743318832,2.4954630205096335,5.018893722809198,5.390027743427754,Reliever,TRUE,0.14814814814814814,0.72,0.9627329192546584,0.5326633165829145,0.9187817258883249,0.41,0.7916158445378197,67.49695067226918
91,J Schaeffer,Yuba-Sutter Freebirds,8.92,1,3,10,7,0,38.333333333333336,54,39,38,21,35,8.22,9,1.96,190,NA,3,2026,pitcher,38.1,4.930434782608695,2.11304347826087,12.678260869565216,1.6666666666666667,0.18421052631578944,0.11052631578947368,0.07368421052631578,0.7,7.514356743318832,2.4954630205096335,5.018893722809198,8.123241548896154,Starter,TRUE,0.07368421052631578,0.34,0.37267080745341613,0.48743718592964824,0.6802030456852792,0.495,0.4591026507113871,47.54615904268323
94,H Hargett,Idaho Falls Chukars,6.44,1,0,28,0,11,29.333333333333332,36,25,21,23,33,10.13,4,2.01,151,2,5,2026,pitcher,29.1,7.0568181818181825,1.2272727272727273,11.045454545454549,1.434782608695652,0.2185430463576159,0.152317880794702,0.06622516556291391,0,7.514356743318832,2.4954630205096335,5.018893722809198,7.405257359172834,Reliever,TRUE,0.06622516556291391,0.655,0.5652173913043478,0.44221105527638194,0.6243654822335025,0.385,0.5511811584960778,53.07086950976467
100,H Orth,Billings Mustangs,9.61,1,2,9,9,0,39.333333333333336,49,48,42,40,31,7.09,5,2.26,205,6,2,2026,pitcher,39.1,9.152542372881356,1.144067796610169,11.21186440677966,0.775,0.15121951219512195,0.1951219512195122,-0.04390243902439025,1,7.514356743318832,2.4954630205096335,5.018893722809198,8.29855473975835,Starter,TRUE,-0.04390243902439024,0.265,0.33540372670807456,0.24623115577889448,0.17258883248730963,0.535,0.31330237275858125,38.79814236551488
100,K Worek,Great Falls Voyagers,8.23,0,2,23,0,1,35,39,39,32,35,31,7.97,5,2.11,186,6,10,2026,pitcher,35,9,1.2857142857142858,10.028571428571428,0.8857142857142857,0.16666666666666666,0.1881720430107527,-0.02150537634408603,0,7.514356743318832,2.4954630205096335,5.018893722809198,8.96175086566634,Reliever,TRUE,-0.021505376344086023,0.42,0.2360248447204969,0.37185929648241206,0.19289340101522842,0.455,0.3014245477394857,38.08547286436914
105,C Czerwinski,Great Falls Voyagers,15.36,0,6,11,7,0,38.666666666666664,75,73,66,33,30,6.98,9,2.79,231,5,9,2026,pitcher,38.2,7.681034482758621,2.094827586206897,17.45689655172414,0.9090909090909092,0.12987012987012986,0.14285714285714285,-0.01298701298701299,0.6363636363636364,7.514356743318832,2.4954630205096335,5.018893722809198,9.751652343498854,Starter,TRUE,-0.012987012987012988,0.075,0.11180124223602485,0.11557788944723618,0.2131979695431472,0.505,0.18591787974776303,31.15507278486578
105,C Housley,Glacier Range Riders,7.49,1,1,33,0,3,33.666666666666664,39,29,28,27,30,8.02,5,1.96,165,3,2,2026,pitcher,33.2,7.217821782178218,1.3366336633663367,10.425742574257429,1.1111111111111112,0.18181818181818185,0.16363636363636364,0.01818181818181818,0,7.514356743318832,2.4954630205096335,5.018893722809198,7.751566990135931,Reliever,TRUE,0.01818181818181818,0.5,0.484472049689441,0.48743718592964824,0.3401015228426396,0.43,0.45005284303726917,47.00317058223615
105,B Smith,Modesto Roadsters,6.95,0,1,20,0,0,22,33,19,17,15,30,12.27,2,2.18,115,3,2,2026,pitcher,22,6.136363636363637,0.8181818181818182,13.5,2,0.2608695652173913,0.13043478260869565,0.13043478260869565,0,7.514356743318832,2.4954630205096335,5.018893722809198,5.79162099553647,Reliever,TRUE,0.13043478260869565,0.565,0.9254658385093167,0.3065326633165829,0.8629441624365483,0.285,0.7009284342226946,62.055706053361675
113,J Hernandez,Long Beach Coast,2.89,1,0,13,0,0,18.666666666666668,7,8,6,6,28,13.5,1,0.7,67,4,NA,2026,pitcher,18.2,2.892857142857143,0.4821428571428571,3.375,4.666666666666667,0.417910447761194,0.08955223880597014,0.3283582089552239,0,7.514356743318832,2.4954630205096335,5.018893722809198,NA,Reliever,TRUE,0.3283582089552239,0.965,NA,1,1,0.275,NA,NA
118,B Spencer,RedPocket Mobiles,9.86,0,4,10,5,0,38.333333333333336,66,52,42,21,27,6.34,4,2.27,202,4,2,2026,pitcher,38.1,4.930434782608695,0.9391304347826086,15.495652173913042,1.2857142857142858,0.13366336633663367,0.10396039603960396,0.02970297029702971,0.5,7.514356743318832,2.4954630205096335,5.018893722809198,6.7667198097657195,Starter,TRUE,0.0297029702970297,0.25,0.7018633540372671,0.24120603015075376,0.38578680203045684,0.495,0.49377330503607353,49.62639830216441
121,J Hughes,Boise Hawks,5.4,1,0,4,4,0,23.333333333333332,19,14,14,10,26,10.03,5,1.24,101,1,1,2026,pitcher,23.1,3.857142857142857,1.9285714285714288,7.328571428571429,2.6,0.25742574257425743,0.099009900990099,0.15841584158415842,1,7.514356743318832,2.4954630205096335,5.018893722809198,6.990322294237769,Starter,TRUE,0.15841584158415842,0.8,0.6459627329192547,0.9798994974874372,0.934010152284264,0.315,0.7104270733732985,62.62562440239791
121,C Martinez,RedPocket Mobiles,8.59,0,1,5,4,0,22,27,22,21,21,26,10.64,2,2.18,118,1,8,2026,pitcher,22,8.590909090909092,0.8181818181818182,11.045454545454543,1.238095238095238,0.22033898305084745,0.17796610169491525,0.0423728813559322,0.8,7.514356743318832,2.4954630205096335,5.018893722809198,7.791620995536471,Starter,TRUE,0.0423728813559322,0.385,0.4658385093167702,0.3065326633165829,0.4720812182741117,0.285,0.41190491371318877,44.71429482279133
121,J Ramallo,Ogden Raptors,5.09,1,3,18,0,2,17.666666666666668,8,12,10,20,26,13.25,4,1.58,84,3,4,2026,pitcher,17.2,10.188679245283016,2.037735849056604,4.0754716981132075,1.3,0.30952380952380953,0.23809523809523808,0.07142857142857145,0,7.514356743318832,2.4954630205096335,5.018893722809198,9.094365420922404,Reliever,TRUE,0.07142857142857142,0.85,0.19875776397515527,0.8291457286432161,0.6700507614213198,0.255,0.4621778307386477,47.73066984431886
121,U Romo,RedPocket Mobiles,8.34,1,2,20,5,0,45.333333333333336,68,52,42,30,26,5.16,8,2.16,234,2,7,2026,pitcher,45.1,5.955882352941176,1.588235294117647,13.5,0.8666666666666667,0.1111111111111111,0.1282051282051282,-0.01709401709401709,0.25,7.514356743318832,2.4954630205096335,5.018893722809198,8.614481958103315,Reliever,TRUE,-0.017094017094017096,0.415,0.2795031055900621,0.32160804020100503,0.19796954314720813,0.635,0.34105595488556695,40.46335729313402
125,L Alaniz,Modesto Roadsters,5.57,0,0,24,0,0,32.333333333333336,32,21,20,20,25,6.96,5,1.61,149,1,5,2026,pitcher,32.1,5.56701030927835,1.3917525773195876,8.90721649484536,1.25,0.16778523489932887,0.1342281879194631,0.03355704697986578,0,7.514356743318832,2.4954630205096335,5.018893722809198,7.802398877448373,Reliever,TRUE,0.03355704697986577,0.78,0.453416149068323,0.7989949748743719,0.41624365482233505,0.41,0.5230146880792333,51.380881284754
12,N Roof,Billings Mustangs,7.27,0,0,9,0,3,8.666666666666666,8,7,7,9,10,10.38,2,1.96,42,2,NA,2026,pitcher,8.2,9.346153846153848,2.076923076923077,8.307692307692308,1.1111111111111112,0.23809523809523808,0.21428571428571427,0.0238095238095238,0,7.514356743318832,2.4954630205096335,5.018893722809198,NA,Reliever,TRUE,0.023809523809523808,0.525,NA,0.48743718592964824,0.37055837563451777,0.125,NA,NA
18,N Cardinal,Great Falls Voyagers,7.25,1,2,22,0,2,22.333333333333332,25,18,18,14,20,8.06,1,1.75,107,8,6,2026,pitcher,22.1,5.64179104477612,0.40298507462686567,10.074626865671643,1.4285714285714286,0.18691588785046728,0.1308411214953271,0.05607476635514019,0,7.514356743318832,2.4954630205096335,5.018893722809198,6.496505663107705,Reliever,TRUE,0.056074766355140186,0.53,0.7701863354037267,0.6683417085427136,0.5482233502538071,0.3,0.6090533750665236,56.54320250399142
18,N Cardinal,Modesto Roadsters,9.49,1,2,13,0,2,12.333333333333334,13,13,13,7,10,7.3,3,1.62,56,NA,NA,2026,pitcher,12.1,5.108108108108108,2.189189189189189,9.486486486486486,1.4285714285714286,0.17857142857142858,0.125,0.05357142857142857,0,7.514356743318832,2.4954630205096335,5.018893722809198,NA,Reliever,TRUE,0.05357142857142857,0.27,NA,0.7889447236180904,0.5431472081218274,0.205,NA,NA
18,D Cheeley,Missoula PaddleHeads,8.71,0,0,9,0,2,10.333333333333334,16,14,10,12,7,6.1,2,2.71,57,2,NA,2026,pitcher,10.1,10.451612903225806,1.7419354838709675,13.935483870967742,0.5833333333333334,0.12280701754385964,0.21052631578947367,-0.08771929824561403,0,7.514356743318832,2.4954630205096335,5.018893722809198,NA,Reliever,TRUE,-0.08771929824561403,0.375,NA,0.135678391959799,0.09137055837563451,0.15,NA,NA
18,M Maloney,Oakland Ballers,11.34,1,2,17,0,2,16.666666666666668,21,21,21,18,21,11.34,4,2.34,90,3,2,2026,pitcher,16.2,9.72,2.1599999999999997,11.34,1.1666666666666667,0.23333333333333336,0.2,0.03333333333333332,0,7.514356743318832,2.4954630205096335,5.018893722809198,9.218893722809195,Reliever,TRUE,0.03333333333333333,0.16,0.18012422360248448,0.22110552763819097,0.40609137055837563,0.25,0.236878516316488,34.21271097898928
18,B Nelson,Oakland Ballers,7.15,1,1,11,0,2,11.333333333333334,13,10,9,8,10,7.94,3,1.85,57,2,1,2026,pitcher,11.1,6.352941176470588,2.3823529411764706,10.323529411764705,1.25,0.17543859649122806,0.14035087719298245,0.03508771929824561,0,7.514356743318832,2.4954630205096335,5.018893722809198,9.077717252220962,Reliever,TRUE,0.03508771929824561,0.545,0.20496894409937888,0.5879396984924623,0.4263959390862944,0.165,0.3325607353062567,39.9536441183754
18,J Swales,Modesto Roadsters,24,0,0,4,0,2,3,6,8,8,11,6,18,NA,5.67,26,NA,NA,2026,pitcher,3,33,NA,18,0.5454545454545454,0.2307692307692308,0.4230769230769231,-0.1923076923076923,0,7.514356743318832,2.4954630205096335,5.018893722809198,NA,Reliever,TRUE,-0.19230769230769232,0.025,NA,0.020100502512562814,0.02030456852791878,0.055,NA,NA
29,J Abreu,RedPocket Mobiles,11.57,0,2,13,0,1,11.666666666666666,14,15,15,18,12,9.26,1,2.74,70,5,4,2026,pitcher,11.2,13.885714285714286,0.7714285714285715,10.8,0.6666666666666666,0.17142857142857143,0.2571428571428571,-0.08571428571428569,0,7.514356743318832,2.4954630205096335,5.018893722809198,9.733179437094911,Reliever,TRUE,-0.08571428571428572,0.155,0.11801242236024845,0.12562814070351758,0.09644670050761421,0.18,0.129307123115974,27.75842738695844
29,J Bell,Great Falls Voyagers,9,0,0,3,0,1,2,2,2,2,1,1,4.5,1,1.5,10,NA,NA,2026,pitcher,2,4.5,4.5,9,1,0.1,0.1,0,0,7.514356743318832,2.4954630205096335,5.018893722809198,NA,Reliever,TRUE,0,0.325,NA,0.8894472361809045,0.233502538071066,0.04,NA,NA
29,J Byrd,Long Beach Coast,4.36,0,0,26,0,1,33,30,21,16,24,24,6.55,1,1.64,149,1,NA,2026,pitcher,33,6.545454545454546,0.2727272727272727,8.181818181818182,1,0.1610738255033557,0.1610738255033557,0,0,7.514356743318832,2.4954630205096335,5.018893722809198,NA,Reliever,TRUE,0,0.905,NA,0.7738693467336684,0.233502538071066,0.42,NA,NA
29,N Darden,Oakland Ballers,5.4,0,1,10,0,1,13.333333333333334,15,9,8,10,13,8.78,1,1.88,66,2,NA,2026,pitcher,13.1,6.75,0.6749999999999999,10.125,1.3,0.19696969696969696,0.15151515151515152,0.04545454545454544,0,7.514356743318832,2.4954630205096335,5.018893722809198,NA,Reliever,TRUE,0.045454545454545456,0.8,NA,0.5678391959798995,0.48223350253807107,0.22,NA,NA
29,J De Cardenas,Ogden Raptors,16.88,0,0,10,0,1,10.666666666666666,20,20,20,17,6,5.06,6,3.47,68,NA,1,2026,pitcher,10.2,14.34375,5.0625,16.875,0.35294117647058826,0.08823529411764706,0.25,-0.16176470588235292,0,7.514356743318832,2.4954630205096335,5.018893722809198,16.268893722809196,Reliever,TRUE,-0.16176470588235295,0.06,0.006211180124223602,0.05527638190954774,0.030456852791878174,0.16,0.04710348079901985,22.826208847941192
29,C Garrison,Modesto Roadsters,4.63,1,0,10,0,1,11.666666666666666,15,6,6,3,11,8.49,1,1.54,54,3,1,2026,pitcher,11.2,2.3142857142857145,0.7714285714285715,11.571428571428571,3.6666666666666665,0.2037037037037037,0.05555555555555555,0.14814814814814814,0,7.514356743318832,2.4954630205096335,5.018893722809198,5.276036579952055,Reliever,TRUE,0.14814814814814814,0.885,0.9875776397515528,0.8743718592964824,0.9187817258883249,0.18,0.8259745870079344,69.55847522047605
29,B Holmes,Modesto Roadsters,3.48,0,1,12,0,1,10.333333333333334,6,9,4,9,19,16.55,1,1.45,54,3,5,2026,pitcher,10.1,7.838709677419354,0.8709677419354839,5.225806451612903,2.111111111111111,0.35185185185185186,0.16666666666666666,0.1851851851851852,0,7.514356743318832,2.4954630205096335,5.018893722809198,6.664055013131778,Reliever,TRUE,0.18518518518518517,0.94,0.7267080745341615,0.914572864321608,0.9644670050761421,0.15,0.7385339172610538,64.31203503566323
29,B Lambert,Missoula PaddleHeads,6.46,1,1,28,0,1,23.666666666666668,33,20,17,15,20,7.61,1,2.03,119,4,2,2026,pitcher,23.2,5.704225352112676,0.38028169014084506,12.549295774647886,1.3333333333333333,0.16806722689075632,0.12605042016806722,0.04201680672268909,0,7.514356743318832,2.4954630205096335,5.018893722809198,6.032978229851452,Reliever,TRUE,0.04201680672268908,0.645,0.8881987577639752,0.4271356783919598,0.467005076142132,0.32,0.6361440861732125,58.16864517039275
29,K Pijaszek,Great Falls Voyagers,5.14,0,1,8,0,1,14,19,9,8,4,15,9.64,3,1.64,65,NA,1,2026,pitcher,14,2.5714285714285716,1.9285714285714288,12.214285714285714,3.75,0.2307692307692308,0.06153846153846154,0.16923076923076924,0,7.514356743318832,2.4954630205096335,5.018893722809198,6.733179437094912,Reliever,TRUE,0.16923076923076924,0.845,0.7080745341614907,0.7738693467336684,0.949238578680203,0.23,0.7117144640740036,62.70286784444022
29,J Rosario,Oakland Ballers,9.95,0,1,12,0,1,12.666666666666666,10,14,14,18,23,16.34,5,2.21,67,2,2,2026,pitcher,12.2,12.789473684210527,3.5526315789473686,7.105263157894737,1.2777777777777777,0.34328358208955223,0.26865671641791045,0.07462686567164178,0,7.514356743318832,2.4954630205096335,5.018893722809198,11.255735828072355,Reliever,TRUE,0.07462686567164178,0.235,0.049689440993788817,0.2864321608040201,0.6954314720812182,0.215,0.2551052868941612,35.30631721364967
29,M Timmins,Missoula PaddleHeads,9.49,1,0,26,1,1,24.666666666666668,44,27,26,29,19,6.93,3,2.96,143,1,1,2026,pitcher,24.2,10.58108108108108,1.0945945945945943,16.054054054054053,0.6551724137931034,0.13286713286713286,0.2027972027972028,-0.06993006993006992,0.038461538461538464,7.514356743318832,2.4954630205096335,5.018893722809198,8.708082911998387,Reliever,TRUE,-0.06993006993006994,0.27,0.2546583850931677,0.09547738693467336,0.1218274111675127,0.335,0.22652657496423695,33.59159449785422
55,C Adamson,RedPocket Mobiles,12.91,0,3,3,3,0,15.333333333333334,25,22,22,5,9,5.28,7,1.96,77,1,NA,2026,pitcher,15.1,2.934782608695652,4.108695652173913,14.67391304347826,1.8,0.11688311688311688,0.06493506493506493,0.05194805194805195,1,7.514356743318832,2.4954630205096335,5.018893722809198,NA,Starter,TRUE,0.05194805194805195,0.115,NA,0.48743718592964824,0.5177664974619289,0.245,NA,NA
55,Z Addkison,Yuba-Sutter Freebirds,29.84,0,1,4,2,0,6.333333333333333,23,21,21,11,4,5.68,5,5.37,51,1,NA,2026,pitcher,6.1,15.63157894736842,7.105263157894737,32.68421052631579,0.3636363636363637,0.0784313725490196,0.21568627450980393,-0.13725490196078433,0.5,7.514356743318832,2.4954630205096335,5.018893722809198,NA,Starter,TRUE,-0.13725490196078433,0.02,NA,0.02512562814070352,0.04568527918781726,0.09,NA,NA
55,D Aguiar,Yuba-Sutter Freebirds,8.46,0,2,20,0,0,22.333333333333332,28,22,21,20,18,7.25,6,2.15,123,2,4,2026,pitcher,22.1,8.059701492537314,2.4179104477611943,11.28358208955224,0.9,0.14634146341463414,0.16260162601626016,-0.01626016260162602,0,7.514356743318832,2.4954630205096335,5.018893722809198,10.123371334749496,Reliever,TRUE,-0.016260162601626018,0.39,0.08695652173913043,0.34673366834170855,0.20812182741116753,0.3,0.21458034101205653,32.87482046072339
55,D Aspinwall,RedPocket Mobiles,33.94,0,0,10,0,0,11.666666666666666,35,44,44,25,10,7.71,3,5.14,96,12,2,2026,pitcher,11.2,19.28571428571429,2.3142857142857145,27,0.4,0.10416666666666669,0.2604166666666667,-0.15625,0,7.514356743318832,2.4954630205096335,5.018893722809198,13.590322294237769,Reliever,TRUE,-0.15625,0.015,0.024844720496894408,0.03015075376884422,0.03553299492385787,0.18,0.04930956256041376,22.958573753624826
55,A Balentine,Oakland Ballers,6.75,0,0,3,0,0,4,3,3,3,3,0,0,2,1.5,18,NA,1,2026,pitcher,4,6.75,4.5,6.75,0,0,0.16666666666666666,-0.16666666666666666,0,7.514356743318832,2.4954630205096335,5.018893722809198,14.518893722809198,Reliever,TRUE,-0.16666666666666666,0.6,0.018633540372670808,0.8894472361809045,0.025380710659898477,0.065,0.20122428189913846,32.073456913948306
55,J Ballista,Ogden Raptors,6.75,1,1,12,4,0,41.333333333333336,59,35,31,20,22,4.79,2,1.91,198,4,3,2026,pitcher,41.1,4.354838709677419,0.43548387096774194,12.846774193548386,1.1,0.1111111111111111,0.101010101010101,0.01010101010101009,0.3333333333333333,7.514356743318832,2.4954630205096335,5.018893722809198,6.252764690551134,Reliever,TRUE,0.010101010101010102,0.6,0.8385093167701864,0.5477386934673367,0.3096446700507614,0.555,0.6253565300649606,57.521391803897636
55,J Ballista,Missoula PaddleHeads,7.94,0,1,5,0,0,5.666666666666667,12,5,5,1,2,3.18,2,2.29,28,NA,NA,2026,pitcher,5.2,1.588235294117647,3.176470588235294,19.058823529411764,2,0.07142857142857142,0.03571428571428571,0.03571428571428571,0,7.514356743318832,2.4954630205096335,5.018893722809198,NA,Reliever,TRUE,0.03571428571428571,0.45,NA,0.22613065326633167,0.43147208121827413,0.08,NA,NA
55,B Barker,Oakland Ballers,14.54,0,0,5,0,0,4.333333333333333,11,8,7,3,3,6.23,2,3.23,28,1,NA,2026,pitcher,4.1,6.230769230769231,4.153846153846154,22.846153846153847,1,0.10714285714285714,0.10714285714285714,0,0,7.514356743318832,2.4954630205096335,5.018893722809198,NA,Reliever,TRUE,0,0.095,NA,0.06532663316582915,0.233502538071066,0.075,NA,NA
55,B Barker,Idaho Falls Chukars,21.38,0,0,6,0,0,8,21,19,19,12,8,9,1,4.13,56,1,NA,2026,pitcher,8,13.5,1.125,23.625,0.6666666666666666,0.14285714285714285,0.21428571428571427,-0.07142857142857142,0,7.514356743318832,2.4954630205096335,5.018893722809198,NA,Reliever,TRUE,-0.07142857142857142,0.03,NA,0.04020100502512563,0.1116751269035533,0.12,NA,NA
55,B Barquin,Yuba-Sutter Freebirds,14.73,0,1,7,2,0,14.666666666666666,28,25,24,9,10,6.14,3,2.52,82,1,4,2026,pitcher,14.2,5.522727272727273,1.840909090909091,17.181818181818183,1.1111111111111112,0.12195121951219512,0.1097560975609756,0.01219512195121951,0.2857142857142857,7.514356743318832,2.4954630205096335,5.018893722809198,8.973439177354653,Reliever,TRUE,0.012195121951219513,0.09,0.22981366459627328,0.17587939698492464,0.3197969543147208,0.235,0.22222279639994597,33.333367783996756
55,W Bartkoski,Glacier Range Riders,16.68,1,0,8,0,0,11.333333333333334,21,21,21,12,5,3.97,2,2.91,67,1,1,2026,pitcher,11.1,9.529411764705882,1.588235294117647,16.676470588235293,0.4166666666666667,0.07462686567164178,0.1791044776119403,-0.1044776119402985,0,7.514356743318832,2.4954630205096335,5.018893722809198,9.871834899279786,Reliever,TRUE,-0.1044776119402985,0.07,0.09316770186335403,0.10050251256281408,0.06091370558375635,0.165,0.0947500731183743,25.68500438710246
55,L Beard,Glacier Range Riders,54,0,0,1,0,0,1,8,6,6,NA,0,0,1,8,11,NA,NA,2026,pitcher,1,NA,9,72,NA,0,NA,NA,0,7.514356743318832,2.4954630205096335,5.018893722809198,NA,Reliever,TRUE,NA,0.005,NA,0.01507537688442211,NA,0.015,NA,NA
55,L Bell,Yuba-Sutter Freebirds,18,0,0,1,0,0,1,1,2,2,2,2,18,NA,3,6,NA,NA,2026,pitcher,1,18,NA,9,1,0.3333333333333333,0.3333333333333333,0,0,7.514356743318832,2.4954630205096335,5.018893722809198,NA,Reliever,TRUE,0,0.05,NA,0.07537688442211055,0.233502538071066,0.015,NA,NA
55,J Berenti,Idaho Falls Chukars,15.09,1,1,17,4,0,34,62,58,57,36,17,4.5,9,2.88,203,8,10,2026,pitcher,34,9.529411764705882,2.3823529411764706,16.41176470588235,0.4722222222222222,0.08374384236453201,0.17733990147783252,-0.0935960591133005,0.23529411764705882,7.514356743318832,2.4954630205096335,5.018893722809198,11.518893722809198,Reliever,TRUE,-0.09359605911330049,0.085,0.043478260869565216,0.11055276381909548,0.08121827411167512,0.44,0.12344023555207066,27.40641413312424
55,A Bergeron,Yuba-Sutter Freebirds,54,0,0,3,0,0,2,11,17,12,7,0,0,1,9,24,NA,1,2026,pitcher,2,31.5,4.5,49.5,0,0,0.2916666666666667,-0.2916666666666667,0,7.514356743318832,2.4954630205096335,5.018893722809198,23.518893722809196,Reliever,TRUE,-0.2916666666666667,0.005,0,0.005025125628140704,0.01015228426395939,0.04,0.00928296941560595,20.556978164936357
55,J Bickford,Idaho Falls Chukars,6.23,0,0,6,0,0,8.666666666666666,12,8,6,10,12,12.46,1,2.54,47,4,1,2026,pitcher,8.2,10.384615384615383,1.0384615384615383,12.461538461538462,1.2,0.2553191489361702,0.2127659574468085,0.04255319148936168,0,7.514356743318832,2.4954630205096335,5.018893722809198,7.557355261270736,Reliever,TRUE,0.0425531914893617,0.7,0.5217391304347826,0.1658291457286432,0.47715736040609136,0.125,0.4444600388279956,46.66760232967974
55,J Bingham,Boise Hawks,17.55,0,0,2,2,0,6.666666666666667,12,13,13,8,4,5.4,3,3,40,NA,NA,2026,pitcher,6.2,10.8,4.05,16.2,0.5,0.1,0.2,-0.1,1,7.514356743318832,2.4954630205096335,5.018893722809198,NA,Starter,TRUE,-0.1,0.055,NA,0.07537688442211055,0.07614213197969544,0.095,NA,NA
55,M Binns,RedPocket Mobiles,21.13,0,2,5,0,0,7.666666666666667,15,19,18,12,6,7.04,4,3.52,52,3,2,2026,pitcher,7.2,14.086956521739127,4.695652173913043,17.608695652173914,0.5,0.1153846153846154,0.2307692307692308,-0.1153846153846154,0,7.514356743318832,2.4954630205096335,5.018893722809198,15.71454589672224,Reliever,TRUE,-0.11538461538461539,0.035,0.012422360248447204,0.05025125628140704,0.050761421319796954,0.115,0.04264635399147898,22.558781239488738
55,J Bishop,Missoula PaddleHeads,12.15,0,1,6,0,0,6.666666666666667,9,11,9,8,4,5.4,3,2.55,36,1,NA,2026,pitcher,6.2,10.8,4.05,12.15,0.5,0.1111111111111111,0.2222222222222222,-0.1111111111111111,0,7.514356743318832,2.4954630205096335,5.018893722809198,NA,Reliever,TRUE,-0.1111111111111111,0.135,NA,0.16080402010050251,0.05583756345177665,0.095,NA,NA
55,T Blankenship,Billings Mustangs,4.91,0,0,4,0,0,3.6666666666666665,3,2,2,5,5,12.27,NA,2.18,21,NA,2,2026,pitcher,3.2,12.272727272727272,NA,7.363636363636364,1,0.23809523809523808,0.23809523809523808,0,0,7.514356743318832,2.4954630205096335,5.018893722809198,NA,Reliever,TRUE,0,0.87,NA,0.3065326633165829,0.233502538071066,0.06,NA,NA
55,N Blythe,Oakland Ballers,9.82,0,0,10,1,0,14.666666666666666,29,17,16,4,0,0,1,2.25,80,NA,3,2026,pitcher,14.2,2.4545454545454546,0.6136363636363636,17.795454545454547,0,0,0.05,-0.05,0.1,7.514356743318832,2.4954630205096335,5.018893722809198,7.337075540991016,Reliever,TRUE,-0.05,0.255,0.577639751552795,0.25125628140703515,0.15228426395939088,0.235,0.3601383815536997,41.60830289322198
55,L Boesen,Ogden Raptors,20.77,0,1,3,3,0,8.666666666666666,24,20,20,10,4,4.15,4,3.92,59,4,NA,2026,pitcher,8.2,10.384615384615383,4.153846153846154,24.923076923076923,0.4,0.06779661016949153,0.1694915254237288,-0.10169491525423728,1,7.514356743318832,2.4954630205096335,5.018893722809198,NA,Starter,TRUE,-0.1016949152542373,0.04,NA,0.04522613065326633,0.06598984771573604,0.125,NA,NA
55,K Bow,Long Beach Coast,12,0,0,2,2,0,6,8,9,8,10,7,10.5,1,3,36,NA,NA,2026,pitcher,6,15,1.5,12,0.7,0.19444444444444445,0.2777777777777778,-0.08333333333333334,1,7.514356743318832,2.4954630205096335,5.018893722809198,NA,Starter,TRUE,-0.08333333333333333,0.15,NA,0.07537688442211055,0.1065989847715736,0.085,NA,NA
55,K Bow,Idaho Falls Chukars,18.32,0,2,2,2,0,9.333333333333334,15,19,19,10,5,4.82,1,2.68,54,5,4,2026,pitcher,9.1,9.642857142857142,0.9642857142857142,14.464285714285714,0.5,0.0925925925925926,0.18518518518518515,-0.0925925925925926,1,7.514356743318832,2.4954630205096335,5.018893722809198,9.840322294237769,Starter,TRUE,-0.09259259259259259,0.045,0.09937888198757763,0.1457286432160804,0.08629441624365482,0.14,0.09933330036537007,25.959998021922203
55,D Bower,Yuba-Sutter Freebirds,6.5,0,2,7,2,0,18,16,15,13,17,11,5.5,1,1.83,86,2,1,2026,pitcher,18,8.5,0.5,8,0.6470588235294118,0.12790697674418605,0.19767441860465115,-0.0697674418604651,0.2857142857142857,7.514356743318832,2.4954630205096335,5.018893722809198,7.518893722809198,Reliever,TRUE,-0.06976744186046512,0.635,0.5341614906832298,0.6130653266331658,0.12690355329949238,0.265,0.43535183959650703,46.12111037579042
55,R Brito,Idaho Falls Chukars,15.22,0,2,17,0,0,18.333333333333332,24,39,31,39,22,10.8,4,3.44,123,8,3,2026,pitcher,18.1,19.145454545454548,1.963636363636364,11.781818181818185,0.5641025641025641,0.17886178861788618,0.3170731707317073,-0.13821138211382114,0,7.514356743318832,2.4954630205096335,5.018893722809198,12.327984631900108,Reliever,TRUE,-0.13821138211382114,0.08,0.037267080745341616,0.06030150753768844,0.04060913705583756,0.27,0.081558810463073,24.89352862778438
55,E Brown,Ogden Raptors,108,0,0,1,0,0,0.3333333333333333,1,4,4,4,0,0,NA,15,7,1,1,2026,pitcher,0.1,108,NA,27,0,0,0.5714285714285714,-0.5714285714285714,0,7.514356743318832,2.4954630205096335,5.018893722809198,NA,Reliever,TRUE,-0.5714285714285714,0,NA,0,0.005076142131979695,0.005,NA,NA
55,G Brown,Missoula PaddleHeads,10.8,1,0,3,0,0,6.666666666666667,13,8,8,5,3,4.05,2,2.7,37,NA,NA,2026,pitcher,6.2,6.75,2.6999999999999997,17.55,0.6,0.08108108108108109,0.13513513513513514,-0.05405405405405406,0,7.514356743318832,2.4954630205096335,5.018893722809198,NA,Reliever,TRUE,-0.05405405405405406,0.185,NA,0.1407035175879397,0.14213197969543148,0.095,NA,NA
