"player_name","team","season","pa","ops","ops_plus","woba","iso","hr_rate","bb_rate","k_rate","power_grade","discipline_grade","scout_grade"
"B Capps","Glacier Range Riders",2026,25,1.24190476190476,136,0.51968,0.380952380952381,0.04,0.16,0.04,72.0694259012016,75.6601095112553,80
"D Leach","Billings Mustangs",2025,58,1.26724137931034,158,0.525,0.363636363636364,0.0517241379310345,0.189655172413793,0.137931034482759,75.369826435247,72.1435814236463,79.9261511728931
"Z Stewart","Missoula PaddleHeads",2026,36,1.71581196581197,225,0.679916666666667,0.576923076923077,0.111111111111111,0.25,0.166666666666667,79.5994659546062,69.0488744676536,79.8696785403996
"R Jepson","Great Falls Voyagers",2022,309,1.18270805865196,160,0.502993527508091,0.251028806584362,0.0388349514563107,0.197411003236246,0.103559870550162,65.8691588785047,76.6335428919083,79.1485664639444
"D Day","Glacier Range Riders",2022,6,2.23333333333333,384,0.909166666666667,0.6,0.166666666666667,0.166666666666667,0.166666666666667,79.7116154873164,65.8811600081119,78.9357080799305
"C Estrada","Idaho Falls Chukars",2022,249,1.23600169910411,170,0.521534136546185,0.298076923076923,0.0522088353413655,0.14859437751004,0.112449799196787,72.9986648865153,70.6266477387954,78.5621198957428
"K Figueiredo","Grand Junction Jackalopes",2023,200,1.13484641751805,142,0.481396984924623,0.291390728476821,0.045,0.185,0.135,70.5153538050734,72.4518353275198,78.1190269331017
"S Davis","Rocky Mountain Vibes",2021,11,1.32323232323232,234,0.558636363636364,0.333333333333333,0.0909090909090909,0.181818181818182,0.181818181818182,77.8851802403204,64.4818495234233,77.4978279756733
"L Johnstone","Oakland Ballers",2026,124,1.2228439763002,132,0.506258064516129,0.408163265306122,0.0806451612903226,0.17741935483871,0.161290322580645,78.8144192256342,67.807746907321,76.6463944396177
"B Rosengard","Idaho Falls Chukars",2025,284,1.27446109216597,161,0.539681978798586,0.253275109170306,0.0352112676056338,0.172535211267606,0.151408450704225,64.7476635514019,69.3206246197526,76.6029539530843
"S Canton","Idaho Falls Chukars",2026,488,1.26851572251077,141,0.528094455852156,0.372549019607843,0.0717213114754098,0.122950819672131,0.104508196721311,78.0133511348465,65.3092678969783,76.3987836663771
"T Darden","Boise Hawks",2025,452,1.20897240178422,147,0.514524336283186,0.256064690026954,0.0398230088495575,0.150442477876106,0.128318584070796,66.5580774365821,69.2151693368485,76.0773240660295
"M Jung-Goldberg","Boise Hawks",2025,447,1.1541822721598,135,0.489298876404494,0.316666666666667,0.058165548098434,0.145413870246085,0.136465324384787,75.0333778371161,67.0006083958629,75.8253692441355
"M Warkentin","Ogden Raptors",2022,65,1.27759197324415,180,0.531369230769231,0.369565217391304,0.0615384615384615,0.153846153846154,0.2,76.9879839786382,58.1910363009532,75.390964378801
"E Lopez","Yuba-Sutter Freebirds",2026,34,1.18325791855204,128,0.498647058823529,0.230769230769231,0.0294117647058823,0.176470588235294,0.0882352941176471,60.0213618157543,76.5524234435206,75.2432667245873
"T Rogers","Idaho Falls Chukars",2025,460,1.18322170507436,140,0.501193478260869,0.326370757180157,0.0608695652173913,0.132608695652174,0.147826086956522,75.7383177570094,62.4051916446968,74.8088618592528
"J Cunningham","Ogden Raptors",2021,4,1.83333333333333,359,0.69775,1,0.25,0.25,0.5,79.871829105474,53.2792537010748,74.5482189400521
"R Alexiades","Ogden Raptors",2023,443,1.10464145459043,133,0.465020316027088,0.345205479452055,0.0654627539503386,0.164785553047404,0.182844243792325,76.9078771695594,62.5471506793754,74.5438748913988
"R McCarthy","Great Falls Voyagers",2023,103,1.17532174305712,149,0.494203883495146,0.337209302325581,0.058252427184466,0.145631067961165,0.184466019417476,75.7863818424566,59.0590143987021,74.5351867940921
"Z Almond","Missoula PaddleHeads",2021,355,1.03683921712091,162,0.449428169014084,0.243506493506494,0.0704225352112676,0.132394366197183,0.132394366197183,71.1401869158879,64.7333198134253,74.2875760208514
"C Monroe","Idaho Falls Chukars",2024,86,1.13636363636364,136,0.485848837209302,0.287878787878788,0.0465116279069767,0.209302325581395,0.197674418604651,70.8197596795728,63.3015615493815,74.1876629018245
"D Tatum","Oakland Ballers",2025,275,1.1389898989899,131,0.482807272727273,0.346666666666667,0.0836363636363636,0.163636363636364,0.181818181818182,78.0133511348465,62.6079902656662,74.0920938314509
"A Fogel","Missoula PaddleHeads",2024,428,1.26831560855086,161,0.530481308411215,0.385057471264368,0.0817757009345794,0.142523364485981,0.205607476635514,78.7182910547397,55.3518556073819,74.0616854908775
"G Howell","Glacier Range Riders",2022,101,1.11477814448111,145,0.479465346534654,0.271604938271605,0.0495049504950495,0.158415841584158,0.178217821782178,71.0921228304406,62.2794564996958,74.0529973935708
"V Temesvary","Great Falls Voyagers",2026,408,1.20413786768927,130,0.503501228501229,0.320872274143302,0.053921568627451,0.132352941176471,0.132352941176471,74.3124165554072,64.7252078685865,73.9617723718506
"K Dugan","Grand Junction Jackalopes",2024,277,1.18042519053349,143,0.495859205776173,0.342222222222222,0.0794223826714801,0.133574007220217,0.173285198555957,77.6448598130841,58.2113161630501,73.8705473501303
"L Navarro","Rocky Mountain Vibes",2022,263,1.05921467572487,134,0.459281368821293,0.194312796208531,0.0228136882129278,0.174904942965779,0.0950570342205323,52.1228304405874,76.0170350841614,73.8618592528236
"P Lester","Idaho Falls Chukars",2026,283,1.24221717156614,136,0.520362989323843,0.378151260504202,0.0812720848056537,0.130742049469965,0.169611307420495,78.5580774365821,58.3532751977287,73.6099044309296
"A Fernandes","Glacier Range Riders",2026,131,1.1149136577708,117,0.481169230769231,0.224489795918367,0.0152671755725191,0.229007633587786,0.083969465648855,53.4846461949266,78.6534171567633,73.5186794092094
"J Trimble","Idaho Falls Chukars",2026,420,1.37296918767507,160,0.573095238095238,0.408963585434174,0.0857142857142857,0.133333333333333,0.202380952380952,79.0547396528705,53.5875076049483,73.3970460469157
"C Fellows","Modesto Roadsters",2026,140,1.1564875491481,123,0.492692857142857,0.247706422018349,0.0428571428571429,0.185714285714286,0.142857142857143,66.7343124165554,71.4378422226729,73.3362293657689
"C Bagnieski","Ogden Raptors",2025,424,1.07397644302182,120,0.458744680851064,0.256637168141593,0.0542452830188679,0.160377358490566,0.122641509433962,70.6275033377837,71.5311295883188,73.1798436142485
"S Wilmer","Rocky Mountain Vibes",2023,180,1.17631806395851,152,0.501129213483146,0.3,0.0555555555555556,0.194444444444444,0.244444444444444,73.7036048064085,56.211721760292,73.1798436142485
"R Pena","Missoula PaddleHeads",2025,460,1.24083370685791,150,0.517958695652174,0.430412371134021,0.1,0.126086956521739,0.191304347826087,79.4392523364486,53.2305820320422,72.9713292788879
"D Perez","Colorado Springs Sky Sox",2023,245,1.01264671671778,117,0.437661224489796,0.233160621761658,0.0489795918367347,0.175510204081633,0.0979591836734694,67.214953271028,75.887243966741,72.9235447437011
"S Lynch","Billings Mustangs",2026,121,1.22520661157025,135,0.513661157024793,0.352272727272727,0.0661157024793388,0.223140495867769,0.247933884297521,77.1642189586115,56.6335428919083,72.8323197219809
"L Sparks","Missoula PaddleHeads",2022,406,1.12533101739799,146,0.474266009852217,0.265895953757225,0.0443349753694581,0.120689655172414,0.147783251231527,68.8651535380507,59.1847495437031,72.5499565595135
"X Casserilla","Missoula PaddleHeads",2026,452,1.21050370903519,130,0.511117516629712,0.356020942408377,0.0730088495575221,0.11283185840708,0.128318584070796,77.7089452603471,59.7120259582235,72.5152041702867
"M Feinstein","Idaho Falls Chukars",2022,144,1.08788102261554,140,0.468888888888889,0.247787610619469,0.0486111111111111,0.180555555555556,0.201388888888889,68.6088117489987,61.4074224295275,72.5108601216334
"J Newman","Missoula PaddleHeads",2022,410,1.14568876674682,149,0.484392682926829,0.335211267605634,0.0780487804878049,0.104878048780488,0.153658536585366,77.4045393858478,53.7051308051105,72.2458731537793
"J Newman","Missoula PaddleHeads",2021,91,1.04073974805682,162,0.44810989010989,0.292682926829268,0.0879120879120879,0.0989010989010989,0.131868131868132,75.8344459279039,54.8935307239911,72.2111207645526
"C Dayton","Boise Hawks",2025,24,1.11111111111111,128,0.480958333333333,0.277777777777778,0.0416666666666667,0.125,0.125,68.7530040053404,63.2528898803488,72.0634231103388
"M Feinstein","Idaho Falls Chukars",2021,348,1.03464464950623,161,0.451781609195402,0.211267605633803,0.0574712643678161,0.183908045977011,0.189655172413793,65.5166889185581,63.3461772459947,72.0590790616855
"H George","Colorado Springs Sky Sox",2023,410,1.04843605092319,123,0.450286063569682,0.25,0.0390243902439024,0.129268292682927,0.0878048780487805,65.6448598130841,68.0673291421618,71.9244135534318
"D Stroup","Rocky Mountain Vibes",2023,450,1.06377473363775,127,0.455082222222222,0.265753424657534,0.0444444444444444,0.151111111111111,0.171111111111111,68.849132176235,62.5512066517948,71.6029539530843
"J Ochoa","Colorado Springs Sky Sox",2025,1,5,866,2.101,3,1,0,0,80,47.3413100790915,71.5725456125109
"D Brutcher","Ogden Raptors",2024,152,1.08510186757216,126,0.468539473684211,0.241935483870968,0.0394736842105263,0.171052631578947,0.171052631578947,64.7636849132176,65.6215777732711,71.5160729800174
"D Landis","Colorado Springs Sky Sox",2024,1,3,508,1.271,1,0,0,0,55.9038718291055,47.3413100790915,71.4943527367507
"G Ferraro-Nahr","Ogden Raptors",2026,389,1.17751587884204,125,0.500579896907216,0.30030959752322,0.0616966580976864,0.141388174807198,0.172236503856041,74.8090787716956,60.3690934901643,71.4813205907906
"A Fogel","Missoula PaddleHeads",2025,376,1.24714095744681,151,0.520577127659574,0.396875,0.0904255319148936,0.101063829787234,0.167553191489362,79.1028037383178,49.701886027175,71.3987836663771
"A Cootway","Billings Mustangs",2026,392,1.15227959870817,121,0.487964285714286,0.316498316498317,0.0561224489795918,0.188775510204082,0.206632653061224,74.6328437917223,61.1843439464612,71.2945264986968
"J Johnson","Grand Junction Jackalopes",2023,490,1.09087758857148,132,0.467114519427403,0.26491646778043,0.0448979591836735,0.130612244897959,0.161224489795918,68.8971962616822,59.7241938754817,71.25977410947
"J Barfield","Rocky Mountain Vibes",2023,349,1.13109354413702,139,0.476698550724638,0.325174825174825,0.0630372492836676,0.126074498567335,0.191977077363897,75.9786381842457,53.039951328331,71.2076455256299
"D Matthews","Colorado Springs Sky Sox",2024,406,1.08895055184885,127,0.468394088669951,0.246835443037975,0.0467980295566502,0.187192118226601,0.194581280788177,67.9679572763685,62.993307645508,71.1381407471764
"W Crenshaw","Billings Mustangs",2023,64,1.05602240896359,124,0.447333333333333,0.313725490196078,0.0625,0.171875,0.21875,75.497997329773,58.2437639424052,70.8948740225891
"B Carson","Rocky Mountain Vibes",2023,91,1.0800963081862,132,0.462876404494382,0.2,0.021978021978022,0.186813186813187,0.164835164835165,52.6355140186916,67.8036909349017,70.8427454387489
"E Berkey","Yuba-Sutter Freebirds",2025,354,1.13567765567766,132,0.48164,0.3003663003663,0.0593220338983051,0.135593220338983,0.192090395480226,74.5367156208278,55.4126951936727,70.7949609035621
"T Cruz","Great Falls Voyagers",2026,422,1.15504439063761,121,0.48952380952381,0.299435028248588,0.0545023696682464,0.139810426540284,0.163507109004739,73.5113484646195,61.4723179882377,70.7906168549088
"A Redahan","Great Falls Voyagers",2026,124,1.23379477038014,136,0.525609756097561,0.27027027027027,0.0403225806451613,0.0887096774193548,0.0483870967741935,67.871829105474,56.9012370715879,70.742832319722
"T Collins","Missoula PaddleHeads",2026,8,1.16666666666667,124,0.49025,0.333333333333333,0,0.25,0.25,54.0774365821095,56.7836138714257,70.7341442224153
"J O'Dowd","Billings Mustangs",2025,395,1.09121388732218,122,0.465228426395939,0.308641975308642,0.0556962025316456,0.159493670886076,0.19746835443038,74.0400534045394,59.6187385925776,70.7124239791486
"J Gonzalez","Yuba-Sutter Freebirds",2024,392,1.11289733284618,131,0.475409207161125,0.270186335403727,0.048469387755102,0.145408163265306,0.191326530612245,70.3230974632844,58.0125735145001,70.7037358818419
"K Willman","Missoula PaddleHeads",2023,89,1.13438202247191,142,0.482898876404494,0.213333333333333,0.0224719101123595,0.112359550561798,0.101123595505618,54.8304405874499,62.3240721963091,70.6907037358819
"A Guadalupe","Colorado Springs Sky Sox",2022,154,1.12428513071895,147,0.481091503267974,0.2421875,0.038961038961039,0.11038961038961,0.142857142857143,64.6515353805073,57.0269722165889,70.6776715899218
"B Nigh","Boise Hawks",2026,110,1.11566600859366,115,0.47194495412844,0.278481012658228,0.0454545454545454,0.209090909090909,0.181818181818182,69.890520694259,65.7757047252079,70.4387489139878
"P Mills","Billings Mustangs",2024,217,1.06837937029167,121,0.453410138248848,0.311377245508982,0.0552995391705069,0.207373271889401,0.225806451612903,74.2483311081442,58.8683836949909,70.4039965247611
"R McCarthy","Glacier Range Riders",2024,144,1.16022222222222,139,0.493805555555556,0.288,0.0555555555555556,0.111111111111111,0.166666666666667,72.8865153538051,53.344149259785,70.3344917463076
"C Sargent Jr.","Ogden Raptors",2025,398,1.18480220975498,139,0.500826196473552,0.357954545454545,0.0879396984924623,0.0904522613065327,0.14321608040201,78.4619492656876,50.2859460555668,70.3258036490009
"B Rosengard","Long Beach Coast",2026,155,1.11144284008251,115,0.475251655629139,0.221311475409836,0.0193548387096774,0.148387096774194,0.0903225806451613,55.4072096128171,72.5005069965524,70.2693310165074
"E Lopez","Rocky Mountain Vibes",2021,75,1.07098039215686,170,0.464946666666667,0.220588235294118,0.0666666666666667,0.0933333333333333,0.0933333333333333,68.5447263017357,56.7187183127155,70.1346655082537
"R Washington Jr.","Grand Junction Jackalopes",2023,420,1.05672268907563,125,0.453421428571429,0.266106442577031,0.0571428571428571,0.128571428571429,0.15952380952381,72.0373831775701,59.2861488541878,70.0521285838401
"J Coutts","Colorado Springs Sky Sox",2023,384,1.09662953172205,133,0.467669270833333,0.262839879154079,0.046875,0.104166666666667,0.135416666666667,69.5380507343124,56.1468262015818,69.9695916594266
"A Rios","Rocky Mountain Vibes",2023,17,1.58455882352941,236,0.679352941176471,0.3125,0.0588235294117647,0.0588235294117647,0.117647058823529,74.9052069425901,46.7045224092476,69.9391833188532
"P Chung","Missoula PaddleHeads",2024,434,1.06065073453342,121,0.458868055555556,0.209497206703911,0.0253456221198157,0.142857142857143,0.105990783410138,55.2309746328438,70.0344757655648,69.8957428323197
"J Pappas","Idaho Falls Chukars",2025,283,1.06445608278647,119,0.460003533568905,0.209821428571429,0.0459363957597173,0.148409893992933,0.11660777385159,62.648865153538,70.2088825795985,69.8088618592528
"N Klemp","Missoula PaddleHeads",2025,247,1.07470781452907,118,0.459263157894737,0.30188679245283,0.0566801619433198,0.129554655870445,0.157894736842105,74.1682242990654,60.0162238896776,69.7046046915725
"A Guadalupe","Colorado Springs Sky Sox",2024,78,1.05897435897436,121,0.459846153846154,0.215384615384615,0.0384615384615385,0.153846153846154,0.141025641025641,61.3831775700935,67.828026769418,69.6915725456125
"A Shaver","Billings Mustangs",2026,411,1.26647807637907,141,0.530289603960396,0.334285714285714,0.048661800486618,0.0851581508515815,0.145985401459854,73.8317757009346,48.2701277631312,69.5134665508254
"K Micklus","Billings Mustangs",2026,172,1.09502923976608,110,0.469327485380117,0.284722222222222,0.0465116279069767,0.127906976744186,0.0930232558139535,70.7236315086782,67.2764145203813,69.483058210252
"C Muniz","Billings Mustangs",2026,428,1.1258761682243,116,0.480542056074766,0.295454545454545,0.0630841121495327,0.147196261682243,0.172897196261682,74.520694259012,61.443926181302,69.4309296264118
"B Vradenburg","Glacier Range Riders",2026,267,1.06444047744058,106,0.459449438202247,0.238317757009346,0.0411985018726592,0.191011235955056,0.123595505617978,65.1642189586115,74.285134861083,69.1615986099044
"D Henderson","Ogden Raptors",2023,113,1.1465194781498,144,0.492026548672566,0.257731958762887,0.0442477876106195,0.132743362831858,0.221238938053097,68.1602136181575,50.5130805110525,69.1529105125977
"B Barrera","Oakland Ballers",2024,407,1.05761953175746,119,0.45319656019656,0.261494252873563,0.0565110565110565,0.13022113022113,0.154791154791155,71.5086782376502,60.6043398904887,69.131190269331
"R Lee","Idaho Falls Chukars",2026,105,1.14136546184739,118,0.485704761904762,0.349397590361446,0.0857142857142857,0.161904761904762,0.228571428571429,78.1415220293725,55.2464003244778,69.0008688097307
"N Vargas","Missoula PaddleHeads",2026,123,1.15196998123827,124,0.489552845528455,0.186813186813187,0.024390243902439,0.146341463414634,0.121951219512195,51.2576769025367,69.2232812816873,68.8401390095569
"S Greico","Ogden Raptors",2025,50,1.12888888888889,129,0.48392,0.311111111111111,0.08,0.08,0.1,76.5714285714286,52.4072196309065,68.7966985230235
"M Minzey","Grand Junction Jackalopes",2025,396,1.07488876355205,119,0.457477157360406,0.308641975308642,0.0606060606060606,0.159090909090909,0.222222222222222,74.8731642189586,55.5789900628676,68.7880104257168
"S Baumgardt","Idaho Falls Chukars",2025,341,1.09674922600619,123,0.464232352941176,0.291228070175439,0.0557184750733138,0.114369501466276,0.158357771260997,73.1588785046729,55.7655647941594,68.7271937445699
"T McCaffrey","Long Beach Coast",2026,70,1.27470725995316,141,0.537728571428572,0.409836065573771,0.1,0.0857142857142857,0.171428571428571,79.3911882510013,44.1411478401947,68.6750651607298
"F Aberouette","Glacier Range Riders",2022,31,1.01194743130227,121,0.434161290322581,0.259259259259259,0.032258064516129,0.129032258064516,0.161290322580645,63.8664886515354,59.0630703711215,68.6663770634231
"C Petersen","Grand Junction Jackalopes",2022,323,1.090156220591,139,0.467127329192547,0.261363636363636,0.043343653250774,0.142414860681115,0.244582043343653,68.192256341789,49.7951733928209,68.5794960903562
"B Trammell","Rocky Mountain Vibes",2023,36,1.09961685823755,133,0.469666666666667,0.344827586206897,0.0833333333333333,0.138888888888889,0.305555555555556,77.8851802403204,46.2624214155344,68.5577758470895
"D Gomez","Colorado Springs Sky Sox",2024,381,1.14158678734845,135,0.483836411609499,0.348101265822785,0.078740157480315,0.120734908136483,0.230971128608924,77.8050734312417,45.8689920908538,68.5360556038228
"B Norman","Great Falls Voyagers",2021,175,1.00636528028933,154,0.436222857142857,0.246835443037975,0.0742857142857143,0.0971428571428571,0.16,71.9252336448598,49.7465017237883,68.514335360556
"D Matthews","Colorado Springs Sky Sox",2023,347,1.05465427943814,124,0.449472622478386,0.297202797202797,0.0634005763688761,0.152737752161383,0.23342939481268,74.7289719626168,52.8817684039749,68.4491746307559
"P Robertson","Colorado Springs Sky Sox",2023,408,1.01172839506173,117,0.438469135802469,0.21875,0.0269607843137255,0.17156862745098,0.17156862745098,57.3938584779706,65.609409856013,68.3970460469157
"J Soto","Ogden Raptors",2023,74,1.11782094594595,137,0.472081081081081,0.28125,0.0675675675675676,0.108108108108108,0.189189189189189,74.2162883845127,48.3918069357128,68.3492615117289
"A Pimentel","Grand Junction Jackalopes",2025,394,1.03977226181699,113,0.446030769230769,0.261980830670927,0.0431472081218274,0.154822335025381,0.17258883248731,68.2563417890521,62.8026769417968,68.3362293657689
"T Kelly","Idaho Falls Chukars",2022,161,0.981039555410265,117,0.428111801242236,0.195488721804511,0.0248447204968944,0.136645962732919,0.0807453416149068,53.0841121495327,70.2778341107281,68.2754126846221
"K Clark","Rocky Mountain Vibes",2025,289,1.09820329805562,124,0.468650519031142,0.251046025104602,0.041522491349481,0.155709342560554,0.217993079584775,66.8464619492657,56.0251470290002,68.2450043440487
"D Molinari","Colorado Springs Sky Sox",2022,29,1.047976011994,132,0.449586206896552,0.173913043478261,0.0344827586206896,0.172413793103448,0.172413793103448,53.3404539385848,65.5526262421416,68.1841876629018
"Z Roos","Grand Junction Jackalopes",2025,446,1.03819869891998,113,0.449174887892377,0.230985915492958,0.031390134529148,0.145739910313901,0.143497757847534,60.6141522029372,66.2218616913405,68.0973066898349
"M Sanford","Oakland Ballers",2026,135,1.09623015873016,109,0.462703703703704,0.294642857142857,0.0592592592592593,0.140740740740741,0.155555555555556,73.9279038718291,63.1636584871223,68.0668983492615
"K Schmack","Great Falls Voyagers",2026,395,1.13142788035153,116,0.476863291139241,0.308917197452229,0.0607594936708861,0.136708860759494,0.187341772151899,75.0333778371161,56.6335428919083,68.0278019113814
"M O<U+2019>Hara","Boise Hawks",2026,302,1.07692307692308,109,0.464254966887417,0.200854700854701,0.0298013245033113,0.195364238410596,0.125827814569536,55.9679572763685,74.2891908335023,68.0234578627281
"A Baeza","Boise Hawks",2023,319,1.01177371145294,116,0.433332288401254,0.228682170542636,0.0438871473354232,0.15987460815047,0.169278996865204,64.9719626168224,64.1898195092273,68.0017376194613
"T Wyatt","Idaho Falls Chukars",2026,367,1.14589260695038,118,0.485008174386921,0.302839116719243,0.0626702997275204,0.0953678474114442,0.106267029972752,75.0493991989319,56.0940985601298,67.984361424848
"C Petersen","Rocky Mountain Vibes",2023,247,1.04898785425101,125,0.454327935222672,0.21578947368421,0.0242914979757085,0.165991902834008,0.202429149797571,55.8397863818425,59.8418170756439,67.9582971329279
"C Lawrence","Ogden Raptors",2026,451,1.22021369569507,131,0.515293986636971,0.362025316455696,0.0776053215077605,0.110864745011086,0.212860310421286,78.045393858478,45.9622794564997,67.9322328410078
"C Denning","Billings Mustangs",2023,353,1.00883405977584,115,0.436261363636364,0.232876712328767,0.0453257790368272,0.138810198300283,0.144475920679887,65.7890520694259,64.542689109714,67.9278887923545
"E Scavotto","Grand Junction Jackalopes",2025,465,1.08390593583355,122,0.465270967741935,0.246612466124661,0.0473118279569892,0.18494623655914,0.234408602150538,67.9519359145527,56.5645913607787,67.7975673327541
"V Rodriguez","Idaho Falls Chukars",2023,4,1.25,165,0.53975,0.25,0,0,0,49.1748998664886,47.3413100790915,67.7932232841008
"J Nicol","Great Falls Voyagers",2024,51,1.18761140819964,141,0.484039215686275,0.454545454545455,0.0784313725490196,0.0980392156862745,0.215686274509804,78.8785046728972,40.9490975461367,67.7063423110339
"M Handron","Modesto Roadsters",2026,340,1.06197706519431,105,0.457729411764706,0.223826714801444,0.0352941176470588,0.170588235294118,0.117647058823529,61.5113484646195,73.6077874670452,67.6455256298871
"K Liniak","Glacier Range Riders",2024,115,1.15057675244011,135,0.481608695652174,0.377551020408163,0.0695652173913043,0.0869565217391304,0.182608695652174,77.9012016021362,42.5187588724397,67.2502172024327
"B Roberts","Colorado Springs Sky Sox",2025,317,1.10846459072973,124,0.47181072555205,0.299651567944251,0.0630914826498423,0.0851735015772871,0.129337539432177,74.9372496662216,50.6144798215372,67.141615986099
"J Newman-Dodd","Missoula PaddleHeads",2023,78,1.02229654403567,115,0.437782051282051,0.333333333333333,0.0897435897435897,0.102564102564103,0.141025641025641,77.6769025367156,54.8002433583452,67.115551694179
"C Lane","Ogden Raptors",2026,485,1.11309253388582,114,0.475294845360825,0.232445520581114,0.0371134020618557,0.115463917525773,0.101030927835052,63.3217623497997,63.5124721151896,67.1112076455256
"H George","Colorado Springs Sky Sox",2024,410,0.986698894015967,105,0.425351219512195,0.234234234234234,0.0292682926829268,0.168292682926829,0.139024390243902,60.2296395193591,70.4725207868586,67.0851433536056
"H Hudson","Idaho Falls Chukars",2022,30,1.24444444444444,170,0.526533333333333,0.37037037037037,0.0666666666666667,0.1,0.266666666666667,77.5807743658211,36.3415128777124,67.0199826238054
"J Elvir","Grand Junction Jackalopes",2021,203,1.02544154751892,159,0.450403940886699,0.182926829268293,0.0492610837438424,0.192118226600985,0.275862068965517,59.9252336448598,53.9606570675319,66.7332754126846
"L Navigato","Missoula PaddleHeads",2021,159,0.90062893081761,128,0.401245283018868,0.133333333333333,0.0377358490566038,0.150943396226415,0.119496855345912,49.4632843791722,70.2453863313729,66.5986099044309
"O Johnson","Modesto Roadsters",2026,385,1.12305194805195,115,0.480672727272727,0.270833333333333,0.0571428571428571,0.106493506493506,0.135064935064935,72.2777036048064,56.9783005475563,66.5682015638575
"C Hall","Ogden Raptors",2025,268,1.04256503694706,112,0.447591760299625,0.283783783783784,0.0634328358208955,0.16044776119403,0.220149253731343,74.0400534045394,56.3536807949706,66.4205039096438
"C Kirtley","Glacier Range Riders",2023,267,1.01724817662133,116,0.435337078651685,0.285087719298246,0.0561797752808989,0.131086142322097,0.198501872659176,72.9826435246996,53.7335226120462,66.3423110338836
"M Haas","Boise Hawks",2026,132,1.12286441294075,117,0.481977099236641,0.219047619047619,0.0378787878787879,0.136363636363636,0.166666666666667,61.8958611481976,60.2149665382276,66.3292788879236
"J Reinhardt","Idaho Falls Chukars",2022,9,1.16666666666667,164,0.526,0,0,0.333333333333333,0.111111111111111,20,77.0269722165889,66.2554300608167
"L Navarro","Missoula PaddleHeads",2023,300,1.00655870445344,116,0.43815,0.190283400809717,0.0333333333333333,0.15,0.146666666666667,55.5674232309746,66.4530521192456,66.2163336229366
"J Broughton","Ogden Raptors",2022,412,1.04511238196569,129,0.447007281553398,0.227397260273973,0.0339805825242718,0.0946601941747573,0.135922330097087,61.2229639519359,52.6019063070371,66.007819287576
"E Pelc","Long Beach Coast",2026,443,1.04944231489754,106,0.460239819004525,0.165605095541401,0.0203160270880361,0.2686230248307,0.106094808126411,47.2523364485981,77.4487933482052,65.7298001737619
"N Martinez","Oakland Ballers",2024,400,1.01730769230769,111,0.4411075,0.255384615384615,0.0525,0.18,0.225,70.0987983978638,57.6678158588522,65.7211120764553
"G Ostrander","Idaho Falls Chukars",2025,384,1.01748932819429,110,0.445229765013055,0.168253968253968,0.0234375,0.1484375,0.0651041666666667,48.5500667556742,73.4293246805922,65.6776715899218
"J Jablonski","Idaho Falls Chukars",2025,299,1.03954739586222,112,0.445744966442953,0.289256198347107,0.0602006688963211,0.163879598662207,0.240802675585284,73.7837116154873,53.7903062259177,65.6472632493484
"C Sepulveda","Billings Mustangs",2021,210,0.931917631917632,135,0.410533333333333,0.162162162162162,0.0476190476190476,0.119047619047619,0.147619047619048,56.6248331108144,58.8643277225715,65.3866203301477
"C Valentine","Ogden Raptors",2026,509,1.11624810260046,113,0.474504930966469,0.271889400921659,0.0392927308447937,0.104125736738703,0.145383104125737,67.7276368491322,54.6420604339891,65.377932232841
"B Ryan","Billings Mustangs",2023,137,1.07509578544061,130,0.467318518518518,0.172413793103448,0.0291970802919708,0.102189781021898,0.0802919708029197,51.0974632843792,60.4988846075847,65.3258036490009
"C Horner","Boise Hawks",2025,60,0.991525423728814,106,0.43764406779661,0.159090909090909,0.0166666666666667,0.183333333333333,0.0833333333333333,44.6568758344459,77.2094909754614,65.1476976542137
"K Ewell","Grand Junction Jackalopes",2025,99,1.05162738496072,114,0.451585858585859,0.308641975308642,0.0707070707070707,0.161616161616162,0.343434343434343,75.8344459279039,49.8357331170148,65.1476976542137
"J Faile","Billings Mustangs",2023,227,1.17529094615031,146,0.492352422907489,0.407960199004975,0.092511013215859,0.0881057268722467,0.255506607929515,79.214953271028,33.2792537010748,65.1433536055604
"C Almanza","Oakland Ballers",2025,406,1.04749776085983,111,0.443485221674877,0.338068181818182,0.0763546798029557,0.105911330049261,0.167487684729064,77.4365821094793,51.4337862502535,65.1303214596004
"J Valdez","Ogden Raptors",2022,437,1.0450075735366,128,0.448384259259259,0.242744063324538,0.0480549199084668,0.0755148741418764,0.125858123569794,67.6154873164219,48.8663557087812,65.0521285838401
"J Agnew","Grand Junction Jackalopes",2022,5,1.4,197,0.5978,0.6,0.2,0,0.2,79.7917222963952,30.4400730075035,64.98696785404
"D Andiarena","Missoula PaddleHeads",2026,121,1.1591477746607,121,0.497603305785124,0.275229357798165,0.0578512396694215,0.0909090909090909,0.15702479338843,72.6141522029372,48.1403366457108,64.9087749782798
"D Tofteland","Rocky Mountain Vibes",2024,399,1.01139240506329,111,0.439288607594937,0.25,0.0426065162907268,0.157894736842105,0.218045112781955,66.894526034713,56.1224903670655,64.8653344917463
"A Figueredo","Billings Mustangs",2023,155,0.965891472868217,105,0.417587096774194,0.27906976744186,0.0580645161290323,0.109677419354839,0.116129032258065,72.8865153538051,60.1622388967755,64.7523892267593
"K Greenwalt","Missoula PaddleHeads",2023,420,1.01702544031311,116,0.434804761904762,0.257534246575342,0.05,0.0833333333333333,0.104761904761905,70.0026702269693,52.6465220036504,64.6046915725456
"J Smith","Colorado Springs Sky Sox",2025,7,1.21428571428571,158,0.549428571428571,0,0,0.428571428571429,0.142857142857143,20,73.3117014804299,64.5829713292789
"R Alexiades","Ogden Raptors",2022,422,0.973473601813863,114,0.419641330166271,0.21875,0.033175355450237,0.146919431279621,0.196682464454976,59.8291054739653,57.8219428107889,64.5525629887055
"J Goldfarb","Ogden Raptors",2021,320,0.930454545454545,135,0.41020625,0.174545454545455,0.05,0.140625,0.2125,58.803738317757,54.139119853985,64.4874022589053
"D Miller","Glacier Range Riders",2023,431,1.01843294277947,118,0.438807424593967,0.210526315789474,0.0348027842227378,0.129930394431555,0.178654292343387,58.9959946595461,56.3171770431961,64.370112945265
"M Dinesen","Glacier Range Riders",2024,165,1.08155127081507,124,0.46661963190184,0.25,0.0484848484848485,0.121212121212121,0.23030303030303,68.6248331108144,46.2299736361793,64.3397046046916
"T Williams","Modesto Roadsters",2026,308,1.05533596837945,103,0.452064935064935,0.245059288537549,0.0487012987012987,0.13961038961039,0.152597402597403,68.2403204272363,63.4354086392213,64.3266724587315
"J Cruce","Grand Junction Jackalopes",2023,437,1.06409096553315,126,0.458732265446224,0.242894056847545,0.0526315789473684,0.0938215102974828,0.17162471395881,68.785046728972,46.6112350436017,64.1833188531712
"J Teixeira","Boise Hawks",2022,406,0.976670958351993,114,0.419736453201971,0.224431818181818,0.0369458128078818,0.0911330049261084,0.0763546798029557,62.2162883845127,57.059419995944,64.1355343179844
"T Bouchard","Colorado Springs Sky Sox",2022,292,1.06481530835243,133,0.456284246575342,0.260700389105058,0.0410958904109589,0.10958904109589,0.26027397260274,67.3751668891856,39.8215372135469,64.0834057341442
"C Mize","Rocky Mountain Vibes",2024,72,1.099709367315,128,0.474492957746479,0.238095238095238,0.0416666666666667,0.0972222222222222,0.180555555555556,65.2443257676902,46.0677347394038,64.0703735881842
"D Jimerson","Oakland Ballers",2026,102,1.16624040920716,123,0.496990196078431,0.271739130434783,0.0490196078431372,0.0784313725490196,0.156862745098039,70.9479305740988,44.9198945447171,64.0616854908775
"A Rios","Grand Junction Jackalopes",2024,399,1.01013466098377,110,0.437413098236776,0.219941348973607,0.0401002506265664,0.12280701754386,0.152882205513784,62.8090787716956,59.2050294058,63.9183318853171
"M Backstrom","Great Falls Voyagers",2024,202,1.13195726352296,132,0.477292079207921,0.355932203389831,0.0594059405940594,0.099009900990099,0.321782178217822,76.4432576769025,34.6136686270533,63.879235447437
"D Leach","Billings Mustangs",2024,163,1.00599229561992,110,0.437196319018405,0.255813953488372,0.049079754601227,0.190184049079755,0.300613496932515,69.6181575433912,53.2062461975259,63.8488271068636
"J Coutts","Colorado Springs Sky Sox",2024,412,1.05206174320934,118,0.450366504854369,0.25,0.0485436893203883,0.0970873786407767,0.16504854368932,68.6889185580774,48.6270533360373,63.6185925282363
"C Pregent","Rocky Mountain Vibes",2025,42,1.02380952380952,110,0.441071428571429,0.2,0.0476190476190476,0.119047619047619,0.119047619047619,61.6234979973298,62.7702291624417,63.5490877497828
"J Day","Rocky Mountain Vibes",2024,425,1.02309761422111,112,0.441,0.236914600550964,0.0423529411764706,0.115294117647059,0.167058823529412,65.2763684913218,54.3987020888258,63.5403996524761
"G Brusa","Yuba-Sutter Freebirds",2025,407,1.04342790158947,111,0.445490147783251,0.308781869688385,0.0687960687960688,0.117936117936118,0.213759213759214,75.8184245660881,47.8848103832894,63.4361424847958
"D Hubbard","Missoula PaddleHeads",2023,317,1.07847200324339,129,0.464670886075949,0.227758007117438,0.0347003154574132,0.0725552050473186,0.145110410094637,61.671562082777,45.5080105455283,63.3275412684622
"K Moody","Colorado Springs Sky Sox",2025,335,0.97098812506809,100,0.420976119402985,0.193430656934307,0.0238805970149254,0.164179104477612,0.122388059701493,52.3631508678238,72.0137903062259,63.3231972198089
"E Crawford","Oakland Ballers",2026,19,1.04511278195489,102,0.444473684210526,0.214285714285714,0.0526315789473684,0.157894736842105,0.157894736842105,65.2283044058745,65.9054958426283,63.3014769765421
"S Kuchinski","Grand Junction Jackalopes",2024,224,1.01062324644493,109,0.435991031390135,0.288770053475936,0.0669642857142857,0.142857142857143,0.241071428571429,74.5687583444593,50.1034272966944,63.2884448305821
"J Barfield","Rocky Mountain Vibes",2021,291,0.955088554057626,141,0.417072164948454,0.207692307692308,0.0618556701030928,0.106529209621993,0.219931271477663,65.7089452603471,43.4800243358345,63.2797567332754
"D Poteet","Boise Hawks",2023,292,1.00123287671233,113,0.429051369863014,0.244,0.0308219178082192,0.13013698630137,0.212328767123288,61.607476635514,51.543297505577,63.2536924413553
"B Trammell","Colorado Springs Sky Sox",2024,18,1.09401709401709,131,0.480888888888889,0.153846153846154,0,0.277777777777778,0.277777777777778,35.8611481975968,55.2626242141553,63.1494352736751
"L Navarro","Missoula PaddleHeads",2024,105,1.01751152073733,112,0.442952380952381,0.193548387096774,0.0380952380952381,0.114285714285714,0.123809523809524,58.1789052069426,60.648955587102,63.1320590790617
"I Nunez","Grand Junction Jackalopes",2025,415,1.00599897246819,107,0.439150246305419,0.199386503067485,0.0409638554216867,0.151807228915663,0.166265060240964,59.4285714285714,63.5530318393835,63.1190269331016
"B Cannon","Modesto Roadsters",2026,438,1.01066360429825,96,0.438915525114155,0.230538922155689,0.0410958904109589,0.21689497716895,0.164383561643836,64.2510013351135,68.9109714053944,63.0408340573414
"T Viola","Boise Hawks",2024,445,1.06592733109587,120,0.456921348314607,0.296103896103896,0.0629213483146067,0.0853932584269663,0.186516853932584,74.5046728971963,41.423646319205,62.9105125977411
"E Lopez","Rocky Mountain Vibes",2023,335,0.982421227197347,110,0.425238805970149,0.211805555555556,0.0358208955223881,0.119402985074627,0.152238805970149,59.781041388518,58.3411072804705,62.8627280625543
"K Crowl","Great Falls Voyagers",2021,315,0.916701680672269,132,0.409720634920635,0.088235294117647,0.0253968253968254,0.136507936507936,0.133333333333333,38.6809078771696,65.4877306834314,62.8496959165943
"J Ybarra","Oakland Ballers",2026,451,1.09685144124169,108,0.465745011086474,0.3275,0.0731707317073171,0.0953436807095344,0.161862527716186,76.9078771695594,48.4932062461975,62.7845351867941
"B Fitzgerald","Glacier Range Riders",2024,315,1.01435998384817,110,0.435814102564103,0.299212598425197,0.053968253968254,0.120634920634921,0.219047619047619,73.3351134846462,47.6414520381261,62.7845351867941
"D Nevarez","Missoula PaddleHeads",2021,180,0.916457023060797,131,0.401294444444444,0.207547169811321,0.0611111111111111,0.116666666666667,0.227777777777778,65.5327102803738,45.2727641452038,62.6411815812337
"S Macias","Rocky Mountain Vibes",2021,125,0.948672566371681,139,0.413824,0.212389380530973,0.064,0.096,0.208,66.8464619492657,41.5331575745285,62.5847089487402
"A Kirchner","Yuba-Sutter Freebirds",2026,245,1.15964961326997,119,0.487734693877551,0.360730593607306,0.0816326530612245,0.0897959183673469,0.220408163265306,78.2536715620828,37.5785844656256,62.5716768027802
"A Sanchez","Missoula PaddleHeads",2024,353,1.02304292929293,111,0.438221590909091,0.281045751633987,0.056657223796034,0.118980169971671,0.218130311614731,72.7903871829105,47.3494220239302,62.5369244135534
"C Crader","Grand Junction Jackalopes",2021,27,0.912037037037037,130,0.396740740740741,0.25,0.0740740740740741,0.111111111111111,0.296296296296296,72.1335113484646,38.8156560535388,62.4761077324066
"J Hubbard","Grand Junction Jackalopes",2023,460,1.00689720332577,113,0.431300653594771,0.283163265306122,0.0543478260869565,0.0978260869565217,0.182608695652174,72.5180240320427,46.0433989048874,62.4717636837533
"M Hogan","Rocky Mountain Vibes",2023,187,0.974391624221845,107,0.41894623655914,0.276315789473684,0.053475935828877,0.144385026737968,0.245989304812834,71.8931909212283,50.2575542486311,62.3718505647263
"J Winters","Oakland Ballers",2026,61,1.0359394703657,100,0.44955737704918,0.211538461538462,0.0327868852459016,0.147540983606557,0.147540983606557,58.3070761014686,65.9419995944028,62.1763683753258
"B Ryan","Billings Mustangs",2024,411,0.980766970320306,105,0.429665853658537,0.19578313253012,0.0267639902676399,0.1338199513382,0.141119221411192,53.8691588785047,63.6949908740621,61.9982623805387
"S Greico","Ogden Raptors",2026,233,1.15459100615235,118,0.485412017167382,0.389162561576355,0.0858369098712446,0.0987124463519313,0.261802575107296,78.9265687583445,36.0170350841614,61.9417897480452
"J Harrison-Dudley","RedPocket Mobiles",2026,356,1.08373196870249,106,0.460960674157303,0.323432343234323,0.0730337078651685,0.137640449438202,0.26685393258427,76.6835781041389,47.0208882579599,61.8158123370982
"Q Landis","Colorado Springs Sky Sox",2025,323,0.958513931888545,99,0.423594427244582,0.16078431372549,0.0247678018575851,0.1671826625387,0.105263157894737,48.1975967957276,74.4270938957615,61.7723718505647
"G Buhner","Ogden Raptors",2022,30,1.06,135,0.4642,0.16,0,0.1,0.166666666666667,36.9666221628838,49.774893530724,61.750651607298
"S Rich","Idaho Falls Chukars",2025,221,1.08475378787879,121,0.466422727272727,0.244791666666667,0.0588235294117647,0.0995475113122172,0.212669683257919,70.0507343124166,42.3767998377611,61.7332754126846
"R Gonzalez","Idaho Falls Chukars",2024,151,1.10274934778246,130,0.471701986754967,0.143939393939394,0.0132450331125828,0.0860927152317881,0.0728476821192053,40.9879839786382,55.4816467248023,61.6029539530843
"G Ostrander","Idaho Falls Chukars",2026,378,1.02995280581487,101,0.452933687002653,0.12987012987013,0.00529100529100529,0.169312169312169,0.0714285714285714,36.9986648865153,76.6659906712634,61.5855777584709
"E Corona","Long Beach Coast",2026,419,1.09825854336594,108,0.463866348448687,0.324175824175824,0.0644391408114559,0.102625298329356,0.202863961813842,76.154873164219,44.8590549584263,61.5160729800174
"B Cermenelli","Missoula PaddleHeads",2026,291,1.02906471245808,98,0.442780068728522,0.21285140562249,0.0309278350515464,0.120274914089347,0.0790378006872852,57.7943925233645,66.0677347394038,61.4726324934839
"X Washington","Great Falls Voyagers",2024,438,1.03597694538602,115,0.446757437070938,0.211229946524064,0.0296803652968037,0.121004566210046,0.198630136986301,57.0574098798398,50.8862299736362,61.4031277150304
"C Dayton","Boise Hawks",2026,47,1.07669470559129,105,0.462893617021277,0.279069767441861,0.0638297872340425,0.0851063829787234,0.127659574468085,73.8317757009346,50.8456702494423,61.1859252823632
"J McMurray","Rocky Mountain Vibes",2023,239,1.03171752219614,123,0.454292887029289,0.0682926829268293,0.00418410041841004,0.121338912133891,0.0418410041841004,29.7570093457944,67.3250861894139,61.1294526498697
"R Martinez","Grand Junction Jackalopes",2021,168,0.840291750503018,113,0.377392857142857,0.126760563380282,0.0357142857142857,0.154761904761905,0.160714285714286,47.652870493992,64.9847901034273,60.9904430929626
"G Howell","Glacier Range Riders",2023,455,0.935102633215841,100,0.407826373626374,0.21832884097035,0.0373626373626374,0.142857142857143,0.169230769230769,61.479305740988,61.2370715879132,60.9860990443093
"D Maberry","Ogden Raptors",2021,214,0.992592960827202,151,0.438873831775701,0.111702127659574,0.0327102803738318,0.121495327102804,0.196261682242991,44,51.7907118231596,60.8644656820156
"D Tofteland","Rocky Mountain Vibes",2025,429,1.01203034253882,108,0.439009324009324,0.217514124293785,0.034965034965035,0.116550116550117,0.177156177156177,60.437917222964,52.966943824782,60.7471763683753
"K Willman","Missoula PaddleHeads",2024,220,1.01126893939394,109,0.433263636363636,0.229166666666667,0.0454545454545454,0.104545454545455,0.172727272727273,65.3724966622163,50.1480429933076,60.6646394439618
"W Little","Idaho Falls Chukars",2021,328,0.880226480836237,123,0.392246951219512,0.114982578397213,0.0335365853658537,0.125,0.149390243902439,44.9612817089453,59.821537213547,60.5299739357081
"C Runge","Missoula PaddleHeads",2024,286,0.971447639497432,102,0.417465034965035,0.211618257261411,0.0384615384615385,0.115384615384615,0.136363636363636,60.6622162883845,59.4078280267694,60.4735013032146
"B Daniel","Great Falls Voyagers",2022,410,0.943022081108385,108,0.413863414634146,0.189349112426036,0.0292682926829268,0.14390243902439,0.197560975609756,53.5967957276368,56.9945244372338,60.3953084274544
"A Mow","Billings Mustangs",2022,99,0.915945165945166,101,0.400949494949495,0.214285714285714,0.0303030303030303,0.121212121212121,0.151515151515152,57.890520694259,58.9332792537011,60.2736750651607
"E Paton","Glacier Range Riders",2025,137,0.9903452685422,103,0.429397058823529,0.226086956521739,0.0291970802919708,0.138686131386861,0.204379562043796,59.0761014686248,54.6785641857635,60.238922675934
"R Jepson","Great Falls Voyagers",2023,385,0.954031638143788,106,0.419415584415584,0.115264797507788,0.00259740259740259,0.14025974025974,0.0701298701298701,34.2109479305741,71.5270736158994,60.139009556907
"P Parks","Ogden Raptors",2021,348,0.892563922120572,126,0.398965517241379,0.122448979591837,0.0344827586206896,0.155172413793103,0.224137931034483,46.4672897196262,54.7069559926993,60.112945264987
"J Shanks","Idaho Falls Chukars",2025,177,0.999313962873285,105,0.434084745762712,0.264285714285714,0.0564971751412429,0.096045197740113,0.163841807909605,71.6688918558077,48.5864936118434,60.0347523892268
"C Dean","Missoula PaddleHeads",2026,82,1.05352303523035,100,0.444951219512195,0.277777777777778,0.0487804878048781,0.0975609756097561,0.146341463414634,71.0120160213618,52.1598053133239,59.9956559513467
"S Rivas","Rocky Mountain Vibes",2024,443,1.06378651409159,117,0.451399548532731,0.331683168316832,0.0699774266365688,0.0677200902934537,0.214446952595937,76.7316421895861,33.3360373149463,59.8479582971329
"A Guadalupe","Colorado Springs Sky Sox",2023,366,0.984448734448734,108,0.421725274725275,0.24024024024024,0.046448087431694,0.0628415300546448,0.10655737704918,66.894526034713,48.3836949908741,59.8262380538662
"N Klemp","Missoula PaddleHeads",2026,472,0.998257076062453,91,0.426360169491525,0.266009852216749,0.0550847457627119,0.114406779661017,0.105932203389831,71.5727636849132,62.7093895761509,59.8045178105995
"L Williams","Ogden Raptors",2023,360,0.956772575250836,105,0.416575,0.217391304347826,0.0361111111111111,0.155555555555556,0.238888888888889,60.8384512683578,52.8047049280065,59.7132927888792
"B Riley","Missoula PaddleHeads",2022,368,0.938397331707978,106,0.40560597826087,0.214953271028037,0.0380434782608696,0.114130434782609,0.173913043478261,61.2229639519359,52.7560332589738,59.6872284969592
"K Quiggle","Idaho Falls Chukars",2021,261,0.973034579756535,146,0.426670498084291,0.164556962025316,0.0498084291187739,0.0919540229885058,0.206896551724138,57.6662216288384,40.4015412695194,59.6611642050391
"A Sequera","Boise Hawks",2022,225,0.94380146644106,108,0.412546666666667,0.157360406091371,0.00888888888888888,0.115555555555556,0.124444444444444,41.2122830440588,61.1478401946867,59.5786272806255
"R Orsak","Yuba-Sutter Freebirds",2025,426,0.985357368753953,101,0.427305882352941,0.212365591397849,0.0446009389671361,0.103286384976526,0.122065727699531,62.7289719626168,57.728655445143,59.5438748913988
"T Rogers","Idaho Falls Chukars",2024,406,0.950846005568644,99,0.415830049261084,0.201863354037267,0.0344827586206896,0.160098522167488,0.189655172413793,57.8104138851802,60.847698235652,59.5351867940921
"G Wurtz","Billings Mustangs",2023,402,0.99603391493238,112,0.429455223880597,0.23943661971831,0.0472636815920398,0.0870646766169154,0.176616915422886,67.1028037383178,43.5003041979315,59.483058210252
"M Rosario","Missoula PaddleHeads",2024,402,1.01243258133735,112,0.442688279301746,0.156976744186046,0.0248756218905473,0.116915422885572,0.154228855721393,47.3004005340454,57.2622186169134,59.4092093831451
"S Strong","Colorado Springs Sky Sox",2022,17,0.983193277310924,115,0.407705882352941,0.214285714285714,0,0.117647058823529,0.235294117647059,44.7530040053405,44.3561143784222,59.3440486533449
"M O'Connor","Missoula PaddleHeads",2023,391,0.95929368883716,104,0.413240409207161,0.260479041916168,0.0460358056265985,0.107416879795396,0.199488491048593,68.9612817089453,46.8059217197323,59.2050390964379
"D Stroup","Idaho Falls Chukars",2022,436,1.03978704187859,126,0.44076376146789,0.256476683937824,0.0527522935779816,0.0573394495412844,0.215596330275229,70.3871829105474,31.3486108294464,59.1615986099044
"C Hornung","Glacier Range Riders",2026,334,1.01154431853809,95,0.433873493975904,0.230483271375465,0.0329341317365269,0.146706586826347,0.182634730538922,61.1588785046729,59.7120259582235,59.1225021720243
"D Stone","Ogden Raptors",2025,382,0.996680839621532,106,0.437411609498681,0.136942675159236,0.0130890052356021,0.12565445026178,0.109947643979058,39.8985313751669,65.1632528898804,59.1094700260643
"T Kelly","Idaho Falls Chukars",2021,136,0.910077145612343,130,0.402919117647059,0.122950819672131,0.0367647058823529,0.102941176470588,0.161764705882353,47.5407209612817,51.5635773676739,59.1094700260643
"R Gil","Ogden Raptors",2024,253,1.01851273094954,109,0.433616600790514,0.32093023255814,0.0711462450592885,0.106719367588933,0.328063241106719,76.5393858477971,37.0999797201379,59.0920938314509
"S Linscott","Rocky Mountain Vibes",2025,423,1.03319594519327,111,0.447364066193853,0.191099476439791,0.033096926713948,0.0732860520094563,0.0851063829787234,55.6154873164219,51.8028797404178,59.0790616854909
"T Jeffries","Rocky Mountain Vibes",2023,42,0.943164362519201,107,0.434571428571429,0.0645161290322581,0,0.166666666666667,0.119047619047619,25.7196261682243,72.8533765970391,59.0008688097307
"K Schmack","Great Falls Voyagers",2025,168,1.03683035714286,114,0.452488095238095,0.21875,0.0357142857142857,0.125,0.285714285714286,60.7743658210948,42.8107888866356,58.9878366637706
"J Akins","Missoula PaddleHeads",2021,291,0.86107602243864,118,0.382312714776632,0.154150197628458,0.0446735395189003,0.130584192439863,0.213058419243986,54.2056074766355,51.4216183329953,58.9574283231972
"S Ullian","Ogden Raptors",2022,233,0.991668770512497,116,0.424763948497854,0.254901960784314,0.0429184549356223,0.0944206008583691,0.236051502145923,67.3911882510013,36.6254309470696,58.8444830582103
"W Fuenning","Ogden Raptors",2024,17,1.01176470588235,109,0.436235294117647,0.266666666666667,0.0588235294117647,0.117647058823529,0.411764705882353,72.3097463284379,39.6836341512878,58.8140747176368
"M Soper","Billings Mustangs",2026,394,0.981273652616469,90,0.425208762886598,0.205696202531646,0.0279187817258883,0.16497461928934,0.147208121827411,55.6154873164219,68.8704116812006,58.7619461337967
"E Apodaca","Missoula PaddleHeads",2026,464,0.986333052985702,92,0.433071120689655,0.159891598915989,0.0172413793103448,0.163793103448276,0.0818965517241379,45.0894526034713,75.2829040762523,58.7271937445699
"P Chung","Missoula PaddleHeads",2022,105,0.987468671679198,116,0.421361904761905,0.178947368421053,0.019047619047619,0.0571428571428571,0.0476190476190476,48.3898531375167,50.0669235449199,58.7228496959166
"G Lyttle","Great Falls Voyagers",2021,122,0.852955787382017,116,0.390163934426229,0.0606060606060606,0.0163934426229508,0.188524590163934,0.180327868852459,32.9933244325768,65.1551409450416,58.7098175499566
"T Wyatt","Idaho Falls Chukars",2024,431,0.966847272477299,101,0.420759906759907,0.219839142091153,0.0394431554524362,0.11368909512761,0.17169373549884,62.4726301735648,53.1778543905902,58.6707211120765
"E Sleight","Missoula PaddleHeads",2025,352,0.997941505216095,103,0.430644886363636,0.245901639344262,0.0454545454545454,0.102272727272727,0.178977272727273,67.150867823765,48.2944635976475,58.627280625543
"M Bardowell","Long Beach Coast",2026,378,1.03773681515617,100,0.447846560846561,0.219354838709677,0.0343915343915344,0.12962962962963,0.19047619047619,60.5180240320427,54.4027580612452,58.614248479583
"K Ashworth","Glacier Range Riders",2026,403,0.984990752596386,94,0.442229797979798,0.123239436619718,0.0124069478908189,0.260545905707196,0.0967741935483871,37.8477970627503,78.3167714459542,58.6055603822763
"J Jablonski","Long Beach Coast",2026,375,1.02497435897436,96,0.437661333333333,0.298076923076923,0.0613333333333333,0.138666666666667,0.232,74.456608811749,50.2900020279862,58.5925282363163
"C Halvorson","Grand Junction Jackalopes",2024,274,0.947472974221565,96,0.406970802919708,0.244725738396624,0.0437956204379562,0.102189781021898,0.131386861313869,66.5420560747664,56.0454268910971,58.488271068636
"A Fritz","Great Falls Voyagers",2025,335,0.944943116584908,93,0.405519402985075,0.213286713286713,0.0358208955223881,0.119402985074627,0.113432835820896,60.0694259012016,63.3786250253498,58.2927888792354
"A Atwood","Great Falls Voyagers",2022,107,0.932954083705811,105,0.403990654205607,0.184782608695652,0.0280373831775701,0.102803738317757,0.130841121495327,52.283044058745,56.5199756641655,58.262380538662
"R Paller","Idaho Falls Chukars",2023,126,0.930433365917237,100,0.411145161290323,0.202020202020202,0.0317460317460317,0.182539682539683,0.238095238095238,56.6408544726302,56.0210910565808,58.2580364900087
"S Coffman","Grand Junction Jackalopes",2025,378,1.00639944757592,106,0.434580213903743,0.189189189189189,0.0317460317460317,0.0873015873015873,0.0978835978835979,54.3337783711616,54.7312918272156,58.2450043440487
"J Allgeyer","Oakland Ballers",2026,346,0.998916184971098,92,0.432635838150289,0.229166666666667,0.0433526011560694,0.135838150289017,0.15606936416185,64.9078771695594,61.6791725816264,58.236316246742
"U Cantu","Rocky Mountain Vibes",2022,386,0.954190433726419,110,0.414349740932643,0.192878338278932,0.0362694300518135,0.106217616580311,0.183937823834197,57.2977303070761,48.6676130602312,58.0842745438749
"J Kalafut","Boise Hawks",2026,375,0.989117845117845,93,0.433168,0.148148148148148,0.0213333333333333,0.168,0.112,45.0253671562083,73.8227540052728,58.0755864465682
"B Blackford","Yuba-Sutter Freebirds",2024,343,0.975604692203882,102,0.418831360946746,0.235087719298246,0.0379008746355685,0.128279883381924,0.227405247813411,63.8024032042724,48.2457919286149,58.0712423979149
"N Gatewood","Missoula PaddleHeads",2021,349,0.916771131805158,131,0.40232664756447,0.16875,0.0515759312320917,0.0830945558739255,0.189111747851003,58.611481975968,40.2636382072602,58.0668983492615
"M Rosario","Missoula PaddleHeads",2025,415,1.01421300173958,107,0.437236144578313,0.200534759358289,0.0313253012048193,0.0698795180722892,0.0987951807228916,56.2082777036048,50.5171364834719,57.9930495221546
"J Matthews","Great Falls Voyagers",2021,268,0.862580872461726,118,0.386869402985075,0.0901287553648069,0.0261194029850746,0.130597014925373,0.164179104477612,39.0493991989319,59.1685256540256,57.9018245004344
"C Thompson","Missoula PaddleHeads",2021,369,0.907968489622784,130,0.404081300813008,0.111801242236025,0.032520325203252,0.127371273712737,0.21680216802168,44.0320427236315,49.6653822754005,57.8931364031277
"T Carranza","Billings Mustangs",2021,317,0.829420683246521,110,0.374255520504732,0.151162790697674,0.0410094637223975,0.186119873817035,0.261829652996845,52.7797062750334,54.3621983370513,57.8887923544744
"D Laferriere","Long Beach Coast",2026,57,0.999128919860627,98,0.454035714285714,0.0975609756097561,0.0175438596491228,0.175438596491228,0.105263157894737,36.7423230974633,75.185560738187,57.8236316246742
"T Dooley","Idaho Falls Chukars",2026,437,1.02218973528951,97,0.443873831775701,0.206703910614525,0.0274599542334096,0.118993135011442,0.153318077803204,55.5514018691589,58.053133238694,57.7845351867941
"J Rooks","Billings Mustangs",2024,131,0.957492969063881,102,0.424396946564885,0.189473684210526,0.0229007633587786,0.206106870229008,0.267175572519084,51.1455273698264,54.8448590549584,57.7671589921807
"Z Chamizo","Yuba-Sutter Freebirds",2026,410,0.992186613726602,90,0.425236585365854,0.241279069767442,0.0439024390243902,0.126829268292683,0.146341463414634,66.2536715620828,60.9490975461367,57.758470894874
"V Esposito","Grand Junction Jackalopes",2021,306,0.85705368289638,116,0.379558823529412,0.168539325842697,0.0490196078431372,0.127450980392157,0.235294117647059,58.018691588785,46.8992090853782,57.6933101650739
"B Watkins","Great Falls Voyagers",2025,121,1.01388888888889,108,0.439491666666667,0.191919191919192,0.0330578512396694,0.12396694214876,0.214876033057851,55.6795727636849,49.1178259987832,57.6759339704605
"M Clayton","Glacier Range Riders",2023,320,0.92654520295203,98,0.404309375,0.210332103321033,0.040625,0.10625,0.1375,60.9666221628838,56.3780166294869,57.619461337967
"C Gordon","Missoula PaddleHeads",2024,323,0.95351274112884,100,0.420024767801858,0.192307692307692,0.0340557275541796,0.1671826625387,0.229102167182663,56.1602136181575,56.1022105049686,57.5543006081668
"T Specht","Great Falls Voyagers",2026,499,0.960804237583148,84,0.412507014028056,0.237089201877934,0.0280561122244489,0.134268537074148,0.110220440881764,59.9412550066756,67.4629892516731,57.5456125108601
"J Kirby","Yuba-Sutter Freebirds",2024,117,0.957532051282051,97,0.402153846153846,0.270833333333333,0.0512820512820513,0.128205128205128,0.230769230769231,71.2843791722296,47.7185155140945,57.5108601216334
"C Farmer","Grand Junction Jackalopes",2022,169,0.905625589572078,100,0.397828402366864,0.181159420289855,0.029585798816568,0.165680473372781,0.21301775147929,52.6515353805073,58.3735550598256,57.50651607298
"R Shah","Ogden Raptors",2021,243,0.886450958594192,124,0.39622633744856,0.0995260663507109,0.0288065843621399,0.131687242798354,0.205761316872428,41.0360480640854,52.7722571486514,57.4717636837533
"J Feliciano","Rocky Mountain Vibes",2025,52,0.954425013248543,102,0.441941176470588,0.027027027027027,0,0.230769230769231,0.115384615384615,23.0761014686248,76.3252889880349,57.3718505647263
"C Halvorson","Grand Junction Jackalopes",2025,200,1.01089820359281,108,0.43771,0.167664670658683,0.025,0.08,0.075,49.1108144192256,53.7943621983371,57.3457862728063
"C Taylor","Glacier Range Riders",2023,299,0.937044245846812,101,0.410558528428094,0.209016393442623,0.0434782608695652,0.153846153846154,0.250836120401338,61.8157543391188,51.218819712026,57.3457862728063
"J Elvir","Missoula PaddleHeads",2023,119,0.952650290885585,102,0.412941176470588,0.25,0.0504201680672269,0.117647058823529,0.235294117647059,69.3618157543391,44.3561143784222,57.3110338835795
"D Glancy","Yuba-Sutter Freebirds",2024,123,0.919684651391968,92,0.397715447154472,0.191919191919192,0.032520325203252,0.138211382113821,0.138211382113821,55.4232309746328,65.013181910363,56.9721980886186
"D Stengren","Idaho Falls Chukars",2026,228,1.01748419346739,98,0.447057268722467,0.124352331606218,0.0131578947368421,0.135964912280702,0.100877192982456,38.3444592790387,68.7690123707159,56.9200695047785
"B Dansereau","Ogden Raptors",2022,391,0.979776310264534,115,0.423659846547315,0.211940298507463,0.030690537084399,0.0818414322250639,0.19693094629156,57.5861148197597,38.8927195295072,56.8722849695917
"E Ott","Great Falls Voyagers",2026,419,1.00647995158735,93,0.432152744630072,0.262108262108262,0.045346062052506,0.138424821002387,0.224343675417661,68.849132176235,51.4135063881566,56.7854039965248
"T Wyatt","Idaho Falls Chukars",2025,382,0.978163901235349,100,0.42284554973822,0.226586102719033,0.0392670157068063,0.109947643979058,0.191099476439791,63.0814419225634,48.6716690326506,56.7332754126846
"M Koszewski","Missoula PaddleHeads",2026,450,0.954515932216733,87,0.421237136465324,0.13782991202346,0.0133333333333333,0.204444444444444,0.0777777777777778,40.2029372496662,78.4911782599878,56.7158992180712
"M Ortega","Yuba-Sutter Freebirds",2026,107,1.06090517694004,105,0.458383177570093,0.191011235955056,0.0280373831775701,0.0841121495327103,0.121495327102804,53.4846461949266,51.2269316568647,56.7072111207646
"T Moore","Oakland Ballers",2026,145,1.02008757525999,94,0.434131034482759,0.30952380952381,0.0689655172413793,0.0827586206896552,0.144827586206897,75.9465954606142,47.7752991279659,56.5768896611642
"L Roskam","Grand Junction Jackalopes",2021,252,0.845667095667096,114,0.377888888888889,0.108108108108108,0.0317460317460317,0.119047619047619,0.162698412698413,43.1348464619493,56.2360575948084,56.5508253692441
"B Trammell","Glacier Range Riders",2022,48,1.05113636363636,130,0.454333333333333,0.227272727272727,0.0416666666666667,0.0625,0.270833333333333,63.9946595460614,26.457108091665,56.5073848827107
"H Hisky","Idaho Falls Chukars",2021,226,0.838756523712276,112,0.379371681415929,0.0615384615384615,0.0176991150442478,0.13716814159292,0.154867256637168,33.7142857142857,62.2632326100183,56.4552562988706
"J Cone","Ogden Raptors",2024,422,0.958108513189448,100,0.415414868105516,0.1875,0.028436018957346,0.0995260663507109,0.127962085308057,52.9078771695594,55.5465422835125,56.3640312771503
"J Johnson Jr.","Billings Mustangs",2026,409,1.03679224498788,97,0.442397058823529,0.314606741573034,0.0684596577017115,0.107579462102689,0.232273838630807,76.1228304405874,41.7400121679173,56.3249348392702
"T Yukumoto","Missoula PaddleHeads",2026,347,0.96514024356643,89,0.427846376811594,0.11787072243346,0.0115273775216138,0.193083573487032,0.0489913544668588,36.5500667556742,78.7264246603123,56.3205907906168
"N Marcelo","Boise Hawks",2025,486,0.973048618178971,99,0.420831950207469,0.200471698113208,0.0246913580246913,0.0925925925925926,0.123456790123457,53.6929238985314,53.6645710809167,56.2901824500434
"D Hubbard","Grand Junction Jackalopes",2021,241,0.815840296766545,106,0.362232365145228,0.138248847926267,0.04149377593361,0.0995850622406639,0.107883817427386,51.1935914552737,57.6434800243358,56.2858384013901
"N Burns II","Billings Mustangs",2026,159,0.936436746056294,83,0.411729559748428,0.172131147540984,0.0188679245283019,0.20125786163522,0.106918238993711,47.3484646194927,76.3658487122288,56.2684622067767
"Z Denton","Colorado Springs Sky Sox",2025,228,0.97237775289287,99,0.422745614035088,0.223404255319149,0.0394736842105263,0.135964912280702,0.245614035087719,62.8411214953271,48.1078888663557,56.2641181581234
"B Brown","Idaho Falls Chukars",2023,274,0.958534798534798,107,0.424380952380952,0.142222222222222,0.010948905109489,0.142335766423358,0.211678832116788,39.8825100133511,54.6055566822146,56.25977410947
"S Olsson","Boise Hawks",2023,134,0.959093421779989,108,0.42234328358209,0.0925925925925926,0.00746268656716417,0.111940298507463,0.0970149253731343,32.2723631508678,62.7540052727642,56.24674196351
"C Castillo","Glacier Range Riders",2024,376,0.987274707862943,105,0.425163101604278,0.212962962962963,0.0292553191489362,0.0930851063829787,0.175531914893617,57.2656875834446,45.4593388764956,56.2163336229366
"B Wright","Billings Mustangs",2026,266,1.01484674329502,94,0.430724137931034,0.282407407407407,0.037593984962406,0.135338345864662,0.25187969924812,67.7596795727637,47.2277428513486,56.1728931364031
"R Pena","Missoula PaddleHeads",2024,450,0.995917806493722,106,0.42904008908686,0.259640102827764,0.0533333333333333,0.102222222222222,0.28,70.7076101468625,36.4956398296492,56.107732406603
"K Kaler","Boise Hawks",2024,210,0.910092355624791,92,0.403861244019139,0.133720930232558,0.0142857142857143,0.161904761904762,0.119047619047619,40.1228304405874,72.1841411478402,56.007819287576
"A Fishberg","Idaho Falls Chukars",2021,86,0.875331174565793,121,0.387593023255814,0.113924050632911,0.0348837209302326,0.0813953488372093,0.127906976744186,45.4739652870494,49.7383897789495,56.0034752389227
"K Byrne","Rocky Mountain Vibes",2024,97,0.946489936180658,97,0.415278350515464,0.190476190476191,0.0412371134020618,0.11340206185567,0.154639175257732,58.5634178905207,56.0292030014196,55.9643788010426
"D Ratfield","Glacier Range Riders",2026,349,0.977272262758804,90,0.426063400576369,0.177304964539007,0.0286532951289398,0.140401146131805,0.128939828080229,51.4819759679573,67.0087203407017,55.9556907037359
"J Daly","Glacier Range Riders",2024,85,0.95874067937034,100,0.414388235294118,0.211267605633803,0.0235294117647059,0.141176470588235,0.258823529411765,54.5420560747664,48.5702697221659,55.8644656820156
"S Gozzo","Ogden Raptors",2023,253,0.897559782276313,94,0.398915662650602,0.131979695431472,0.0158102766798419,0.173913043478261,0.154150197628458,40.6675567423231,68.854187791523,55.7993049522155
"C Eusay","Missoula PaddleHeads",2021,69,0.81214109926169,106,0.375333333333333,0.113207547169811,0.0289855072463768,0.231884057971014,0.231884057971014,42.8785046728972,58.4911782599878,55.629887054735
"J Elvir","Grand Junction Jackalopes",2022,354,0.948272066916135,107,0.408954802259887,0.246753246753247,0.0536723163841808,0.096045197740113,0.251412429378531,69.4739652870494,35.6641654836747,55.5994787141616
"C Estrada","Idaho Falls Chukars",2021,34,1.10695187165775,179,0.483411764705882,0.181818181818182,0.0588235294117647,0.0294117647058823,0.264705882352941,61.351134846462,24.2790509024539,55.5386620330148
"D Stuart","Oakland Ballers",2024,163,0.938606485539001,95,0.410668711656442,0.192857142857143,0.0429447852760736,0.104294478527607,0.128834355828221,59.4926568758344,57.185155140945,55.4213727193745
"C Hext","Yuba-Sutter Freebirds",2026,201,1.01177253268541,93,0.429213930348259,0.255813953488372,0.0398009950248756,0.114427860696517,0.199004975124378,66.4299065420561,49.0650983573312,55.4170286707211
"F Rojas Jr.","Great Falls Voyagers",2024,364,0.933411826268969,95,0.410956043956044,0.183673469387755,0.032967032967033,0.159340659340659,0.208791208791209,54.173564753004,57.8949503143379,55.3692441355343
"A Amicangelo","Billings Mustangs",2021,304,0.877153110047847,122,0.392483552631579,0.0545454545454545,0.0164473684210526,0.0953947368421053,0.128289473684211,32.4165554072096,53.9484891502738,55.3301476976542
"C Robinson","Idaho Falls Chukars",2026,53,1.04947589098532,103,0.457037735849057,0.2,0.0188679245283019,0.0943396226415094,0.169811320754717,51.3377837116155,46.9843845061854,55.2172024326672
"J Agnew","Grand Junction Jackalopes",2021,1,2,406,0.888,0,0,0,0,20,47.3413100790915,55.1998262380539
"K De La Cruz","Ogden Raptors",2021,1,2,406,0.888,0,0,0,0,20,47.3413100790915,55.1998262380539
"N Ultsch","Ogden Raptors",2023,388,0.98299570196267,110,0.427994845360825,0.169096209912536,0.0180412371134021,0.0902061855670103,0.172680412371134,46.9639519359146,45.2322044210099,55.139009556907
"J Raper","Great Falls Voyagers",2021,199,0.862356475112995,118,0.380190954773869,0.167597765363128,0.050251256281407,0.100502512562814,0.236180904522613,58.1308411214953,38.8643277225715,55.1216333622937
"M Rodriguez","Idaho Falls Chukars",2023,9,1,109,0.430777777777778,0.333333333333333,0.111111111111111,0,0.222222222222222,77.9172229639519,26.9357128371527,55.112945264987
"B Pooler","Great Falls Voyagers",2022,1,2,346,0.888,0,0,0,0,20,47.3413100790915,55.0608166811468
"C Grant-Debose","Great Falls Voyagers",2022,1,2,346,0.888,0,0,0,0,20,47.3413100790915,55.0608166811468
"O Sanchez","Billings Mustangs",2023,1,2,333,0.888,0,0,0,0,20,47.3413100790915,55.0260642919201
"T Weldon","Colorado Springs Sky Sox",2024,1,2,322,0.888,0,0,0,0,20,47.3413100790915,54.9913119026933
"C Jordan","Ogden Raptors",2026,451,0.970516577804456,86,0.416733183856502,0.244094488188976,0.0509977827050998,0.108647450110865,0.133037694013304,68.7049399198932,57.6718718312716,54.9739357080799
"T Cobb","Oakland Ballers",2026,252,0.986247010219613,90,0.427904761904762,0.219178082191781,0.0476190476190476,0.126984126984127,0.174603174603175,64.9879839786382,56.0373149462584,54.9435273675065
"E Lopez","Rocky Mountain Vibes",2022,286,0.94023544023544,105,0.40441958041958,0.216216216216216,0.034965034965035,0.0769230769230769,0.174825174825175,60.2456608811749,41.3222470087203,54.860990443093
"D Jacob","Grand Junction Jackalopes",2022,3,1.33333333333333,197,0.592,0,0,0,0,20,47.3413100790915,54.8175499565595
"D Miller","Glacier Range Riders",2022,354,0.914167753150804,100,0.393960451977401,0.230769230769231,0.0423728813559322,0.0847457627118644,0.175141242937853,64.7797062750334,42.8554045832488,54.6481320590791
"C Jordan","Ogden Raptors",2025,437,0.945394594927737,94,0.411708045977011,0.17426273458445,0.0274599542334096,0.102974828375286,0.0961098398169336,50.6488651535381,60.1500709795173,54.635099913119
"A Elder","Grand Junction Jackalopes",2022,141,0.888970408412815,100,0.404510638297872,0.0517241379310345,0,0.134751773049645,0.0638297872340425,24.3257676902537,70.2088825795985,54.5873153779322
"G Bevacqua","Ogden Raptors",2026,316,0.990544229397733,93,0.437487261146497,0.135135135135135,0.0189873417721519,0.14873417721519,0.14873417721519,42.4939919893191,65.9987832082742,54.4005212858384
"M Yonamine","Boise Hawks",2024,467,0.97892016651297,102,0.42154817987152,0.236009732360097,0.0513918629550321,0.0856531049250535,0.203426124197002,67.9519359145527,38.9860068951531,54.3657688966116
"J Teixeira","Ogden Raptors",2023,390,0.942271062271062,101,0.408197435897436,0.185714285714286,0.0282051282051282,0.0717948717948718,0.115384615384615,52.5554072096128,49.3327925370107,54.357080799305
"J Broughton","Ogden Raptors",2021,319,0.91698595146871,132,0.40648275862069,0.0808080808080808,0.0250783699059561,0.0689655172413793,0.153605015673981,38.1361815754339,43.6138714256743,54.2528236316247
"N Scantlin","Grand Junction Jackalopes",2021,275,0.861357882623705,118,0.388643636363636,0.0632911392405063,0.0181818181818182,0.138181818181818,0.225454545454545,34.2910547396529,51.0971405394443,54.231103388358
"J Cruce","Grand Junction Jackalopes",2022,412,0.926600880683326,103,0.401898058252427,0.218579234972678,0.0461165048543689,0.0922330097087379,0.20873786407767,64.3150867823765,40.3082539038734,54.2050390964379
"J Hjelle","Boise Hawks",2025,428,1.01535888799279,105,0.433315420560748,0.296954314720812,0.0607476635514019,0.0514018691588785,0.214953271028037,74.2323097463284,30.6996552423444,54.2050390964379
"J Guenther","Missoula PaddleHeads",2023,393,0.898304687865874,94,0.396603053435115,0.119631901840491,0.0203562340966921,0.127226463104326,0.0788804071246819,40.6995994659546,67.8361387142567,54.1876629018245
"C Denning","Billings Mustangs",2024,249,0.929718875502008,94,0.408317269076305,0.181372549019608,0.036144578313253,0.140562248995984,0.196787148594378,55.2950600801068,56.3212330156155,54.0790616854909
"C Monroe","Idaho Falls Chukars",2023,118,0.938580298707837,101,0.410559322033898,0.178217821782178,0.0338983050847458,0.11864406779661,0.211864406779661,53.6769025367156,48.456702494423,54.0095569070374
"T Hardy","Idaho Falls Chukars",2024,101,0.95,99,0.4167,0.142857142857143,0.0099009900990099,0.118811881188119,0.158415841584158,39.6582109479306,56.933684850943,53.9487402258905
"D Ellis","Idaho Falls Chukars",2021,39,0.893040293040293,126,0.397871794871795,0.0857142857142857,0.0256410256410256,0.102564102564103,0.205128205128205,38.6328437917223,44.3601703508416,53.9226759339705
"D Wilkinson","Ogden Raptors",2026,262,0.932955206515416,83,0.415666666666667,0.136125654450262,0.0114503816793893,0.183206106870229,0.103053435114504,39.2096128170895,75.8142364631921,53.866203301477
"D Hubbard","Oakland Ballers",2024,396,0.92166532523597,91,0.399693670886076,0.216763005780347,0.0404040404040404,0.0909090909090909,0.118686868686869,62.1842456608812,53.6524031636585,53.8401390095569
"C Bess","Long Beach Coast",2026,411,0.994456078997486,89,0.422693430656934,0.292479108635098,0.0656934306569343,0.0924574209245742,0.167883211678832,74.6328437917223,46.6315149056986,53.8053866203301
"K Stancato","Ogden Raptors",2025,188,0.913927586089444,88,0.402508021390374,0.184713375796178,0.0319148936170213,0.111702127659574,0.101063829787234,53.7409879839786,62.2267288582438,53.7619461337967
"S Barmakian","Rocky Mountain Vibes",2023,162,0.870640713706407,86,0.379333333333333,0.18978102189781,0.0246913580246913,0.141975308641975,0.160493827160494,51.9145527369826,62.7012776313121,53.7228496959166
"G Horton","Missoula PaddleHeads",2021,40,0.926315789473684,134,0.40595,0.157894736842105,0.05,0.05,0.225,56.5447263017356,29.0245386331373,53.6880973066898
"J Reyes","Idaho Falls Chukars",2022,308,0.931337659619008,105,0.406071895424837,0.156583629893238,0.0194805194805195,0.0779220779220779,0.126623376623377,45.4419225634179,49.2760089231393,53.6229365768897
"H Hisky","Idaho Falls Chukars",2022,450,0.872359679266896,92,0.380353333333333,0.157216494845361,0.0155555555555555,0.111111111111111,0.0911111111111111,43.5674232309746,62.7986209693774,53.5968722849696
"C Bagnieski","Ogden Raptors",2024,322,0.93217665615142,95,0.407646687697161,0.13768115942029,0.0186335403726708,0.111801242236025,0.108695652173913,42.6542056074766,61.5412695193673,53.4665508253692
"B Bishop","RedPocket Mobiles",2026,276,0.979096989966555,87,0.419271739130435,0.269230769230769,0.0434782608695652,0.126811594202899,0.221014492753623,68.8331108144192,48.7122287568445,53.4448305821025
"T Best","Oakland Ballers",2024,23,0.934782608695652,96,0.410217391304348,0.15,0,0.130434782608696,0.173913043478261,35.4766355140187,57.2176029203001,53.2884448305821
"E Underwood","Boise Hawks",2026,387,0.99745108845412,95,0.4405,0.154605263157895,0.0129198966408269,0.129198966408269,0.170542635658915,42.173564753004,57.6191441898195,53.2189400521286
"B Carson","Oakland Ballers",2024,413,0.931761442441054,94,0.407444174757282,0.197142857142857,0.0314769975786925,0.142857142857143,0.23728813559322,55.6475300400534,50.6509835733117,53.2015638575152
"B Marine","Yuba-Sutter Freebirds",2024,381,0.975894112134937,104,0.426063157894737,0.148367952522255,0.0236220472440945,0.099737532808399,0.170603674540682,45.826435246996,48.927195295072,53.1885317115552
"J Raper","Billings Mustangs",2022,381,0.902531259052794,97,0.390427440633245,0.219584569732938,0.0288713910761155,0.094488188976378,0.196850393700787,58.3230974632844,42.8107888866356,53.1059947871416
"A Gauna","Great Falls Voyagers",2026,122,1.01562016702753,96,0.443549180327869,0.179245283018868,0.0245901639344262,0.0901639344262295,0.122950819672131,50.2002670226969,52.8898803488136,53.1016507384883
"C Bufford","Oakland Ballers",2025,387,0.999642561937314,103,0.428847545219638,0.247838616714697,0.0542635658914729,0.0775193798449612,0.229974160206718,69.8424566088117,33.0156154938146,53.1016507384883
"D Macaluso","Ogden Raptors",2022,146,0.908230027548209,100,0.3935625,0.206611570247934,0.0342465753424658,0.102739726027397,0.219178082191781,58.1949265687583,42.3849117825999,53.0538662033015
"B West","Idaho Falls Chukars",2021,123,0.881315331010453,122,0.388,0.160714285714286,0.0487804878048781,0.0894308943089431,0.292682926829268,56.7369826435247,31.8758872439667,52.997393570808
"K Stancato","Ogden Raptors",2026,166,1.04499631177772,103,0.458831325301205,0.122448979591837,0.0120481927710843,0.0903614457831325,0.108433734939759,37.5113484646195,54.4392618130197,52.997393570808
"A Swenda","Great Falls Voyagers",2025,291,0.922680412371134,90,0.401147766323024,0.188034188034188,0.0240549828178694,0.147766323024055,0.209621993127148,51.2897196261682,55.9845873048063,52.8105994787142
"R Mccarthy","Idaho Falls Chukars",2024,237,0.901216418087402,91,0.405583690987124,0.12707182320442,0.0168776371308017,0.168776371308017,0.172995780590717,40.6034712950601,64.9320624619752,52.7932232841008
"S Barmakian","Idaho Falls Chukars",2022,448,0.87797619047619,95,0.388946428571429,0.130208333333333,0.00892857142857142,0.118303571428571,0.136160714285714,38.0720961281709,60.2027986209694,52.7888792354474
"A Chouinard","Rocky Mountain Vibes",2025,220,0.97000962000962,99,0.421490909090909,0.158730158730159,0.0181818181818182,0.0954545454545455,0.15,45.4419225634179,50.8172784425066,52.5412684622068
"N Popa","Grand Junction Jackalopes",2022,433,0.974584278155707,115,0.425743055555556,0.119897959183673,0.0138568129330254,0.0531177829099307,0.133949191685912,37.7356475300401,43.8734536605151,52.5108601216334
"C Thompson","Missoula PaddleHeads",2022,427,0.88944262295082,96,0.388014051522248,0.176,0.0281030444964871,0.110070257611241,0.175644028103044,51.1775700934579,51.0890285946056,52.4761077324066
"J Fitzpatrick","Grand Junction Jackalopes",2022,177,0.941477272727273,106,0.408852272727273,0.2,0.0395480225988701,0.0734463276836158,0.19774011299435,59.0600801068091,36.807949705942,52.4456993918332
"T Wyatt","Idaho Falls Chukars",2023,304,0.881529666863789,87,0.382503289473684,0.220973782771536,0.0460526315789474,0.105263157894737,0.161184210526316,64.9078771695594,52.443723382681,52.4326672458732
"W Grant","Boise Hawks",2026,273,0.938518518518518,81,0.408633333333333,0.208888888888889,0.032967032967033,0.157509157509158,0.179487179487179,57.9225634178905,61.8738592577571,52.4239791485665
"G Wurtz","Billings Mustangs",2022,394,0.926324444126689,101,0.397162436548223,0.259154929577465,0.0507614213197969,0.083756345177665,0.261421319796954,70.2590120160214,31.2796592983168,52.4022589052997
"R Holgate","Great Falls Voyagers",2024,85,0.937418300653595,96,0.412658823529412,0.194444444444444,0.0470588235294118,0.129411764705882,0.247058823529412,61.1108144192256,46.3922125329548,52.367506516073
"C Runge","Great Falls Voyagers",2022,396,0.870851370851371,93,0.385684343434343,0.157738095238095,0.0277777777777778,0.121212121212121,0.161616161616162,48.4539385847797,56.9985804096532,52.3153779322328
"A Chouinard","Grand Junction Jackalopes",2023,173,0.96018444266239,106,0.420232558139535,0.179310344827586,0.0346820809248555,0.092485549132948,0.213872832369942,54.2857142857143,39.5944027580612,52.2589052997394
"G DiGiacomo","Missoula PaddleHeads",2024,27,0.922705314009662,94,0.410259259259259,0.130434782608696,0.037037037037037,0.148148148148148,0.185185185185185,49.0787716955941,59.351044412898,52.2589052997394
"J Ajamian","Boise Hawks",2022,28,0.87111801242236,92,0.378714285714286,0.173913043478261,0.0357142857142857,0.107142857142857,0.142857142857143,53.9012016021362,56.1346582843237,52.2458731537793
"K Frett","Missoula PaddleHeads",2025,84,0.909420289855072,87,0.399321428571429,0.188405797101449,0.0357142857142857,0.142857142857143,0.19047619047619,56.0160213618158,57.6597039140134,52.2154648132059
"D Mervis","Billings Mustangs",2021,21,0.829131652661064,111,0.385142857142857,0,0,0.19047619047619,0.238095238095238,20,56.6457108091665,51.9808861859253
"D Pearce","Ogden Raptors",2021,36,0.770833333333333,95,0.341388888888889,0.1875,0.0555555555555556,0.111111111111111,0.194444444444444,61.4953271028037,48.7446765361996,51.9721980886186
"C Garner","Glacier Range Riders",2026,432,0.948227655204399,84,0.413713953488372,0.196581196581197,0.0347222222222222,0.168981481481481,0.217592592592593,57.1375166889186,58.1139728249848,51.9244135534318
"A Davis","Rocky Mountain Vibes",2024,429,0.917840375586854,92,0.402260563380282,0.172131147540984,0.0233100233100233,0.125874125874126,0.179487179487179,48.8064085447263,54.9584262827013,51.9070373588184
"B Fitzgerald","Glacier Range Riders",2023,307,0.933346297826827,98,0.401276872964169,0.246268656716418,0.0423452768729642,0.0944625407166124,0.260586319218241,66.30173564753,34.6988440478605,51.8940052128584
"J Lojewski","Modesto Roadsters",2026,371,0.947664801323338,83,0.414159891598916,0.191558441558441,0.032345013477089,0.113207547169811,0.113207547169811,55.3110814419226,61.443926181302,51.8418766290182
"C Gordon","Missoula PaddleHeads",2025,431,0.903666930225926,86,0.397489559164733,0.17877094972067,0.0278422273781903,0.155452436194896,0.194895591647332,51.3538050734312,59.4402758061245,51.8375325803649
"M Jackson","Colorado Springs Sky Sox",2025,36,0.944444444444444,98,0.427305555555555,0.111111111111111,0,0.222222222222222,0.25,29.8531375166889,56.4713039951328,51.8114682884448
"C Bowen","Billings Mustangs",2026,493,0.980737249905138,88,0.421795131845842,0.237875288683603,0.0425963488843813,0.0892494929006085,0.158215010141988,65.4686248331108,47.6738998174812,51.8027801911381
"T Clarkson","Glacier Range Riders",2025,435,0.890861437413162,83,0.391204597701149,0.186813186813187,0.032183908045977,0.133333333333333,0.151724137931034,54.2216288384513,61.9833705130805,51.7810599478714
"F Jezioro","Grand Junction Jackalopes",2021,135,0.968253968253968,145,0.426392592592593,0.119047619047619,0.037037037037037,0.0666666666666667,0.266666666666667,46.9639519359146,27.1952950719935,51.7158992180712
"D Blinn","Ogden Raptors",2025,27,0.931481481481482,94,0.422333333333333,0.15,0.037037037037037,0.222222222222222,0.296296296296296,51.3377837116155,54.2080713851146,51.6333622936577
"N Ultsch","Boise Hawks",2024,414,0.946960268711443,97,0.410480676328502,0.18005540166205,0.0241545893719807,0.0869565217391304,0.159420289855072,50.2483311081442,46.6071790711823,51.5595134665508
"K Hayes","Great Falls Voyagers",2021,87,0.809374533512464,104,0.359632183908046,0.155844155844156,0.0459770114942529,0.114942528735632,0.241379310344828,54.7983978638184,42.8837963901845,51.4943527367507
"E Underwood","Boise Hawks",2025,392,0.915799369389606,91,0.409866323907455,0.116504854368932,0.0153061224489796,0.153061224489796,0.165816326530612,37.9279038718291,63.767998377611,51.4900086880973
"N Gatewood","Missoula PaddleHeads",2022,436,0.910208983085574,99,0.390834862385321,0.203473945409429,0.0321100917431193,0.0458715596330275,0.153669724770642,56.9292389853137,40.3285337659704,51.4074717636837
"B Wilhoite","Great Falls Voyagers",2026,262,0.978809374158211,91,0.426776061776062,0.125581395348837,0.00763358778625954,0.114503816793893,0.110687022900763,36.8865153538051,62.2510646927601,51.3249348392702
"C Tucker","Ogden Raptors",2025,81,0.920748705694942,92,0.411530864197531,0.129032258064516,0.0123456790123457,0.197530864197531,0.222222222222222,38.8251001335113,59.1928614885419,51.2293657688966
"Z Roos","Yuba-Sutter Freebirds",2026,183,0.927386339151045,79,0.404159340659341,0.189542483660131,0.0218579234972678,0.12568306010929,0.120218579234973,50.9692923898531,64.1492597850335,51.1946133796698
"T Wyatt","Idaho Falls Chukars",2021,171,0.802072294831037,103,0.359824561403509,0.120805369127517,0.0350877192982456,0.128654970760234,0.228070175438596,46.5634178905207,48.2701277631312,51.0642919200695
"C De Guzman","Great Falls Voyagers",2023,66,1.01027221366204,118,0.440984848484848,0.0847457627118645,0,0.0909090909090909,0.196969696969697,27.1134846461949,41.5331575745285,51.0556038227628
"J Gates","Oakland Ballers",2024,79,0.946488294314381,97,0.413897435897436,0.202898550724638,0.0379746835443038,0.0759493670886076,0.177215189873418,59.4125500667557,40.6611235043602,50.9600347523892
"B Lada","Yuba-Sutter Freebirds",2024,388,0.959109777898979,98,0.410813471502591,0.245614035087719,0.0438144329896907,0.0567010309278351,0.206185567010309,66.7182910547397,32.7479213141351,50.8774978279757
"C Castaneda","Grand Junction Jackalopes",2025,326,0.948420181968569,95,0.412107692307692,0.182795698924731,0.0337423312883436,0.110429447852761,0.208588957055215,54.3658210947931,46.457108091665,50.868809730669
"L Fisher","Grand Junction Jackalopes",2023,72,0.927238805970149,97,0.402152777777778,0.223880597014925,0.0416666666666667,0.0555555555555556,0.180555555555556,63.7062750333778,36.5199756641655,50.7949609035621
"E Americaan","Rocky Mountain Vibes",2023,96,0.933412447257384,100,0.409427083333333,0.189873417721519,0.0208333333333333,0.104166666666667,0.25,50.8090787716956,39.026566619347,50.7602085143354
"B Riley","Missoula PaddleHeads",2021,372,0.785495522487433,99,0.357836021505376,0.0464396284829722,0.0134408602150538,0.131720430107527,0.155913978494624,30.4459279038718,60.9572094909755,50.7471763683753
"D Crenshaw","Billings Mustangs",2024,43,0.863049095607235,81,0.385511627906977,0.138888888888889,0.0232558139534884,0.162790697674419,0.13953488372093,44.2723631508678,69.4625836544312,50.7341442224153
"L Moreno","Great Falls Voyagers",2025,65,0.956671899529042,100,0.436476923076923,0.102040816326531,0.0153846153846154,0.123076923076923,0.184615384615385,36.2456608811749,53.490164266883,50.6559513466551
"A Figueredo","Yuba-Sutter Freebirds",2024,286,0.871406371406371,82,0.380933566433566,0.158119658119658,0.0244755244755245,0.15034965034965,0.160839160839161,47.4766355140187,64.2425471506794,50.6472632493484
"J Williams","Great Falls Voyagers",2023,349,0.916745211883577,96,0.399272206303725,0.171052631578947,0.0343839541547278,0.0859598853868195,0.154727793696275,53.0360480640854,47.1141756236058,50.5430060816681
"G Lora Gonzalez","Rocky Mountain Vibes",2025,376,0.924672667757774,89,0.401023936170213,0.193846153846154,0.0425531914893617,0.0957446808510638,0.154255319148936,59.5727636849132,50.1764348002434,50.4561251086012
"L Williams","Ogden Raptors",2022,81,0.97791688402017,116,0.42816049382716,0.126760563380282,0.0246913580246913,0.0987654320987654,0.308641975308642,43.2630173564753,34.536605151085,50.3735881841877
"C Phelts","Ogden Raptors",2023,392,0.873504890171557,89,0.387524675324675,0.12037037037037,0.00510204081632653,0.125,0.13265306122449,35.3644859813084,62.3767998377611,50.3431798436143
"S Troyer","Idaho Falls Chukars",2022,128,0.955357142857143,111,0.419265625,0.160714285714286,0,0.0546875,0.203125,37.1108144192256,32.9993916041371,50.3344917463076
"N Scantlin","Grand Junction Jackalopes",2022,131,0.876376410187124,96,0.392709923664122,0.0796460176991151,0,0.114503816793893,0.129770992366412,26.8731642189586,60.1703508416143,50.3171155516942
"J Akins","Missoula PaddleHeads",2022,226,0.891267238668523,96,0.389942477876106,0.187817258883249,0.0309734513274336,0.110619469026549,0.234513274336283,53.9332443257677,42.3402960859866,50.1433536055604
"D Connors","Ogden Raptors",2022,379,0.85626102292769,89,0.377314814814815,0.145061728395062,0.0158311345646438,0.121372031662269,0.160949868073879,42.1895861148198,57.5136889069154,50.112945264987
"M Schwellenbach","Missoula PaddleHeads",2021,13,0.825174825174825,109,0.379384615384615,0,0,0.153846153846154,0.230769230769231,20,53.5185560738187,50.1042571676803
"J Kline","Billings Mustangs",2022,248,0.935538116591928,104,0.399233870967742,0.233183856502242,0.0362903225806452,0.0604838709677419,0.278225806451613,63.0974632843792,25.735145001014,50.0608166811468
"J Garcia","Billings Mustangs",2021,381,0.854537523783739,116,0.37902624671916,0.111747851002865,0.0341207349081365,0.083989501312336,0.215223097112861,44.6568758344459,36.5078077469073,49.8566463944396
"A Manisero","Great Falls Voyagers",2026,256,0.992045454545455,91,0.431234375,0.2,0.03515625,0.09375,0.17578125,57.7943925233645,45.5729061042385,49.8132059079062
"G Morgan","Idaho Falls Chukars",2025,222,0.879359806734108,82,0.391806306306306,0.139664804469274,0.018018018018018,0.171171171171171,0.175675675675676,42.8464619492657,64.5710809166498,49.761077324066
"N Blythe","Oakland Ballers",2026,374,0.962325236775981,84,0.413489304812834,0.237951807228916,0.0481283422459893,0.0935828877005348,0.171122994652406,67.214953271028,46.5868992090854,49.7393570807993
"B Bohning","Idaho Falls Chukars",2022,106,0.866666666666667,95,0.394019047619048,0.0470588235294118,0,0.141509433962264,0.160377358490566,24.0373831775701,62.6485499898601,49.7306689834926
"T Bouchard","Colorado Springs Sky Sox",2023,316,0.894491326769808,91,0.391924050632911,0.185185185185185,0.0316455696202532,0.136075949367089,0.259493670886076,53.6769025367156,47.28452646522,49.7263249348393
"G Diaz","Rocky Mountain Vibes",2022,419,0.908809122914434,102,0.402508393285372,0.0691489361702127,0.00477326968973747,0.0763723150357995,0.0620525059665871,29.9012016021362,53.3806530115595,49.6828844483058
"T Garcia","Rocky Mountain Vibes",2025,335,0.939217963608207,94,0.411279279279279,0.118466898954704,0.0119402985074627,0.0925373134328358,0.0955223880597015,36.758344459279,56.3942405191645,49.6741963509991
"G Lora","Billings Mustangs",2024,176,0.875991581673952,84,0.39117816091954,0.147887323943662,0.0170454545454545,0.130681818181818,0.153409090909091,43.2309746328438,61.2289596430744,49.5829713292789
"J Steele","Glacier Range Riders",2026,259,0.943397671568627,83,0.408828125,0.186274509803922,0.0231660231660232,0.166023166023166,0.231660231660232,50.584779706275,55.3599675522207,49.5569070373588
"B Hueth","Idaho Falls Chukars",2022,291,0.840571474957383,86,0.368903780068729,0.12992125984252,0.00687285223367697,0.11340206185567,0.109965635738832,37.3511348464619,61.8698032853377,49.5525629887055
"E Good","Ogden Raptors",2025,413,0.901757288796638,87,0.400643031784841,0.129909365558912,0.0242130750605327,0.150121065375303,0.184019370460048,43.6475300400534,59.926992496451,49.5525629887055
"S Wilmer","Oakland Ballers",2024,357,0.906206896551724,90,0.3989,0.175862068965517,0.0252100840336134,0.137254901960784,0.238095238095238,50.1682242990654,49.2395051713648,49.5004344048653
"C Middleton","Grand Junction Jackalopes",2022,176,0.894480519480519,96,0.3874375,0.214285714285714,0.0454545454545454,0.0738636363636364,0.204545454545455,63.2096128170895,36.0819306428716,49.4005212858384
"S Barmakian","Idaho Falls Chukars",2021,312,0.759698789438566,93,0.348682692307692,0.033457249070632,0.00961538461538461,0.137820512820513,0.137820512820513,28.4913217623498,64.9523423240722,49.383145091225
"C Lopez","Rocky Mountain Vibes",2022,278,0.864813494891898,91,0.380829710144928,0.118852459016393,0.0143884892086331,0.100719424460432,0.100719424460432,37.9118825100134,58.7669843845062,49.370112945265
"T DeBonville","Idaho Falls Chukars",2021,236,0.820172659591319,107,0.36506779661017,0.11214953271028,0.0338983050847458,0.0932203389830508,0.199152542372881,44.6408544726302,41.8900831474346,49.3657688966116
"M Wong","Grand Junction Jackalopes",2023,248,0.874661246612466,88,0.385252032520325,0.148148148148148,0.0201612903225806,0.108870967741935,0.145161290322581,44.6728971962617,56.0900425877104,49.3223284100782
"P Adams","Ogden Raptors",2022,393,0.850920598388953,90,0.3828,0.0886075949367088,0.0127226463104326,0.157760814249364,0.173027989821883,33.5060080106809,62.9770837558305,49.3179843614248
"M OConnor","Missoula PaddleHeads",2021,241,0.81839495376142,107,0.361141078838174,0.147982062780269,0.045643153526971,0.0746887966804979,0.20746887966805,53.7890520694259,35.9034678564186,49.3092962641182
"L Meyer","Boise Hawks",2026,372,0.958552526701738,86,0.420371273712737,0.147058823529412,0.010752688172043,0.129032258064516,0.166666666666667,40.3951935914553,58.2964915838572,49.2832319721981
"C Sargent","Ogden Raptors",2024,401,0.913470513659984,89,0.392546134663342,0.226256983240224,0.0473815461346633,0.084788029925187,0.187032418952618,65.7249666221629,41.0018251875887,49.1529105125977
"T Cruz","Great Falls Voyagers",2025,249,0.916487869285361,88,0.399927710843373,0.17351598173516,0.0240963855421687,0.116465863453815,0.188755020080321,49.1588785046729,51.1336442912188,49.1529105125977
"M O'Connor","Missoula PaddleHeads",2022,301,0.892201433817101,95,0.385847176079734,0.240601503759398,0.0465116279069767,0.0697674418604651,0.225913621262458,66.9746328437917,31.9286148854188,48.9748045178106
"E Smith","Grand Junction Jackalopes",2023,133,0.947838345864662,103,0.415165413533835,0.205357142857143,0.037593984962406,0.075187969924812,0.285714285714286,59.5407209612817,28.4445345771649,48.9139878366638
"M Piatnik","Billings Mustangs",2022,88,0.895933014354067,98,0.391409090909091,0.157894736842105,0.0113636363636364,0.113636363636364,0.261363636363636,42.0614152202937,41.0423849117826,48.8271068635969
"S Lynch","Billings Mustangs",2025,41,0.955555555555556,95,0.4152,0.222222222222222,0.0487804878048781,0.0975609756097561,0.48780487804878,65.8691588785047,33.1048468870412,48.7836663770634
"E Yake","Rocky Mountain Vibes",2024,405,0.913664436438497,92,0.40507960199005,0.103448275862069,0.0074074074074074,0.103703703703704,0.118518518518519,33.7783711615487,58.2843236665991,48.76629018245
"G DiGiacomo","Missoula PaddleHeads",2023,140,0.849712890238268,85,0.38536690647482,0.091743119266055,0.00714285714285714,0.164285714285714,0.164285714285714,32.0160213618158,65.8243763942405,48.7445699391833
"R Recio","Boise Hawks",2026,180,0.952584269662921,84,0.416831460674157,0.186666666666667,0.0277777777777778,0.122222222222222,0.194444444444444,52.3951935914553,52.2247008720341,48.6880973066898
"A Noviello","Missoula PaddleHeads",2022,193,0.830071003646133,84,0.369979274611399,0.123456790123457,0.0155440414507772,0.145077720207254,0.16580310880829,39.1615487316422,62.4214155343744,48.6837532580365
"C Thompson","Missoula PaddleHeads",2023,371,0.846182060118053,81,0.369118598382749,0.186708860759494,0.0269541778975741,0.121293800539084,0.16711590296496,52.218958611482,56.1103224498073,48.5925282363162
"C Bocchino","Great Falls Voyagers",2023,63,0.884444444444444,92,0.398301587301587,0.14,0.0158730158730159,0.158730158730159,0.317460317460317,41.7409879839786,49.7302778341107,48.3840139009557
"J Gutierrez","Billings Mustangs",2026,305,0.99425639816016,91,0.428262295081967,0.165467625899281,0.0229508196721311,0.0426229508196721,0.0524590163934426,47.9092122830441,48.6635570878118,48.3709817549957
"R Gil","Boise Hawks",2022,373,0.882248122919417,92,0.37955764075067,0.232628398791541,0.0455764075067024,0.0884718498659517,0.238605898123324,65.9652870493992,34.7272358547962,48.3362293657689
"X Croxton","Boise Hawks",2026,38,0.907735321528425,78,0.405567567567568,0.137931034482759,0,0.210526315789474,0.184210526315789,33.8424566088117,65.2443723382681,48.3318853171156
"J Smith","Grand Junction Jackalopes",2023,5,1,112,0.4318,0.2,0,0,0.6,42.3978638184246,20.1095112553235,48.3014769765421
"T McKenzie","Oakland Ballers",2025,389,0.903338876008025,85,0.393932816537468,0.211480362537764,0.0411311053984576,0.113110539845758,0.226221079691517,61.4312416555407,44.2060433989049,48.1624674196351
"B McPherson","Billings Mustangs",2023,10,0.928571428571429,103,0.4044,0,0,0.2,0.3,20,53.688906915433,48.1581233709818
"A Bernard","Missoula PaddleHeads",2023,226,0.845570358844695,83,0.376530973451327,0.142857142857143,0.0265486725663717,0.15929203539823,0.20353982300885,46.1628838451268,58.5804096532144,48.0191138140747
"T Halsema","Rocky Mountain Vibes",2024,384,0.896962573746313,87,0.391044270833333,0.168141592920354,0.0260416666666667,0.0989583333333333,0.161458333333333,49.6875834445928,50.1196511863719,47.9278887923545
"R Jepson","Great Falls Voyagers",2021,287,0.785618261131993,99,0.356146341463415,0.0472440944881889,0.0139372822299651,0.114982578397213,0.174216027874564,30.7343124165554,53.039951328331,47.858384013901
"J Feliciano","Missoula PaddleHeads",2026,113,0.903163462516529,78,0.411566371681416,0.103448275862069,0.00884955752212389,0.176991150442478,0.150442477876106,34.1628838451268,69.6613263029811,47.8149435273675
"B Crosby","Colorado Springs Sky Sox",2022,331,0.896287572328332,96,0.390078549848943,0.216949152542373,0.0332326283987915,0.0845921450151057,0.274924471299094,59.5727636849132,30.6185357939566,47.7628149435274
"T Halsema","Idaho Falls Chukars",2023,405,0.857971014492754,84,0.377350617283951,0.147826086956522,0.0148148148148148,0.128395061728395,0.175308641975309,41.9332443257677,56.2482255120665,47.7541268462207
"D Ratfield","Glacier Range Riders",2025,64,0.923713235294118,92,0.41353125,0.156862745098039,0.015625,0.125,0.234375,43.5033377837116,46.205637801663,47.7497827975673
"L Navigato","Idaho Falls Chukars",2024,6,0.9,92,0.411,0,0,0.166666666666667,0.166666666666667,20,65.8811600081119,47.7410947002606
"T Clark-Chiapparelli","Ogden Raptors",2024,6,0.9,92,0.411,0,0,0.166666666666667,0.166666666666667,20,65.8811600081119,47.7410947002606
"P Myro IV","Boise Hawks",2025,402,0.913493190101669,90,0.403478802992519,0.12,0.00497512437810945,0.126865671641791,0.186567164179104,35.1882510013351,54.0580004055972,47.6759339704605
"C Jordan","Ogden Raptors",2024,314,0.889806327803449,86,0.392628664495114,0.151162790697674,0.0254777070063694,0.0987261146496815,0.136942675159236,47.0761014686248,53.6929628878524,47.6715899218071
"E Blum","Billings Mustangs",2024,142,0.918526206538661,90,0.401248226950355,0.227642276422764,0.0492957746478873,0.0985915492957746,0.274647887323944,66.6862483311081,35.1612249036707,47.6455256298871
"J Olson","Great Falls Voyagers",2021,299,0.824782970913877,108,0.366451505016722,0.0974729241877256,0.0301003344481605,0.0735785953177258,0.183946488294314,41.5327102803738,38.8602717501521,47.6455256298871
"D Wilkinson","Ogden Raptors",2025,236,0.865884680610514,80,0.387922413793103,0.109289617486339,0.00847457627118644,0.135593220338983,0.110169491525424,34.4512683578104,67.6779557899006,47.606429192007
"T McCaffrey","Idaho Falls Chukars",2025,240,0.917343900869006,87,0.395589958158996,0.192307692307692,0.0333333333333333,0.0791666666666667,0.158333333333333,55.9519359145527,44.8266071790712,47.4283231972198
"C Vaughan","Idaho Falls Chukars",2026,309,0.92439603106126,80,0.408582236842105,0.168032786885246,0.0258899676375405,0.155339805825243,0.216828478964401,49.607476635514,55.9643074427094,47.3414422241529
"D Hernandez","Rocky Mountain Vibes",2022,273,0.885821495577593,94,0.384553113553114,0.199186991869919,0.0293040293040293,0.0695970695970696,0.201465201465201,55.0547396528705,35.6803893733523,47.2198088618593
"K Willman","Missoula PaddleHeads",2022,298,0.868321107122418,92,0.380644295302013,0.147286821705426,0.0201342281879195,0.114093959731544,0.214765100671141,44.4485981308411,46.4327722571487,47.1980886185925
"B Pelle","Ogden Raptors",2025,55,0.958181818181818,96,0.418927272727273,0.18,0.0363636363636364,0.0727272727272727,0.2,55.1989319092123,36.4631920502941,47.1807124239791
"E Acosta","Idaho Falls Chukars",2023,260,0.833801333801334,81,0.375996138996139,0.0863636363636364,0.00384615384615384,0.130769230769231,0.0923076923076923,30.9425901201602,68.4729263841006,47.1372719374457
"O Taylor","Ogden Raptors",2021,217,0.772775611485289,96,0.354626728110599,0.0659340659340659,0.0184331797235023,0.161290322580645,0.267281105990783,34.6915887850467,51.5067937538025,47.0894874022589
"E Diaz","Colorado Springs Sky Sox",2024,311,0.888229500123122,86,0.391529032258065,0.129770992366412,0.0192926045016077,0.118971061093248,0.170418006430868,42.0774365821095,54.934090448185,47.0634231103388
"P Coddou","Yuba-Sutter Freebirds",2025,306,0.880732458272565,84,0.396133986928105,0.111570247933884,0.0196078431372549,0.19281045751634,0.218954248366013,39.305740987984,59.5903467856419,46.9678540399652
"J Fry","Great Falls Voyagers",2022,76,0.84984984984985,88,0.375513513513514,0.126984126984127,0.0131578947368421,0.131578947368421,0.210526315789474,38.8251001335113,52.2165889271953,46.9591659426586
"A Herron Jr.","Rocky Mountain Vibes",2023,268,0.884884090187361,89,0.38680223880597,0.165957446808511,0.0261194029850746,0.0970149253731343,0.182835820895522,49.3831775700935,45.4066112350436,46.8940052128584
"B Crosby","Rocky Mountain Vibes",2023,334,0.875054239347392,89,0.38959880239521,0.144927536231884,0.0179640718562874,0.12874251497006,0.227544910179641,43.2950600801068,48.3877509632935,46.8853171155517
"C Hext","Yuba-Sutter Freebirds",2025,392,0.90163909853328,84,0.392462724935733,0.204081632653061,0.0408163265306122,0.0918367346938776,0.181122448979592,60.3578104138852,44.2628270127763,46.8505647263249
"J Duarte","Yuba-Sutter Freebirds",2026,311,0.891170844659217,74,0.397788961038961,0.112403100775194,0.00964630225080386,0.138263665594855,0.0996784565916399,35.3965287049399,69.6207665787873,46.7940920938315
"J Johnson","Grand Junction Jackalopes",2022,274,0.888613138686131,94,0.384102189781022,0.2,0.0364963503649635,0.0766423357664234,0.222627737226277,58.3711615487316,33.7213546947881,46.7202432667246
"S Linscott","Glacier Range Riders",2022,224,0.855972607489598,88,0.372236607142857,0.160194174757282,0.0178571428571428,0.0625,0.116071428571429,45.4419225634179,47.48326911377,46.6724587315378
"R Major","Great Falls Voyagers",2024,383,0.901493686479828,87,0.390282722513089,0.176470588235294,0.0182767624020888,0.0861618798955614,0.161879895561358,47.8291054739653,45.7797606976273,46.6333622936577
"S Skelly","Boise Hawks",2021,55,0.746615087040619,89,0.338218181818182,0.127659574468085,0.0363636363636364,0.145454545454545,0.254545454545455,48.3738317757009,49.7789495031434,46.6290182450043
"C Gordon","Missoula PaddleHeads",2023,362,0.877054330799253,87,0.385094182825485,0.201277955271566,0.0359116022099447,0.104972375690608,0.240331491712707,58.4512683578104,40.0608395862908,46.5986099044309
"P Mills","Billings Mustangs",2025,331,0.887578641891087,83,0.390613293051359,0.161290322580645,0.027190332326284,0.120845921450151,0.193353474320242,49.2229639519359,51.7177043196106,46.5768896611642
"B O'Saben","Glacier Range Riders",2024,15,0.928205128205128,96,0.415666666666667,0.0769230769230769,0,0.0666666666666667,0.0666666666666667,26.7289719626168,50.9957412289596,46.5247610773241
"W Mitchell","Idaho Falls Chukars",2026,407,0.950443349753695,82,0.409822660098522,0.228571428571429,0.0491400491400491,0.0933660933660934,0.203931203931204,66.7182910547397,41.2857432569458,46.5204170286707
"R Alexiades","Ogden Raptors",2021,112,0.785624098124098,99,0.355464285714286,0.0606060606060606,0.0178571428571428,0.116071428571429,0.214285714285714,33.7142857142857,47.3291421618333,46.3509991311903
"T Dooley","Rocky Mountain Vibes",2025,204,0.876177251871529,83,0.394589108910891,0.0792682926829268,0,0.151960784313725,0.166666666666667,26.8251001335113,63.5611437842223,46.3075586446568
"G Miller","Rocky Mountain Vibes",2024,71,0.953846153846154,97,0.415842857142857,0.2,0.0422535211267606,0.0422535211267606,0.225352112676056,60.1655540720961,28.5053741634557,46.2250217202433
"E Pelc","Idaho Falls Chukars",2025,234,0.844185352642813,76,0.381351931330472,0.0909090909090909,0.0128205128205128,0.166666666666667,0.145299145299145,33.7303070761015,69.3125126749138,46.1902693310165
"G Morgan","Idaho Falls Chukars",2024,140,0.898412698412698,88,0.395692857142857,0.134920634920635,0.0142857142857143,0.0857142857142857,0.135714285714286,40.1708945260347,49.8722368687893,46.0556038227628
"A Shumaker","Grand Junction Jackalopes",2023,97,0.942038640906063,104,0.421831578947368,0.10126582278481,0,0.0824742268041237,0.206185567010309,28.8437917222964,37.5664165483675,45.994787141616
"L Helmig","Oakland Ballers",2025,314,0.88335549800518,82,0.390095541401274,0.146520146520146,0.0254777070063694,0.121019108280255,0.178343949044586,46.3070761014686,54.0336645710809,45.9730668983493
"C Dunn","Glacier Range Riders",2022,178,0.874315443592552,92,0.382767045454545,0.13855421686747,0.0168539325842697,0.0561797752808989,0.123595505617978,41.9172229639519,45.5526262421416,45.9165942658558
"C Perez","Missoula PaddleHeads",2024,101,0.940031503150315,95,0.409326732673267,0.204545454545455,0.0396039603960396,0.0693069306930693,0.247524752475248,60.0534045393859,29.3206246197526,45.9122502172024
"C Dunn Jr.","Rocky Mountain Vibes",2023,187,0.910045836516425,93,0.390433155080214,0.208333333333333,0.0320855614973262,0.0748663101604278,0.245989304812834,57.4259012016021,30.5820320421821,45.7384882710686
"B Lada","Yuba-Sutter Freebirds",2025,433,0.902339679833286,84,0.391171296296296,0.219948849104859,0.0484988452655889,0.0715935334872979,0.187066974595843,65.4846461949266,38.1545325491787,45.7211120764553
"T DeBonville","Idaho Falls Chukars",2022,128,0.904411764705882,98,0.3908515625,0.19327731092437,0.03125,0.0625,0.265625,55.0707610146862,26.7856418576354,45.6733275412685
"T Lomack","Yuba-Sutter Freebirds",2024,337,0.854356526605911,81,0.386448071216617,0.0747330960854093,0.0059347181008902,0.160237388724036,0.169139465875371,30.5100133511348,64.3966741026161,45.4604691572546
"C Wilkerson","Missoula PaddleHeads",2025,440,0.858089822001264,77,0.380045662100457,0.12532637075718,0.0159090909090909,0.113636363636364,0.118181818181818,39.7543391188251,61.2654633948489,45.4126846220678
"J Raper","Glacier Range Riders",2023,407,0.856618856618857,83,0.374280098280098,0.176638176638177,0.027027027027027,0.103194103194103,0.194103194103194,50.8891855807744,46.5503954573109,45.3475238922676
"M Miller","Boise Hawks",2021,367,0.776913549665593,97,0.350713896457766,0.0545454545454546,0.0163487738419619,0.100817438692098,0.17983651226158,32.3845126835781,47.5684445345772,45.3431798436143
"B Huber","Glacier Range Riders",2023,66,0.860606060606061,86,0.38580303030303,0.127272727272727,0.0151515151515152,0.151515151515152,0.272727272727273,39.5941255006676,49.6734942202393,45.3301476976542
"X Washington","Great Falls Voyagers",2023,303,0.913150105708245,96,0.398501661129568,0.112727272727273,0.0132013201320132,0.0561056105610561,0.141914191419142,36.6782376502003,43.0987629284121,45.2867072111208
"T DeBonville","Missoula PaddleHeads",2023,256,0.903668186695279,92,0.38932421875,0.218884120171674,0.04296875,0.07421875,0.2734375,63.5140186915888,28.5864936118434,45.264986967854
"J Allgeyer","Oakland Ballers",2025,169,0.860338818189187,78,0.380940828402367,0.13013698630137,0.0118343195266272,0.112426035502959,0.136094674556213,38.8251001335113,58.4992902048266,45.1172893136403
"R Narea","Ogden Raptors",2023,359,0.847242715304287,82,0.374733524355301,0.13953488372093,0.0250696378830083,0.0974930362116992,0.139275766016713,45.3137516688919,52.9912796592983,45.0086880973067
"M Miesse","Great Falls Voyagers",2026,14,0.833333333333333,68,0.389714285714286,0,0,0.214285714285714,0,20,80,44.8783666377063
"K Greenwalt","Missoula PaddleHeads",2022,393,0.836060286183439,84,0.363408163265306,0.166666666666667,0.0203562340966921,0.0763358778625954,0.147582697201018,47.3805073431242,45.9622794564997,44.8479582971329
"T Ganus","Ogden Raptors",2026,243,0.886427298192004,75,0.398147058823529,0.0555555555555556,0.00411522633744856,0.135802469135802,0.0864197530864197,28.5714285714286,69.701886027175,44.748045178106
"R Cash","Glacier Range Riders",2022,386,0.802437374118832,79,0.358442708333333,0.0725075528700906,0.0077720207253886,0.121761658031088,0.106217616580311,30.7182910547397,64.8752788481038,44.7002606429192
"C Lane","Ogden Raptors",2025,447,0.904622386573745,86,0.39627191011236,0.139240506329114,0.0178970917225951,0.0782997762863535,0.136465324384787,42.6381842456609,47.9050902453863,44.6959165942659
"P Chung","Missoula PaddleHeads",2023,353,0.870952415103812,87,0.381311614730878,0.123417721518987,0.0169971671388102,0.0623229461756374,0.0906515580736544,39.9465954606141,49.6653822754005,44.6394439617724
"D Rivera","Grand Junction Jackalopes",2024,245,0.897520661157025,86,0.392694214876033,0.181818181818182,0.0285714285714286,0.0612244897959184,0.163265306122449,52.1708945260347,40.4055972419388,44.496090356212
"S Jabusch","Great Falls Voyagers",2021,425,0.739210224479764,87,0.339691764705882,0.075208913649025,0.0211764705882353,0.155294117647059,0.230588235294118,36.2456608811749,53.9119853984993,44.4787141615986
"J Garcia","Billings Mustangs",2022,341,0.885735232509426,94,0.382633431085044,0.201298701298701,0.032258064516129,0.0645161290322581,0.266862170087977,56.8010680907877,26.8180896369905,44.3440486533449
"K Johnson","Idaho Falls Chukars",2024,118,0.870205173951829,84,0.395101694915254,0.105263157894737,0,0.110169491525424,0.161016949152542,29.5647530040053,53.9525451226932,44.2962641181581
"B Smith","Boise Hawks",2021,175,0.703116883116883,78,0.315851428571429,0.155844155844156,0.0457142857142857,0.12,0.188571428571429,54.7823765020027,52.1881971202596,44.2832319721981
"M Annone","Rocky Mountain Vibes",2022,252,0.831347337921043,84,0.368342629482072,0.127272727272727,0.0119047619047619,0.0833333333333333,0.123015873015873,38.3765020026702,50.7118231596025,44.244135534318
"K Maldonado","Grand Junction Jackalopes",2021,1108,0.77609673950968,96,0.347041516245487,0.0887573964497042,0.0270758122743682,0.0848375451263538,0.173285198555957,39.2897196261682,43.3096734942202,44.2180712423979
"E Good","Ogden Raptors",2024,177,0.868501179873639,81,0.38048275862069,0.185430463576159,0.0282485875706215,0.107344632768362,0.214689265536723,52.5393858477971,44.4615696613263,44.2093831450912
"N Michaels","Ogden Raptors",2021,284,0.810334982870194,105,0.363503521126761,0.0579150579150579,0.0176056338028169,0.0880281690140845,0.225352112676056,33.3618157543391,36.4469681606165,44.1355343179844
"J Azuaje","Billings Mustangs",2021,264,0.693979266347687,76,0.321916666666667,0.0263157894736842,0.00757575757575757,0.136363636363636,0.0946969696969697,27.497997329773,69.4869194889475,44.005212858384
"T McKenzie","RedPocket Mobiles",2026,358,0.922450576020481,77,0.399662921348315,0.215189873417722,0.0418994413407821,0.0949720670391061,0.20391061452514,62.4886515353805,41.768403974853,44.005212858384
"J Broughton","Ogden Raptors",2023,103,0.879841319553189,89,0.385029126213592,0.0860215053763441,0,0.0679611650485437,0.087378640776699,27.2096128170895,50.7929426079903,43.8010425716768
"N Michaels","Rocky Mountain Vibes",2022,189,0.878028404344194,93,0.383301587301587,0.175438596491228,0.0264550264550265,0.0793650793650794,0.248677248677249,50.456608811749,31.2999391604137,43.7880104257168
"J Gutierrez","Grand Junction Jackalopes",2021,240,0.77722602739726,97,0.347354166666667,0.0958904109589041,0.0291666666666667,0.0875,0.2125,40.7797062750334,38.6128574325695,43.5708079930495
"D Woodcox","Boise Hawks",2025,193,0.880461109237514,80,0.384891191709845,0.189349112426035,0.0466321243523316,0.0984455958549223,0.202072538860104,59.8611481975968,43.1839383492192,43.5490877497828
"T Stone","Ogden Raptors",2026,318,0.867760255327138,69,0.383059748427673,0.145522388059701,0.0251572327044025,0.141509433962264,0.191823899371069,46.0987983978638,57.1364834719124,43.5099913119027
"T Tomaka","Boise Hawks",2021,44,0.760042283298097,92,0.333181818181818,0.13953488372093,0.0454545454545454,0.0227272727272727,0.159090909090909,52.5874499332443,38.702088825796,43.501303214596
"T Krabbe","Great Falls Voyagers",2022,61,0.844262295081967,84,0.36116393442623,0.203703703703704,0.0327868852459016,0.0655737704918033,0.19672131147541,57.2977303070761,35.5222064489961,43.4969591659427
"N Klemp","Boise Hawks",2024,294,0.812324929971989,70,0.360465986394558,0.137254901960784,0.0170068027210884,0.108843537414966,0.129251700680272,41.8050734312417,58.2356519975664,43.3666377063423
"B Harding","Grand Junction Jackalopes",2024,99,0.814814814814815,74,0.373242424242424,0.037037037037037,0,0.141414141414141,0.121212121212121,23.5086782376502,68.2620158182924,43.2927888792355
"C Magee","Glacier Range Riders",2026,7,0.928571428571429,80,0.411571428571429,0.166666666666667,0,0,0,37.8798397863818,47.3413100790915,43.262380538662
"J Lee","Missoula PaddleHeads",2024,50,0.902727272727273,87,0.39042,0.204545454545455,0.04,0.06,0.22,60.1495327102804,31.0849726221862,43.1841876629018
"D Delorefice","Missoula PaddleHeads",2021,82,0.718815331010453,82,0.332353658536585,0.0428571428571429,0.0121951219512195,0.146341463414634,0.182926829268293,29.5807743658211,59.476779557899,43.0364900086881
"K Jimenez","Colorado Springs Sky Sox",2023,243,0.805896226415094,73,0.3546625,0.155660377358491,0.0246913580246913,0.0987654320987654,0.1440329218107,46.86782376502,52.9344960454269,42.8627280625543
"C LeBron","Boise Hawks",2022,48,0.905038759689922,100,0.393395833333333,0.116279069767442,0,0.0833333333333333,0.270833333333333,30.7663551401869,30.5617521800852,42.8410078192876
"D Conners","Ogden Raptors",2023,402,0.815102791897314,76,0.360599496221662,0.11377245508982,0.0124378109452736,0.109452736318408,0.13681592039801,36.4859813084112,57.2987223686879,42.7801911381408
"G Howell","Glacier Range Riders",2024,307,0.882159370683961,83,0.382704918032787,0.179487179487179,0.0293159609120521,0.0879478827361563,0.208469055374593,52.2510013351135,39.1320219022511,42.7237185056473
"T Fontenot","Ogden Raptors",2025,426,0.906698564593301,86,0.396265550239234,0.159459459459459,0.0164319248826291,0.0751173708920188,0.187793427230047,44.5927903871829,38.8399918880552,42.6976542137272
"K Oyama","Ogden Raptors",2025,431,0.846960054163846,77,0.379308056872038,0.0571428571428572,0,0.109048723897912,0.0765661252900232,24.9986648865154,62.867572500507,42.6585577758471
"A Mata","Idaho Falls Chukars",2025,309,0.892857142857143,83,0.387756493506493,0.153571428571429,0.0161812297734628,0.0679611650485437,0.148867313915858,43.3751668891856,43.966741026161,42.6455256298871
"D Popham","Colorado Springs Sky Sox",2022,93,0.857356744249353,88,0.37310752688172,0.189873417721519,0.021505376344086,0.0752688172043011,0.247311827956989,51.0013351134846,30.6063678766984,42.5760208514335
"Z Zurbrugg","Great Falls Voyagers",2021,105,0.692134831460674,76,0.325028571428571,0,0,0.152380952380952,0.133333333333333,20,68.7892922328128,42.5195482189401
"C Caffrey","Ogden Raptors",2021,60,0.741823899371069,88,0.337516666666667,0.0566037735849056,0.0166666666666667,0.116666666666667,0.2,32.8331108144192,49.5802068545934,42.4543874891399
"H Yanez","Great Falls Voyagers",2024,170,0.868197278911565,81,0.38114880952381,0.142857142857143,0.0176470588235294,0.1,0.182352941176471,42.8624833110814,46.9276008923139,42.4456993918332
"J Lara","Rocky Mountain Vibes",2022,49,0.912394225983076,103,0.402857142857143,0.0975609756097561,0,0.0816326530612245,0.326530612244898,28.5073431241656,28.8379639018455,42.3370981754996
"A Ray","Grand Junction Jackalopes",2023,250,0.844495877332562,81,0.371431451612903,0.130044843049327,0.02,0.088,0.152,42.4939919893191,48.3390792942608,42.1503040834057
"H Hall","Great Falls Voyagers",2024,271,0.88951148770747,85,0.389070110701107,0.181069958847737,0.029520295202952,0.0701107011070111,0.214022140221402,52.5714285714286,34.0701683228554,42.0851433536056
"G Vasquez","Idaho Falls Chukars",2026,2,1,96,0.444,0,0,0,0,20,47.3413100790915,42.0286707211121
"J Pyle","Ogden Raptors",2023,13,0.761538461538461,69,0.364153846153846,0,0,0.230769230769231,0.153846153846154,20,71.0322449807341,41.9982623805387
"B Williams","Glacier Range Riders",2022,26,0.786713286713287,77,0.361192307692308,0.0454545454545455,0,0.115384615384615,0.115384615384615,23.7970627503338,62.1821131616305,41.9374456993918
"E McCabe","Glacier Range Riders",2022,321,0.822406914893617,83,0.364903125,0.0957446808510639,0.00934579439252336,0.0872274143302181,0.130841121495327,33.2016021361816,51.2107077671872,41.9244135534318
"J McHenry","Billings Mustangs",2025,214,0.848011143785792,76,0.376300469483568,0.120879120879121,0.014018691588785,0.121495327102804,0.186915887850467,38.1522029372497,52.9953356317177,41.8462206776716
"K O'Brien","Glacier Range Riders",2023,13,0.961538461538462,107,0.426538461538462,0.0833333333333333,0,0,0.230769230769231,27.0173564753004,25.7675927803691,41.8071242397915
"M Deeb","Great Falls Voyagers",2021,339,0.76476111885724,93,0.341622418879056,0.0964630225080386,0.0294985250737463,0.0825958702064897,0.1976401179941,41.196261682243,38.9332792537011,41.7984361424848
"T Minder","Boise Hawks",2023,381,0.828823858639162,78,0.36302110817942,0.142424242424242,0.020997375328084,0.0813648293963255,0.136482939632546,44.192256341789,48.2336240113567,41.7115551694179
"W Rogers","Great Falls Voyagers",2026,123,0.923375782430391,76,0.395512195121951,0.230088495575221,0.040650406504065,0.056910569105691,0.195121951219512,64.0267022696929,34.5082133441493,41.6985230234579
"A Garcia","Rocky Mountain Vibes",2022,72,0.83826164874552,86,0.3675,0.0967741935483871,0,0.0972222222222222,0.180555555555556,28.3631508678238,46.0677347394038,41.6290182450043
"C Perez","Missoula PaddleHeads",2025,258,0.858425132598939,76,0.374062015503876,0.166666666666667,0.0348837209302326,0.0736434108527132,0.147286821705426,52.8758344459279,45.3660515108497,41.5421372719374
"C Campbell","Boise Hawks",2026,143,0.938743994509266,83,0.411794326241135,0.104838709677419,0.00699300699300699,0.0699300699300699,0.118881118881119,33.8744993324433,48.6635570878118,41.4943527367507
"J Hubbard","Grand Junction Jackalopes",2022,254,0.862931296678044,90,0.375933070866142,0.150214592274678,0.0236220472440945,0.0551181102362205,0.204724409448819,46.0667556742323,32.7884810383289,41.4552562988705
"C Phelts","Colorado Springs Sky Sox",2022,354,0.835334084012443,84,0.365587896253602,0.175496688741722,0.019774011299435,0.096045197740113,0.282485875706215,48.2296395193591,34.0580004055972,41.2293657688966
"R Orsak","Glacier Range Riders",2024,59,0.840741925167893,77,0.373542372881356,0.0943396226415095,0,0.101694915254237,0.135593220338983,28.0267022696929,55.1733928209288,41.2033014769765
"E Corona","Great Falls Voyagers",2025,302,0.908630332529895,84,0.389711920529801,0.215547703180212,0.0364238410596026,0.0463576158940397,0.23841059602649,60.7903871829105,26.8667613060231,41.1598609904431
"D Smiley","Idaho Falls Chukars",2026,159,0.928555268992353,81,0.408641509433962,0.100719424460432,0.0125786163522012,0.113207547169811,0.188679245283019,34.8838451268358,50.0547556276617,41.0903562119896
"M Jefferson","Oakland Ballers",2024,168,0.840136054421769,76,0.375113095238095,0.115646258503401,0.0178571428571428,0.101190476190476,0.154761904761905,39.1455273698264,52.11924558913,40.9774109470026
"B Demco","Great Falls Voyagers",2022,2,1,123,0.444,0,0,0,0.5,20,20.2190225106469,40.9296264118158
"Q Jones","Great Falls Voyagers",2022,2,1,123,0.444,0,0,0,0.5,20,20.2190225106469,40.9296264118158
"D Maynard","Grand Junction Jackalopes",2025,135,0.862686567164179,81,0.394985074626866,0.0761904761904762,0,0.125925925925926,0.2,26.584779706275,51.9002230784831,40.8644656820156
"J Begora","Boise Hawks",2026,290,0.911764705882353,77,0.40318118466899,0.163865546218487,0.0206896551724138,0.106896551724138,0.231034482758621,47.2683578104139,41.8170756438856,40.8166811468288
"A Shaver","Billings Mustangs",2025,314,0.879828637815858,81,0.388584664536741,0.178030303030303,0.0318471337579618,0.101910828025478,0.273885350318471,52.7476635514019,36.4915838572298,40.8036490008688
"K Jimenez","Colorado Springs Sky Sox",2024,392,0.84661135850668,77,0.372778350515464,0.124260355029586,0.0153061224489796,0.102040816326531,0.173469387755102,39.1295060080107,48.9474751571689,40.7862728062554
"J Shanks","Idaho Falls Chukars",2024,196,0.869515306122449,82,0.387326530612245,0.1625,0.0204081632653061,0.086734693877551,0.219387755102041,47.1081441922563,36.7795578990063,40.629887054735
"E Peralta","Rocky Mountain Vibes",2023,355,0.856331918906176,84,0.375214285714286,0.141914191419142,0.0169014084507042,0.101408450704225,0.250704225352113,42.3658210947931,37.8259987832083,40.5994787141616
"C Booth","Rocky Mountain Vibes",2025,449,0.883817257217848,83,0.391033482142857,0.128608923884514,0.0178173719376392,0.0979955456570156,0.216035634743875,41.1802403204272,40.8679780977489,40.4257167680278
"T Clark","Oakland Ballers",2024,160,0.862771739130435,81,0.3852,0.144927536231884,0.025,0.06875,0.1625,45.7463284379172,41.7724599472724,40.3735881841877
"E Diaz","Colorado Springs Sky Sox",2023,323,0.845731667713092,82,0.375811145510836,0.101398601398601,0.00619195046439628,0.105263157894737,0.198142414860681,33.1375166889186,46.2745893327925,40.3562119895743
"T Lomack","Billings Mustangs",2023,400,0.845400331546427,81,0.366962216624685,0.148148148148148,0.025,0.0825,0.185,46.2750333778371,40.6043398904887,40.2867072111208
"M Golda","Grand Junction Jackalopes",2023,199,0.797813183380194,72,0.355994845360825,0.103030303030303,0.0100502512562814,0.105527638190955,0.150753768844221,34.5473965287049,54.3216386128574,40.1998262380539
"D Williams","Grand Junction Jackalopes",2023,112,0.801714992927864,72,0.351339285714286,0.118811881188119,0.0178571428571428,0.0803571428571429,0.0982142857142857,39.43391188251,52.6059622794565,40.1303214596004
"T Rogers","Oakland Ballers",2026,103,0.88975188781014,71,0.385747572815534,0.2,0.0485436893203883,0.087378640776699,0.213592233009709,61.9118825100133,38.2397079699858,40.0781928757602
"K Jenkins","Idaho Falls Chukars",2024,67,0.775053304904051,65,0.355746268656716,0.0535714285714286,0,0.164179104477612,0.17910447761194,24.56608811749,63.0703711214764,40.0304083405734
"G Kueber","Rocky Mountain Vibes",2025,359,0.827892499240814,72,0.371629213483146,0.101351351351351,0.0139275766016713,0.139275766016713,0.214484679665738,35.4606141522029,53.2427499493003,39.9652476107732
"J Begora","Boise Hawks",2025,349,0.900333505566255,84,0.395060171919771,0.19016393442623,0.0401146131805158,0.0687679083094556,0.263610315186246,58.0827770360481,28.0551612249037,39.9261511728931
"T Dixon","Ogden Raptors",2021,90,0.737037037037037,87,0.332755555555556,0.0740740740740741,0.0222222222222222,0.1,0.211111111111111,36.2296395193591,42.7661731900223,39.9261511728931
"D Harris IV","Oakland Ballers",2025,413,0.847671844672799,74,0.370510895883777,0.163538873994638,0.0314769975786925,0.0774818401937046,0.167070217917676,50.9372496662216,42.7175015209897,39.9174630755864
"B Held","Great Falls Voyagers",2023,6,1,117,0.444,0,0,0,0.333333333333333,20,20.9125937943622,39.8913987836664
"T Specht","Great Falls Voyagers",2025,419,0.835283701593656,71,0.363379474940334,0.161290322580645,0.0214797136038186,0.0883054892601432,0.176610978520286,47.1241655540721,43.9829649158386,39.8132059079062
"C Hanson","Billings Mustangs",2025,164,0.798773006134969,66,0.359110429447853,0.0928571428571429,0.0121951219512195,0.121951219512195,0.158536585365854,33.762349799733,58.0571892111134,39.6785403996525
"T Davis","Oakland Ballers",2024,4,0.833333333333333,80,0.3945,0,0,0.25,0.25,20,56.7836138714257,39.6264118158123
"J McLaughlin","Glacier Range Riders",2025,68,0.911764705882353,87,0.398691176470588,0.15,0.0294117647058823,0.0588235294117647,0.220588235294118,48.2937249666222,30.6793753802474,39.4700260642919
"P Howard","Ogden Raptors",2024,426,0.8751429003478,83,0.384308235294118,0.110539845758355,0.00938967136150234,0.0516431924882629,0.140845070422535,34.86782376502,42.8351247211519,39.4483058210252
"E Niemann","Yuba-Sutter Freebirds",2024,86,0.849894291754757,78,0.376453488372093,0.116883116883117,0.0232558139534884,0.0232558139534884,0.0930232558139535,41.1481975967957,46.9316568647333,39.4396177237185
"E Rosales","Rocky Mountain Vibes",2021,303,0.727209387605427,84,0.328049504950495,0.1,0.0297029702970297,0.108910891089109,0.240924092409241,41.6608811748999,40.9937132427499,39.244135534318
"C Bowen","Billings Mustangs",2025,423,0.873855415132998,79,0.380451306413302,0.152671755725191,0.0236406619385343,0.0401891252955083,0.160756501182033,46.2750333778371,38.8927195295072,39.1789748045178
"B Skinner","Yuba-Sutter Freebirds",2024,416,0.803469477382521,68,0.357314009661836,0.126721763085399,0.0192307692307692,0.105769230769231,0.177884615384615,41.4846461949266,49.6004867166903,39.0616854908775
"N Poss","Idaho Falls Chukars",2025,29,0.796101949025487,68,0.37251724137931,0.0434782608695652,0,0.137931034482759,0.172413793103448,23.7009345794393,59.4848915027378,38.9661164205039
"A Meggs","Grand Junction Jackalopes",2023,223,0.76029883107089,65,0.338981900452489,0.0677083333333333,0.00448430493273542,0.103139013452915,0.103139013452915,29.7249666221629,59.5376191441898,38.9096437880104
"T Van Marter","Idaho Falls Chukars",2021,208,0.713141025641026,81,0.325014423076923,0.0158730158730159,0.0048076923076923,0.0913461538461538,0.134615384615385,26.6008010680908,51.9570066923545,38.7836663770634
"P Harden","Oakland Ballers",2024,365,0.824968811263589,74,0.368453038674033,0.0967741935483871,0.010958904109589,0.128767123287671,0.219178082191781,33.9065420560748,49.7465017237883,38.7706342311034
"J Duarte","Yuba-Sutter Freebirds",2025,171,0.781677208732912,63,0.353627218934911,0.0620689655172413,0.0116959064327485,0.0994152046783626,0.0526315789473684,31.150867823765,60.1379030622592,38.6707211120764
"T Lozano","Oakland Ballers",2025,188,0.81580167537325,67,0.354780748663102,0.161849710982659,0.0265957446808511,0.0585106382978723,0.138297872340426,49.0787716955941,43.7396065706753,38.6533449174631
"J Anderson","Grand Junction Jackalopes",2021,188,0.708984875672904,80,0.325095744680851,0.036144578313253,0.0106382978723404,0.117021276595745,0.191489361702128,28.8277703604806,50.8821740012168,38.614248479583
"O Serratos Jr.","Great Falls Voyagers",2024,243,0.86787508189561,81,0.378485477178423,0.148325358851675,0.0164609053497942,0.0823045267489712,0.218106995884774,43.1188251001335,35.6966132630298,38.5968722849696
"B Bohning","Ogden Raptors",2022,84,0.820125572713389,82,0.369048192771084,0.126760563380282,0.0119047619047619,0.0714285714285714,0.19047619047619,38.1361815754339,37.6718718312715,38.5317115551694
"D Kolbush","Great Falls Voyagers",2022,306,0.814192343604108,80,0.36040522875817,0.120300751879699,0.0163398692810457,0.104575163398693,0.23202614379085,38.9372496662216,40.8842019874265,38.5056472632494
"M Harris","Boise Hawks",2021,185,0.69054054054054,75,0.314983783783784,0.1125,0.0324324324324324,0.135135135135135,0.324324324324324,44.192256341789,44.8468870411681,38.3231972198089
"R Grabosch","Boise Hawks",2025,56,0.866946778711485,76,0.37425,0.196078431372549,0.0357142857142857,0.0535714285714286,0.214285714285714,57.4098798397864,31.1782599878321,38.3014769765421
"J Schulefand","Boise Hawks",2022,47,0.770108977685521,73,0.35068085106383,0.048780487804878,0,0.106382978723404,0.148936170212766,24.1815754339119,54.8164672480227,38.2797567332754
"F Loera","Great Falls Voyagers",2022,47,0.832826747720365,85,0.371191489361702,0.0952380952380952,0,0.0851063829787234,0.212765957446809,28.1228304405874,37.5218008517542,38.2059079061685
"A Fritz","Great Falls Voyagers",2024,46,0.854718981972428,79,0.373282608695652,0.121951219512195,0.0217391304347826,0.0869565217391304,0.195652173913043,41.5647530040053,40.5840600283918,38.1581233709818
"K Higgins","Colorado Springs Sky Sox",2023,98,0.795236402417348,71,0.355164948453608,0.103448275862069,0.0204081632653061,0.102040816326531,0.173469387755102,38.9372496662216,48.9474751571689,38.1450912250217
"M Edie","Billings Mustangs",2023,283,0.850640603055404,82,0.373748201438849,0.135458167330677,0.00706713780918727,0.0671378091872792,0.201413427561837,37.8958611481976,35.1815047657676,38.1146828844483
"N Emanuel","Great Falls Voyagers",2021,121,0.655756484739383,67,0.312198347107438,0,0,0.165289256198347,0.190082644628099,20,61.5777732711418,38.0321459600348
"A Shumaker","Grand Junction Jackalopes",2024,93,0.808547008547009,71,0.362855555555556,0.0641025641025641,0.010752688172043,0.118279569892473,0.182795698924731,31.1188251001335,52.4923950517137,37.9235447437011
"P Shelton","Grand Junction Jackalopes",2025,158,0.804069119286511,67,0.360397435897436,0.101449275362319,0.0126582278481013,0.0886075949367089,0.132911392405063,35.1081441922563,51.4175623605759,37.8323197219809
"S Cullen","Idaho Falls Chukars",2023,206,0.81090860359153,74,0.359,0.159340659340659,0.029126213592233,0.0970873786407767,0.237864077669903,49.3511348464619,37.2743865341716,37.8236316246742
"A Adams","Rocky Mountain Vibes",2025,150,0.835793776970248,74,0.378506756756757,0.092436974789916,0.0133333333333333,0.14,0.273333333333333,34.0987983978638,47.3169742445751,37.6933101650739
"C Comer","Billings Mustangs",2021,199,0.688956144358154,74,0.312663316582915,0.102272727272727,0.0301507537688442,0.115577889447236,0.221105527638191,42.237650200267,46.0433989048874,37.6889661164205
"A Hanson","Rocky Mountain Vibes",2022,221,0.810867558837102,78,0.355022727272727,0.157360406091371,0.0180995475113122,0.081447963800905,0.226244343891403,45.0734312416555,34.086392212533,37.5543006081668
"T Lewis","Ogden Raptors",2022,289,0.814117846210272,80,0.358282229965157,0.149797570850202,0.0173010380622837,0.0899653979238754,0.259515570934256,43.6315086782377,33.4617724599473,37.5369244135534
"T Jorgensen","Boise Hawks",2021,279,0.716115246760408,81,0.322186379928315,0.0461538461538461,0.014336917562724,0.0681003584229391,0.125448028673835,30.6702269692924,47.377813830866,37.4847958297133
"K Kaufman","Ogden Raptors",2021,95,0.657535885167464,66,0.29478947368421,0.102272727272727,0.031578947368421,0.0736842105263158,0.0947368421052632,42.5901201602136,51.470290002028,37.4413553431798
"R Yeargain","Missoula PaddleHeads",2023,54,0.831851851851852,77,0.363981481481482,0.18,0.037037037037037,0.0740740740740741,0.240740740740741,55.3751668891856,30.7604948286352,37.4196350999131
"B Evans","Billings Mustangs",2023,113,0.787443693693694,69,0.34409009009009,0.125,0.0176991150442478,0.0619469026548672,0.132743362831858,40.4432576769025,45.3863313729467,37.380538662033
"R Cash","Missoula PaddleHeads",2023,298,0.751638001638002,62,0.334408783783784,0.0946969696969697,0.0100671140939597,0.087248322147651,0.10738255033557,33.4259012016021,53.6645710809167,37.3370981754996
"A Mata","Idaho Falls Chukars",2024,156,0.807280310929946,69,0.356902597402597,0.124087591240876,0.0192307692307692,0.102564102564103,0.205128205128205,41.1001335113485,44.3601703508416,37.2936576889661
"K Oyama","Boise Hawks",2023,309,0.743082716781904,61,0.333270358306189,0.0743494423791821,0.00323624595469255,0.0970873786407767,0.113268608414239,29.9172229639519,55.9643074427094,37.2719374456994
"D Maiben","Boise Hawks",2023,226,0.780449050086356,69,0.34724,0.077720207253886,0,0.0663716814159292,0.0530973451327434,26.7770360480641,51.1336442912188,37.0373588184188
"A Don","Idaho Falls Chukars",2022,76,0.841342486651411,88,0.376657894736842,0.0579710144927536,0,0.0657894736842105,0.197368421052632,25.1428571428571,35.4289190833502,37.015638575152
"B Daniel","Great Falls Voyagers",2021,154,0.714001327140013,81,0.324681818181818,0.0656934306569343,0.0194805194805195,0.11038961038961,0.233766233766234,35.0600801068091,42.3159602514703,36.9331016507385
"D Binder","Rocky Mountain Vibes",2022,79,0.821224206693255,80,0.35553164556962,0.178082191780822,0.0253164556962025,0.0506329113924051,0.240506329113924,50.4886515353805,27.0411681200568,36.6854908774978
"M Herron Jr.","Rocky Mountain Vibes",2023,352,0.83749668288368,78,0.364905714285714,0.18266253869969,0.0369318181818182,0.0596590909090909,0.25,55.6955941255007,27.4264854998986,36.6290182450043
"C Steele","Colorado Springs Sky Sox",2022,20,0.809941520467836,81,0.363473684210526,0,0,0.05,0,20,49.7951733928209,36.5204170286707
"B Broussard","Billings Mustangs",2021,262,0.599514226231783,52,0.285038167938931,0.0545454545454545,0.0152671755725191,0.16030534351145,0.221374045801527,31.7596795727637,56.0089231393227,36.4465682015639
"B McConnell","Glacier Range Riders",2022,430,0.744232704402516,66,0.333044811320755,0.0826666666666667,0.00930232558139534,0.0883720930232558,0.134883720930233,31.9679572763685,51.072804704928,36.4465682015639
"E McCabe","Rocky Mountain Vibes",2023,255,0.770779108103418,66,0.343933333333333,0.0929203539823009,0.0156862745098039,0.0784313725490196,0.12156862745098,35.2202937249666,50.0304197931454,36.3987836663771
"A Nielsen","Grand Junction Jackalopes",2022,295,0.763883423834632,70,0.340814432989691,0.0725190839694657,0.00677966101694915,0.0745762711864407,0.122033898305085,30.4459279038718,49.1097140539444,36.372719374457
"T Jorgensen","Boise Hawks",2022,460,0.761086414398786,69,0.340545652173913,0.102244389027431,0.00869565217391304,0.0782608695652174,0.15,33.890520694259,45.9987832082742,36.3336229365769
"S Thompson","Rocky Mountain Vibes",2024,21,0.817460317460317,73,0.37052380952381,0.0555555555555556,0,0.142857142857143,0.285714285714286,24.8544726301736,47.5846684242547,36.3205907906169
"J Nehler","Billings Mustangs",2026,27,0.842948717948718,63,0.372961538461538,0.125,0.037037037037037,0.0740740740740741,0.148148148148148,47.9732977303071,45.3254917866558,36.1468288444831
"B Parr","Billings Mustangs",2021,124,0.727720065609623,84,0.32508064516129,0.0508474576271187,0.0161290322580645,0.0483870967741935,0.161290322580645,31.8077436582109,39.1198539849929,36.133796698523
"J Barth","Billings Mustangs",2022,274,0.744322344322344,65,0.331523809523809,0.112,0.0182481751824818,0.0364963503649635,0.0839416058394161,38.9532710280374,47.5927803690935,36.1251086012163
"A Ray","Ogden Raptors",2022,74,0.726010101010101,61,0.323666666666667,0.0909090909090909,0,0.0675675675675676,0.0540540540540541,27.497997329773,51.543297505577,35.994787141616
"E Sanchez","Billings Mustangs",2023,132,0.764374514374514,65,0.341234848484848,0.094017094017094,0.00757575757575757,0.0909090909090909,0.151515151515152,32.4485981308411,49.1624416953965,35.9730668983493
"C Horner","Ogden Raptors",2023,209,0.742265886287625,60,0.329384615384615,0.108695652173913,0.00478468899521531,0.076555023923445,0.129186602870813,33.5380507343124,48.6797809774894,35.8731537793223
"K Whatley","Missoula PaddleHeads",2022,149,0.813944444444444,80,0.362034722222222,0.136,0.0134228187919463,0.0671140939597315,0.228187919463087,40.0267022696929,31.0119651186372,35.6385751520417
"H Brown","Idaho Falls Chukars",2021,90,0.681944444444444,73,0.310822222222222,0.075,0.0222222222222222,0.111111111111111,0.222222222222222,36.4218958611482,44.291218819712,35.5647263249348
"A Nielsen","Grand Junction Jackalopes",2023,45,0.773837209302326,66,0.341976744186046,0.125,0.0222222222222222,0.0666666666666667,0.155555555555556,42.1415220293725,42.417359561955,35.503909643788
"G Horvat","RedPocket Mobiles",2026,303,0.834764288236942,63,0.370996699669967,0.103321033210332,0.0099009900990099,0.0792079207920792,0.145214521452145,34.4672897196262,46.9519367268303,35.4821894005213
"C Corliss","Idaho Falls Chukars",2024,61,0.752941176470588,60,0.345183333333333,0.0588235294117647,0,0.131147540983607,0.213114754098361,25.1909212283044,51.6974244575137,35.4561251086012
"L Barns","Ogden Raptors",2023,200,0.77953488372093,69,0.350015,0.0755813953488372,0.01,0.06,0.12,31.8237650200267,46.5625633745691,35.2693310165074
"N Pacheco","Ogden Raptors",2021,108,0.698778565799842,77,0.322675925925926,0.0319148936170213,0.00925925925925925,0.12962962962963,0.324074074074074,28.2349799732977,43.6341512877712,35.1998262380539
"R Petersen","Idaho Falls Chukars",2026,21,0.807017543859649,54,0.345857142857143,0.157894736842105,0.0476190476190476,0,0.142857142857143,55.7116154873164,39.8945447170959,35.1781059947871
"N Michaels","Colorado Springs Sky Sox",2023,165,0.772996515679442,66,0.341762195121951,0.121428571428571,0.0181818181818182,0.109090909090909,0.242424242424242,40.2990654205608,40.9369296288785,35.1303214596003
"B Rosengard","Idaho Falls Chukars",2024,123,0.843213604577241,78,0.379867768595041,0.0769230769230769,0,0.105691056910569,0.260162601626016,26.6809078771696,38.7872642466031,35.1042571676803
"C Sorg","Billings Mustangs",2025,90,0.78130081300813,61,0.346233333333333,0.109756097560976,0,0.0777777777777778,0.155555555555556,29.7570093457944,44.960454268911,34.735013032146
"M Titialii","Colorado Springs Sky Sox",2025,15,0.851282051282051,79,0.388,0,0,0.133333333333333,0.333333333333333,20,44.4250659095518,34.7306689834926
"N Marcelo","Glacier Range Riders",2022,26,0.761538461538461,74,0.366615384615385,0,0,0.153846153846154,0.346153846153846,20,48.3715270736159,34.6785403996525
"F Achecar","Billings Mustangs",2021,197,0.703102720584042,78,0.319416243654822,0.050561797752809,0.0152284263959391,0.0964467005076142,0.213197969543147,31.2469959946595,40.9085378219428,34.6437880104257
"A Bond","Billings Mustangs",2021,67,0.656454569258968,66,0.306641791044776,0.0526315789473684,0.0149253731343283,0.149253731343284,0.373134328358209,31.3431241655541,47.609004258771,34.6133796698523
"S Coffman","Long Beach Coast",2026,391,0.785118617533719,53,0.349734375,0.092485549132948,0.0153452685421995,0.0869565217391304,0.148337595907928,34.9158878504673,48.3228554045833,34.5047784535187
"A Elder","Grand Junction Jackalopes",2021,185,0.616572260883638,56,0.284891891891892,0.0179640718562874,0.0054054054054054,0.0972972972972973,0.135135135135135,26.8891855807744,53.6402352464003,34.483058210252
"M Dinesen","Glacier Range Riders",2023,335,0.819316090283832,74,0.355606606606607,0.158064516129032,0.0208955223880597,0.0537313432835821,0.229850746268657,46.3711615487316,28.9028594605557,34.4396177237185
"J Lee","Boise Hawks",2025,124,0.821525302922309,68,0.358934426229508,0.139130434782609,0.00806451612903225,0.0403225806451613,0.17741935483871,38.6809078771696,35.76150882174,34.4309296264118
"K Higgins","Colorado Springs Sky Sox",2022,352,0.814738274439767,80,0.358974358974359,0.0835820895522388,0.00852272727272727,0.0369318181818182,0.176136363636364,31.8397863818425,35.8101804907727,34.3179843614248
"K Elefante","Ogden Raptors",2022,32,0.74537037037037,66,0.3321875,0.0740740740740741,0,0.125,0.25,26.2002670226969,44.7819914824579,34.2093831450912
"D Poteet","Boise Hawks",2024,161,0.776045108145016,63,0.345596273291925,0.0921985815602837,0.0062111801242236,0.105590062111801,0.211180124223602,31.871829105474,44.6927600892314,34.2050390964379
"R Phillips","Idaho Falls Chukars",2022,78,0.750377073906486,68,0.342269230769231,0.0441176470588235,0,0.128205128205128,0.243589743589744,23.7489986648865,46.0758466842425,34.1138140747176
"C Gallardo","Rocky Mountain Vibes",2021,194,0.576015401813439,46,0.275201030927835,0.0180722891566265,0.00515463917525773,0.144329896907216,0.221649484536082,26.8411214953271,53.2062461975259,34.0920938314509
"A Don","Idaho Falls Chukars",2021,287,0.691781102684977,75,0.316613240418118,0.0470588235294118,0.0139372822299651,0.111498257839721,0.250871080139373,30.6381842456609,41.0099371324275,33.9270199826238
"D Murillo","Boise Hawks",2026,120,0.833384262796028,61,0.366100840336134,0.145454545454545,0.0166666666666667,0.05,0.175,42.6862483311081,36.6903265057798,33.9096437880104
"D Leonard","Great Falls Voyagers",2025,20,0.821052631578947,70,0.36605,0.0526315789473684,0,0,0.1,24.4218958611482,44.8225512066518,33.8488271068636
"J Talamante","Missoula PaddleHeads",2021,35,0.612807881773399,56,0.295885714285714,0,0,0.171428571428571,0.257142857142857,20,53.7375785844656,33.8357949609036
"A Buendia","Rocky Mountain Vibes",2021,112,0.68783692722372,74,0.3094375,0.0283018867924528,0.00892857142857142,0.0535714285714286,0.133928571428571,28.0267022696929,43.9545731089029,33.7054735013032
"C Silber","Missoula PaddleHeads",2021,71,0.690574214517876,75,0.313028169014084,0.0461538461538461,0.0140845070422535,0.0845070422535211,0.183098591549296,30.5420560747664,41.4155343743663,33.6924413553432
"C Chatham","Great Falls Voyagers",2024,61,0.732351957176313,57,0.342786885245902,0,0,0.180327868852459,0.311475409836066,20,52.3098762928412,33.4491746307559
"A Rivero","Ogden Raptors",2022,39,0.792792792792793,74,0.347230769230769,0.162162162162162,0.0256410256410256,0.0256410256410256,0.256410256410256,48.8704939919893,24.8549989860069,33.2971329278888
"D Conners","Boise Hawks",2025,38,0.73984962406015,54,0.332526315789474,0.0571428571428572,0,0.0526315789473684,0.0789473684210526,24.9986648865154,48.7933482052322,33.2536924413553
"A Armstrong","Ogden Raptors",2021,192,0.636853448275862,61,0.293005208333333,0.0172413793103448,0.00520833333333333,0.09375,0.15625,26.7770360480641,49.1502737781383,33.2015638575152
"J Malec","Great Falls Voyagers",2021,152,0.598684210526316,52,0.286348684210526,0.0234375,0.00657894736842105,0.157894736842105,0.335526315789474,27.1935914552737,49.1137700263638,33.1624674196351
"D Cornett","Billings Mustangs",2021,106,0.609414510795565,54,0.279462264150943,0.0309278350515464,0.00943396226415094,0.0849056603773585,0.132075471698113,28.2670226969292,50.2169945244372,33.1320590790617
"B Reyes","Colorado Springs Sky Sox",2023,7,0.761904761904762,67,0.352285714285714,0,0,0.142857142857143,0.285714285714286,20,47.5846684242547,32.9105125977411
"C Green","Great Falls Voyagers",2024,134,0.83439367649894,75,0.365812030075188,0.094017094017094,0,0.082089552238806,0.23134328358209,27.9305740987984,33.5712837152707,32.7193744569939
"S Troyer","Idaho Falls Chukars",2023,263,0.766910792391415,66,0.347413793103448,0.075221238938053,0.00380228136882129,0.0988593155893536,0.220532319391635,30.1415220293725,40.575948083553,32.5890529973936
"L Barns","Ogden Raptors",2024,360,0.759126984126984,60,0.340846590909091,0.0761904761904762,0.00555555555555555,0.0583333333333333,0.141666666666667,30.7182910547397,43.4029608598662,32.4847958297133
"M Annone","Rocky Mountain Vibes",2021,209,0.6629705577074,68,0.301684210526316,0.0634920634920635,0.0191387559808612,0.0956937799043062,0.220095693779904,34.7236315086782,39.4362198337051,32.2719374456994
"M Sykes","Rocky Mountain Vibes",2024,181,0.798352308889046,67,0.354307262569832,0.120253164556962,0.0165745856353591,0.0607734806629834,0.209944751381215,39.1134846461949,32.9709997972014,32.0851433536056
"N Emanuel","Great Falls Voyagers",2022,98,0.696892393320965,56,0.316816326530612,0.0227272727272727,0,0.0612244897959184,0.112244897959184,22.8838451268358,47.5968363415129,32.0851433536056
"C Royer","Idaho Falls Chukars",2026,53,0.801457975986278,58,0.362811320754717,0.0681818181818182,0.0188679245283019,0.113207547169811,0.264150943396226,34.8998664886515,40.6002839180694,31.6029539530843
"J Mabry","Glacier Range Riders",2025,205,0.71724245253657,49,0.320014705882353,0.0264550264550265,0,0.0536585365853659,0.102439024390244,23.0280373831776,47.4751571689313,31.5855777584709
"C Monroe","Great Falls Voyagers",2022,181,0.749137786706847,65,0.32878453038674,0.121212121212121,0.0165745856353591,0.0607734806629834,0.215469613259669,39.3538050734312,31.8758872439667,31.2119895742832
"N Marcelo","Boise Hawks",2023,109,0.724537037037037,57,0.328166666666667,0.0625,0,0.110091743119266,0.256880733944954,25.5273698264352,40.2555262624214,31.1859252823632
"G Barnes","Rocky Mountain Vibes",2021,249,0.695592496568553,76,0.311771084337349,0.0379746835443038,0.0120481927710843,0.0481927710843374,0.188755020080321,29.388518024032,34.4027580612452,31.0295395308427
"G Young","Colorado Springs Sky Sox",2022,11,0.763636363636364,69,0.339727272727273,0.1,0,0.0909090909090909,0.363636363636364,28.7476635514019,31.1295883187994,30.981754995656
"D Abbadessa","Ogden Raptors",2021,99,0.677108160254228,72,0.311878787878788,0,0,0.101010101010101,0.232323232323232,20,39.4727235854796,30.6776715899218
"M Skundrich","Billings Mustangs",2021,248,0.628795066413662,59,0.290310483870968,0.0407239819004525,0.0120967741935484,0.108870967741935,0.241935483870968,29.5006675567423,40.7949705942,30.5994787141616
"J Esparza","Rocky Mountain Vibes",2022,59,0.756773399014778,65,0.330396551724138,0.160714285714286,0.0338983050847458,0.0338983050847458,0.305084745762712,51.562082777036,23.0541472317988,30.5125977410947
"T Reynolds","Grand Junction Jackalopes",2021,46,0.662248144220573,68,0.306652173913044,0,0,0.108695652173913,0.239130434782609,20,41.0342729669438,30.4430929626412
"M O'Hara","Oakland Ballers",2025,121,0.824793388429752,70,0.36496694214876,0.1,0.00826446280991735,0.0495867768595041,0.223140495867769,33.3297730307076,29.0894341918475,30.2215464813206
"T Budnick","Ogden Raptors",2021,28,0.529761904761905,35,0.257142857142857,0,0,0.142857142857143,0.357142857142857,20,46.3800446156966,30.1867940920938
"T Sandoval","Grand Junction Jackalopes",2021,58,0.680715197956577,72,0.303758620689655,0.111111111111111,0.0344827586206896,0.0689655172413793,0.379310344827586,44.5927903871829,25.8000405597242,29.9652476107732
"T Brunson","Great Falls Voyagers",2021,127,0.68266358946511,73,0.309606299212598,0.0517241379310345,0.015748031496063,0.0866141732283465,0.267716535433071,31.6955941255007,31.6609207057392,29.860990443093
"N Adgar","Ogden Raptors",2024,3,0.666666666666667,41,0.296,0,0,0,0,20,47.3413100790915,29.8305821025195
"H Himrich","Rocky Mountain Vibes",2025,119,0.814048239895698,68,0.359033898305085,0.115384615384615,0.00840336134453781,0.0588235294117647,0.294117647058824,35.3805073431242,25.0212938552018,29.1268462206777
"Q Alexander","Great Falls Voyagers",2021,239,0.637178720860729,62,0.293874476987448,0,0,0.0920502092050209,0.205020920502092,20,40.7381869803285,29.118158123371
"G Bautista","Billings Mustangs",2021,98,0.541269841269841,37,0.249928571428571,0.0333333333333333,0.0102040816326531,0.0816326530612245,0.183673469387755,28.6995994659546,40.6651794767796,29.0964378801043
"C Mink","Ogden Raptors",2021,71,0.650528169014085,65,0.297732394366197,0.046875,0.0140845070422535,0.0985915492957746,0.309859154929577,30.6862483311081,34.3216386128574,28.9748045178106
"E Bates","Yuba-Sutter Freebirds",2024,11,0.572727272727273,20,0.242181818181818,0,0,0,0.0909090909090909,20,45.4796187385926,28.8531711555169
"H Hall","Boise Hawks",2025,10,0.6,25,0.2664,0,0,0,0.1,20,44.8225512066518,28.6533449174631
"A Ludwick","Missoula PaddleHeads",2022,10,0.8,78,0.3552,0,0,0,0.2,20,30.4400730075035,28.5925282363162
"M Rich","Colorado Springs Sky Sox",2022,185,0.658486707566462,47,0.293169398907104,0.0368098159509202,0,0.0702702702702703,0.183783783783784,23.4606141522029,38.5317379841817,28.5403996524761
"C Tirado","Rocky Mountain Vibes",2021,93,0.657397107897664,66,0.293709677419355,0.103448275862069,0.032258064516129,0.0645161290322581,0.290322580645161,43.1028037383178,25.9785033461772,28.3666377063423
"B Donovan","Billings Mustangs",2023,164,0.746242845966978,60,0.330963190184049,0.114093959731544,0.024390243902439,0.0670731707317073,0.280487804878049,41.260347129506,26.7329142161833,28.362293657689
"J Malec","Great Falls Voyagers",2022,396,0.735971614158583,63,0.329070707070707,0.0963172804532578,0.0151515151515152,0.0681818181818182,0.262626262626263,35.2202937249666,28.0024335834516,28.1885317115552
"P Depasquale","Boise Hawks",2026,152,0.742719463649696,46,0.334222972972973,0.0542635658914728,0,0.0592105263157895,0.184210526315789,24.6141522029372,36.2887852362604,28.123370981755
"A Monge","Grand Junction Jackalopes",2021,158,0.609377785701551,55,0.283443037974684,0,0,0.10126582278481,0.240506329113924,20,38.7304806327317,27.8801042571677
"K Stone","Billings Mustangs",2021,11,0.663636363636364,68,0.304909090909091,0,0,0.0909090909090909,0.363636363636364,20,31.1295883187994,26.7158992180712
"B Perez","Rocky Mountain Vibes",2021,303,0.580084215318084,47,0.261415841584158,0.0310344827586207,0.0099009900990099,0.0429042904290429,0.194719471947195,28.411214953271,33.3765970391401,26.4726324934839
"J Bermudez","Idaho Falls Chukars",2022,60,0.678787878787879,51,0.30195,0.0545454545454546,0,0.0666666666666667,0.233333333333333,24.758344459279,29.9330764550801,26.2988705473501
"A Eggleston","Great Falls Voyagers",2021,61,0.593327581248202,50,0.268934426229508,0.0526315789473684,0.0163934426229508,0.0655737704918033,0.229508196721311,32.0801068090788,30.4116812005678,26.2423979148566
"A Nunez","Rocky Mountain Vibes",2021,233,0.611714213582429,55,0.277034334763949,0.0135746606334842,0.00429184549356223,0.0515021459227468,0.210300429184549,26.4245660881175,31.7298722368688,26.1989574283232
"A Atwood","Great Falls Voyagers",2021,95,0.642822966507177,63,0.293873684210526,0,0,0.0736842105263158,0.231578947368421,20,31.794767795579,25.8384013900956
"B Perez","Rocky Mountain Vibes",2022,210,0.67407680039259,50,0.29978947368421,0.0615384615384615,0,0.0380952380952381,0.233333333333333,25.3831775700935,27.1669032650578,25.4344048653345
"A Kern","Great Falls Voyagers",2021,30,0.451851851851852,15,0.217,0,0,0.1,0.6,20,33.8957615088217,25.1303214596003
"J Gonzalez Perez","Idaho Falls Chukars",2026,17,0.694117647058824,33,0.283705882352941,0.0666666666666667,0,0,0.235294117647059,25.8638184245661,25.0375177448793,24.3440486533449
"J Esparza","Rocky Mountain Vibes",2021,259,0.590336807728112,49,0.262258687258687,0.0592885375494071,0.0193050193050193,0.0231660231660232,0.27027027027027,34.4672897196262,23.8166700466437,24.0920938314509
"G White","Boise Hawks",2021,127,0.594021086347257,51,0.272645669291339,0,0,0.0708661417322835,0.259842519685039,20,28.8298519570067,23.7923544743701
"J Urena","Idaho Falls Chukars",2023,5,0.8,73,0.3552,0,0,0,0.6,20,20.1095112553235,23.4795829713293
"L Williams","Ogden Raptors",2024,9,0.708333333333333,48,0.296,0,0,0,0.222222222222222,20,26.9357128371527,22.7541268462207
"C Matlon","Boise Hawks",2026,9,0.75,47,0.333,0,0,0,0.222222222222222,20,26.9357128371527,22.6498696785404
"C Stratton","Grand Junction Jackalopes",2021,22,0.324675324675325,-18,0.152454545454545,0,0,0.0454545454545454,0.227272727272727,20,28.3836949908741,22.5760208514335
"F Rodriguez","Rocky Mountain Vibes",2021,82,0.438707633829585,11,0.204512195121951,0,0,0.0609756097560976,0.292682926829268,20,25.5404583248834,21.7940920938315
"A Kaufman","Billings Mustangs",2021,30,0.342857142857143,-13,0.1644,0,0,0.0666666666666667,0.433333333333333,20,24.9685662137497,21.5073848827107
"M Thomas","Great Falls Voyagers",2021,15,0.342857142857143,-13,0.1644,0,0,0.0666666666666667,0.466666666666667,20,24.9320624619753,21.4943527367507
"Q Jones","Great Falls Voyagers",2021,21,0.34047619047619,-14,0.159714285714286,0,0,0.0476190476190476,0.333333333333333,20,23.1879943216386,20.7602085143354
"E Carrillo","Rocky Mountain Vibes",2021,31,0.360215053763441,-9,0.165483870967742,0,0,0.032258064516129,0.354838709677419,20,22.2794564996958,20.5212858384014
"M Sox","Missoula PaddleHeads",2025,3,0.666666666666667,39,0.296,0,0,0,0.333333333333333,20,20.9125937943622,20.3258036490009
"E Sim","RedPocket Mobiles",2026,3,0.666666666666667,31,0.296,0,0,0,0.333333333333333,20,20.9125937943622,20.1520417028671
"U Romo","RedPocket Mobiles",2026,3,0.666666666666667,31,0.296,0,0,0,0.333333333333333,20,20.9125937943622,20.1520417028671
"A MacKenzie","Great Falls Voyagers",2025,3,0.666666666666667,39,0.296,0,0,0,0.666666666666667,20,20,20
