"rk","name","team","gp","ab","h","rbi","bb","x2b","x3b","hr","xbh","k","avg","obp","slg","hbp","sf","sh","hdp","go","fo","go_fo","pa","season","player_type"
"1","J
                                                                        Agnew","Grand Junction Jackalopes","18","1","1","0","0","-","-","0","0","0","1","1","1","-","-","-","-","-","-","-","1",2021,"hitter"
"1","K
                                                                        De La Cruz","Ogden Raptors","9","1","1","0","0","-","-","0","0","0","1","1","1","-","-","-","-","-","-","-","1",2021,"hitter"
"3","C
                                                                        Estrada","Idaho Falls Chukars","25","33","15","12","1","-","-","2","2","9","0.455","0.471","0.636","-","-","-","-","-","-","-","34",2021,"hitter"
"4","S
                                                                        Davis","Rocky Mountain Vibes","18","9","4","3","2","-","-","1","1","2","0.444","0.545","0.778","-","-","-","-","-","-","-","11",2021,"hitter"
"5","F
                                                                        Jezioro","Grand Junction Jackalopes","40","126","51","25","9","-","-","5","5","36","0.405","0.444","0.524","-","-","-","-","-","-","-","135",2021,"hitter"
"6","D
                                                                        Maberry","Ogden Raptors","59","188","76","52","26","-","-","7","7","42","0.404","0.477","0.516","-","-","-","-","-","-","-","214",2021,"hitter"
"7","J
                                                                        Broughton","Ogden Raptors","75","297","118","66","22","-","-","8","8","49","0.397","0.439","0.478","-","-","-","-","-","-","-","319",2021,"hitter"
"8","E
                                                                        Lopez","Rocky Mountain Vibes","21","68","27","14","7","-","-","5","5","7","0.397","0.453","0.618","-","-","-","-","-","-","-","75",2021,"hitter"
"9","A
                                                                        Amicangelo","Billings Mustangs","73","275","105","83","29","-","-","5","5","39","0.382","0.441","0.436","-","-","-","-","-","-","-","304",2021,"hitter"
"10","K
                                                                        Quiggle","Idaho Falls Chukars","58","237","89","73","24","-","-","13","13","54","0.376","0.433","0.54","-","-","-","-","-","-","-","261",2021,"hitter"
"11","D
                                                                        Ellis","Idaho Falls Chukars","16","35","13","8","4","-","-","1","1","8","0.371","0.436","0.457","-","-","-","-","-","-","-","39",2021,"hitter"
"12","K
                                                                        Crowl","Great Falls Voyagers","76","272","101","65","43","-","-","8","8","42","0.371","0.457","0.46","-","-","-","-","-","-","-","315",2021,"hitter"
"13","G
                                                                        Horton","Missoula PaddleHeads","11","38","14","6","2","-","-","2","2","9","0.368","0.4","0.526","-","-","-","-","-","-","-","40",2021,"hitter"
"14","M
                                                                        Schwellenbach","Missoula PaddleHeads","25","11","4","0","2","-","-","0","0","3","0.364","0.462","0.364","-","-","-","-","-","-","-","13",2021,"hitter"
"15","T
                                                                        Kelly","Idaho Falls Chukars","36","122","44","25","14","-","-","5","5","22","0.361","0.426","0.484","-","-","-","-","-","-","-","136",2021,"hitter"
"16","J
                                                                        Elvir","Grand Junction Jackalopes","47","164","59","44","39","-","-","10","10","56","0.36","0.483","0.543","-","-","-","-","-","-","-","203",2021,"hitter"
"17","C
                                                                        Thompson","Missoula PaddleHeads","78","322","115","59","47","-","-","12","12","80","0.357","0.439","0.469","-","-","-","-","-","-","-","369",2021,"hitter"
"18","A
                                                                        Fishberg","Idaho Falls Chukars","33","79","28","21","7","-","-","3","3","11","0.354","0.407","0.468","-","-","-","-","-","-","-","86",2021,"hitter"
"18","N
                                                                        Scantlin","Grand Junction Jackalopes","57","237","84","39","38","-","-","5","5","62","0.354","0.444","0.418","-","-","-","-","-","-","-","275",2021,"hitter"
"20","Z
                                                                        Almond","Missoula PaddleHeads","79","308","109","84","47","-","-","25","25","47","0.354","0.439","0.597","-","-","-","-","-","-","-","355",2021,"hitter"
"21","D
                                                                        Mervis","Billings Mustangs","8","17","6","3","4","-","-","0","0","5","0.353","0.476","0.353","-","-","-","-","-","-","-","21",2021,"hitter"
"22","M
                                                                        Feinstein","Idaho Falls Chukars","73","284","100","100","64","-","-","20","20","66","0.352","0.471","0.563","-","-","-","-","-","-","-","348",2021,"hitter"
"23","R
                                                                        Shah","Ogden Raptors","70","211","74","56","32","-","-","7","7","50","0.351","0.436","0.45","-","-","-","-","-","-","-","243",2021,"hitter"
"24","B
                                                                        Norman","Great Falls Voyagers","53","158","55","57","17","-","-","13","13","28","0.348","0.411","0.595","-","-","-","-","-","-","-","175",2021,"hitter"
"25","N
                                                                        Michaels","Ogden Raptors","75","259","90","51","25","-","-","5","5","64","0.347","0.405","0.405","-","-","-","-","-","-","-","284",2021,"hitter"
"26","N
                                                                        Gatewood","Missoula PaddleHeads","83","320","111","85","29","-","-","18","18","66","0.347","0.401","0.516","-","-","-","-","-","-","-","349",2021,"hitter"
"27","C
                                                                        Sepulveda","Billings Mustangs","60","185","64","49","25","-","-","10","10","31","0.346","0.424","0.508","-","-","-","-","-","-","-","210",2021,"hitter"
"28","J
                                                                        Garcia","Billings Mustangs","84","349","120","70","32","-","-","13","13","82","0.344","0.399","0.456","-","-","-","-","-","-","-","381",2021,"hitter"
"29","H
                                                                        Hisky","Idaho Falls Chukars","52","195","67","48","31","-","-","4","4","35","0.344","0.434","0.405","-","-","-","-","-","-","-","226",2021,"hitter"
"30","J
                                                                        Matthews","Great Falls Voyagers","68","233","80","55","35","-","-","7","7","44","0.343","0.429","0.433","-","-","-","-","-","-","-","268",2021,"hitter"
"31","W
                                                                        Little","Idaho Falls Chukars","67","287","98","77","41","-","-","11","11","49","0.341","0.424","0.456","-","-","-","-","-","-","-","328",2021,"hitter"
"31","J
                                                                        Newman","Missoula PaddleHeads","21","82","28","25","9","-","-","8","8","12","0.341","0.407","0.634","-","-","-","-","-","-","-","91",2021,"hitter"
"33","J
                                                                        Olson","Great Falls Voyagers","68","277","94","56","22","-","-","9","9","55","0.339","0.388","0.437","-","-","-","-","-","-","-","299",2021,"hitter"
"34","J
                                                                        Barfield","Rocky Mountain Vibes","74","260","88","63","31","-","-","18","18","64","0.338","0.409","0.546","-","-","-","-","-","-","-","291",2021,"hitter"
"35","S
                                                                        Macias","Rocky Mountain Vibes","36","113","38","27","12","-","-","8","8","26","0.336","0.4","0.549","-","-","-","-","-","-","-","125",2021,"hitter"
"36","J
                                                                        Cunningham","Ogden Raptors","22","3","1","2","1","-","-","1","1","2","0.333","0.5","1.333","-","-","-","-","-","-","-","4",2021,"hitter"
"36","G
                                                                        Lyttle","Great Falls Voyagers","41","99","33","17","23","-","-","2","2","22","0.333","0.459","0.394","-","-","-","-","-","-","-","122",2021,"hitter"
"36","L
                                                                        Navigato","Missoula PaddleHeads","38","135","45","37","24","-","-","6","6","19","0.333","0.434","0.467","-","-","-","-","-","-","-","159",2021,"hitter"
"36","P
                                                                        Parks","Ogden Raptors","76","294","98","79","54","-","-","12","12","78","0.333","0.437","0.456","-","-","-","-","-","-","-","348",2021,"hitter"
"40","J
                                                                        Goldfarb","Ogden Raptors","70","275","91","68","45","-","-","16","16","68","0.331","0.425","0.505","-","-","-","-","-","-","-","320",2021,"hitter"
"41","R
                                                                        Jepson","Great Falls Voyagers","73","254","84","52","33","-","-","4","4","50","0.331","0.408","0.378","-","-","-","-","-","-","-","287",2021,"hitter"
"42","B
                                                                        West","Idaho Falls Chukars","36","112","37","34","11","-","-","6","6","36","0.33","0.39","0.491","-","-","-","-","-","-","-","123",2021,"hitter"
"43","L
                                                                        Roskam","Grand Junction Jackalopes","57","222","73","50","30","-","-","8","8","41","0.329","0.409","0.437","-","-","-","-","-","-","-","252",2021,"hitter"
"44","M
                                                                        Miller","Boise Hawks","79","330","108","43","37","-","-","6","6","66","0.327","0.395","0.382","-","-","-","-","-","-","-","367",2021,"hitter"
"45","B
                                                                        Riley","Missoula PaddleHeads","81","323","105","46","49","-","-","5","5","58","0.325","0.414","0.372","-","-","-","-","-","-","-","372",2021,"hitter"
"46","R
                                                                        Alexiades","Ogden Raptors","51","99","32","20","13","-","-","2","2","24","0.323","0.402","0.384","-","-","-","-","-","-","-","112",2021,"hitter"
"47","T
                                                                        DeBonville","Idaho Falls Chukars","51","214","69","49","22","-","-","8","8","47","0.322","0.386","0.435","-","-","-","-","-","-","-","236",2021,"hitter"
"48","B
                                                                        Parr","Billings Mustangs","41","118","38","15","6","-","-","2","2","20","0.322","0.355","0.373","-","-","-","-","-","-","-","124",2021,"hitter"
"49","T
                                                                        Van Marter","Idaho Falls Chukars","49","189","60","38","19","-","-","1","1","28","0.317","0.38","0.333","-","-","-","-","-","-","-","208",2021,"hitter"
"50","S
                                                                        Barmakian","Idaho Falls Chukars","66","269","85","36","43","-","-","3","3","43","0.316","0.41","0.349","-","-","-","-","-","-","-","312",2021,"hitter"
"51","K
                                                                        Maldonado","Grand Junction Jackalopes","370","1014","319","182","94","-","-","30","30","192","0.315","0.373","0.403","-","-","-","-","-","-","-","1108",2021,"hitter"
"52","D
                                                                        Nevarez","Missoula PaddleHeads","46","159","50","34","21","-","-","11","11","41","0.314","0.394","0.522","-","-","-","-","-","-","-","180",2021,"hitter"
"53","J
                                                                        Raper","Great Falls Voyagers","55","179","56","40","20","-","-","10","10","47","0.313","0.382","0.48","-","-","-","-","-","-","-","199",2021,"hitter"
"54","G
                                                                        Barnes","Rocky Mountain Vibes","63","237","74","43","12","-","-","3","3","47","0.312","0.345","0.35","-","-","-","-","-","-","-","249",2021,"hitter"
"55","T
                                                                        Jorgensen","Boise Hawks","70","260","81","40","19","-","-","4","4","35","0.312","0.358","0.358","-","-","-","-","-","-","-","279",2021,"hitter"
"56","A
                                                                        Buendia","Rocky Mountain Vibes","32","106","33","6","6","-","-","1","1","15","0.311","0.348","0.34","-","-","-","-","-","-","-","112",2021,"hitter"
"57","J
                                                                        Gutierrez","Grand Junction Jackalopes","58","219","68","40","21","-","-","7","7","51","0.311","0.371","0.406","-","-","-","-","-","-","-","240",2021,"hitter"
"58","M
                                                                        OConnor","Missoula PaddleHeads","58","223","69","35","18","-","-","11","11","50","0.309","0.361","0.457","-","-","-","-","-","-","-","241",2021,"hitter"
"59","J
                                                                        Akins","Missoula PaddleHeads","80","253","78","54","38","-","-","13","13","62","0.308","0.399","0.462","-","-","-","-","-","-","-","291",2021,"hitter"
"60","M
                                                                        Deeb","Great Falls Voyagers","81","311","95","44","28","-","-","10","10","67","0.305","0.363","0.402","-","-","-","-","-","-","-","339",2021,"hitter"
"61","D
                                                                        Hubbard","Grand Junction Jackalopes","56","217","66","49","24","-","-","10","10","26","0.304","0.373","0.442","-","-","-","-","-","-","-","241",2021,"hitter"
"62","D
                                                                        Abbadessa","Ogden Raptors","30","89","27","14","10","-","-","0","0","23","0.303","0.374","0.303","-","-","-","-","-","-","-","99",2021,"hitter"
"63","R
                                                                        Martinez","Grand Junction Jackalopes","45","142","43","29","26","-","-","6","6","27","0.303","0.411","0.43","-","-","-","-","-","-","-","168",2021,"hitter"
"64","T
                                                                        Tomaka","Boise Hawks","25","43","13","5","1","-","-","2","2","7","0.302","0.318","0.442","-","-","-","-","-","-","-","44",2021,"hitter"
"65","C
                                                                        Caffrey","Ogden Raptors","36","53","16","9","7","-","-","1","1","12","0.302","0.383","0.358","-","-","-","-","-","-","-","60",2021,"hitter"
"66","K
                                                                        Stone","Billings Mustangs","31","10","3","0","1","-","-","0","0","4","0.3","0.364","0.3","-","-","-","-","-","-","-","11",2021,"hitter"
"67","V
                                                                        Esposito","Grand Junction Jackalopes","67","267","80","56","39","-","-","15","15","72","0.3","0.389","0.468","-","-","-","-","-","-","-","306",2021,"hitter"
"68","O
                                                                        Taylor","Ogden Raptors","65","182","54","37","35","-","-","4","4","58","0.297","0.41","0.363","-","-","-","-","-","-","-","217",2021,"hitter"
"69","T
                                                                        Dixon","Ogden Raptors","50","81","24","20","9","-","-","2","2","19","0.296","0.367","0.37","-","-","-","-","-","-","-","90",2021,"hitter"
"70","A
                                                                        Atwood","Great Falls Voyagers","27","88","26","12","7","-","-","0","0","22","0.295","0.347","0.295","-","-","-","-","-","-","-","95",2021,"hitter"
"71","T
                                                                        Wyatt","Idaho Falls Chukars","42","149","44","36","22","-","-","6","6","39","0.295","0.386","0.416","-","-","-","-","-","-","-","171",2021,"hitter"
"72","J
                                                                        Anderson","Grand Junction Jackalopes","47","166","49","27","22","-","-","2","2","36","0.295","0.378","0.331","-","-","-","-","-","-","-","188",2021,"hitter"
"73","T
                                                                        Reynolds","Grand Junction Jackalopes","21","41","12","5","5","-","-","0","0","11","0.293","0.37","0.293","-","-","-","-","-","-","-","46",2021,"hitter"
"74","C
                                                                        Silber","Missoula PaddleHeads","32","65","19","7","6","-","-","1","1","13","0.292","0.352","0.338","-","-","-","-","-","-","-","71",2021,"hitter"
"75","F
                                                                        Achecar","Billings Mustangs","57","178","52","31","19","-","-","3","3","42","0.292","0.36","0.343","-","-","-","-","-","-","-","197",2021,"hitter"
"75","Z
                                                                        Zurbrugg","Great Falls Voyagers","34","89","26","15","16","-","-","0","0","14","0.292","0.4","0.292","-","-","-","-","-","-","-","105",2021,"hitter"
"77","C
                                                                        Crader","Grand Junction Jackalopes","15","24","7","8","3","-","-","2","2","8","0.292","0.37","0.542","-","-","-","-","-","-","-","27",2021,"hitter"
"78","N
                                                                        Pacheco","Ogden Raptors","45","94","27","17","14","-","-","1","1","35","0.287","0.38","0.319","-","-","-","-","-","-","-","108",2021,"hitter"
"79","Q
                                                                        Alexander","Great Falls Voyagers","56","217","62","23","22","-","-","0","0","49","0.286","0.351","0.286","-","-","-","-","-","-","-","239",2021,"hitter"
"79","D
                                                                        Delorefice","Missoula PaddleHeads","27","70","20","9","12","-","-","1","1","15","0.286","0.39","0.329","-","-","-","-","-","-","-","82",2021,"hitter"
"79","K
                                                                        Hayes","Great Falls Voyagers","34","77","22","15","10","-","-","4","4","21","0.286","0.368","0.442","-","-","-","-","-","-","-","87",2021,"hitter"
"82","J
                                                                        Azuaje","Billings Mustangs","71","228","65","24","36","-","-","2","2","25","0.285","0.383","0.311","-","-","-","-","-","-","-","264",2021,"hitter"
"83","B
                                                                        Daniel","Great Falls Voyagers","37","137","39","24","17","-","-","3","3","36","0.285","0.364","0.35","-","-","-","-","-","-","-","154",2021,"hitter"
"84","T
                                                                        Brunson","Great Falls Voyagers","33","116","33","20","11","-","-","2","2","34","0.284","0.346","0.336","-","-","-","-","-","-","-","127",2021,"hitter"
"85","A
                                                                        Don","Idaho Falls Chukars","62","255","72","40","32","-","-","4","4","72","0.282","0.362","0.329","-","-","-","-","-","-","-","287",2021,"hitter"
"86","A
                                                                        Nunez","Rocky Mountain Vibes","62","221","62","18","12","-","-","1","1","49","0.281","0.318","0.294","-","-","-","-","-","-","-","233",2021,"hitter"
"87","A
                                                                        Armstrong","Ogden Raptors","62","174","48","22","18","-","-","1","1","30","0.276","0.344","0.293","-","-","-","-","-","-","-","192",2021,"hitter"
"88","S
                                                                        Jabusch","Great Falls Voyagers","126","359","99","65","66","-","-","9","9","98","0.276","0.388","0.351","-","-","-","-","-","-","-","425",2021,"hitter"
"89","E
                                                                        Rosales","Rocky Mountain Vibes","129","270","74","38","33","-","-","9","9","73","0.274","0.353","0.374","-","-","-","-","-","-","-","303",2021,"hitter"
"90","T
                                                                        Carranza","Billings Mustangs","76","258","70","41","59","-","-","13","13","83","0.271","0.407","0.422","-","-","-","-","-","-","-","317",2021,"hitter"
"91","G
                                                                        White","Boise Hawks","62","118","32","18","9","-","-","0","0","33","0.271","0.323","0.271","-","-","-","-","-","-","-","127",2021,"hitter"
"92","A
                                                                        Monge","Grand Junction Jackalopes","45","142","38","19","16","-","-","0","0","38","0.268","0.342","0.268","-","-","-","-","-","-","-","158",2021,"hitter"
"93","N
                                                                        Emanuel","Great Falls Voyagers","41","101","27","17","20","-","-","0","0","23","0.267","0.388","0.267","-","-","-","-","-","-","-","121",2021,"hitter"
"94","C
                                                                        Mink","Ogden Raptors","32","64","17","8","7","-","-","1","1","22","0.266","0.338","0.313","-","-","-","-","-","-","-","71",2021,"hitter"
"95","M
                                                                        Annone","Rocky Mountain Vibes","57","189","50","31","20","-","-","4","4","46","0.265","0.335","0.328","-","-","-","-","-","-","-","209",2021,"hitter"
"96","C
                                                                        Eusay","Missoula PaddleHeads","33","53","14","10","16","-","-","2","2","16","0.264","0.435","0.377","-","-","-","-","-","-","-","69",2021,"hitter"
"97","A
                                                                        Elder","Grand Junction Jackalopes","47","167","44","22","18","-","-","1","1","25","0.263","0.335","0.281","-","-","-","-","-","-","-","185",2021,"hitter"
"98","H
                                                                        Brown","Idaho Falls Chukars","24","80","21","18","10","-","-","2","2","20","0.263","0.344","0.338","-","-","-","-","-","-","-","90",2021,"hitter"
"99","T
                                                                        Sandoval","Grand Junction Jackalopes","18","54","14","9","4","-","-","2","2","22","0.259","0.31","0.37","-","-","-","-","-","-","-","58",2021,"hitter"
"100","B
                                                                        Perez","Rocky Mountain Vibes","70","290","75","25","13","-","-","3","3","59","0.259","0.29","0.29","-","-","-","-","-","-","-","303",2021,"hitter"
"101","D
                                                                        Cornett","Billings Mustangs","38","97","25","18","9","-","-","1","1","14","0.258","0.321","0.289","-","-","-","-","-","-","-","106",2021,"hitter"
"102","J
                                                                        Esparza","Rocky Mountain Vibes","73","253","65","38","6","-","-","5","5","70","0.257","0.274","0.316","-","-","-","-","-","-","-","259",2021,"hitter"
"103","S
                                                                        Skelly","Boise Hawks","16","47","12","7","8","-","-","2","2","14","0.255","0.364","0.383","-","-","-","-","-","-","-","55",2021,"hitter"
"104","M
                                                                        Skundrich","Billings Mustangs","67","221","56","34","27","-","-","3","3","60","0.253","0.335","0.294","-","-","-","-","-","-","-","248",2021,"hitter"
"105","C
                                                                        Tirado","Rocky Mountain Vibes","30","87","22","7","6","-","-","3","3","27","0.253","0.301","0.356","-","-","-","-","-","-","-","93",2021,"hitter"
"106","C
                                                                        Comer","Billings Mustangs","53","176","44","18","23","-","-","6","6","44","0.25","0.337","0.352","-","-","-","-","-","-","-","199",2021,"hitter"
"106","K
                                                                        Kaufman","Ogden Raptors","32","88","22","21","7","-","-","3","3","9","0.25","0.305","0.352","-","-","-","-","-","-","-","95",2021,"hitter"
"106","D
                                                                        Pearce","Ogden Raptors","34","32","8","12","4","-","-","2","2","7","0.25","0.333","0.438","-","-","-","-","-","-","-","36",2021,"hitter"
"109","A
                                                                        Bond","Billings Mustangs","25","57","14","5","10","-","-","1","1","25","0.246","0.358","0.298","-","-","-","-","-","-","-","67",2021,"hitter"
"109","A
                                                                        Eggleston","Great Falls Voyagers","36","57","14","10","4","-","-","1","1","14","0.246","0.295","0.298","-","-","-","-","-","-","-","61",2021,"hitter"
"111","J
                                                                        Talamante","Missoula PaddleHeads","18","29","7","2","6","-","-","0","0","9","0.241","0.371","0.241","-","-","-","-","-","-","-","35",2021,"hitter"
"112","M
                                                                        Harris","Boise Hawks","57","160","38","27","25","-","-","6","6","60","0.237","0.341","0.35","-","-","-","-","-","-","-","185",2021,"hitter"
"113","B
                                                                        Smith","Boise Hawks","46","154","35","34","21","-","-","8","8","33","0.227","0.32","0.383","-","-","-","-","-","-","-","175",2021,"hitter"
"114","J
                                                                        Malec","Great Falls Voyagers","45","128","29","11","24","-","-","1","1","51","0.227","0.349","0.25","-","-","-","-","-","-","-","152",2021,"hitter"
"115","C
                                                                        Gallardo","Rocky Mountain Vibes","58","166","37","13","28","-","-","1","1","43","0.223","0.335","0.241","-","-","-","-","-","-","-","194",2021,"hitter"
"116","G
                                                                        Bautista","Billings Mustangs","32","90","20","12","8","-","-","1","1","18","0.222","0.286","0.256","-","-","-","-","-","-","-","98",2021,"hitter"
"117","B
                                                                        Broussard","Billings Mustangs","70","220","46","29","42","-","-","4","4","58","0.209","0.336","0.264","-","-","-","-","-","-","-","262",2021,"hitter"
"118","T
                                                                        Budnick","Ogden Raptors","42","24","5","0","4","-","-","0","0","10","0.208","0.321","0.208","-","-","-","-","-","-","-","28",2021,"hitter"
"119","F
                                                                        Rodriguez","Rocky Mountain Vibes","28","77","15","8","5","-","-","0","0","24","0.195","0.244","0.195","-","-","-","-","-","-","-","82",2021,"hitter"
"120","A
                                                                        Kern","Great Falls Voyagers","41","27","5","3","3","-","-","0","0","18","0.185","0.267","0.185","-","-","-","-","-","-","-","30",2021,"hitter"
"121","E
                                                                        Carrillo","Rocky Mountain Vibes","18","30","5","2","1","-","-","0","0","11","0.167","0.194","0.167","-","-","-","-","-","-","-","31",2021,"hitter"
"122","Q
                                                                        Jones","Great Falls Voyagers","25","20","3","1","1","-","-","0","0","7","0.15","0.19","0.15","-","-","-","-","-","-","-","21",2021,"hitter"
"123","A
                                                                        Kaufman","Billings Mustangs","32","28","4","2","2","-","-","0","0","13","0.143","0.2","0.143","-","-","-","-","-","-","-","30",2021,"hitter"
"123","C
                                                                        Stratton","Grand Junction Jackalopes","13","21","3","2","1","-","-","0","0","5","0.143","0.182","0.143","-","-","-","-","-","-","-","22",2021,"hitter"
"123","M
                                                                        Thomas","Great Falls Voyagers","29","14","2","1","1","-","-","0","0","7","0.143","0.2","0.143","-","-","-","-","-","-","-","15",2021,"hitter"
"1","C
                                                                        Grant-Debose","Great Falls Voyagers","15","1","1","0","-","-","-","-","0","-","1","1","1","-","-","-","-","-","-","-","1",2022,"hitter"
"1","B
                                                                        Pooler","Great Falls Voyagers","14","1","1","1","-","-","-","-","0","-","1","1","1","-","-","-","-","-","-","-","1",2022,"hitter"
"3","D
                                                                        Day","Glacier Range Riders","13","5","4","1","1","-","-","1","1","1","0.8","0.833","1.4","-","-","-","-","-","-","-","6",2022,"hitter"
"4","D
                                                                        Jacob","Grand Junction Jackalopes","1","3","2","1","-","-","-","-","0","-","0.667","0.667","0.667","-","-","-","-","1","-","-","3",2022,"hitter"
"5","B
                                                                        Demco","Great Falls Voyagers","36","2","1","0","-","-","-","-","0","1","0.5","0.5","0.5","-","-","-","-","-","-","-","2",2022,"hitter"
"5","Q
                                                                        Jones","Great Falls Voyagers","20","2","1","1","-","-","-","-","0","1","0.5","0.5","0.5","-","-","-","-","-","-","-","2",2022,"hitter"
"5","J
                                                                        Reinhardt","Idaho Falls Chukars","2","6","3","0","3","-","-","-","0","1","0.5","0.667","0.5","-","-","-","-","1","1","1.00","9",2022,"hitter"
"8","C
                                                                        Estrada","Idaho Falls Chukars","55","208","89","66","37","23","-","13","36","28","0.428","0.51","0.726","1","3","-","3","51","41","1.24","249",2022,"hitter"
"9","H
                                                                        Hudson","Idaho Falls Chukars","10","27","11","14","3","4","-","2","6","8","0.407","0.467","0.778","-","-","-","-","5","3","1.67","30",2022,"hitter"
"9","R
                                                                        Jepson","Great Falls Voyagers","66","243","99","55","61","17","4","12","33","32","0.407","0.524","0.658","2","3","-","7","68","44","1.55","309",2022,"hitter"
"11","N
                                                                        Popa","Grand Junction Jackalopes","93","392","159","85","23","19","5","6","30","58","0.406","0.449","0.526","12","5","1","2","88","80","1.10","433",2022,"hitter"
"12","J
                                                                        Agnew","Grand Junction Jackalopes","25","5","2","2","-","-","-","1","1","1","0.4","0.4","1","-","-","-","-","1","1","1.00","5",2022,"hitter"
"12","G
                                                                        Buhner","Ogden Raptors","9","25","10","2","3","4","-","-","4","5","0.4","0.5","0.56","2","-","-","1","7","3","2.33","30",2022,"hitter"
"12","A
                                                                        Ludwick","Missoula PaddleHeads","5","10","4","3","-","-","-","-","0","2","0.4","0.4","0.4","-","-","-","-","2","2","1.00","10",2022,"hitter"
"15","L
                                                                        Sparks","Missoula PaddleHeads","88","346","138","85","49","28","5","18","51","60","0.399","0.461","0.665","-","11","-","5","63","80","0.79","406",2022,"hitter"
"16","A
                                                                        Guadalupe","Colorado Springs Sky Sox","35","128","51","28","17","13","-","6","19","22","0.398","0.484","0.641","6","2","1","4","35","22","1.59","154",2022,"hitter"
"17","L
                                                                        Williams","Ogden Raptors","22","71","28","8","8","3","-","2","5","25","0.394","0.457","0.521","1","1","-","-","9","10","0.90","81",2022,"hitter"
"18","G
                                                                        Diaz","Rocky Mountain Vibes","88","376","148","41","32","16","2","2","20","26","0.394","0.446","0.463","6","3","2","11","112","87","1.29","419",2022,"hitter"
"19","D
                                                                        Molinari","Colorado Springs Sky Sox","6","23","9","5","5","1","-","1","2","5","0.391","0.483","0.565","-","1","-","-","4","5","0.80","29",2022,"hitter"
"20","P
                                                                        Chung","Missoula PaddleHeads","33","95","37","20","6","5","3","2","10","5","0.389","0.419","0.568","1","3","-","1","26","28","0.93","105",2022,"hitter"
"21","C
                                                                        Steele","Colorado Springs Sky Sox","9","18","7","1","1","-","-","-","0","-","0.389","0.421","0.389","-","-","1","1","7","5","1.40","20",2022,"hitter"
"22","B
                                                                        Trammell","Glacier Range Riders","12","44","17","12","3","2","1","2","5","13","0.386","0.438","0.614","1","-","-","1","8","5","1.60","48",2022,"hitter"
"23","J
                                                                        Broughton","Ogden Raptors","88","365","139","71","39","25","8","14","47","56","0.381","0.437","0.608","2","6","-","3","69","95","0.73","412",2022,"hitter"
"24","L
                                                                        Navarro","Rocky Mountain Vibes","60","211","79","44","46","19","2","6","27","25","0.374","0.49","0.569","4","2","-","4","67","36","1.86","263",2022,"hitter"
"25","C
                                                                        LeBron","Boise Hawks","10","43","16","14","4","5","-","-","5","13","0.372","0.417","0.488","-","1","-","-","9","5","1.80","48",2022,"hitter"
"26","D
                                                                        Stroup","Idaho Falls Chukars","92","386","143","105","25","24","3","23","50","94","0.37","0.413","0.627","12","13","-","15","65","94","0.69","436",2022,"hitter"
"27","M
                                                                        Warkentin","Ogden Raptors","15","46","17","19","10","5","-","4","9","13","0.37","0.538","0.739","8","1","-","-","7","8","0.88","65",2022,"hitter"
"28","J
                                                                        Valdez","Ogden Raptors","94","379","140","109","33","25","2","21","48","55","0.369","0.433","0.612","14","6","5","8","75","105","0.71","437",2022,"hitter"
"29","J
                                                                        Newman","Missoula PaddleHeads","88","355","131","115","43","19","2","32","53","63","0.369","0.441","0.704","7","5","-","13","84","68","1.24","410",2022,"hitter"
"30","J
                                                                        Lara","Rocky Mountain Vibes","15","41","15","4","4","2","1","-","3","16","0.366","0.449","0.463","3","1","-","-","6","4","1.50","49",2022,"hitter"
"31","T
                                                                        Bouchard","Colorado Springs Sky Sox","67","257","94","53","32","21","5","12","38","76","0.366","0.438","0.626","2","1","-","4","50","37","1.35","292",2022,"hitter"
"32","J
                                                                        Reyes","Idaho Falls Chukars","69","281","102","56","24","20","3","6","29","39","0.363","0.412","0.52","-","1","2","8","88","44","2.00","308",2022,"hitter"
"33","A
                                                                        Don","Idaho Falls Chukars","16","69","25","13","5","4","-","-","4","15","0.362","0.421","0.42","2","-","-","-","19","10","1.90","76",2022,"hitter"
"34","A
                                                                        Elder","Grand Junction Jackalopes","34","116","42","15","19","6","-","-","6","9","0.362","0.475","0.414","6","-","-","1","31","29","1.07","141",2022,"hitter"
"35","C
                                                                        Petersen","Grand Junction Jackalopes","74","264","95","75","46","15","6","14","35","79","0.36","0.469","0.621","10","2","1","4","48","35","1.37","323",2022,"hitter"
"36","G
                                                                        Howell","Glacier Range Riders","23","81","29","25","16","7","-","5","12","18","0.358","0.485","0.63","4","-","-","1","16","14","1.14","101",2022,"hitter"
"37","S
                                                                        Strong","Colorado Springs Sky Sox","4","14","5","5","2","1","1","-","2","4","0.357","0.412","0.571","-","1","-","-","3","3","1.00","17",2022,"hitter"
"37","S
                                                                        Troyer","Idaho Falls Chukars","26","112","40","19","7","14","2","-","16","26","0.357","0.438","0.518","9","-","-","2","23","19","1.21","128",2022,"hitter"
"39","A
                                                                        Sequera","Boise Hawks","46","197","70","38","26","25","-","2","27","28","0.355","0.431","0.513","1","1","-","5","46","44","1.05","225",2022,"hitter"
"40","M
                                                                        Feinstein","Idaho Falls Chukars","28","113","40","22","26","7","-","7","14","29","0.354","0.486","0.602","4","1","-","4","21","22","0.95","144",2022,"hitter"
"40","N
                                                                        Scantlin","Grand Junction Jackalopes","26","113","40","13","15","7","1","-","8","17","0.354","0.443","0.434","3","-","-","-","23","26","0.88","131",2022,"hitter"
"42","B
                                                                        Bohning","Idaho Falls Chukars","25","85","30","12","15","2","1","-","3","17","0.353","0.467","0.4","4","1","1","2","20","17","1.18","106",2022,"hitter"
"43","K
                                                                        Higgins","Colorado Springs Sky Sox","85","335","118","57","13","13","3","3","19","62","0.352","0.379","0.436","2","1","1","8","90","57","1.58","352",2022,"hitter"
"44","C
                                                                        Dunn","Glacier Range Riders","44","166","58","25","10","12","1","3","16","22","0.349","0.386","0.488","-","-","2","7","54","27","2.00","178",2022,"hitter"
"45","U
                                                                        Cantu","Rocky Mountain Vibes","83","337","116","77","41","21","1","14","36","71","0.344","0.417","0.537","4","4","-","10","82","58","1.41","386",2022,"hitter"
"46","J
                                                                        Fitzpatrick","Grand Junction Jackalopes","42","160","55","35","13","11","-","7","18","35","0.344","0.398","0.544","2","1","1","1","26","41","0.63","177",2022,"hitter"
"47","B
                                                                        Dansereau","Ogden Raptors","86","335","115","93","32","23","6","12","41","77","0.343","0.425","0.555","19","5","-","4","59","82","0.72","391",2022,"hitter"
"48","J
                                                                        Teixeira","Boise Hawks","90","352","120","84","37","28","3","15","46","31","0.341","0.411","0.565","10","7","-","16","83","111","0.75","406",2022,"hitter"
"49","C
                                                                        Lopez","Rocky Mountain Vibes","63","244","83","46","28","17","-","4","21","28","0.34","0.406","0.459","1","3","2","5","74","60","1.23","278",2022,"hitter"
"50","A
                                                                        Garcia","Rocky Mountain Vibes","17","62","21","14","7","4","1","-","5","13","0.339","0.403","0.435","1","2","-","1","14","15","0.93","72",2022,"hitter"
"51","T
                                                                        Kelly","Idaho Falls Chukars","38","133","45","27","22","12","1","4","17","13","0.338","0.447","0.534","5","1","-","3","32","41","0.78","161",2022,"hitter"
"52","N
                                                                        Gatewood","Missoula PaddleHeads","94","403","136","96","20","36","2","14","52","67","0.337","0.369","0.541","5","8","-","8","91","113","0.81","436",2022,"hitter"
"53","A
                                                                        Atwood","Great Falls Voyagers","22","92","31","20","11","6","1","3","10","14","0.337","0.411","0.522","2","2","-","3","25","21","1.19","107",2022,"hitter"
"54","T
                                                                        DeBonville","Idaho Falls Chukars","31","119","40","25","8","7","2","4","13","34","0.336","0.375","0.529","-","1","-","2","20","21","0.95","128",2022,"hitter"
"55","E
                                                                        Lopez","Rocky Mountain Vibes","64","259","87","48","22","10","8","10","28","50","0.336","0.388","0.552","2","3","-","7","64","56","1.14","286",2022,"hitter"
"56","J
                                                                        Hubbard","Grand Junction Jackalopes","60","233","78","39","14","11","3","6","20","52","0.335","0.378","0.485","4","3","-","5","54","43","1.26","254",2022,"hitter"
"57","F
                                                                        Aberouette","Glacier Range Riders","9","27","9","8","4","2","1","1","4","5","0.333","0.419","0.593","-","-","-","1","6","7","0.86","31",2022,"hitter"
"57","F
                                                                        Loera","Great Falls Voyagers","13","42","14","4","4","4","-","-","4","10","0.333","0.404","0.429","1","-","-","1","15","3","5.00","47",2022,"hitter"
"57","S
                                                                        Ullian","Ogden Raptors","60","204","68","45","22","20","1","10","31","55","0.333","0.403","0.588","4","3","-","3","36","46","0.78","233",2022,"hitter"
"60","E
                                                                        McCabe","Glacier Range Riders","88","282","93","49","28","18","-","3","21","42","0.33","0.397","0.426","6","4","1","11","89","52","1.71","321",2022,"hitter"
"61","R
                                                                        Alexiades","Ogden Raptors","91","352","116","97","62","23","6","14","43","83","0.33","0.425","0.548","1","6","1","3","77","77","1.00","422",2022,"hitter"
"62","M
                                                                        Piatnik","Billings Mustangs","22","76","25","11","10","7","1","1","9","23","0.329","0.409","0.487","1","1","-","1","7","20","0.35","88",2022,"hitter"
"63","S
                                                                        Barmakian","Idaho Falls Chukars","91","384","126","69","53","32","3","4","39","61","0.328","0.42","0.458","9","2","-","8","94","98","0.96","448",2022,"hitter"
"64","J
                                                                        Kline","Billings Mustangs","68","223","73","39","15","11","7","9","27","69","0.327","0.375","0.561","5","5","-","2","27","52","0.52","248",2022,"hitter"
"65","R
                                                                        Cash","Glacier Range Riders","90","331","108","56","47","11","2","3","16","41","0.326","0.404","0.399","-","6","2","6","86","93","0.92","386",2022,"hitter"
"66","P
                                                                        Adams","Ogden Raptors","84","316","103","60","62","9","2","5","16","68","0.326","0.436","0.415","3","4","8","4","95","51","1.86","393",2022,"hitter"
"67","S
                                                                        Linscott","Glacier Range Riders","50","206","67","42","14","15","3","4","22","26","0.325","0.371","0.485","2","2","-","3","58","51","1.14","224",2022,"hitter"
"68","B
                                                                        Riley","Missoula PaddleHeads","75","321","104","63","42","21","3","14","38","64","0.324","0.399","0.539","1","4","-","10","72","77","0.94","368",2022,"hitter"
"69","K
                                                                        Willman","Missoula PaddleHeads","65","258","83","43","34","14","3","6","23","64","0.322","0.399","0.469","2","4","-","3","40","64","0.63","298",2022,"hitter"
"70","N
                                                                        Michaels","Rocky Mountain Vibes","45","171","55","39","15","15","-","5","20","47","0.322","0.381","0.497","2","1","-","2","37","27","1.37","189",2022,"hitter"
"71","J
                                                                        Johnson","Grand Junction Jackalopes","62","250","80","41","21","16","2","10","28","61","0.32","0.369","0.52","-","3","-","5","65","46","1.41","274",2022,"hitter"
"71","C
                                                                        Thompson","Missoula PaddleHeads","95","375","120","69","47","26","2","12","40","75","0.32","0.393","0.496","1","4","-","4","87","87","1.00","427",2022,"hitter"
"73","J
                                                                        Cruce","Grand Junction Jackalopes","92","366","117","94","38","23","-","19","42","86","0.32","0.388","0.538","5","3","-","9","72","85","0.85","412",2022,"hitter"
"74","H
                                                                        Hisky","Idaho Falls Chukars","93","388","124","81","50","32","4","7","43","41","0.32","0.396","0.477","4","8","-","7","88","128","0.69","450",2022,"hitter"
"75","B
                                                                        Daniel","Great Falls Voyagers","88","338","108","56","59","20","4","12","36","81","0.32","0.434","0.509","11","2","-","1","55","90","0.61","410",2022,"hitter"
"76","B
                                                                        Hueth","Idaho Falls Chukars","64","254","81","33","33","21","3","2","26","32","0.319","0.392","0.449","-","4","-","7","80","56","1.43","291",2022,"hitter"
"77","B
                                                                        Williams","Glacier Range Riders","12","22","7","1","3","1","-","-","1","3","0.318","0.423","0.364","1","-","-","1","9","1","9.00","26",2022,"hitter"
"78","J
                                                                        Fry","Great Falls Voyagers","19","63","20","9","10","5","-","1","6","16","0.317","0.405","0.444","-","1","2","2","16","14","1.14","76",2022,"hitter"
"79","J
                                                                        Schulefand","Boise Hawks","13","41","13","1","5","2","-","-","2","7","0.317","0.404","0.366","1","-","-","1","13","8","1.63","47",2022,"hitter"
"80","A
                                                                        Nielsen","Grand Junction Jackalopes","68","262","83","28","22","13","-","2","15","36","0.317","0.375","0.389","4","3","4","5","70","69","1.01","295",2022,"hitter"
"81","J
                                                                        Garcia","Billings Mustangs","76","308","97","56","22","11","9","11","31","91","0.315","0.37","0.516","7","4","-","4","47","69","0.68","341",2022,"hitter"
"82","M
                                                                        Annone","Rocky Mountain Vibes","60","220","69","54","21","19","-","3","22","31","0.314","0.39","0.441","8","2","1","6","62","57","1.09","252",2022,"hitter"
"83","D
                                                                        Hernandez","Rocky Mountain Vibes","63","246","77","53","19","19","3","8","30","55","0.313","0.374","0.512","6","2","-","8","57","50","1.14","273",2022,"hitter"
"84","D
                                                                        Connors","Ogden Raptors","89","324","101","62","46","25","2","6","33","61","0.312","0.399","0.457","4","4","1","4","69","92","0.75","379",2022,"hitter"
"85","J
                                                                        Elvir","Grand Junction Jackalopes","84","308","96","83","34","17","1","19","37","89","0.312","0.39","0.558","8","4","-","6","58","65","0.89","354",2022,"hitter"
"86","J
                                                                        Akins","Missoula PaddleHeads","68","197","61","42","25","12","2","7","21","53","0.31","0.394","0.497","3","1","-","3","40","38","1.05","226",2022,"hitter"
"87","R
                                                                        Phillips","Idaho Falls Chukars","27","68","21","12","10","3","-","-","3","19","0.309","0.397","0.353","-","-","-","-","20","8","2.50","78",2022,"hitter"
"88","D
                                                                        Kolbush","Great Falls Voyagers","73","266","82","50","32","13","2","5","20","71","0.308","0.386","0.429","4","4","-","6","62","51","1.22","306",2022,"hitter"
"89","D
                                                                        Miller","Glacier Range Riders","82","312","96","75","30","23","2","15","40","62","0.308","0.376","0.538","7","5","-","12","88","53","1.66","354",2022,"hitter"
"90","N
                                                                        Emanuel","Great Falls Voyagers","25","88","27","13","6","2","-","-","2","11","0.307","0.367","0.33","3","1","-","1","27","20","1.35","98",2022,"hitter"
"91","C
                                                                        Runge","Great Falls Voyagers","89","336","103","60","48","16","2","11","29","64","0.307","0.407","0.464","10","2","-","8","77","81","0.95","396",2022,"hitter"
"92","D
                                                                        Macaluso","Ogden Raptors","50","121","37","31","15","8","1","5","14","32","0.306","0.396","0.512","5","3","2","4","20","36","0.56","146",2022,"hitter"
"93","J
                                                                        Raper","Billings Mustangs","92","337","103","60","36","27","7","11","45","75","0.306","0.377","0.525","4","2","2","7","69","85","0.81","381",2022,"hitter"
"94","C
                                                                        Middleton","Grand Junction Jackalopes","42","154","47","32","13","9","-","8","17","36","0.305","0.375","0.519","6","3","-","6","28","42","0.67","176",2022,"hitter"
"95","K
                                                                        Greenwalt","Missoula PaddleHeads","89","348","106","66","30","26","4","8","38","58","0.305","0.365","0.471","7","7","1","7","89","99","0.90","393",2022,"hitter"
"96","J
                                                                        Ajamian","Boise Hawks","7","23","7","8","3","1","-","1","2","4","0.304","0.393","0.478","1","1","-","-","5","8","0.63","28",2022,"hitter"
"96","C
                                                                        Farmer","Grand Junction Jackalopes","37","138","42","25","28","10","-","5","15","36","0.304","0.42","0.486","1","2","-","5","22","34","0.65","169",2022,"hitter"
"98","G
                                                                        Wurtz","Billings Mustangs","91","355","108","81","33","24","4","20","48","103","0.304","0.363","0.563","2","4","-","1","54","85","0.64","394",2022,"hitter"
"99","A
                                                                        Noviello","Missoula PaddleHeads","49","162","49","37","28","11","-","3","14","32","0.302","0.404","0.426","1","2","-","6","35","48","0.73","193",2022,"hitter"
"100","B
                                                                        Crosby","Colorado Springs Sky Sox","76","295","89","62","28","19","6","11","36","91","0.302","0.378","0.519","8","-","-","5","55","49","1.12","331",2022,"hitter"
"101","D
                                                                        Binder","Rocky Mountain Vibes","18","73","22","11","4","5","1","2","8","19","0.301","0.342","0.479","1","1","-","2","11","19","0.58","79",2022,"hitter"
"102","N
                                                                        Marcelo","Glacier Range Riders","13","20","6","1","4","-","-","-","0","9","0.3","0.462","0.3","2","-","-","-","1","4","0.25","26",2022,"hitter"
"102","G
                                                                        Young","Colorado Springs Sky Sox","34","10","3","2","1","1","-","-","1","4","0.3","0.364","0.4","-","-","-","-","2","1","2.00","11",2022,"hitter"
"104","A
                                                                        Mow","Billings Mustangs","35","84","25","19","12","7","1","3","11","15","0.298","0.404","0.512","3","-","-","3","29","14","2.07","99",2022,"hitter"
"105","A
                                                                        Rivero","Ogden Raptors","8","37","11","4","1","3","-","1","4","10","0.297","0.333","0.459","1","-","-","1","6","10","0.60","39",2022,"hitter"
"106","K
                                                                        Elefante","Ogden Raptors","11","27","8","6","4","2","-","-","2","8","0.296","0.375","0.37","-","1","-","1","6","6","1.00","32",2022,"hitter"
"106","T
                                                                        Krabbe","Great Falls Voyagers","16","54","16","13","4","5","-","2","7","12","0.296","0.344","0.5","1","2","-","2","12","15","0.80","61",2022,"hitter"
"108","B
                                                                        McConnell","Glacier Range Riders","90","375","111","42","38","17","1","4","22","58","0.296","0.366","0.379","6","5","6","2","115","88","1.31","430",2022,"hitter"
"108","K
                                                                        Whatley","Missoula PaddleHeads","34","125","37","17","10","9","1","2","12","34","0.296","0.382","0.432","8","1","5","1","30","26","1.15","149",2022,"hitter"
"110","B
                                                                        Bohning","Ogden Raptors","22","71","21","9","6","6","-","1","7","16","0.296","0.398","0.423","6","-","1","2","12","19","0.63","84",2022,"hitter"
"111","A
                                                                        Hanson","Rocky Mountain Vibes","63","197","58","43","18","13","3","4","20","50","0.294","0.359","0.452","3","2","1","3","42","46","0.91","221",2022,"hitter"
"112","R
                                                                        Gil","Boise Hawks","84","331","97","58","33","22","2","17","41","89","0.293","0.357","0.526","3","6","-","11","66","67","0.99","373",2022,"hitter"
"113","T
                                                                        Lewis","Ogden Raptors","77","247","72","41","26","20","1","5","26","75","0.291","0.373","0.441","9","5","2","2","41","59","0.69","289",2022,"hitter"
"114","D
                                                                        Popham","Colorado Springs Sky Sox","28","79","23","17","7","7","1","2","10","23","0.291","0.376","0.481","5","2","-","4","13","21","0.62","93",2022,"hitter"
"115","J
                                                                        Bermudez","Idaho Falls Chukars","17","55","16","7","4","3","-","-","3","14","0.291","0.333","0.345","-","1","-","3","13","10","1.30","60",2022,"hitter"
"115","C
                                                                        Monroe","Great Falls Voyagers","42","165","48","37","11","11","-","3","14","39","0.291","0.337","0.412","2","3","-","4","43","37","1.16","181",2022,"hitter"
"117","M
                                                                        O'Connor","Missoula PaddleHeads","67","266","77","57","21","18","2","14","34","68","0.289","0.362","0.53","11","3","-","3","54","57","0.95","301",2022,"hitter"
"118","T
                                                                        Jorgensen","Boise Hawks","95","401","116","56","36","21","4","4","29","69","0.289","0.37","0.392","18","5","-","4","93","123","0.76","460",2022,"hitter"
"119","M
                                                                        Rich","Colorado Springs Sky Sox","58","163","47","18","13","2","2","-","4","34","0.288","0.333","0.325","1","6","2","2","49","34","1.44","185",2022,"hitter"
"120","C
                                                                        Phelts","Colorado Springs Sky Sox","82","302","87","49","34","12","10","7","29","100","0.288","0.372","0.464","8","3","7","3","69","46","1.50","354",2022,"hitter"
"121","J
                                                                        Barth","Billings Mustangs","77","250","72","31","10","11","1","5","17","23","0.288","0.344","0.4","12","1","1","8","86","60","1.43","274",2022,"hitter"
"122","A
                                                                        Ray","Ogden Raptors","17","66","19","10","5","4","1","-","5","4","0.288","0.347","0.379","1","-","2","-","22","20","1.10","74",2022,"hitter"
"123","B
                                                                        Perez","Rocky Mountain Vibes","54","195","56","20","8","8","2","-","10","49","0.287","0.325","0.349","4","2","1","3","46","40","1.15","210",2022,"hitter"
"124","J
                                                                        Malec","Great Falls Voyagers","84","353","101","43","27","12","2","6","20","104","0.286","0.354","0.382","12","4","-","4","74","67","1.10","396",2022,"hitter"
"125","J
                                                                        Esparza","Rocky Mountain Vibes","14","56","16","7","2","3","-","2","5","18","0.286","0.31","0.446","-","-","1","-","14","9","1.56","59",2022,"hitter"
"1","O
                                                                        Sanchez","Billings Mustangs","8","1","1","0","-","-","-","-","0","-","1","1","1","-","-","-","-","-","-","-","1",2023,"hitter"
"2","A
                                                                        Rios","Rocky Mountain Vibes","4","16","10","4","1","2","-","1","3","2","0.625","0.647","0.938","-","-","-","-","2","2","1.00","17",2023,"hitter"
"3","B
                                                                        Held","Great Falls Voyagers","35","6","3","1","-","-","-","-","0","2","0.5","0.5","0.5","-","-","-","-","1","-","-","6",2023,"hitter"
"3","V
                                                                        Rodriguez","Idaho Falls Chukars","34","4","2","1","-","1","-","-","1","-","0.5","0.5","0.75","-","-","-","-","2","-","-","4",2023,"hitter"
"5","J
                                                                        McMurray","Rocky Mountain Vibes","55","205","92","50","29","11","-","1","12","10","0.449","0.515","0.517","2","3","-","6","64","38","1.68","239",2023,"hitter"
"6","C
                                                                        De Guzman","Great Falls Voyagers","16","59","26","9","6","3","1","-","4","13","0.441","0.485","0.525","-","1","-","-","12","9","1.33","66",2023,"hitter"
"7","B
                                                                        McPherson","Billings Mustangs","10","7","3","2","2","-","-","-","0","3","0.429","0.5","0.429","-","1","-","-","-","2","-","10",2023,"hitter"
"8","K
                                                                        Willman","Missoula PaddleHeads","21","75","32","15","10","8","1","2","11","9","0.427","0.494","0.64","2","2","-","-","16","17","0.94","89",2023,"hitter"
"9","K
                                                                        O'Brien","Glacier Range Riders","4","12","5","3","-","1","-","-","1","3","0.417","0.462","0.5","1","-","-","-","4","-","-","13",2023,"hitter"
"10","B
                                                                        Ryan","Billings Mustangs","34","116","48","27","14","8","-","4","12","11","0.414","0.489","0.586","4","1","2","2","30","27","1.11","137",2023,"hitter"
"11","D
                                                                        Henderson","Ogden Raptors","41","97","39","16","15","10","-","5","15","25","0.402","0.487","0.66","1","-","-","1","21","11","1.91","113",2023,"hitter"
"12","J
                                                                        Smith","Grand Junction Jackalopes","19","5","2","0","-","1","-","-","1","3","0.4","0.4","0.6","-","-","-","-","-","-","-","5",2023,"hitter"
"12","J
                                                                        Urena","Idaho Falls Chukars","2","5","2","0","-","-","-","-","0","3","0.4","0.4","0.4","-","-","-","-","-","-","-","5",2023,"hitter"
"14","D
                                                                        Hubbard","Missoula PaddleHeads","69","281","111","50","23","29","1","11","41","46","0.395","0.456","0.623","10","2","1","8","56","62","0.90","317",2023,"hitter"
"15","J
                                                                        Soto","Ogden Raptors","16","64","25","20","8","3","-","5","8","14","0.391","0.446","0.672","-","2","-","-","12","15","0.80","74",2023,"hitter"
"16","S
                                                                        Olsson","Boise Hawks","28","108","42","27","15","7","-","1","8","13","0.389","0.478","0.481","7","4","-","3","25","28","0.89","134",2023,"hitter"
"17","B
                                                                        Carson","Rocky Mountain Vibes","18","70","27","18","17","8","-","2","10","15","0.386","0.494","0.586","-","2","2","-","18","15","1.20","91",2023,"hitter"
"18","X
                                                                        Washington","Great Falls Voyagers","65","275","105","39","17","17","1","4","22","43","0.382","0.419","0.495","4","5","2","2","61","66","0.92","303",2023,"hitter"
"19","J
                                                                        Coutts","Colorado Springs Sky Sox","85","331","126","89","40","25","4","18","47","52","0.381","0.453","0.644","8","5","-","6","84","71","1.18","384",2023,"hitter"
"20","J
                                                                        Cruce","Grand Junction Jackalopes","90","387","146","96","41","25","-","23","48","75","0.377","0.444","0.62","7","2","-","7","83","80","1.04","437",2023,"hitter"
"21","J
                                                                        Broughton","Ogden Raptors","21","93","35","16","7","6","1","-","7","9","0.376","0.417","0.462","1","2","-","-","26","23","1.13","103",2023,"hitter"
"22","R
                                                                        Jepson","Great Falls Voyagers","82","321","120","49","54","24","5","1","30","27","0.374","0.465","0.489","5","5","-","8","103","63","1.63","385",2023,"hitter"
"23","N
                                                                        Ultsch","Ogden Raptors","89","343","128","73","35","27","5","7","39","67","0.373","0.441","0.542","8","2","-","16","103","42","2.45","388",2023,"hitter"
"24","R
                                                                        McCarthy","Great Falls Voyagers","22","86","32","25","15","7","2","6","15","19","0.372","0.466","0.709","1","1","-","-","14","18","0.78","103",2023,"hitter"
"25","J
                                                                        Johnson","Grand Junction Jackalopes","96","419","155","106","64","35","5","22","62","79","0.37","0.456","0.635","4","2","1","8","90","91","0.99","490",2023,"hitter"
"26","A
                                                                        Shumaker","Grand Junction Jackalopes","27","79","29","5","8","6","1","-","7","20","0.367","0.474","0.468","8","-","2","1","14","13","1.08","97",2023,"hitter"
"27","D
                                                                        Miller","Glacier Range Riders","90","361","130","80","56","27","2","15","44","77","0.36","0.448","0.571","7","7","-","8","85","67","1.27","431",2023,"hitter"
"28","J
                                                                        Barfield","Rocky Mountain Vibes","77","286","102","98","44","27","-","22","49","67","0.357","0.449","0.682","9","6","4","4","45","79","0.57","349",2023,"hitter"
"29","L
                                                                        Navarro","Missoula PaddleHeads","67","247","88","58","45","17","-","10","27","44","0.356","0.46","0.547","5","3","-","7","54","59","0.92","300",2023,"hitter"
"30","T
                                                                        Jeffries","Rocky Mountain Vibes","12","31","11","2","7","2","-","-","2","5","0.355","0.524","0.419","4","-","-","-","9","6","1.50","42",2023,"hitter"
"31","S
                                                                        Wilmer","Rocky Mountain Vibes","52","130","46","40","35","7","1","10","18","44","0.354","0.522","0.654","12","1","2","-","17","24","0.71","180",2023,"hitter"
"32","H
                                                                        George","Colorado Springs Sky Sox","88","348","123","59","53","23","8","16","47","36","0.353","0.445","0.603","6","2","1","1","85","100","0.85","410",2023,"hitter"
"33","J
                                                                        Faile","Billings Mustangs","54","201","71","70","20","19","-","21","40","58","0.353","0.414","0.761","3","3","-","5","25","50","0.50","227",2023,"hitter"
"34","J
                                                                        Teixeira","Ogden Raptors","86","350","123","74","28","32","-","11","43","45","0.351","0.405","0.537","7","5","-","9","95","81","1.17","390",2023,"hitter"
"35","A
                                                                        Guadalupe","Colorado Springs Sky Sox","85","333","117","89","23","21","4","17","42","39","0.351","0.393","0.592","3","5","2","8","93","78","1.19","366",2023,"hitter"
"36","B
                                                                        Brown","Idaho Falls Chukars","59","225","79","25","39","15","4","3","22","58","0.351","0.465","0.493","9","-","1","2","38","46","0.83","274",2023,"hitter"
"37","K
                                                                        Figueiredo","Grand Junction Jackalopes","40","151","53","46","37","17","-","9","26","27","0.351","0.492","0.642","8","3","1","2","34","40","0.85","200",2023,"hitter"
"38","R
                                                                        Washington Jr.","Grand Junction Jackalopes","90","357","125","88","54","19","2","24","45","67","0.35","0.44","0.616","6","3","-","9","72","90","0.80","420",2023,"hitter"
"39","P
                                                                        Chung","Missoula PaddleHeads","79","316","110","51","22","17","2","6","25","32","0.348","0.399","0.472","9","6","-","5","74","99","0.75","353",2023,"hitter"
"40","C
                                                                        Petersen","Rocky Mountain Vibes","54","190","66","44","41","15","4","6","25","50","0.347","0.486","0.563","13","3","-","3","30","46","0.65","247",2023,"hitter"
"41","K
                                                                        Greenwalt","Missoula PaddleHeads","88","365","126","93","35","23","4","21","48","44","0.345","0.414","0.603","13","7","-","11","81","113","0.72","420",2023,"hitter"
"42","A
                                                                        Chouinard","Grand Junction Jackalopes","46","145","50","30","16","8","-","6","14","37","0.345","0.436","0.524","9","2","1","2","28","30","0.93","173",2023,"hitter"
"43","E
                                                                        Lopez","Rocky Mountain Vibes","71","288","99","66","40","21","2","12","35","51","0.344","0.427","0.556","4","3","-","4","68","70","0.97","335",2023,"hitter"
"44","G
                                                                        Wurtz","Billings Mustangs","90","355","122","71","35","22","3","19","44","71","0.344","0.413","0.583","9","3","-","8","68","81","0.84","402",2023,"hitter"
"45","J
                                                                        Guenther","Missoula PaddleHeads","84","326","112","77","50","13","1","8","22","31","0.344","0.435","0.463","9","8","-","12","91","92","0.99","393",2023,"hitter"
"46","D
                                                                        Stroup","Rocky Mountain Vibes","94","365","125","108","68","25","6","20","51","77","0.342","0.456","0.608","12","5","-","3","64","91","0.70","450",2023,"hitter"
"47","A
                                                                        Baeza","Boise Hawks","72","258","88","72","51","15","1","14","30","54","0.341","0.442","0.57","2","8","-","9","51","66","0.77","319",2023,"hitter"
"48","J
                                                                        Williams","Great Falls Voyagers","83","304","103","85","30","16","-","12","28","54","0.339","0.407","0.51","9","6","-","21","91","54","1.69","349",2023,"hitter"
"49","C
                                                                        Monroe","Idaho Falls Chukars","27","101","34","20","14","6","-","4","10","25","0.337","0.424","0.515","2","1","-","1","22","19","1.16","118",2023,"hitter"
"50","D
                                                                        Poteet","Boise Hawks","68","250","84","52","38","24","5","9","38","62","0.336","0.421","0.58","1","3","-","4","53","44","1.20","292",2023,"hitter"
"51","E
                                                                        Diaz","Colorado Springs Sky Sox","75","286","96","48","34","23","-","2","25","64","0.336","0.409","0.437","2","1","-","5","82","39","2.10","323",2023,"hitter"
"52","C
                                                                        Denning","Billings Mustangs","79","292","98","65","49","14","3","16","33","51","0.336","0.44","0.568","8","3","1","5","55","87","0.63","353",2023,"hitter"
"53","B
                                                                        Reyes","Colorado Springs Sky Sox","3","6","2","0","1","-","-","-","0","2","0.333","0.429","0.333","-","-","-","-","1","1","1.00","7",2023,"hitter"
"53","M
                                                                        Rodriguez","Idaho Falls Chukars","2","9","3","2","-","-","-","1","1","2","0.333","0.333","0.667","-","-","-","-","2","2","1.00","9",2023,"hitter"
"55","P
                                                                        Robertson","Colorado Springs Sky Sox","92","320","106","64","70","21","8","11","40","70","0.331","0.462","0.55","11","4","3","4","67","77","0.87","408",2023,"hitter"
"56","L
                                                                        Fisher","Grand Junction Jackalopes","26","67","22","14","4","6","-","3","9","13","0.328","0.375","0.552","1","-","-","-","16","14","1.14","72",2023,"hitter"
"57","C
                                                                        Dunn Jr.","Rocky Mountain Vibes","45","168","55","37","14","17","-","6","23","46","0.327","0.374","0.536","1","4","-","2","27","39","0.69","187",2023,"hitter"
"58","A
                                                                        Ray","Grand Junction Jackalopes","66","223","73","42","22","12","1","5","18","38","0.327","0.387","0.457","1","2","2","7","41","71","0.58","250",2023,"hitter"
"59","C
                                                                        Phelts","Ogden Raptors","89","324","106","56","49","17","8","2","27","52","0.327","0.426","0.448","9","3","7","5","100","67","1.49","392",2023,"hitter"
"60","M
                                                                        Edie","Billings Mustangs","67","251","82","39","19","16","6","2","24","57","0.327","0.388","0.462","7","1","5","4","67","42","1.60","283",2023,"hitter"
"61","D
                                                                        Perez","Colorado Springs Sky Sox","65","193","63","47","43","9","-","12","21","24","0.326","0.453","0.56","5","4","-","4","44","59","0.75","245",2023,"hitter"
"62","R
                                                                        Alexiades","Ogden Raptors","94","365","119","90","73","31","4","29","64","81","0.326","0.433","0.671","-","5","-","15","83","81","1.02","443",2023,"hitter"
"63","D
                                                                        Matthews","Colorado Springs Sky Sox","82","286","93","68","53","17","1","22","40","81","0.325","0.432","0.622","4","4","-","4","56","58","0.97","347",2023,"hitter"
"64","M
                                                                        Wong","Grand Junction Jackalopes","59","216","70","40","27","15","1","5","21","36","0.324","0.402","0.472","2","1","2","3","65","36","1.81","248",2023,"hitter"
"65","A
                                                                        Herron Jr.","Rocky Mountain Vibes","64","235","76","54","26","16","1","7","24","49","0.323","0.396","0.489","4","3","-","5","53","53","1.00","268",2023,"hitter"
"66","E
                                                                        Acosta","Idaho Falls Chukars","55","220","71","33","34","12","2","1","15","24","0.323","0.425","0.409","5","-","1","14","76","44","1.73","260",2023,"hitter"
"67","T
                                                                        Lomack","Billings Mustangs","89","351","113","62","33","14","4","10","28","74","0.322","0.375","0.47","3","10","3","4","86","80","1.07","400",2023,"hitter"
"68","E
                                                                        Smith","Grand Junction Jackalopes","39","112","36","20","10","8","-","5","13","38","0.321","0.421","0.527","10","1","-","1","14","24","0.58","133",2023,"hitter"
"69","C
                                                                        Kirtley","Glacier Range Riders","59","228","73","43","35","18","1","15","34","53","0.32","0.412","0.605","2","2","-","5","39","61","0.64","267",2023,"hitter"
"70","E
                                                                        Peralta","Rocky Mountain Vibes","82","303","97","51","36","19","3","6","28","89","0.32","0.394","0.462","5","6","5","5","69","55","1.25","355",2023,"hitter"
"71","S
                                                                        Gozzo","Ogden Raptors","59","197","63","35","44","10","2","4","16","39","0.32","0.446","0.452","4","4","4","6","63","39","1.62","253",2023,"hitter"
"72","T
                                                                        DeBonville","Missoula PaddleHeads","68","233","74","47","19","12","3","11","26","70","0.318","0.367","0.536","1","3","-","6","46","41","1.12","256",2023,"hitter"
"73","D
                                                                        Williams","Grand Junction Jackalopes","31","101","32","13","9","6","-","2","8","11","0.317","0.366","0.436","-","2","-","5","36","21","1.71","112",2023,"hitter"
"74","E
                                                                        Americaan","Rocky Mountain Vibes","24","79","25","15","10","9","-","2","11","24","0.316","0.427","0.506","6","1","-","2","18","13","1.38","96",2023,"hitter"
"75","J
                                                                        Hubbard","Grand Junction Jackalopes","94","392","124","117","45","20","8","25","53","84","0.316","0.407","0.599","18","4","1","9","88","87","1.01","460",2023,"hitter"
"76","D
                                                                        Maiben","Boise Hawks","57","193","61","31","15","11","2","-","13","12","0.316","0.387","0.394","11","6","1","5","64","55","1.16","226",2023,"hitter"
"77","L
                                                                        Williams","Ogden Raptors","80","299","94","72","56","24","1","13","38","86","0.314","0.425","0.532","3","2","-","8","56","60","0.93","360",2023,"hitter"
"78","L
                                                                        Barns","Ogden Raptors","53","172","54","31","12","7","-","2","9","24","0.314","0.39","0.39","12","4","-","5","48","44","1.09","200",2023,"hitter"
"79","W
                                                                        Crenshaw","Billings Mustangs","15","51","16","17","11","4","-","4","8","14","0.314","0.429","0.627","-","1","1","2","14","8","1.75","64",2023,"hitter"
"80","M
                                                                        Dinesen","Glacier Range Riders","86","310","97","55","18","24","2","7","33","77","0.313","0.348","0.471","1","4","2","5","76","58","1.31","335",2023,"hitter"
"81","A
                                                                        Meggs","Grand Junction Jackalopes","49","192","60","32","23","10","-","1","11","23","0.313","0.38","0.38","1","5","2","2","48","64","0.75","223",2023,"hitter"
"82","R
                                                                        Narea","Ogden Raptors","86","301","94","55","35","15","-","9","24","50","0.312","0.395","0.452","9","4","10","9","89","72","1.24","359",2023,"hitter"
"83","G
                                                                        DiGiacomo","Missoula PaddleHeads","37","109","34","14","23","7","-","1","8","23","0.312","0.446","0.404","5","2","1","4","24","28","0.86","140",2023,"hitter"
"84","K
                                                                        Higgins","Colorado Springs Sky Sox","30","87","27","17","10","3","-","2","5","17","0.31","0.381","0.414","-","-","1","2","27","14","1.93","98",2023,"hitter"
"84","B
                                                                        Trammell","Rocky Mountain Vibes","11","29","9","8","5","1","-","3","4","11","0.31","0.444","0.655","2","-","-","-","6","3","2.00","36",2023,"hitter"
"86","T
                                                                        Halsema","Idaho Falls Chukars","92","345","107","61","52","25","4","6","35","71","0.31","0.4","0.458","3","5","-","7","82","85","0.96","405",2023,"hitter"
"87","M
                                                                        Clayton","Glacier Range Riders","75","271","84","52","34","18","-","13","31","44","0.31","0.406","0.52","12","3","-","9","59","81","0.73","320",2023,"hitter"
"88","B
                                                                        Huber","Glacier Range Riders","17","55","17","12","10","4","-","1","5","18","0.309","0.424","0.436","1","-","-","1","9","10","0.90","66",2023,"hitter"
"88","T
                                                                        Minder","Boise Hawks","91","330","102","61","31","17","3","8","28","52","0.309","0.377","0.452","10","8","2","6","60","112","0.54","381",2023,"hitter"
"90","D
                                                                        Conners","Ogden Raptors","91","334","103","69","44","21","1","5","27","55","0.308","0.393","0.422","9","10","5","11","73","108","0.68","402",2023,"hitter"
"91","B
                                                                        Crosby","Rocky Mountain Vibes","73","276","85","39","43","16","3","6","25","76","0.308","0.422","0.453","13","2","-","3","49","61","0.80","334",2023,"hitter"
"92","J
                                                                        Elvir","Missoula PaddleHeads","27","104","32","23","14","8","-","6","14","28","0.308","0.395","0.558","1","-","-","-","21","21","1.00","119",2023,"hitter"
"93","T
                                                                        Bouchard","Colorado Springs Sky Sox","71","270","83","53","43","18","1","10","29","82","0.307","0.402","0.493","1","2","-","3","53","50","1.06","316",2023,"hitter"
"94","B
                                                                        Fitzgerald","Glacier Range Riders","77","268","82","55","29","23","2","13","38","80","0.306","0.381","0.552","6","4","-","-","33","69","0.48","307",2023,"hitter"
"95","E
                                                                        McCabe","Rocky Mountain Vibes","66","226","69","42","20","9","-","4","13","31","0.305","0.373","0.398","6","3","-","9","74","53","1.40","255",2023,"hitter"
"96","J
                                                                        Newman-Dodd","Missoula PaddleHeads","19","69","21","23","8","2","-","7","9","11","0.304","0.385","0.638","1","-","-","2","18","15","1.20","78",2023,"hitter"
"97","M
                                                                        Herron Jr.","Rocky Mountain Vibes","83","323","98","71","21","14","3","13","30","88","0.303","0.351","0.486","4","2","2","3","77","62","1.24","352",2023,"hitter"
"98","C
                                                                        Taylor","Glacier Range Riders","71","244","74","59","46","6","3","13","22","75","0.303","0.425","0.512","7","2","-","2","52","41","1.27","299",2023,"hitter"
"99","M
                                                                        Golda","Grand Junction Jackalopes","50","165","50","27","21","7","2","2","11","30","0.303","0.392","0.406","5","3","5","3","55","35","1.57","199",2023,"hitter"
"100","M
                                                                        O'Connor","Missoula PaddleHeads","87","334","101","73","42","21","6","18","45","78","0.302","0.396","0.563","12","3","-","3","53","93","0.57","391",2023,"hitter"
"101","B
                                                                        Evans","Billings Mustangs","30","96","29","25","7","6","-","2","8","15","0.302","0.36","0.427","4","4","2","-","25","26","0.96","113",2023,"hitter"
"102","S
                                                                        Troyer","Idaho Falls Chukars","57","226","68","27","26","14","-","1","15","58","0.301","0.391","0.376","8","1","2","8","48","48","1.00","263",2023,"hitter"
"103","C
                                                                        Bocchino","Great Falls Voyagers","17","50","15","5","10","2","1","1","4","20","0.3","0.444","0.44","3","-","-","1","9","5","1.80","63",2023,"hitter"
"103","A
                                                                        Nielsen","Grand Junction Jackalopes","20","40","12","5","3","2","-","1","3","7","0.3","0.349","0.425","-","-","2","1","13","10","1.30","45",2023,"hitter"
"103","J
                                                                        Pyle","Ogden Raptors","11","10","3","0","3","-","-","-","0","2","0.3","0.462","0.3","-","-","-","-","2","2","1.00","13",2023,"hitter"
"103","R
                                                                        Yeargain","Missoula PaddleHeads","16","50","15","8","4","3","-","2","5","13","0.3","0.352","0.48","-","-","-","2","10","12","0.83","54",2023,"hitter"
"107","G
                                                                        Howell","Glacier Range Riders","94","371","111","68","65","26","2","17","45","77","0.299","0.418","0.518","14","5","-","4","85","92","0.92","455",2023,"hitter"
"108","J
                                                                        Raper","Glacier Range Riders","90","351","105","74","42","23","3","11","37","79","0.299","0.381","0.476","8","6","-","9","58","105","0.55","407",2023,"hitter"
"108","E
                                                                        Sanchez","Billings Mustangs","36","117","35","20","12","6","1","1","8","20","0.299","0.371","0.393","2","1","-","2","36","23","1.57","132",2023,"hitter"
"110","K
                                                                        Oyama","Boise Hawks","72","269","80","39","30","15","1","1","17","35","0.297","0.371","0.372","4","4","2","8","91","60","1.52","309",2023,"hitter"
"111","R
                                                                        Cash","Missoula PaddleHeads","69","264","78","31","26","8","4","3","15","32","0.295","0.361","0.39","3","3","2","4","78","71","1.10","298",2023,"hitter"
"112","R
                                                                        Paller","Idaho Falls Chukars","34","99","29","20","23","8","-","4","12","30","0.293","0.435","0.495","2","-","2","2","21","20","1.05","126",2023,"hitter"
"113","T
                                                                        Wyatt","Idaho Falls Chukars","83","267","78","64","32","17","-","14","31","49","0.292","0.368","0.513","2","3","-","5","62","74","0.84","304",2023,"hitter"
"114","S
                                                                        Barmakian","Rocky Mountain Vibes","40","137","40","35","23","6","4","4","14","26","0.292","0.389","0.482","-","2","-","1","43","27","1.59","162",2023,"hitter"
"115","N
                                                                        Marcelo","Boise Hawks","40","96","28","8","12","6","-","-","6","28","0.292","0.37","0.354","-","-","1","2","18","20","0.90","109",2023,"hitter"
"116","A
                                                                        Bernard","Missoula PaddleHeads","57","182","53","36","36","6","1","6","13","46","0.291","0.412","0.434","4","4","-","2","31","50","0.62","226",2023,"hitter"
"117","C
                                                                        Gordon","Missoula PaddleHeads","85","313","91","64","38","14","5","13","32","87","0.291","0.385","0.492","10","-","1","2","57","69","0.83","362",2023,"hitter"
"118","M
                                                                        Hogan","Rocky Mountain Vibes","45","152","44","32","27","6","3","10","19","46","0.289","0.409","0.566","5","2","1","1","22","42","0.52","187",2023,"hitter"
"119","B
                                                                        Donovan","Billings Mustangs","62","149","43","13","11","3","1","4","8","46","0.289","0.344","0.403","2","1","1","4","45","14","3.21","164",2023,"hitter"
"120","K
                                                                        Jimenez","Colorado Springs Sky Sox","65","212","61","30","24","11","2","6","19","35","0.288","0.362","0.443","2","2","3","5","53","63","0.84","243",2023,"hitter"
"121","A
                                                                        Figueredo","Billings Mustangs","33","129","37","38","17","9","-","9","18","18","0.287","0.4","0.566","8","1","-","2","21","48","0.44","155",2023,"hitter"
"122","S
                                                                        Cullen","Idaho Falls Chukars","48","182","52","36","20","9","1","6","16","49","0.286","0.366","0.445","3","-","1","3","36","43","0.84","206",2023,"hitter"
"122","N
                                                                        Michaels","Colorado Springs Sky Sox","44","140","40","28","18","6","1","3","10","40","0.286","0.366","0.407","2","4","1","2","32","28","1.14","165",2023,"hitter"
"124","C
                                                                        Thompson","Missoula PaddleHeads","87","316","90","59","45","21","4","10","35","62","0.285","0.375","0.472","4","6","-","5","72","90","0.80","371",2023,"hitter"
"125","C
                                                                        Horner","Ogden Raptors","56","184","52","26","16","15","1","1","17","27","0.283","0.351","0.391","5","3","1","7","51","58","0.88","209",2023,"hitter"
"1","D
                                                                        Landis","Colorado Springs Sky Sox","46","1","1","0","-","1","-","-","1","-","1","1","2","-","-","-","-","-","-","-","1",2024,"hitter"
"1","T
                                                                        Weldon","Colorado Springs Sky Sox","3","1","1","0","-","-","-","-","0","-","1","1","1","-","-","-","-","-","-","-","1",2024,"hitter"
"3","R
                                                                        Gonzalez","Idaho Falls Chukars","31","132","61","35","13","11","1","2","14","11","0.462","0.497","0.606","1","5","-","3","35","29","1.21","151",2024,"hitter"
"4","T
                                                                        Clark-Chiapparelli","Ogden Raptors","1","5","2","0","1","-","-","-","0","1","0.4","0.5","0.4","-","-","-","-","1","1","1.00","6",2024,"hitter"
"4","R
                                                                        McCarthy","Glacier Range Riders","29","125","50","18","16","8","2","8","18","24","0.4","0.472","0.688","2","1","-","1","29","23","1.26","144",2024,"hitter"
"4","L
                                                                        Navigato","Idaho Falls Chukars","1","5","2","0","1","-","-","-","0","1","0.4","0.5","0.4","-","-","-","-","1","1","1.00","6",2024,"hitter"
"7","C
                                                                        Mize","Rocky Mountain Vibes","18","63","25","14","7","6","-","3","9","13","0.397","0.465","0.635","1","-","1","-","7","18","0.39","72",2024,"hitter"
"8","A
                                                                        Fogel","Missoula PaddleHeads","89","348","135","115","61","27","1","35","63","88","0.388","0.495","0.773","16","3","-","6","49","68","0.72","428",2024,"hitter"
"9","M
                                                                        Rosario","Missoula PaddleHeads","81","344","133","72","47","18","3","10","31","62","0.387","0.469","0.544","8","2","1","8","85","56","1.52","402",2024,"hitter"
"10","B
                                                                        O'Saben","Glacier Range Riders","4","13","5","4","1","1","-","-","1","1","0.385","0.467","0.462","1","-","-","-","3","3","1.00","15",2024,"hitter"
"10","B
                                                                        Trammell","Colorado Springs Sky Sox","5","13","5","3","5","2","-","-","2","5","0.385","0.556","0.538","-","-","-","-","2","1","2.00","18",2024,"hitter"
"12","B
                                                                        Marine","Yuba-Sutter Freebirds","84","337","129","68","38","21","1","9","31","65","0.383","0.445","0.531","2","3","1","12","74","64","1.16","381",2024,"hitter"
"13","L
                                                                        Navarro","Missoula PaddleHeads","24","93","35","25","12","6","-","4","10","13","0.376","0.448","0.57","-","-","-","4","30","11","2.73","105",2024,"hitter"
"14","L
                                                                        Williams","Ogden Raptors","2","8","3","3","-","-","-","-","0","2","0.375","0.333","0.375","-","1","-","-","3","1","3.00","9",2024,"hitter"
"15","P
                                                                        Chung","Missoula PaddleHeads","87","358","134","63","62","32","5","11","48","46","0.374","0.477","0.584","10","2","2","2","84","85","0.99","434",2024,"hitter"
"16","X
                                                                        Washington","Great Falls Voyagers","94","374","139","86","53","30","5","13","48","87","0.372","0.453","0.583","6","4","1","6","75","70","1.07","438",2024,"hitter"
"17","M
                                                                        Dinesen","Glacier Range Riders","35","140","52","33","20","11","-","8","19","38","0.371","0.46","0.621","3","-","2","1","23","25","0.92","165",2024,"hitter"
"18","J
                                                                        Gonzalez","Yuba-Sutter Freebirds","88","322","119","84","57","22","4","19","45","75","0.37","0.473","0.64","9","3","1","9","79","51","1.55","392",2024,"hitter"
"19","A
                                                                        Guadalupe","Colorado Springs Sky Sox","21","65","24","26","12","5","-","3","8","11","0.369","0.474","0.585","1","-","-","1","18","11","1.64","78",2024,"hitter"
"20","K
                                                                        Dugan","Grand Junction Jackalopes","63","225","83","68","37","11","-","22","33","48","0.369","0.469","0.711","10","5","-","4","45","48","0.94","277",2024,"hitter"
"21","J
                                                                        Coutts","Colorado Springs Sky Sox","90","356","130","110","40","25","2","20","47","68","0.365","0.437","0.615","10","6","-","8","84","73","1.15","412",2024,"hitter"
"22","E
                                                                        Yake","Rocky Mountain Vibes","89","348","127","61","42","21","3","3","27","48","0.365","0.445","0.468","10","2","3","8","83","82","1.01","405",2024,"hitter"
"23","D
                                                                        Brutcher","Ogden Raptors","35","124","45","25","26","12","-","6","18","26","0.363","0.48","0.605","2","-","-","2","29","22","1.32","152",2024,"hitter"
"24","C
                                                                        Bagnieski","Ogden Raptors","73","276","100","62","36","16","2","6","24","35","0.362","0.432","0.5","1","4","5","4","69","78","0.88","322",2024,"hitter"
"25","P
                                                                        Howard","Ogden Raptors","95","389","140","62","22","25","3","4","32","60","0.36","0.405","0.47","10","4","1","8","99","83","1.19","426",2024,"hitter"
"26","K
                                                                        Willman","Missoula PaddleHeads","53","192","69","55","23","12","1","10","23","38","0.359","0.423","0.589","1","4","-","5","41","42","0.98","220",2024,"hitter"
"27","T
                                                                        Hardy","Idaho Falls Chukars","21","84","30","18","12","5","2","1","8","16","0.357","0.45","0.5","3","1","1","2","23","16","1.44","101",2024,"hitter"
"28","B
                                                                        Barrera","Oakland Ballers","89","348","124","91","53","22","-","23","45","63","0.356","0.44","0.618","2","4","-","12","80","78","1.03","407",2024,"hitter"
"29","D
                                                                        Matthews","Colorado Springs Sky Sox","88","316","112","81","76","19","1","19","39","79","0.354","0.488","0.601","10","4","-","5","67","59","1.14","406",2024,"hitter"
"30","G
                                                                        Miller","Rocky Mountain Vibes","18","65","23","17","3","4","-","3","7","16","0.354","0.4","0.554","2","-","1","1","18","9","2.00","71",2024,"hitter"
"31","A
                                                                        Rios","Grand Junction Jackalopes","87","341","120","82","49","23","2","16","41","61","0.352","0.438","0.572","5","2","2","8","78","75","1.04","399",2024,"hitter"
"32","C
                                                                        Castillo","Glacier Range Riders","81","324","114","89","35","36","-","11","47","66","0.352","0.422","0.565","9","6","2","3","74","75","0.99","376",2024,"hitter"
"33","M
                                                                        Backstrom","Great Falls Voyagers","45","177","62","41","20","15","6","12","33","65","0.35","0.426","0.706","4","1","-","3","33","16","2.06","202",2024,"hitter"
"34","T
                                                                        Best","Oakland Ballers","6","20","7","3","3","3","-","-","3","4","0.35","0.435","0.5","-","-","-","1","2","7","0.29","23",2024,"hitter"
"35","J
                                                                        Day","Rocky Mountain Vibes","90","363","127","82","49","22","5","18","45","71","0.35","0.436","0.587","9","3","1","7","92","65","1.42","425",2024,"hitter"
"36","G
                                                                        Morgan","Idaho Falls Chukars","30","126","44","15","12","9","1","2","12","19","0.349","0.414","0.484","2","-","-","3","26","37","0.70","140",2024,"hitter"
"37","N
                                                                        Ultsch","Boise Hawks","90","361","126","86","36","21","7","10","38","66","0.349","0.418","0.529","11","6","-","6","112","56","2.00","414",2024,"hitter"
"38","C
                                                                        Monroe","Idaho Falls Chukars","20","66","23","13","18","5","1","4","10","17","0.348","0.5","0.636","2","-","-","2","15","10","1.50","86",2024,"hitter"
"39","G
                                                                        DiGiacomo","Missoula PaddleHeads","9","23","8","5","4","-","-","1","1","5","0.348","0.444","0.478","-","-","-","-","4","4","1.00","27",2024,"hitter"
"40","K
                                                                        Liniak","Glacier Range Riders","26","98","34","29","10","13","-","8","21","21","0.347","0.426","0.724","5","2","-","1","17","28","0.61","115",2024,"hitter"
"41","D
                                                                        Gomez","Colorado Springs Sky Sox","88","316","109","98","46","18","1","30","49","88","0.345","0.449","0.693","15","2","2","2","55","58","0.95","381",2024,"hitter"
"42","J
                                                                        Cone","Ogden Raptors","92","352","121","58","42","26","2","12","40","54","0.344","0.427","0.531","15","8","5","1","64","119","0.54","422",2024,"hitter"
"43","T
                                                                        Viola","Boise Hawks","94","385","132","94","38","30","-","28","58","83","0.343","0.427","0.639","20","2","-","15","66","95","0.69","445",2024,"hitter"
"44","C
                                                                        Green","Great Falls Voyagers","35","117","40","16","11","5","3","-","8","31","0.342","0.398","0.436","2","3","1","3","20","27","0.74","134",2024,"hitter"
"45","S
                                                                        Rivas","Rocky Mountain Vibes","93","404","138","124","30","31","5","31","67","95","0.342","0.391","0.673","5","4","-","5","83","83","1.00","443",2024,"hitter"
"46","A
                                                                        Fritz","Great Falls Voyagers","17","41","14","8","4","2","-","1","3","9","0.341","0.391","0.463","-","1","-","-","8","8","1.00","46",2024,"hitter"
"47","J
                                                                        Nicol","Great Falls Voyagers","13","44","15","13","5","8","-","4","12","11","0.341","0.392","0.795","-","2","-","-","9","9","1.00","51",2024,"hitter"
"48","C
                                                                        Runge","Missoula PaddleHeads","64","241","82","57","33","16","1","11","28","39","0.34","0.42","0.552","5","7","-","10","54","66","0.82","286",2024,"hitter"
"49","R
                                                                        Orsak","Glacier Range Riders","19","53","18","7","6","5","-","-","5","8","0.34","0.407","0.434","-","-","-","-","11","15","0.73","59",2024,"hitter"
"50","M
                                                                        Yonamine","Boise Hawks","96","411","139","96","40","21","2","24","47","95","0.338","0.405","0.574","10","6","-","11","81","91","0.89","467",2024,"hitter"
"51","E
                                                                        Niemann","Yuba-Sutter Freebirds","26","77","26","13","2","3","-","2","5","8","0.338","0.395","0.455","6","1","-","2","25","17","1.47","86",2024,"hitter"
"52","B
                                                                        Rosengard","Idaho Falls Chukars","31","104","35","8","13","6","1","-","7","32","0.337","0.43","0.413","4","-","2","2","25","12","2.08","123",2024,"hitter"
"53","E
                                                                        Diaz","Colorado Springs Sky Sox","79","262","88","58","37","14","1","6","21","53","0.336","0.423","0.466","6","5","1","7","90","29","3.10","311",2024,"hitter"
"54","T
                                                                        Lomack","Yuba-Sutter Freebirds","80","281","94","31","54","9","3","2","14","57","0.335","0.445","0.409","2","-","-","4","76","47","1.62","337",2024,"hitter"
"55","N
                                                                        Adgar","Ogden Raptors","3","3","1","0","-","-","-","-","0","-","0.333","0.333","0.333","-","-","-","-","-","2","-","3",2024,"hitter"
"55","K
                                                                        Byrne","Rocky Mountain Vibes","22","84","28","26","11","4","-","4","8","15","0.333","0.423","0.524","2","-","-","-","22","17","1.29","97",2024,"hitter"
"55","T
                                                                        Davis","Oakland Ballers","7","3","1","0","1","-","-","-","0","1","0.333","0.5","0.333","-","-","-","-","-","1","-","4",2024,"hitter"
"55","W
                                                                        Fuenning","Ogden Raptors","8","15","5","2","2","1","-","1","2","7","0.333","0.412","0.6","-","-","-","-","1","1","1.00","17",2024,"hitter"
"55","J
                                                                        Gates","Oakland Ballers","24","69","23","11","6","5","-","3","8","14","0.333","0.41","0.536","3","-","1","2","24","8","3.00","79",2024,"hitter"
"55","B
                                                                        Harding","Grand Junction Jackalopes","25","81","27","10","14","3","-","-","3","12","0.333","0.444","0.37","3","1","-","1","25","13","1.92","99",2024,"hitter"
"55","A
                                                                        Shumaker","Grand Junction Jackalopes","29","78","26","11","11","2","-","1","3","17","0.333","0.411","0.397","-","1","3","1","22","16","1.38","93",2024,"hitter"
"55","S
                                                                        Thompson","Rocky Mountain Vibes","6","18","6","5","3","1","-","-","1","6","0.333","0.429","0.389","-","-","-","-","5","-","-","21",2024,"hitter"
"63","R
                                                                        Major","Great Falls Voyagers","92","340","113","44","33","21","9","7","37","62","0.332","0.393","0.509","4","5","1","6","86","75","1.15","383",2024,"hitter"
"64","K
                                                                        Kaler","Boise Hawks","43","172","57","24","34","8","3","3","14","25","0.331","0.445","0.465","2","1","1","4","42","41","1.02","210",2024,"hitter"
"65","B
                                                                        Ryan","Billings Mustangs","87","332","110","64","55","20","6","11","37","58","0.331","0.454","0.527","21","2","1","5","84","69","1.22","411",2024,"hitter"
"66","T
                                                                        Halsema","Rocky Mountain Vibes","86","339","112","70","38","19","4","10","33","62","0.33","0.398","0.499","3","4","-","7","90","71","1.27","384",2024,"hitter"
"67","A
                                                                        Sanchez","Missoula PaddleHeads","76","306","101","92","42","22","2","20","44","77","0.33","0.412","0.611","2","2","1","4","68","53","1.28","353",2024,"hitter"
"68","T
                                                                        Wyatt","Idaho Falls Chukars","93","373","123","78","49","27","2","17","46","74","0.33","0.417","0.55","7","-","2","6","76","94","0.81","431",2024,"hitter"
"69","C
                                                                        Perez","Missoula PaddleHeads","25","88","29","17","7","6","-","4","10","25","0.33","0.406","0.534","5","1","-","1","17","13","1.31","101",2024,"hitter"
"70","D
                                                                        Stuart","Oakland Ballers","38","140","46","22","17","4","1","7","12","21","0.329","0.417","0.521","5","1","-","4","37","33","1.12","163",2024,"hitter"
"71","A
                                                                        Davis","Rocky Mountain Vibes","88","366","120","56","54","27","3","10","40","77","0.328","0.418","0.5","4","2","3","2","83","84","0.99","429",2024,"hitter"
"72","B
                                                                        Lada","Yuba-Sutter Freebirds","87","342","112","83","22","25","4","17","46","80","0.327","0.386","0.573","15","7","2","9","71","81","0.88","388",2024,"hitter"
"73","D
                                                                        Rivera","Grand Junction Jackalopes","54","220","72","32","15","15","2","7","24","40","0.327","0.388","0.509","7","-","3","5","52","55","0.95","245",2024,"hitter"
"74","H
                                                                        Yanez","Great Falls Voyagers","38","147","48","28","17","12","-","3","15","31","0.327","0.399","0.469","2","2","2","6","43","27","1.59","170",2024,"hitter"
"75","R
                                                                        Pena","Missoula PaddleHeads","91","389","127","101","46","27","1","24","52","126","0.326","0.41","0.586","11","3","1","12","73","54","1.35","450",2024,"hitter"
"76","B
                                                                        Blackford","Yuba-Sutter Freebirds","83","285","93","65","44","26","1","13","40","78","0.326","0.414","0.561","3","6","5","6","64","51","1.25","343",2024,"hitter"
"77","K
                                                                        Jimenez","Colorado Springs Sky Sox","90","338","110","65","40","24","-","6","30","68","0.325","0.397","0.45","4","6","4","8","87","80","1.09","392",2024,"hitter"
"78","O
                                                                        Serratos Jr.","Great Falls Voyagers","59","209","68","35","20","11","4","4","19","53","0.325","0.394","0.474","7","5","2","5","39","50","0.78","243",2024,"hitter"
"79","J
                                                                        Daly","Glacier Range Riders","22","71","23","15","12","5","2","2","9","22","0.324","0.424","0.535","1","1","-","-","14","12","1.17","85",2024,"hitter"
"80","G
                                                                        Howell","Glacier Range Riders","66","273","88","47","27","16","3","9","28","64","0.322","0.38","0.502","1","4","2","6","61","57","1.07","307",2024,"hitter"
"81","C
                                                                        Jordan","Ogden Raptors","68","258","83","51","31","9","3","8","20","43","0.322","0.417","0.473","14","4","7","3","66","70","0.94","314",2024,"hitter"
"82","H
                                                                        Hall","Great Falls Voyagers","73","243","78","47","19","16","2","8","26","58","0.321","0.387","0.502","8","1","-","3","47","59","0.80","271",2024,"hitter"
"83","M
                                                                        Jefferson","Oakland Ballers","39","147","47","27","17","6","1","3","10","26","0.32","0.405","0.435","4","-","-","5","44","28","1.57","168",2024,"hitter"
"84","R
                                                                        Holgate","Great Falls Voyagers","19","72","23","15","11","2","-","4","6","21","0.319","0.424","0.514","2","-","-","3","14","13","1.08","85",2024,"hitter"
"85","P
                                                                        Harden","Oakland Ballers","82","310","99","31","47","10","4","4","18","80","0.319","0.409","0.416","2","3","3","3","81","49","1.65","365",2024,"hitter"
"86","C
                                                                        Denning","Billings Mustangs","55","204","65","49","35","10","-","9","19","49","0.319","0.43","0.5","7","3","-","2","39","53","0.74","249",2024,"hitter"
"87","H
                                                                        George","Colorado Springs Sky Sox","89","333","106","66","69","34","4","12","50","57","0.318","0.434","0.553","3","5","-","6","81","87","0.93","410",2024,"hitter"
"88","J
                                                                        Lee","Missoula PaddleHeads","20","44","14","15","3","3","-","2","5","11","0.318","0.38","0.523","2","1","-","2","10","8","1.25","50",2024,"hitter"
"89","B
                                                                        Carson","Oakland Ballers","87","350","111","65","59","24","3","13","40","98","0.317","0.417","0.514","2","1","1","3","79","56","1.41","413",2024,"hitter"
"90","N
                                                                        Martinez","Oakland Ballers","88","325","103","71","72","20","-","21","41","90","0.317","0.445","0.572","3","-","-","5","74","48","1.54","400",2024,"hitter"
"91","K
                                                                        Johnson","Idaho Falls Chukars","30","95","30","15","13","8","1","-","9","19","0.316","0.449","0.421","10","-","-","1","26","16","1.63","118",2024,"hitter"
"92","C
                                                                        Sargent","Ogden Raptors","91","358","113","95","34","20","2","19","41","75","0.316","0.372","0.542","2","7","-","10","72","90","0.80","401",2024,"hitter"
"93","C
                                                                        Gordon","Missoula PaddleHeads","71","260","82","60","54","15","1","11","27","74","0.315","0.446","0.508","8","1","-","4","43","56","0.77","323",2024,"hitter"
"94","D
                                                                        Hubbard","Oakland Ballers","87","346","109","71","36","27","-","16","43","47","0.315","0.39","0.532","9","4","1","9","91","92","0.99","396",2024,"hitter"
"95","R
                                                                        Mccarthy","Idaho Falls Chukars","55","181","57","29","40","11","-","4","15","41","0.315","0.459","0.442","10","2","4","2","50","39","1.28","237",2024,"hitter"
"96","D
                                                                        Tofteland","Rocky Mountain Vibes","91","316","99","77","63","26","1","17","44","87","0.313","0.448","0.563","15","1","4","9","76","51","1.49","399",2024,"hitter"
"97","D
                                                                        Glancy","Yuba-Sutter Freebirds","34","99","31","20","17","5","1","4","10","17","0.313","0.415","0.505","3","4","-","1","20","33","0.61","123",2024,"hitter"
"98","F
                                                                        Rojas Jr.","Great Falls Voyagers","89","294","92","60","58","14","2","12","28","76","0.313","0.437","0.497","9","3","-","6","76","44","1.73","364",2024,"hitter"
"99","C
                                                                        Halvorson","Grand Junction Jackalopes","67","237","74","50","28","16","3","12","31","36","0.312","0.391","0.557","5","4","-","4","60","64","0.94","274",2024,"hitter"
"100","T
                                                                        Clark","Oakland Ballers","38","138","43","23","11","8","-","4","12","26","0.312","0.406","0.457","11","-","-","3","32","33","0.97","160",2024,"hitter"
"101","T
                                                                        Rogers","Idaho Falls Chukars","88","322","100","79","65","23","-","14","37","77","0.311","0.438","0.512","13","6","-","7","78","62","1.26","406",2024,"hitter"
"102","S
                                                                        Wilmer","Oakland Ballers","83","290","90","57","49","24","-","9","33","85","0.31","0.42","0.486","8","3","7","2","57","60","0.95","357",2024,"hitter"
"103","L
                                                                        Barns","Ogden Raptors","84","315","97","50","21","14","2","2","18","51","0.308","0.375","0.384","14","2","8","11","98","71","1.38","360",2024,"hitter"
"104","A
                                                                        Figueredo","Yuba-Sutter Freebirds","69","234","72","53","43","16","-","7","23","46","0.308","0.406","0.466","1","8","-","6","53","67","0.79","286",2024,"hitter"
"105","A
                                                                        Mata","Idaho Falls Chukars","35","137","42","20","16","4","2","3","9","32","0.307","0.377","0.431","-","1","2","2","42","23","1.83","156",2024,"hitter"
"106","C
                                                                        Chatham","Great Falls Voyagers","20","49","15","2","11","-","-","-","0","19","0.306","0.426","0.306","-","1","-","-","9","7","1.29","61",2024,"hitter"
"107","D
                                                                        Crenshaw","Billings Mustangs","9","36","11","6","7","2","-","1","3","6","0.306","0.419","0.444","-","-","-","-","9","6","1.50","43",2024,"hitter"
"108","P
                                                                        Mills","Billings Mustangs","46","167","51","54","45","12","2","12","26","49","0.305","0.452","0.617","2","3","-","5","25","43","0.58","217",2024,"hitter"
"109","D
                                                                        Poteet","Boise Hawks","40","141","43","27","17","8","1","1","10","34","0.305","0.379","0.397","1","2","-","-","35","28","1.25","161",2024,"hitter"
"110","S
                                                                        Kuchinski","Grand Junction Jackalopes","52","187","57","57","32","9","-","15","24","54","0.305","0.417","0.594","4","-","1","5","41","31","1.32","224",2024,"hitter"
"111","M
                                                                        Sykes","Rocky Mountain Vibes","45","158","48","29","11","8","1","3","12","38","0.304","0.374","0.424","8","2","2","1","35","29","1.21","181",2024,"hitter"
"112","K
                                                                        Jenkins","Idaho Falls Chukars","18","56","17","10","11","3","-","-","3","12","0.304","0.418","0.357","-","-","-","4","20","6","3.33","67",2024,"hitter"
"113","G
                                                                        Lora","Billings Mustangs","42","142","43","31","23","12","-","3","15","27","0.303","0.425","0.451","8","1","2","7","37","32","1.16","176",2024,"hitter"
"114","R
                                                                        Gil","Ogden Raptors","67","215","65","53","27","15","-","18","33","83","0.302","0.395","0.623","8","3","-","3","36","33","1.09","253",2024,"hitter"
"114","D
                                                                        Leach","Billings Mustangs","39","129","39","19","31","5","2","8","15","49","0.302","0.448","0.558","3","-","-","1","13","25","0.52","163",2024,"hitter"
"116","J
                                                                        Kirby","Yuba-Sutter Freebirds","31","96","29","26","15","2","3","6","11","27","0.302","0.385","0.573","1","5","-","2","19","24","0.79","117",2024,"hitter"
"117","E
                                                                        Blum","Billings Mustangs","42","123","37","23","14","7","-","7","14","39","0.301","0.39","0.528","4","-","1","4","28","17","1.65","142",2024,"hitter"
"118","E
                                                                        Bates","Yuba-Sutter Freebirds","15","10","3","3","-","-","-","-","0","1","0.3","0.273","0.3","-","1","-","1","2","5","0.40","11",2024,"hitter"
"119","E
                                                                        Good","Ogden Raptors","45","151","45","25","19","9","2","5","16","38","0.298","0.385","0.483","3","1","3","4","37","33","1.12","177",2024,"hitter"
"120","B
                                                                        Skinner","Yuba-Sutter Freebirds","90","363","108","49","44","18","2","8","28","74","0.298","0.379","0.424","5","2","2","6","120","56","2.14","416",2024,"hitter"
"121","B
                                                                        Fitzgerald","Glacier Range Riders","77","254","75","59","38","23","1","17","41","69","0.295","0.42","0.594","18","2","3","1","52","58","0.90","315",2024,"hitter"
"122","J
                                                                        Rooks","Billings Mustangs","34","95","28","24","27","7","1","3","11","35","0.295","0.473","0.484","7","2","-","4","19","12","1.58","131",2024,"hitter"
"123","C
                                                                        Corliss","Idaho Falls Chukars","21","51","15","9","8","3","-","-","3","13","0.294","0.4","0.353","1","-","1","2","14","8","1.75","61",2024,"hitter"
"123","N
                                                                        Klemp","Boise Hawks","69","255","75","41","32","18","1","5","24","38","0.294","0.381","0.431","5","2","-","8","66","68","0.97","294",2024,"hitter"
"125","J
                                                                        Shanks","Idaho Falls Chukars","45","160","47","33","17","12","1","4","17","43","0.294","0.413","0.456","17","2","-","2","39","30","1.30","196",2024,"hitter"
"1","J
                                                                        Ochoa","Colorado Springs Sky Sox","28","1","1","3","-","-","-","1","1","-","1","1","4","-","-","-","-","-","-","-","1",2025,"hitter"
"2","J
                                                                        Smith","Colorado Springs Sky Sox","2","4","2","1","3","-","-","-","0","1","0.5","0.714","0.5","-","-","-","1","1","-","-","7",2025,"hitter"
"3","B
                                                                        Rosengard","Idaho Falls Chukars","66","229","106","57","49","16","6","10","32","43","0.463","0.558","0.716","3","2","1","5","41","39","1.05","284",2025,"hitter"
"4","T
                                                                        Darden","Boise Hawks","95","371","159","125","68","25","8","18","51","58","0.429","0.524","0.685","10","3","-","8","77","70","1.10","452",2025,"hitter"
"5","S
                                                                        Linscott","Rocky Mountain Vibes","90","382","151","87","31","23","4","14","41","36","0.395","0.447","0.586","7","3","-","5","82","103","0.80","423",2025,"hitter"
"6","A
                                                                        Fogel","Missoula PaddleHeads","79","320","124","108","38","21","2","34","57","63","0.388","0.463","0.784","12","6","-","8","65","68","0.96","376",2025,"hitter"
"7","D
                                                                        Leach","Billings Mustangs","12","44","17","13","11","7","-","3","10","8","0.386","0.517","0.75","2","1","-","-","4","14","0.29","58",2025,"hitter"
"8","S
                                                                        Rich","Idaho Falls Chukars","51","192","74","58","22","8","-","13","21","47","0.385","0.455","0.63","4","2","1","4","29","42","0.69","221",2025,"hitter"
"9","M
                                                                        Titialii","Colorado Springs Sky Sox","4","13","5","1","2","-","-","-","0","5","0.385","0.467","0.385","-","-","-","-","2","1","2.00","15",2025,"hitter"
"10","C
                                                                        Sargent Jr.","Ogden Raptors","80","352","135","130","36","21","-","35","56","57","0.384","0.443","0.741","5","4","1","12","62","94","0.66","398",2025,"hitter"
"11","C
                                                                        Halvorson","Grand Junction Jackalopes","44","167","64","41","16","11","1","5","17","15","0.383","0.46","0.551","12","5","-","7","44","50","0.88","200",2025,"hitter"
"12","M
                                                                        Rosario","Missoula PaddleHeads","87","374","143","75","29","28","4","13","45","41","0.382","0.431","0.583","7","5","-","7","92","90","1.02","415",2025,"hitter"
"13","D
                                                                        Stone","Ogden Raptors","79","314","120","52","48","24","2","5","31","42","0.382","0.478","0.519","13","4","3","2","76","74","1.03","382",2025,"hitter"
"14","S
                                                                        Coffman","Grand Junction Jackalopes","77","333","127","90","33","23","2","12","37","37","0.381","0.436","0.571","3","5","4","12","96","71","1.35","378",2025,"hitter"
"15","B
                                                                        Roberts","Colorado Springs Sky Sox","67","287","109","65","27","22","2","20","44","41","0.38","0.429","0.679","-","3","-","5","69","65","1.06","317",2025,"hitter"
"16","T
                                                                        Rogers","Idaho Falls Chukars","92","383","145","104","61","37","2","28","67","68","0.379","0.478","0.705","14","2","-","16","87","76","1.14","460",2025,"hitter"
"17","J
                                                                        Feliciano","Rocky Mountain Vibes","13","37","14","9","12","1","-","-","1","6","0.378","0.549","0.405","2","-","1","-","12","4","3.00","52",2025,"hitter"
"18","S
                                                                        Greico","Ogden Raptors","11","45","17","13","4","2","-","4","6","5","0.378","0.44","0.689","1","-","-","-","11","11","1.00","50",2025,"hitter"
"19","K
                                                                        Clark","Rocky Mountain Vibes","58","239","90","70","45","24","-","12","36","63","0.377","0.471","0.628","1","4","-","4","37","47","0.79","289",2025,"hitter"
"20","T
                                                                        Garcia","Rocky Mountain Vibes","77","287","108","70","31","16","3","4","23","32","0.376","0.444","0.495","9","6","2","10","98","50","1.96","335",2025,"hitter"
"21","G
                                                                        Ostrander","Idaho Falls Chukars","81","315","117","51","57","22","2","9","33","25","0.371","0.478","0.54","9","2","1","6","86","79","1.09","384",2025,"hitter"
"21","C
                                                                        Pregent","Rocky Mountain Vibes","10","35","13","9","5","1","-","2","3","5","0.371","0.452","0.571","1","1","-","3","9","8","1.13","42",2025,"hitter"
"23","J
                                                                        Pappas","Idaho Falls Chukars","60","224","83","65","42","8","-","13","21","33","0.371","0.484","0.58","12","5","-","4","45","64","0.70","283",2025,"hitter"
"24","A
                                                                        Chouinard","Rocky Mountain Vibes","57","189","70","46","21","18","-","4","22","33","0.37","0.441","0.529","6","4","-","4","44","43","1.02","220",2025,"hitter"
"25","D
                                                                        Leonard","Great Falls Voyagers","5","19","7","0","-","1","-","-","1","2","0.368","0.4","0.421","1","-","-","-","5","4","1.25","20",2025,"hitter"
"26","B
                                                                        Watkins","Great Falls Voyagers","26","99","36","18","15","7","-","4","11","26","0.364","0.458","0.556","4","2","1","2","17","22","0.77","121",2025,"hitter"
"27","S
                                                                        Baumgardt","Idaho Falls Chukars","74","285","103","77","39","24","1","19","44","54","0.361","0.444","0.653","9","7","1","17","60","69","0.87","341",2025,"hitter"
"28","M
                                                                        Jung-Goldberg","Boise Hawks","94","360","130","130","65","28","4","26","58","61","0.361","0.476","0.678","17","3","2","8","75","93","0.81","447",2025,"hitter"
"29","B
                                                                        Pelle","Ogden Raptors","21","50","18","11","4","3","-","2","5","11","0.36","0.418","0.54","1","-","-","3","15","5","3.00","55",2025,"hitter"
"30","R
                                                                        Pena","Missoula PaddleHeads","95","388","139","129","58","27","1","46","74","88","0.358","0.452","0.789","11","3","-","15","69","85","0.81","460",2025,"hitter"
"31","E
                                                                        Scavotto","Grand Junction Jackalopes","95","369","132","104","86","21","2","22","45","109","0.358","0.48","0.604","5","5","-","7","68","59","1.15","465",2025,"hitter"
"32","E
                                                                        Berkey","Yuba-Sutter Freebirds","81","273","97","80","48","17","1","21","39","68","0.355","0.48","0.656","23","6","4","8","50","59","0.85","354",2025,"hitter"
"33","C
                                                                        Bagnieski","Ogden Raptors","84","339","120","110","68","18","-","23","41","52","0.354","0.463","0.611","8","8","1","12","78","94","0.83","424",2025,"hitter"
"34","C
                                                                        Lane","Ogden Raptors","95","395","139","88","35","29","1","8","38","61","0.352","0.413","0.491","10","5","2","4","101","88","1.15","447",2025,"hitter"
"35","K
                                                                        Oyama","Ogden Raptors","90","350","123","59","47","16","2","-","18","33","0.351","0.438","0.409","15","10","9","6","128","79","1.62","431",2025,"hitter"
"36","N
                                                                        Marcelo","Boise Hawks","96","424","149","75","45","31","9","12","52","60","0.351","0.421","0.552","9","4","4","9","111","92","1.21","486",2025,"hitter"
"37","J
                                                                        McLaughlin","Glacier Range Riders","13","60","21","9","4","1","1","2","4","15","0.35","0.412","0.5","3","1","-","-","13","11","1.18","68",2025,"hitter"
"38","R
                                                                        Orsak","Yuba-Sutter Freebirds","88","372","130","84","44","22","-","19","41","52","0.349","0.424","0.562","6","3","1","9","90","86","1.05","426",2025,"hitter"
"39","C
                                                                        Bufford","Oakland Ballers","88","347","121","76","30","19","2","21","42","89","0.349","0.403","0.597","5","5","-","10","60","67","0.90","387",2025,"hitter"
"40","L
                                                                        Moreno","Great Falls Voyagers","19","49","17","10","8","2","-","1","3","12","0.347","0.508","0.449","8","-","-","2","10","9","1.11","65",2025,"hitter"
"41","A
                                                                        Mata","Idaho Falls Chukars","71","280","97","57","21","20","4","5","29","46","0.346","0.393","0.5","3","4","1","9","92","44","2.09","309",2025,"hitter"
"42","C
                                                                        Jordan","Ogden Raptors","91","373","129","82","45","23","3","12","38","42","0.346","0.425","0.52","11","6","2","14","69","132","0.52","437",2025,"hitter"
"43","D
                                                                        Tofteland","Rocky Mountain Vibes","91","354","122","103","50","26","3","15","44","76","0.345","0.45","0.562","21","4","-","13","76","79","0.96","429",2025,"hitter"
"44","P
                                                                        Myro IV","Boise Hawks","84","325","112","72","51","23","5","2","30","75","0.345","0.449","0.465","17","8","1","3","65","80","0.81","402",2025,"hitter"
"45","C
                                                                        Castaneda","Grand Junction Jackalopes","74","279","96","54","36","18","-","11","29","68","0.344","0.422","0.527","5","5","1","3","42","74","0.57","326",2025,"hitter"
"46","I
                                                                        Nunez","Grand Junction Jackalopes","90","326","112","70","63","14","-","17","31","69","0.344","0.463","0.543","13","4","9","4","72","76","0.95","415",2025,"hitter"
"47","C
                                                                        Bowen","Billings Mustangs","93","393","135","63","17","24","3","10","37","68","0.344","0.378","0.496","7","4","2","12","89","88","1.01","423",2025,"hitter"
"48","T
                                                                        Dooley","Rocky Mountain Vibes","43","164","56","19","31","13","-","-","13","34","0.341","0.455","0.421","5","2","2","2","52","21","2.48","204",2025,"hitter"
"49","C
                                                                        Horner","Boise Hawks","15","44","15","9","11","4","-","1","5","5","0.341","0.492","0.5","3","1","1","1","11","12","0.92","60",2025,"hitter"
"50","Z
                                                                        Roos","Grand Junction Jackalopes","89","355","121","75","65","32","4","14","50","64","0.341","0.466","0.572","22","4","-","7","61","96","0.64","446",2025,"hitter"
"51","T
                                                                        Fontenot","Ogden Raptors","93","370","126","68","32","36","1","7","44","80","0.341","0.407","0.5","12","4","8","9","85","85","1.00","426",2025,"hitter"
"52","N
                                                                        Klemp","Missoula PaddleHeads","53","212","72","47","32","14","4","14","32","39","0.34","0.433","0.642","3","-","-","5","54","42","1.29","247",2025,"hitter"
"53","D
                                                                        Tatum","Oakland Ballers","68","225","76","75","45","9","-","23","32","50","0.338","0.455","0.684","4","1","-","3","38","56","0.68","275",2025,"hitter"
"54","J
                                                                        Hjelle","Boise Hawks","92","394","133","102","22","35","2","26","63","92","0.338","0.381","0.635","8","4","-","8","52","107","0.49","428",2025,"hitter"
"55","E
                                                                        Underwood","Boise Hawks","88","309","104","68","60","16","1","6","23","65","0.337","0.463","0.453","16","4","3","9","98","40","2.45","392",2025,"hitter"
"56","M
                                                                        O'Hara","Oakland Ballers","37","110","37","14","6","8","-","1","9","27","0.336","0.388","0.436","4","1","-","1","17","27","0.63","121",2025,"hitter"
"57","K
                                                                        Schmack","Great Falls Voyagers","38","128","43","26","21","8","1","6","15","48","0.336","0.482","0.555","17","2","-","1","14","25","0.56","168",2025,"hitter"
"58","K
                                                                        Moody","Colorado Springs Sky Sox","76","274","92","69","55","21","4","8","33","41","0.336","0.442","0.529","1","5","-","6","49","90","0.54","335",2025,"hitter"
"59","T
                                                                        Wyatt","Idaho Falls Chukars","81","331","111","94","42","28","1","15","44","73","0.335","0.416","0.562","6","3","-","5","61","80","0.76","382",2025,"hitter"
"60","E
                                                                        Sleight","Missoula PaddleHeads","76","305","102","66","36","23","2","16","41","63","0.334","0.418","0.58","9","2","-","2","61","75","0.81","352",2025,"hitter"
"61","C
                                                                        Booth","Rocky Mountain Vibes","90","381","127","62","44","13","6","8","27","97","0.333","0.422","0.462","18","5","1","3","71","81","0.88","449",2025,"hitter"
"61","T
                                                                        Cruz","Great Falls Voyagers","56","219","73","32","29","10","5","6","21","47","0.333","0.41","0.507","-","1","-","4","57","37","1.54","249",2025,"hitter"
"61","C
                                                                        Dayton","Boise Hawks","37","18","6","3","3","2","-","1","3","3","0.333","0.5","0.611","3","-","-","-","4","5","0.80","24",2025,"hitter"
"61","M
                                                                        Jackson","Colorado Springs Sky Sox","11","27","9","2","8","3","-","-","3","9","0.333","0.5","0.444","1","-","-","-","4","5","0.80","36",2025,"hitter"
"61","Q
                                                                        Landis","Colorado Springs Sky Sox","75","255","85","31","54","13","2","8","23","34","0.333","0.464","0.494","11","3","-","9","49","84","0.58","323",2025,"hitter"
"61","S
                                                                        Lynch","Billings Mustangs","10","36","12","9","4","2","-","2","4","20","0.333","0.4","0.556","-","-","1","-","-","3","-","41",2025,"hitter"
"61","A
                                                                        MacKenzie","Great Falls Voyagers","2","3","1","0","-","-","-","-","0","2","0.333","0.333","0.333","-","-","-","-","-","-","-","3",2025,"hitter"
"61","J
                                                                        O'Dowd","Billings Mustangs","84","324","108","91","63","28","3","22","53","78","0.333","0.449","0.642","6","1","1","5","56","82","0.68","395",2025,"hitter"
"61","M
                                                                        Sox","Missoula PaddleHeads","18","3","1","0","-","-","-","-","0","1","0.333","0.333","0.333","-","-","-","-","-","1","-","3",2025,"hitter"
"70","E
                                                                        Corona","Great Falls Voyagers","69","283","94","52","14","16","6","11","33","72","0.332","0.361","0.548","1","4","-","6","45","71","0.63","302",2025,"hitter"
"71","T
                                                                        McCaffrey","Idaho Falls Chukars","54","208","69","48","19","16","-","8","24","38","0.332","0.393","0.524","6","6","1","5","35","64","0.55","240",2025,"hitter"
"72","E
                                                                        Paton","Glacier Range Riders","31","115","38","27","19","8","3","4","15","28","0.33","0.434","0.557","2","-","1","1","23","24","0.96","137",2025,"hitter"
"73","E
                                                                        Good","Ogden Raptors","86","331","109","75","62","11","1","10","22","76","0.329","0.443","0.459","10","6","4","6","83","65","1.28","413",2025,"hitter"
"74","G
                                                                        Lora Gonzalez","Rocky Mountain Vibes","82","325","107","72","36","15","-","16","31","58","0.329","0.402","0.523","8","7","-","10","70","90","0.78","376",2025,"hitter"
"75","A
                                                                        Pimentel","Grand Junction Jackalopes","83","313","103","75","61","29","1","17","47","68","0.329","0.449","0.591","11","5","4","4","58","87","0.67","394",2025,"hitter"
"76","A
                                                                        Fritz","Great Falls Voyagers","82","286","94","67","40","21","2","12","35","38","0.329","0.403","0.542","1","8","-","12","73","83","0.88","335",2025,"hitter"
"77","J
                                                                        Mabry","Glacier Range Riders","51","189","62","23","11","5","-","-","5","21","0.328","0.363","0.354","1","3","1","10","65","40","1.63","205",2025,"hitter"
"78","M
                                                                        Minzey","Grand Junction Jackalopes","84","324","106","106","63","24","2","24","50","88","0.327","0.439","0.636","4","3","2","4","71","59","1.20","396",2025,"hitter"
"79","C
                                                                        Wilkerson","Missoula PaddleHeads","90","383","125","56","50","25","1","7","33","52","0.326","0.406","0.452","3","2","2","7","116","83","1.40","440",2025,"hitter"
"80","L
                                                                        Helmig","Oakland Ballers","80","273","89","63","38","14","1","8","23","56","0.326","0.411","0.473","2","1","-","5","62","60","1.03","314",2025,"hitter"
"81","G
                                                                        Brusa","Yuba-Sutter Freebirds","90","353","115","91","48","21","2","28","51","87","0.326","0.409","0.635","3","2","1","10","69","73","0.95","407",2025,"hitter"
"82","C
                                                                        Hall","Ogden Raptors","59","222","72","57","43","10","1","17","28","59","0.324","0.434","0.608","1","1","1","4","43","45","0.96","268",2025,"hitter"
"83","D
                                                                        Maynard","Grand Junction Jackalopes","35","105","34","15","17","8","-","-","8","27","0.324","0.463","0.4","11","1","1","4","22","21","1.05","135",2025,"hitter"
"84","C
                                                                        Tucker","Ogden Raptors","18","62","20","12","16","3","1","1","5","18","0.323","0.469","0.452","2","1","-","1","7","18","0.39","81",2025,"hitter"
"85","J
                                                                        Allgeyer","Oakland Ballers","40","146","47","25","19","11","1","2","14","23","0.322","0.408","0.452","3","1","-","3","41","34","1.21","169",2025,"hitter"
"86","J
                                                                        Lee","Boise Hawks","32","115","37","21","5","5","4","1","10","22","0.322","0.361","0.461","2","-","2","6","31","20","1.55","124",2025,"hitter"
"87","Z
                                                                        Denton","Colorado Springs Sky Sox","49","188","60","37","31","15","-","9","24","56","0.319","0.43","0.543","7","2","-","2","30","41","0.73","228",2025,"hitter"
"88","J
                                                                        McHenry","Billings Mustangs","45","182","58","29","26","9","2","3","14","40","0.319","0.408","0.44","3","2","1","3","37","47","0.79","214",2025,"hitter"
"89","P
                                                                        Coddou","Yuba-Sutter Freebirds","64","242","77","43","59","7","1","6","14","67","0.318","0.451","0.43","2","3","-","1","33","59","0.56","306",2025,"hitter"
"90","H
                                                                        Himrich","Rocky Mountain Vibes","30","104","33","21","7","7","1","1","9","35","0.317","0.381","0.433","5","2","1","2","17","22","0.77","119",2025,"hitter"
"91","J
                                                                        Duarte","Yuba-Sutter Freebirds","49","145","46","19","17","3","-","2","5","9","0.317","0.402","0.379","5","2","2","2","56","33","1.70","171",2025,"hitter"
"92","D
                                                                        Wilkinson","Ogden Raptors","61","183","58","53","32","12","1","2","15","26","0.317","0.44","0.426","12","5","4","6","71","37","1.92","236",2025,"hitter"
"93","C
                                                                        Perez","Missoula PaddleHeads","60","228","72","50","19","11","-","9","20","38","0.316","0.376","0.482","6","5","-","3","42","70","0.60","258",2025,"hitter"
"94","E
                                                                        Pelc","Idaho Falls Chukars","46","187","59","36","39","6","1","3","10","34","0.316","0.438","0.406","4","3","1","1","30","63","0.48","234",2025,"hitter"
"95","P
                                                                        Mills","Billings Mustangs","76","279","88","49","40","16","1","9","26","64","0.315","0.411","0.477","8","4","-","5","55","70","0.79","331",2025,"hitter"
"96","C
                                                                        Almanza","Oakland Ballers","91","352","111","105","43","22","2","31","55","68","0.315","0.394","0.653","6","5","-","5","77","95","0.81","406",2025,"hitter"
"97","J
                                                                        Begora","Boise Hawks","78","305","96","64","24","14","1","14","29","92","0.315","0.395","0.505","18","2","-","7","55","57","0.96","349",2025,"hitter"
"98","D
                                                                        Conners","Boise Hawks","10","35","11","4","2","2","-","-","2","3","0.314","0.368","0.371","1","-","-","-","10","11","0.91","38",2025,"hitter"
"99","J
                                                                        Jablonski","Idaho Falls Chukars","68","242","76","67","49","14","1","18","33","72","0.314","0.436","0.603","5","2","1","11","39","50","0.78","299",2025,"hitter"
"100","R
                                                                        Grabosch","Boise Hawks","14","51","16","9","3","4","-","2","6","12","0.314","0.357","0.51","1","1","-","2","7","15","0.47","56",2025,"hitter"
"100","D
                                                                        Ratfield","Glacier Range Riders","17","51","16","11","8","5","-","1","6","15","0.314","0.453","0.471","5","-","-","1","9","11","0.82","64",2025,"hitter"
"102","D
                                                                        Harris IV","Oakland Ballers","91","373","117","67","32","20","1","13","34","69","0.314","0.37","0.477","4","4","-","6","105","75","1.40","413",2025,"hitter"
"103","K
                                                                        Stancato","Ogden Raptors","57","157","49","36","21","11","-","6","17","19","0.312","0.417","0.497","8","1","1","4","55","29","1.90","188",2025,"hitter"
"104","B
                                                                        Lada","Yuba-Sutter Freebirds","89","391","122","75","31","19","2","21","42","81","0.312","0.37","0.532","7","3","1","7","81","104","0.78","433",2025,"hitter"
"105","A
                                                                        Swenda","Great Falls Voyagers","67","234","73","39","43","17","3","7","27","61","0.312","0.423","0.5","7","7","-","5","45","57","0.79","291",2025,"hitter"
"106","C
                                                                        Hext","Yuba-Sutter Freebirds","88","343","107","77","36","18","2","16","36","71","0.312","0.386","0.516","7","3","3","3","76","85","0.89","392",2025,"hitter"
"107","P
                                                                        Shelton","Grand Junction Jackalopes","57","138","43","15","14","8","-","2","10","21","0.312","0.391","0.413","4","-","2","5","43","25","1.72","158",2025,"hitter"
"108","A
                                                                        Adams","Rocky Mountain Vibes","39","119","37","14","21","5","-","2","7","41","0.311","0.432","0.403","6","2","2","-","15","28","0.54","150",2025,"hitter"
"109","G
                                                                        Kueber","Rocky Mountain Vibes","80","296","92","63","50","13","1","5","19","77","0.311","0.416","0.412","6","4","3","8","75","50","1.50","359",2025,"hitter"
"110","K
                                                                        Ewell","Grand Junction Jackalopes","29","81","25","16","16","4","-","7","11","34","0.309","0.434","0.617","2","-","-","2","11","11","1.00","99",2025,"hitter"
"111","D
                                                                        Woodcox","Boise Hawks","46","169","52","32","19","5","-","9","14","39","0.308","0.383","0.497","3","2","-","1","38","41","0.93","193",2025,"hitter"
"112","C
                                                                        Gordon","Missoula PaddleHeads","91","358","110","67","67","26","1","12","39","84","0.307","0.418","0.486","3","3","-","1","66","94","0.70","431",2025,"hitter"
"112","G
                                                                        Morgan","Idaho Falls Chukars","50","179","55","37","38","9","2","4","15","39","0.307","0.432","0.447","3","2","-","3","28","54","0.52","222",2025,"hitter"
"114","C
                                                                        Hanson","Billings Mustangs","64","140","43","19","20","7","-","2","9","26","0.307","0.399","0.4","2","1","1","-","38","29","1.31","164",2025,"hitter"
"115","T
                                                                        Specht","Great Falls Voyagers","93","372","114","65","37","21","6","9","36","74","0.306","0.368","0.468","3","7","-","4","79","109","0.72","419",2025,"hitter"
"116","T
                                                                        Lozano","Oakland Ballers","46","173","53","38","11","9","2","5","16","26","0.306","0.348","0.468","1","2","1","2","50","40","1.25","188",2025,"hitter"
"117","C
                                                                        Sorg","Billings Mustangs","22","82","25","14","7","7","1","-","8","14","0.305","0.367","0.415","1","-","-","1","19","22","0.86","90",2025,"hitter"
"118","K
                                                                        Frett","Missoula PaddleHeads","22","69","21","14","12","4","-","3","7","16","0.304","0.417","0.493","2","1","-","-","11","22","0.50","84",2025,"hitter"
"118","N
                                                                        Poss","Idaho Falls Chukars","6","23","7","2","4","1","-","-","1","5","0.304","0.448","0.348","2","-","-","-","4","5","0.80","29",2025,"hitter"
"120","D
                                                                        Blinn","Ogden Raptors","43","20","6","2","6","-","-","1","1","8","0.3","0.481","0.45","1","-","-","-","4","2","2.00","27",2025,"hitter"
"120","H
                                                                        Hall","Boise Hawks","15","10","3","0","-","-","-","-","0","1","0.3","0.3","0.3","-","-","-","1","4","2","2.00","10",2025,"hitter"
"120","J
                                                                        Shanks","Idaho Falls Chukars","47","140","42","33","17","7","-","10","17","29","0.3","0.435","0.564","18","2","-","5","32","27","1.19","177",2025,"hitter"
"123","T
                                                                        Clarkson","Glacier Range Riders","94","364","109","60","58","22","2","14","38","66","0.299","0.405","0.486","9","4","-","8","94","93","1.01","435",2025,"hitter"
"124","A
                                                                        Shaver","Billings Mustangs","75","264","79","39","32","13","2","10","25","86","0.299","0.403","0.477","15","2","1","3","42","51","0.82","314",2025,"hitter"
"125","T
                                                                        McKenzie","Oakland Ballers","89","331","99","68","44","14","4","16","34","88","0.299","0.393","0.511","9","3","2","8","84","55","1.53","389",2025,"hitter"
"1","J
                                                                        Hamberg","RedPocket Mobiles","14","6","3","2","-","1","1","-","2","1","0.5","0.5","1","-","-","-","1","2","-","-","6",2026,"hitter"
"1","S
                                                                        Lynch","Billings Mustangs","13","34","17","16","10","3","-","5","8","9","0.5","0.63","1.029","2","-","-","-","5","3","1.67","46",2026,"hitter"
"1","N
                                                                        Vargas","Missoula PaddleHeads","2","6","3","2","-","-","1","1","2","-","0.5","0.5","1.333","-","-","-","-","1","1","1.00","6",2026,"hitter"
"1","G
                                                                        Vasquez","Idaho Falls Chukars","2","2","1","0","-","-","-","-","0","-","0.5","0.5","0.5","-","-","-","-","-","1","-","2",2026,"hitter"
"5","R
                                                                        Recio","Boise Hawks","7","27","13","6","5","2","1","1","4","5","0.481","0.6","0.741","3","-","-","1","4","5","0.80","35",2026,"hitter"
"6","N
                                                                        Burns II","Billings Mustangs","5","13","6","3","9","2","-","-","2","-","0.462","0.682","0.615","-","-","-","-","1","5","0.20","22",2026,"hitter"
"7","A
                                                                        Redahan","Great Falls Voyagers","24","111","51","27","11","13","1","5","19","6","0.459","0.504","0.73","-","1","1","3","36","19","1.89","124",2026,"hitter"
"8","A
                                                                        Shaver","Billings Mustangs","53","191","86","81","19","18","9","14","41","34","0.45","0.511","0.859","9","4","6","3","36","36","1.00","229",2026,"hitter"
"9","Z
                                                                        Roos","Yuba-Sutter Freebirds","2","7","3","1","2","1","-","-","1","1","0.429","0.556","0.571","-","-","1","-","3","1","3.00","10",2026,"hitter"
"9","K
                                                                        Stancato","Ogden Raptors","44","147","63","36","15","10","1","2","13","18","0.429","0.494","0.551","4","-","-","1","34","30","1.13","166",2026,"hitter"
"11","D
                                                                        Jimerson","Oakland Ballers","24","92","39","20","8","6","2","5","13","16","0.424","0.471","0.696","1","1","-","-","15","23","0.65","102",2026,"hitter"
"12","M
                                                                        Ball","Missoula PaddleHeads","4","17","7","4","-","2","-","1","3","4","0.412","0.45","0.706","2","1","-","-","3","4","0.75","20",2026,"hitter"
"13","O
                                                                        Johnson","Modesto Roadsters","52","222","91","67","27","11","4","17","32","35","0.41","0.476","0.725","1","-","-","6","37","55","0.67","250",2026,"hitter"
"14","J
                                                                        Gutierrez","Billings Mustangs","30","119","48","32","7","10","-","5","15","4","0.403","0.441","0.613","5","5","-","4","36","34","1.06","136",2026,"hitter"
"15","J
                                                                        Trimble","Idaho Falls Chukars","44","184","74","67","30","20","2","18","40","55","0.402","0.486","0.826","1","1","-","2","34","20","1.70","216",2026,"hitter"
"16","R
                                                                        Clayton, Jr.","RedPocket Mobiles","1","5","2","0","-","1","-","-","1","3","0.4","0.4","0.6","-","-","-","-","-","-","-","5",2026,"hitter"
"17","C
                                                                        Lane","Ogden Raptors","55","241","96","63","38","21","3","7","31","30","0.398","0.484","0.598","5","3","-","7","54","57","0.95","287",2026,"hitter"
"18","S
                                                                        Canton","Idaho Falls Chukars","54","239","95","78","23","22","2","17","41","31","0.397","0.456","0.72","7","5","1","5","57","60","0.95","275",2026,"hitter"
"19","G
                                                                        Ferraro-Nahr","Ogden Raptors","51","182","72","67","38","13","-","18","31","40","0.396","0.509","0.764","5","1","1","7","44","23","1.91","227",2026,"hitter"
"20","C
                                                                        Lawrence","Ogden Raptors","56","225","89","69","33","22","3","16","41","57","0.396","0.471","0.733","1","2","2","4","38","40","0.95","263",2026,"hitter"
"21","D
                                                                        Andiarena","Missoula PaddleHeads","10","38","15","12","4","4","-","2","6","8","0.395","0.452","0.658","-","-","-","-","5","9","0.56","42",2026,"hitter"
"22","D
                                                                        Smiley","Idaho Falls Chukars","19","66","26","9","12","4","-","-","4","15","0.394","0.487","0.455","-","-","-","1","20","4","5.00","78",2026,"hitter"
"23","T
                                                                        McCaffrey","Long Beach Coast","15","61","24","21","6","4","-","7","11","12","0.393","0.471","0.803","3","-","-","-","13","11","1.18","70",2026,"hitter"
"24","B
                                                                        Cermenelli","Missoula PaddleHeads","19","84","33","20","11","13","1","2","16","6","0.393","0.455","0.643","1","3","-","4","19","28","0.68","99",2026,"hitter"
"25","J
                                                                        Kalafut","Boise Hawks","55","204","80","47","45","11","2","6","19","29","0.392","0.514","0.554","7","1","-","2","53","36","1.47","257",2026,"hitter"
"26","G
                                                                        Bevacqua","Ogden Raptors","30","116","45","23","24","9","-","1","10","22","0.388","0.503","0.491","3","-","-","2","28","18","1.56","143",2026,"hitter"
"27","E
                                                                        Pelc","Long Beach Coast","56","212","82","48","78","14","2","8","24","34","0.387","0.547","0.585","2","4","1","3","39","60","0.65","297",2026,"hitter"
"28","D
                                                                        Tauken","Missoula PaddleHeads","10","26","10","13","8","-","-","3","3","1","0.385","0.514","0.731","-","1","-","-","6","8","0.75","35",2026,"hitter"
"29","G
                                                                        Ostrander","Idaho Falls Chukars","49","201","77","35","36","17","2","2","21","20","0.383","0.481","0.517","3","1","1","4","49","52","0.94","242",2026,"hitter"
"30","C
                                                                        Muniz","Billings Mustangs","54","224","85","65","45","13","1","17","31","48","0.379","0.491","0.674","6","2","-","11","42","44","0.95","277",2026,"hitter"
"31","G
                                                                        Horvat","RedPocket Mobiles","28","111","42","16","16","11","1","1","13","14","0.378","0.477","0.523","5","-","-","3","24","24","1.00","132",2026,"hitter"
"32","C
                                                                        Robinson","Idaho Falls Chukars","11","45","17","5","5","6","-","1","7","9","0.378","0.472","0.578","3","-","-","1","11","6","1.83","53",2026,"hitter"
"33","J
                                                                        Duarte","Yuba-Sutter Freebirds","37","143","54","22","26","10","-","-","10","13","0.378","0.486","0.448","5","1","2","3","51","27","1.89","177",2026,"hitter"
"34","X
                                                                        Casserilla","Missoula PaddleHeads","51","212","79","59","31","14","-","17","31","36","0.373","0.476","0.679","11","-","-","3","33","56","0.59","254",2026,"hitter"
"35","C
                                                                        Dayton","Boise Hawks","20","43","16","8","4","3","-","3","6","6","0.372","0.426","0.651","-","-","-","3","7","11","0.64","47",2026,"hitter"
"36","T
                                                                        Wyatt","Idaho Falls Chukars","37","156","58","58","20","16","3","14","33","24","0.372","0.442","0.782","2","3","-","2","40","34","1.18","181",2026,"hitter"
"37","M
                                                                        Handron","Modesto Roadsters","40","162","60","48","33","21","-","9","30","26","0.37","0.474","0.667","-","1","-","-","35","41","0.85","196",2026,"hitter"
"38","A
                                                                        Fernandes","Glacier Range Riders","28","98","36","14","30","10","3","2","15","11","0.367","0.523","0.592","2","-","1","-","18","34","0.53","131",2026,"hitter"
"39","D
                                                                        Laferriere","Long Beach Coast","14","41","15","5","10","1","-","1","2","6","0.366","0.536","0.463","5","-","1","1","12","7","1.71","57",2026,"hitter"
"40","W
                                                                        Neaves","Boise Hawks","3","11","4","3","3","-","-","1","1","4","0.364","0.5","0.636","-","-","-","-","-","3","-","14",2026,"hitter"
"41","D
                                                                        Ratfield","Glacier Range Riders","45","179","65","45","26","14","-","5","19","27","0.363","0.451","0.525","5","3","-","4","41","45","0.91","213",2026,"hitter"
"42","V
                                                                        Temesvary","Great Falls Voyagers","52","185","67","56","32","21","1","10","32","35","0.362","0.481","0.649","17","7","1","3","39","51","0.76","242",2026,"hitter"
"43","L
                                                                        Figueroa","Modesto Roadsters","7","25","9","5","2","-","-","-","0","5","0.36","0.407","0.36","-","-","2","1","9","4","2.25","29",2026,"hitter"
"44","C
                                                                        Valentine","Ogden Raptors","56","253","91","65","37","31","3","12","46","49","0.36","0.457","0.648","11","3","2","5","45","69","0.65","306",2026,"hitter"
"45","T
                                                                        Cruz","Great Falls Voyagers","48","187","67","50","34","16","1","13","30","39","0.358","0.458","0.663","3","3","2","1","43","38","1.13","229",2026,"hitter"
"46","M
                                                                        O’Hara","Boise Hawks","27","109","39","27","16","6","2","2","10","23","0.358","0.434","0.505","1","3","-","2","17","33","0.52","129",2026,"hitter"
"47","B
                                                                        Bishop","RedPocket Mobiles","30","118","42","27","23","13","2","8","23","34","0.356","0.459","0.703","2","3","-","1","23","18","1.28","146",2026,"hitter"
"48","K
                                                                        Ashworth","Glacier Range Riders","51","158","56","42","65","14","1","2","17","28","0.354","0.544","0.494","3","2","5","1","51","27","1.89","233",2026,"hitter"
"48","B
                                                                        Vradenburg","Glacier Range Riders","20","79","28","23","12","7","-","5","12","14","0.354","0.441","0.633","1","1","-","1","18","18","1.00","93",2026,"hitter"
"50","B
                                                                        O'Sullivan","Oakland Ballers","26","68","24","8","7","3","-","1","4","16","0.353","0.408","0.441","-","1","-","1","14","13","1.08","76",2026,"hitter"
"51","P
                                                                        Lester","Idaho Falls Chukars","28","111","39","28","17","8","-","6","14","27","0.351","0.438","0.586","1","1","1","4","23","22","1.05","131",2026,"hitter"
"52","B
                                                                        Wilhoite","Great Falls Voyagers","17","57","20","17","12","6","2","-","8","12","0.351","0.487","0.526","5","2","2","1","15","14","1.07","78",2026,"hitter"
"52","T
                                                                        Williams","Modesto Roadsters","30","114","40","34","18","4","-","6","10","27","0.351","0.446","0.544","4","3","-","-","15","34","0.44","139",2026,"hitter"
"54","M
                                                                        Bardowell","Long Beach Coast","50","191","67","58","30","15","2","10","27","52","0.351","0.456","0.607","11","5","-","2","33","39","0.85","237",2026,"hitter"
"55","J
                                                                        Harrison-Dudley","RedPocket Mobiles","46","177","62","56","30","13","1","20","34","56","0.35","0.45","0.774","2","-","-","2","37","18","2.06","209",2026,"hitter"
"56","E
                                                                        Corona","Long Beach Coast","55","223","78","60","30","15","6","14","35","57","0.35","0.432","0.659","4","2","-","4","35","47","0.74","259",2026,"hitter"
"57","T
                                                                        Cobb","Oakland Ballers","51","212","74","40","32","11","-","12","23","42","0.349","0.433","0.571","-","1","-","5","55","36","1.53","245",2026,"hitter"
"58","A
                                                                        Cootway","Billings Mustangs","47","175","61","53","43","15","1","10","26","52","0.349","0.496","0.617","11","3","-","5","32","23","1.39","232",2026,"hitter"
"59","J
                                                                        Ybarra","Oakland Ballers","55","233","81","60","28","19","-","22","41","44","0.348","0.416","0.712","-","1","-","12","56","47","1.19","262",2026,"hitter"
"60","Z
                                                                        Chamizo","Yuba-Sutter Freebirds","53","213","74","52","31","15","1","12","28","34","0.347","0.434","0.596","4","3","-","2","42","59","0.71","251",2026,"hitter"
"61","L
                                                                        Meyer","Boise Hawks","48","193","67","54","32","11","2","4","17","36","0.347","0.453","0.487","8","3","1","4","37","53","0.70","237",2026,"hitter"
"62","M
                                                                        Koszewski","Missoula PaddleHeads","54","219","76","53","55","16","3","3","22","23","0.347","0.467","0.489","2","9","-","1","54","71","0.76","285",2026,"hitter"
"63","J
                                                                        Sisto","Boise Hawks","12","49","17","13","4","3","-","4","7","8","0.347","0.421","0.653","3","1","-","2","13","10","1.30","57",2026,"hitter"
"64","E
                                                                        Apodaca","Missoula PaddleHeads","55","223","77","56","49","17","3","6","26","26","0.345","0.47","0.529","6","3","-","5","63","53","1.19","281",2026,"hitter"
"65","K
                                                                        Micklus","Billings Mustangs","37","140","48","48","19","14","1","8","23","16","0.343","0.436","0.629","4","-","1","4","34","39","0.87","164",2026,"hitter"
"66","C
                                                                        Bess","Long Beach Coast","53","216","74","78","24","13","-","17","30","39","0.343","0.408","0.639","4","6","-","2","35","69","0.51","250",2026,"hitter"
"67","B
                                                                        Nigh","Boise Hawks","24","79","27","34","23","5","1","5","11","20","0.342","0.495","0.62","4","3","1","2","18","15","1.20","110",2026,"hitter"
"68","T
                                                                        Yukumoto","Missoula PaddleHeads","40","138","47","36","43","12","-","1","13","13","0.341","0.495","0.449","3","4","1","5","38","40","0.95","189",2026,"hitter"
"69","D
                                                                        Stengren","Idaho Falls Chukars","30","109","37","21","20","7","-","2","9","15","0.339","0.446","0.459","1","-","-","7","34","19","1.79","130",2026,"hitter"
"70","J
                                                                        Chavez","RedPocket Mobiles","44","163","55","29","35","11","1","8","20","45","0.337","0.458","0.564","2","1","-","1","35","29","1.21","201",2026,"hitter"
"71","C
                                                                        Bowen","Billings Mustangs","55","265","89","72","30","21","2","15","38","49","0.336","0.413","0.6","6","2","-","2","65","55","1.18","303",2026,"hitter"
"72","S
                                                                        Greico","Ogden Raptors","37","155","52","44","20","12","1","11","24","49","0.335","0.423","0.639","5","2","-","4","22","33","0.67","182",2026,"hitter"
"73","J
                                                                        Gonzalez Perez","Idaho Falls Chukars","4","15","5","7","-","1","-","-","1","4","0.333","0.294","0.4","-","2","-","1","4","3","1.33","17",2026,"hitter"
"73","C
                                                                        Magee","Glacier Range Riders","2","6","2","3","-","1","-","-","1","-","0.333","0.429","0.5","1","-","-","-","3","1","3.00","7",2026,"hitter"
"73","J
                                                                        Nehler","Billings Mustangs","7","24","8","4","2","-","-","1","1","4","0.333","0.385","0.458","-","-","1","1","10","2","5.00","27",2026,"hitter"
"73","U
                                                                        Romo","RedPocket Mobiles","16","3","1","1","-","-","-","-","0","1","0.333","0.333","0.333","-","-","-","-","1","-","-","3",2026,"hitter"
"73","K
                                                                        Schmack","Great Falls Voyagers","52","204","68","54","33","13","-","13","26","54","0.333","0.445","0.588","12","5","-","2","19","64","0.30","254",2026,"hitter"
"73","E
                                                                        Sim","RedPocket Mobiles","1","3","1","0","-","-","-","-","0","1","0.333","0.333","0.333","-","-","-","-","-","-","-","3",2026,"hitter"
"79","N
                                                                        Klemp","Missoula PaddleHeads","55","245","81","81","38","17","1","16","34","28","0.331","0.418","0.604","3","6","-","6","61","69","0.88","292",2026,"hitter"
"80","E
                                                                        Manzo","RedPocket Mobiles","32","97","32","21","10","7","-","3","10","24","0.33","0.411","0.495","4","1","1","2","24","16","1.50","113",2026,"hitter"
"81","J
                                                                        Collura","Oakland Ballers","48","167","55","36","30","12","1","6","19","25","0.329","0.432","0.521","1","1","-","5","33","53","0.62","199",2026,"hitter"
"82","J
                                                                        Lojewski","Modesto Roadsters","56","237","78","45","29","16","1","10","27","27","0.329","0.421","0.532","11","3","1","2","39","93","0.42","281",2026,"hitter"
"83","W
                                                                        Ponce","Great Falls Voyagers","21","73","24","16","13","4","2","-","6","13","0.329","0.448","0.438","6","4","-","2","17","20","0.85","96",2026,"hitter"
"84","J
                                                                        Begora","Boise Hawks","47","180","59","35","26","17","1","3","21","49","0.328","0.448","0.483","15","2","2","4","37","34","1.09","225",2026,"hitter"
"85","W
                                                                        Rogers","Great Falls Voyagers","37","113","37","30","7","9","1","5","15","24","0.327","0.366","0.558","1","2","-","1","20","33","0.61","123",2026,"hitter"
"86","S
                                                                        Coffman","RedPocket Mobiles","49","217","71","37","19","9","1","4","14","39","0.327","0.38","0.433","-","1","5","8","73","37","1.97","242",2026,"hitter"
"87","W
                                                                        Grant","Boise Hawks","36","141","46","42","25","10","2","4","16","29","0.326","0.423","0.511","-","2","2","4","31","35","0.89","170",2026,"hitter"
"88","J
                                                                        Johnson","RedPocket Mobiles","53","209","68","55","28","12","3","17","32","54","0.325","0.412","0.656","3","-","1","7","50","33","1.52","241",2026,"hitter"
"89","B
                                                                        Cannon","Modesto Roadsters","55","197","64","39","53","12","2","8","22","36","0.325","0.465","0.528","2","4","-","3","49","51","0.96","256",2026,"hitter"
"90","C
                                                                        Jordan","Ogden Raptors","54","228","74","55","28","15","1","12","28","39","0.325","0.401","0.557","5","6","4","3","47","76","0.62","271",2026,"hitter"
"91","W
                                                                        Bermudez","Missoula PaddleHeads","46","179","58","47","37","6","-","15","21","46","0.324","0.47","0.609","14","2","1","8","37","36","1.03","233",2026,"hitter"
"92","C
                                                                        Vest","Long Beach Coast","56","201","65","61","40","15","1","10","26","46","0.323","0.466","0.557","20","7","-","-","37","52","0.71","268",2026,"hitter"
"93","E
                                                                        Underwood","Boise Hawks","49","202","65","42","27","16","2","1","19","47","0.322","0.441","0.436","17","1","2","4","54","32","1.69","249",2026,"hitter"
"94","D
                                                                        Aragon","Yuba-Sutter Freebirds","38","128","41","25","22","10","-","2","12","25","0.32","0.431","0.445","3","-","1","2","31","29","1.07","154",2026,"hitter"
"95","J
                                                                        Allgeyer","Oakland Ballers","51","178","57","38","41","13","-","9","22","30","0.32","0.461","0.545","7","2","-","4","38","52","0.73","228",2026,"hitter"
"96","J
                                                                        Jablonski","Long Beach Coast","52","194","62","60","29","18","1","15","34","44","0.32","0.414","0.655","5","4","-","5","37","53","0.70","232",2026,"hitter"
"97","A
                                                                        Mata","Long Beach Coast","42","141","45","26","25","11","-","2","13","21","0.319","0.432","0.44","3","-","1","3","38","33","1.15","170",2026,"hitter"
"98","C
                                                                        Royer","Idaho Falls Chukars","13","44","14","8","6","-","-","1","1","14","0.318","0.415","0.386","2","1","-","2","5","11","0.45","53",2026,"hitter"
"99","E
                                                                        Ott","Great Falls Voyagers","50","190","60","49","32","17","1","10","28","58","0.316","0.425","0.574","5","1","-","7","36","35","1.03","228",2026,"hitter"
"99","R
                                                                        Petersen","Idaho Falls Chukars","5","19","6","6","-","-","-","1","1","3","0.316","0.333","0.474","1","1","-","2","2","8","0.25","21",2026,"hitter"
"101","J
                                                                        Boyd","Modesto Roadsters","45","154","48","32","39","8","3","5","16","46","0.312","0.452","0.5","2","2","1","-","25","35","0.71","198",2026,"hitter"
"102","P
                                                                        Depasquale","Boise Hawks","32","132","41","26","9","7","-","-","7","28","0.311","0.377","0.364","7","3","4","5","33","33","1.00","155",2026,"hitter"
"103","X
                                                                        Croxton","Boise Hawks","12","29","9","8","8","2","1","-","3","7","0.31","0.459","0.448","-","-","1","-","8","6","1.33","38",2026,"hitter"
"104","A
                                                                        Kirchner","Yuba-Sutter Freebirds","18","71","22","27","5","4","1","6","11","18","0.31","0.351","0.648","-","1","-","2","22","10","2.20","77",2026,"hitter"
"105","B
                                                                        Wright","Billings Mustangs","45","140","43","42","24","7","7","9","23","44","0.307","0.409","0.65","3","4","4","3","28","33","0.85","175",2026,"hitter"
"106","A
                                                                        Folds","Boise Hawks","35","108","33","18","36","7","1","2","10","20","0.306","0.51","0.444","10","1","2","1","36","17","2.12","157",2026,"hitter"
"107","P
                                                                        Mills","Billings Mustangs","36","154","47","38","19","13","1","8","22","31","0.305","0.383","0.558","1","1","-","6","33","36","0.92","175",2026,"hitter"
"108","M
                                                                        Soper","Billings Mustangs","52","220","67","36","48","13","2","9","24","45","0.305","0.425","0.505","1","4","2","4","48","62","0.77","275",2026,"hitter"
"109","P
                                                                        Roche Jr.","Long Beach Coast","49","178","54","35","36","12","-","6","18","32","0.303","0.451","0.472","12","-","1","7","52","37","1.41","227",2026,"hitter"
"110","H
                                                                        Nieves","RedPocket Mobiles","24","99","30","28","12","5","1","7","13","27","0.303","0.374","0.586","1","3","-","-","16","30","0.53","115",2026,"hitter"
"111","E
                                                                        Santos","Oakland Ballers","54","208","63","36","30","17","4","9","30","37","0.303","0.402","0.553","5","1","1","4","51","55","0.93","245",2026,"hitter"
"112","N
                                                                        Blythe","Oakland Ballers","50","179","54","36","21","10","-","8","18","36","0.302","0.377","0.492","2","2","-","6","39","49","0.80","204",2026,"hitter"
"113","T
                                                                        Specht","Great Falls Voyagers","56","242","73","54","47","13","10","9","32","37","0.302","0.414","0.55","1","2","-","8","55","74","0.74","292",2026,"hitter"
"114","C
                                                                        Vaughan","Idaho Falls Chukars","38","136","41","26","24","10","-","3","13","37","0.301","0.435","0.441","8","-","4","1","34","22","1.55","172",2026,"hitter"
"115","D
                                                                        Wilkinson","Ogden Raptors","46","123","37","30","33","10","2","3","15","19","0.301","0.466","0.488","6","1","3","2","38","31","1.23","166",2026,"hitter"
"116","A
                                                                        Manisero","Great Falls Voyagers","32","70","21","14","10","6","1","1","8","17","0.3","0.412","0.457","4","1","-","2","18","12","1.50","85",2026,"hitter"
"116","E
                                                                        Pagani","Yuba-Sutter Freebirds","32","110","33","17","12","6","-","1","7","12","0.3","0.366","0.382","-","1","2","3","45","17","2.65","125",2026,"hitter"
"118","C
                                                                        Castaneda","Yuba-Sutter Freebirds","51","194","58","38","23","10","-","6","16","44","0.299","0.377","0.443","2","1","-","7","45","43","1.05","220",2026,"hitter"
"119","C
                                                                        Hornung","Glacier Range Riders","49","162","48","30","34","13","2","2","17","40","0.296","0.422","0.438","4","4","1","3","40","34","1.18","205",2026,"hitter"
"120","J
                                                                        Piatkiewicz","Missoula PaddleHeads","45","142","42","40","44","9","-","5","14","30","0.296","0.464","0.465","3","3","-","5","35","34","1.03","192",2026,"hitter"
"121","W
                                                                        Mitchell","Idaho Falls Chukars","53","210","62","37","24","10","1","10","21","50","0.295","0.372","0.495","4","4","1","3","41","60","0.68","243",2026,"hitter"
"122","T
                                                                        Dooley","Idaho Falls Chukars","47","183","54","46","30","10","4","8","22","42","0.295","0.416","0.525","8","-","4","5","61","27","2.26","225",2026,"hitter"
"123","T
                                                                        Ganus","Ogden Raptors","40","78","23","19","9","3","-","1","4","11","0.295","0.38","0.372","3","2","1","1","24","22","1.09","93",2026,"hitter"
"124","C
                                                                        Garner","Glacier Range Riders","52","190","56","43","50","11","1","7","19","59","0.295","0.439","0.474","1","3","-","3","32","45","0.71","244",2026,"hitter"
"124","S
                                                                        Gutierrez","Missoula PaddleHeads","25","95","28","25","17","4","-","4","8","30","0.295","0.422","0.463","4","-","-","-","17","19","0.89","116",2026,"hitter"
