"rk","name","team","era","w","l","app","gs","sv","ip","h","r","er","bb","k","k_9","hr","whip","bf","wp","hbp","season","player_type"
"1","K
                                                                        Maldonado","Grand Junction Jackalopes","8.6","0","0","94","24","0","193.2","259","212","185","115","192","8.92","-","1.93","-","-","-","2021","pitcher"
"2","D
                                                                        Pena","Missoula PaddleHeads","5.06","0","0","18","18","0","96","92","56","54","40","109","10.22","-","1.38","-","-","-","2021","pitcher"
"3","Q
                                                                        Jones","Great Falls Voyagers","6.68","0","0","18","17","0","95.2","139","87","71","27","53","4.99","-","1.74","-","-","-","2021","pitcher"
"4","M
                                                                        Dallas","Boise Hawks","4.52","0","0","16","13","0","83.2","77","45","42","46","104","11.19","-","1.47","-","-","-","2021","pitcher"
"5","I
                                                                        Fuentes","Grand Junction Jackalopes","4.56","0","0","15","15","0","81","105","44","41","17","81","9","-","1.51","-","-","-","2021","pitcher"
"6","A
                                                                        Smith","Billings Mustangs","6.92","0","0","18","17","0","79.1","96","76","61","46","84","9.53","-","1.79","-","-","-","2021","pitcher"
"7","M
                                                                        Mogollon","Missoula PaddleHeads","4.13","0","0","30","8","0","72","66","39","33","25","75","9.38","-","1.26","-","-","-","2021","pitcher"
"8","A
                                                                        Becerra","Great Falls Voyagers","5.4","0","0","24","8","0","71.2","92","53","43","36","65","8.16","-","1.79","-","-","-","2021","pitcher"
"9","B
                                                                        Matthews","Grand Junction Jackalopes","5.93","0","0","17","12","0","71.1","75","50","47","36","82","10.35","-","1.56","-","-","-","2021","pitcher"
"10","N
                                                                        Tellache","Ogden Raptors","5.5","0","0","12","12","0","68.2","81","47","42","15","63","8.26","-","1.4","-","-","-","2021","pitcher"
"11","H
                                                                        Dollander","Great Falls Voyagers","9.18","0","0","13","12","0","67.2","107","73","69","25","57","7.58","-","1.95","-","-","-","2021","pitcher"
"12","N
                                                                        Floyd","Idaho Falls Chukars","4.41","0","0","15","11","0","67.1","71","39","33","26","52","6.95","-","1.44","-","-","-","2021","pitcher"
"12","A
                                                                        Solis","Rocky Mountain Vibes","8.55","0","0","15","13","0","67.1","102","74","64","31","62","8.29","-","1.98","-","-","-","2021","pitcher"
"14","M
                                                                        Schwellenbach","Missoula PaddleHeads","4.27","0","0","19","11","0","65.1","73","42","31","28","64","8.82","-","1.55","-","-","-","2021","pitcher"
"15","Z
                                                                        Penrod","Boise Hawks","5.97","0","0","13","13","0","63.1","60","46","42","40","72","10.23","-","1.58","-","-","-","2021","pitcher"
"16","A
                                                                        Bond","Billings Mustangs","5.89","0","0","11","10","0","62.2","72","42","41","19","55","7.9","-","1.45","-","-","-","2021","pitcher"
"17","J
                                                                        Ochoa","Rocky Mountain Vibes","8.03","0","0","18","13","0","61.2","80","60","55","35","46","6.71","-","1.86","-","-","-","2021","pitcher"
"17","E
                                                                        Rosales","Rocky Mountain Vibes","9.78","0","0","34","8","0","61.2","103","81","67","40","55","8.03","-","2.32","-","-","-","2021","pitcher"
"19","N
                                                                        Lang","Billings Mustangs","3.96","0","0","37","2","0","61.1","66","30","27","21","52","7.63","-","1.42","-","-","-","2021","pitcher"
"20","D
                                                                        Silva","Idaho Falls Chukars","5.19","0","0","11","11","0","60.2","81","37","35","16","49","7.27","-","1.6","-","-","-","2021","pitcher"
"21","S
                                                                        Jabusch","Great Falls Voyagers","6.25","0","0","22","8","0","59","79","63","41","31","36","5.49","-","1.86","-","-","-","2021","pitcher"
"22","K
                                                                        Gould","Missoula PaddleHeads","4.4","0","0","25","5","0","57.1","59","32","28","19","57","8.95","-","1.36","-","-","-","2021","pitcher"
"22","J
                                                                        Varela","Grand Junction Jackalopes","8.63","0","0","17","10","0","57.1","84","60","55","24","54","8.48","-","1.88","-","-","-","2021","pitcher"
"24","H
                                                                        Sanchez","Rocky Mountain Vibes","9.79","0","0","20","9","0","57","97","72","62","40","39","6.16","-","2.4","-","-","-","2021","pitcher"
"25","M
                                                                        Simon","Missoula PaddleHeads","2.86","0","0","33","1","0","56.2","51","18","18","12","84","13.34","-","1.11","-","-","-","2021","pitcher"
"26","G
                                                                        Viney","Billings Mustangs","8.31","0","0","15","14","0","56.1","78","56","52","31","55","8.79","-","1.93","-","-","-","2021","pitcher"
"27","M
                                                                        Gabbert","Boise Hawks","6.33","0","0","12","8","0","54","79","41","38","12","36","6","-","1.69","-","-","-","2021","pitcher"
"27","J
                                                                        Slocum","Idaho Falls Chukars","6.83","0","0","14","14","0","54","93","54","41","18","24","4","-","2.06","-","-","-","2021","pitcher"
"29","A
                                                                        Donatella","Ogden Raptors","6.04","0","0","20","9","0","53.2","78","45","36","15","43","7.21","-","1.73","-","-","-","2021","pitcher"
"30","M
                                                                        Lines","Boise Hawks","5.57","0","0","10","10","0","53.1","59","42","33","22","43","7.26","-","1.52","-","-","-","2021","pitcher"
"31","R
                                                                        Aleaziz","Ogden Raptors","7.47","0","0","20","9","0","53","85","48","44","17","47","7.98","-","1.92","-","-","-","2021","pitcher"
"32","J
                                                                        Lopez","Rocky Mountain Vibes","9.46","0","0","29","6","0","52.1","84","65","55","31","45","7.74","-","2.2","-","-","-","2021","pitcher"
"33","M
                                                                        Miller","Ogden Raptors","6.06","0","0","17","10","0","52","59","45","35","30","65","11.25","-","1.71","-","-","-","2021","pitcher"
"34","R
                                                                        Martin","Billings Mustangs","5.55","0","0","18","10","0","48.2","56","35","30","26","39","7.21","-","1.68","-","-","-","2021","pitcher"
"35","T
                                                                        Chapman","Billings Mustangs","5.59","0","0","37","0","0","48.1","48","38","30","47","47","8.75","-","1.97","-","-","-","2021","pitcher"
"36","C
                                                                        Campbell","Ogden Raptors","6.36","0","0","31","1","0","46.2","59","35","33","16","45","8.68","-","1.61","-","-","-","2021","pitcher"
"36","M
                                                                        Mixon","Ogden Raptors","6.94","0","0","32","1","0","46.2","43","38","36","19","37","7.14","-","1.33","-","-","-","2021","pitcher"
"38","T
                                                                        Budnick","Ogden Raptors","10.45","0","0","23","6","0","45.2","90","58","53","16","30","5.91","-","2.32","-","-","-","2021","pitcher"
"38","C
                                                                        Grant-DeBose","Great Falls Voyagers","5.72","0","0","17","6","0","45.2","43","31","29","25","43","8.47","-","1.49","-","-","-","2021","pitcher"
"38","K
                                                                        Hayes","Great Falls Voyagers","8.08","0","0","11","9","0","45.2","68","42","41","24","35","6.9","-","2.01","-","-","-","2021","pitcher"
"41","C
                                                                        Crader","Grand Junction Jackalopes","6.85","0","0","9","8","0","44.2","51","35","34","10","32","6.45","-","1.37","-","-","-","2021","pitcher"
"42","P
                                                                        Wenzel","Missoula PaddleHeads","4.91","0","0","20","4","0","44","51","31","24","28","32","6.55","-","1.8","-","-","-","2021","pitcher"
"43","A
                                                                        Kern","Great Falls Voyagers","6.07","0","0","32","1","0","43","55","32","29","27","55","11.51","-","1.91","-","-","-","2021","pitcher"
"44","G
                                                                        Larson","Great Falls Voyagers","3.16","0","0","31","0","0","42.2","44","19","15","8","44","9.28","-","1.22","-","-","-","2021","pitcher"
"45","J
                                                                        Dobrash","Grand Junction Jackalopes","8.64","0","0","11","6","0","41.2","66","43","40","22","38","8.21","-","2.11","-","-","-","2021","pitcher"
"46","O
                                                                        Farfan","Rocky Mountain Vibes","5.49","0","0","26","0","0","41","48","29","25","21","55","12.07","-","1.68","-","-","-","2021","pitcher"
"47","J
                                                                        Pineda","Rocky Mountain Vibes","9.82","0","0","31","0","0","40.1","69","61","44","24","29","6.47","-","2.31","-","-","-","2021","pitcher"
"48","S
                                                                        Hupp","Great Falls Voyagers","8.1","0","0","18","5","0","40","59","38","36","14","25","5.63","-","1.82","-","-","-","2021","pitcher"
"49","M
                                                                        Geoffrion","Idaho Falls Chukars","10.66","0","0","15","6","0","39.2","58","50","47","24","35","7.94","-","2.07","-","-","-","2021","pitcher"
"49","G
                                                                        Lyttle","Great Falls Voyagers","4.99","0","0","8","7","0","39.2","37","26","22","18","43","9.76","-","1.39","-","-","-","2021","pitcher"
"51","A
                                                                        Kaufman","Billings Mustangs","7.09","0","0","24","0","0","39.1","49","42","31","29","28","6.41","-","1.98","-","-","-","2021","pitcher"
"52","D
                                                                        Cornett","Billings Mustangs","5.45","0","0","7","7","0","38","46","33","23","11","32","7.58","-","1.5","-","-","-","2021","pitcher"
"52","J
                                                                        Sigman","Ogden Raptors","5.21","0","0","21","3","0","38","40","25","22","19","42","9.95","-","1.55","-","-","-","2021","pitcher"
"54","Y
                                                                        Laureano","Billings Mustangs","11.92","0","0","21","5","0","37","53","52","49","45","33","8.03","-","2.65","-","-","-","2021","pitcher"
"54","K
                                                                        Pilot","Billings Mustangs","4.62","0","0","9","8","0","37","32","21","19","27","47","11.43","-","1.59","-","-","-","2021","pitcher"
"54","T
                                                                        Reynolds","Grand Junction Jackalopes","3.89","0","0","9","5","0","37","36","24","16","10","42","10.22","-","1.24","-","-","-","2021","pitcher"
"57","D
                                                                        Pearce","Ogden Raptors","3.75","0","0","22","2","0","36","32","17","15","17","50","12.5","-","1.36","-","-","-","2021","pitcher"
"58","M
                                                                        Thomas","Great Falls Voyagers","6.56","0","0","24","0","0","35.2","43","28","26","19","27","6.81","-","1.74","-","-","-","2021","pitcher"
"59","J
                                                                        Cunningham","Ogden Raptors","4.08","0","0","21","2","0","35.1","51","25","16","4","20","5.09","-","1.56","-","-","-","2021","pitcher"
"59","J
                                                                        Waters","Idaho Falls Chukars","5.35","0","0","20","0","0","35.1","26","24","21","26","31","7.9","-","1.47","-","-","-","2021","pitcher"
"61","N
                                                                        Jenkins","Idaho Falls Chukars","6.49","0","0","30","0","0","34.2","42","27","25","17","27","7.01","-","1.7","-","-","-","2021","pitcher"
"62","D
                                                                        Ellis","Idaho Falls Chukars","8.47","0","0","6","6","0","34","49","36","32","13","22","5.82","-","1.82","-","-","-","2021","pitcher"
"63","J
                                                                        Nunnally","Idaho Falls Chukars","5.18","0","0","28","0","0","33","32","20","19","19","43","11.73","-","1.55","-","-","-","2021","pitcher"
"64","B
                                                                        Demco","Great Falls Voyagers","8.91","0","0","27","0","0","32.1","30","35","32","41","47","13.08","-","2.2","-","-","-","2021","pitcher"
"64","V
                                                                        Rodriguez","Idaho Falls Chukars","6.12","0","0","27","1","0","32.1","37","23","22","13","39","10.86","-","1.55","-","-","-","2021","pitcher"
"66","W
                                                                        Freeman","Missoula PaddleHeads","6.03","0","0","19","1","0","31.1","40","23","21","13","19","5.46","-","1.69","-","-","-","2021","pitcher"
"67","C
                                                                        Burica","Missoula PaddleHeads","9","0","0","9","5","0","31","45","32","31","6","26","7.55","-","1.65","-","-","-","2021","pitcher"
"67","C
                                                                        Kelly","Billings Mustangs","4.94","0","0","24","0","0","31","35","20","17","10","27","7.84","-","1.45","-","-","-","2021","pitcher"
"69","M
                                                                        Castillo","Billings Mustangs","7.92","0","0","9","6","0","30.2","40","30","27","19","29","8.51","-","1.92","-","-","-","2021","pitcher"
"70","K
                                                                        Stone","Billings Mustangs","7.8","0","0","28","0","0","30","39","26","26","26","36","10.8","-","2.17","-","-","-","2021","pitcher"
"71","T
                                                                        Johnson","Grand Junction Jackalopes","7.67","0","0","30","0","0","29.1","40","32","25","26","30","9.2","-","2.25","-","-","-","2021","pitcher"
"72","C
                                                                        Eusay","Missoula PaddleHeads","9.43","0","0","11","4","0","27.2","36","30","29","18","22","7.16","-","1.95","-","-","-","2021","pitcher"
"73","C
                                                                        Clark","Grand Junction Jackalopes","3.95","0","0","24","0","0","27.1","31","16","12","8","43","14.16","-","1.43","-","-","-","2021","pitcher"
"74","A
                                                                        Herrera","Rocky Mountain Vibes","11.47","0","0","20","1","0","26.2","43","37","34","32","24","8.1","-","2.81","-","-","-","2021","pitcher"
"75","J
                                                                        Agnew","Grand Junction Jackalopes","9.35","0","0","18","0","0","26","38","28","27","12","24","8.31","-","1.92","-","-","-","2021","pitcher"
"76","J
                                                                        Crump","Missoula PaddleHeads","7.01","0","0","25","0","0","25.2","28","21","20","16","24","8.42","-","1.71","-","-","-","2021","pitcher"
"77","K
                                                                        McGinnis","Idaho Falls Chukars","6.75","0","0","23","0","0","25.1","14","19","19","29","42","14.92","-","1.7","-","-","-","2021","pitcher"
"78","J
                                                                        Gomez","Rocky Mountain Vibes","8.14","0","0","15","0","0","24.1","37","27","22","27","26","9.62","-","2.63","-","-","-","2021","pitcher"
"79","M
                                                                        Townsend","Grand Junction Jackalopes","3.8","0","0","17","1","0","23.2","29","13","10","10","16","6.08","-","1.65","-","-","-","2021","pitcher"
"80","A
                                                                        Wright","Missoula PaddleHeads","7.71","0","0","5","5","0","23.1","41","23","20","6","19","7.33","-","2.01","-","-","-","2021","pitcher"
"81","C
                                                                        Cook","Missoula PaddleHeads","8.61","0","0","16","2","0","23","31","23","22","12","29","11.35","-","1.87","-","-","-","2021","pitcher"
"81","A
                                                                        Fishberg","Idaho Falls Chukars","3.52","0","0","13","0","0","23","14","10","9","13","28","10.96","-","1.17","-","-","-","2021","pitcher"
"81","B
                                                                        Norman","Great Falls Voyagers","4.7","0","0","15","1","0","23","20","16","12","20","19","7.43","-","1.74","-","-","-","2021","pitcher"
"84","C
                                                                        Estrada","Idaho Falls Chukars","10.72","0","0","18","0","0","22.2","35","30","27","12","19","7.54","-","2.07","-","-","-","2021","pitcher"
"85","C
                                                                        Mink","Ogden Raptors","8.46","0","0","12","4","0","22.1","30","26","21","18","22","8.87","-","2.15","-","-","-","2021","pitcher"
"86","A
                                                                        Eggleston","Great Falls Voyagers","8.59","0","0","17","0","0","22","33","24","21","9","27","11.05","-","1.91","-","-","-","2021","pitcher"
"87","S
                                                                        Gustafson","Great Falls Voyagers","9.97","0","0","5","5","0","21.2","33","25","24","7","20","8.31","-","1.85","-","-","-","2021","pitcher"
"88","S
                                                                        Davis","Rocky Mountain Vibes","6.75","0","0","15","0","0","21.1","26","21","16","15","21","8.86","-","1.92","-","-","-","2021","pitcher"
"88","A
                                                                        Guajardo","Rocky Mountain Vibes","7.59","0","0","10","1","0","21.1","23","22","18","14","23","9.7","-","1.73","-","-","-","2021","pitcher"
"90","J
                                                                        Seever","Billings Mustangs","7.97","0","0","5","4","0","20.1","33","20","18","4","13","5.75","-","1.82","-","-","-","2021","pitcher"
"91","O
                                                                        Marcelino","Rocky Mountain Vibes","4.5","0","0","15","0","0","20","22","13","10","11","24","10.8","-","1.65","-","-","-","2021","pitcher"
"91","L
                                                                        Summers","Grand Junction Jackalopes","7.65","0","0","14","1","0","20","30","19","17","14","22","9.9","-","2.2","-","-","-","2021","pitcher"
"91","T
                                                                        Tomaka","Boise Hawks","4.05","0","0","13","0","0","20","23","10","9","6","30","13.5","-","1.45","-","-","-","2021","pitcher"
"94","G
                                                                        Westberg","Missoula PaddleHeads","4.58","0","0","23","1","0","19.2","10","10","10","17","27","12.36","-","1.37","-","-","-","2021","pitcher"
"95","S
                                                                        Macias","Rocky Mountain Vibes","3.26","0","0","4","4","0","19.1","22","9","7","3","8","3.72","-","1.29","-","-","-","2021","pitcher"
"96","A
                                                                        Leija","Idaho Falls Chukars","10.61","0","0","18","1","0","18.2","32","22","22","11","21","10.13","-","2.3","-","-","-","2021","pitcher"
"97","R
                                                                        Mintzer","Great Falls Voyagers","15","0","0","10","3","0","18","30","31","30","14","15","7.5","-","2.44","-","-","-","2021","pitcher"
"98","G
                                                                        Bautista","Billings Mustangs","6.11","0","0","8","0","0","17.2","27","14","12","4","16","8.15","-","1.75","-","-","-","2021","pitcher"
"99","F
                                                                        Achecar","Billings Mustangs","5.19","0","0","9","0","0","17.1","23","11","10","1","13","6.75","-","1.38","-","-","-","2021","pitcher"
"99","G
                                                                        Bremer","Idaho Falls Chukars","3.63","0","0","11","0","0","17.1","12","8","7","12","25","12.98","-","1.38","-","-","-","2021","pitcher"
"101","J
                                                                        Talamante","Missoula PaddleHeads","7.71","0","0","7","3","0","16.1","23","14","14","6","9","4.96","-","1.78","-","-","-","2021","pitcher"
"102","A
                                                                        Leach","Grand Junction Jackalopes","5.28","0","0","15","0","0","15.1","21","9","9","9","10","5.87","-","1.96","-","-","-","2021","pitcher"
"103","J
                                                                        Broughton","Ogden Raptors","12.6","0","0","8","2","0","15","24","26","21","6","12","7.2","-","2","-","-","-","2021","pitcher"
"103","T
                                                                        Dixon","Ogden Raptors","7.2","0","0","6","3","0","15","16","12","12","9","18","10.8","-","1.67","-","-","-","2021","pitcher"
"105","J
                                                                        Rosario","Billings Mustangs","19.47","0","0","13","3","0","14.1","16","31","31","24","10","6.28","-","2.79","-","-","-","2021","pitcher"
"106","T
                                                                        Whitty","Ogden Raptors","8.31","0","0","10","1","0","13","27","15","12","7","12","8.31","-","2.62","-","-","-","2021","pitcher"
"107","D
                                                                        Mervis","Billings Mustangs","15.32","0","0","3","3","0","12.1","22","22","21","6","14","10.22","-","2.27","-","-","-","2021","pitcher"
"108","B
                                                                        Parr","Billings Mustangs","4.63","0","0","10","0","0","11.2","13","6","6","2","10","7.71","-","1.29","-","-","-","2021","pitcher"
"108","C
                                                                        Stratton","Grand Junction Jackalopes","5.4","0","0","8","0","0","11.2","13","8","7","6","9","6.94","-","1.63","-","-","-","2021","pitcher"
"110","C
                                                                        Sepulveda","Billings Mustangs","10.32","0","0","10","0","0","11.1","14","15","13","9","14","11.12","-","2.03","-","-","-","2021","pitcher"
"111","R
                                                                        Alexiades","Ogden Raptors","10.64","0","0","4","3","0","11","22","18","13","5","18","14.73","-","2.45","-","-","-","2021","pitcher"
"112","N
                                                                        Diplan","Rocky Mountain Vibes","6.75","0","0","3","1","0","10.2","13","9","8","6","15","12.66","-","1.78","-","-","-","2021","pitcher"
"113","J
                                                                        Matthews","Great Falls Voyagers","10.8","0","0","8","0","0","10","19","18","12","5","18","16.2","-","2.4","-","-","-","2021","pitcher"
"114","P
                                                                        Parks","Ogden Raptors","5.59","0","0","8","1","0","9.2","15","7","6","2","5","4.66","-","1.76","-","-","-","2021","pitcher"
"115","N
                                                                        Emanuel","Great Falls Voyagers","10","0","0","6","0","0","9","16","11","10","7","9","9","-","2.56","-","-","-","2021","pitcher"
"116","F
                                                                        Rodriguez","Rocky Mountain Vibes","15.58","0","0","3","2","0","8.2","15","16","15","5","7","7.27","-","2.31","-","-","-","2021","pitcher"
"117","T
                                                                        Jorgensen","Boise Hawks","15.12","0","0","2","2","0","8.1","18","16","14","4","5","5.4","-","2.64","-","-","-","2021","pitcher"
"118","J
                                                                        Boushelle","Boise Hawks","17.18","0","0","7","0","0","7.1","14","14","14","7","12","14.73","-","2.86","-","-","-","2021","pitcher"
"118","C
                                                                        Caffrey","Ogden Raptors","7.36","0","0","5","0","0","7.1","11","6","6","2","6","7.36","-","1.77","-","-","-","2021","pitcher"
"118","J
                                                                        Newman","Missoula PaddleHeads","0","0","0","8","0","0","7.1","4","0","0","3","12","14.73","-","0.95","-","-","-","2021","pitcher"
"121","A
                                                                        Amicangelo","Billings Mustangs","5.68","0","0","2","0","0","6.1","8","8","4","1","1","1.42","-","1.42","-","-","-","2021","pitcher"
"122","D
                                                                        Maberry","Ogden Raptors","3","0","0","2","1","0","6","6","2","2","3","14","21","-","1.5","-","-","-","2021","pitcher"
"123","K
                                                                        De La Cruz","Ogden Raptors","3.38","0","0","8","1","0","5.1","5","2","2","4","8","13.5","-","1.69","-","-","-","2021","pitcher"
"123","B
                                                                        West","Idaho Falls Chukars","13.5","0","0","4","1","0","5.1","8","8","8","7","4","6.75","-","2.81","-","-","-","2021","pitcher"
"125","E
                                                                        Carrillo","Rocky Mountain Vibes","13.5","0","0","4","0","0","4.2","6","12","7","11","5","9.64","-","3.64","-","-","-","2021","pitcher"
"1","D
                                                                        Abbadessa","Ogden Raptors","0","0","0","0","0","0","0","-","-","-","-","-","0","-","-","-","-","-","2021","pitcher"
"1","W
                                                                        Abreu","Billings Mustangs","0","-","-","-","-","-","0","-","-","-","-","-","0","-","-","-","-","-","2021","pitcher"
"4","D
                                                                        Ackerman","Ogden Raptors","0","-","-","-","-","-","0","-","-","-","-","-","0","-","-","-","-","-","2021","pitcher"
"6","J
                                                                        Akins","Missoula PaddleHeads","0","0","0","0","0","0","0","-","-","-","-","-","0","-","-","-","-","-","2021","pitcher"
"8","Q
                                                                        Alexander","Great Falls Voyagers","0","0","0","0","0","0","0","-","-","-","-","-","0","-","-","-","-","-","2021","pitcher"
"10","Z
                                                                        Almond","Missoula PaddleHeads","0","0","0","0","0","0","0","-","-","-","-","-","0","-","-","-","-","-","2021","pitcher"
"12","J
                                                                        Anderson","Grand Junction Jackalopes","0","0","0","0","0","0","0","-","-","-","-","-","0","-","-","-","-","-","2021","pitcher"
"12","M
                                                                        Annone","Rocky Mountain Vibes","0","0","0","0","0","0","0","-","-","-","-","-","0","-","-","-","-","-","2021","pitcher"
"14","A
                                                                        Armstrong","Ogden Raptors","18","0","0","2","0","0","3","7","6","6","2","2","6","-","3.00","-","-","-","2021","pitcher"
"15","T
                                                                        Atencio","Billings Mustangs","0","-","-","-","-","-","0","-","-","-","-","-","0","-","-","-","-","-","2021","pitcher"
"16","A
                                                                        Atwood","Great Falls Voyagers","10.13","0","0","3","0","0","2.2","7","5","3","0","3","10.13","-","2.63","-","-","-","2021","pitcher"
"17","J
                                                                        Azuaje","Billings Mustangs","0","0","0","0","0","0","0","-","-","-","-","-","0","-","-","-","-","-","2021","pitcher"
"17","J
                                                                        Barfield","Rocky Mountain Vibes","0","0","0","0","0","0","0","-","-","-","-","-","0","-","-","-","-","-","2021","pitcher"
"19","S
                                                                        Barmakian","Idaho Falls Chukars","0","0","0","1","0","0","1.2","2","0","0","0","4","21.6","-","1.20","-","-","-","2021","pitcher"
"20","G
                                                                        Barnes","Rocky Mountain Vibes","0","0","0","0","0","0","0","-","-","-","-","-","0","-","-","-","-","-","2021","pitcher"
"27","B
                                                                        Broussard","Billings Mustangs","0","0","0","0","0","0","0","-","-","-","-","-","0","-","-","-","-","-","2021","pitcher"
"27","B
                                                                        Brown","Missoula PaddleHeads","0","-","-","-","-","-","0","-","-","-","-","-","0","-","-","-","-","-","2021","pitcher"
"27","H
                                                                        Brown","Idaho Falls Chukars","0","0","0","0","0","0","0","-","-","-","-","-","0","-","-","-","-","-","2021","pitcher"
"27","T
                                                                        Brunson","Great Falls Voyagers","0","0","0","0","0","0","0","-","-","-","-","-","0","-","-","-","-","-","2021","pitcher"
"33","A
                                                                        Buendia","Rocky Mountain Vibes","0","0","0","1","0","0","2","2","0","0","2","0","0","-","2.00","-","-","-","2021","pitcher"
"37","T
                                                                        Carranza","Billings Mustangs","0","0","0","0","0","0","0","-","-","-","-","-","0","-","-","-","-","-","2021","pitcher"
"41","A
                                                                        Christensen","Ogden Raptors","0","-","-","-","-","-","0","-","-","-","-","-","0","-","-","-","-","-","2021","pitcher"
"43","A
                                                                        Click","Billings Mustangs","0","-","-","-","-","-","0","-","-","-","-","-","0","-","-","-","-","-","2021","pitcher"
"43","C
                                                                        Comer","Billings Mustangs","0","0","0","0","0","0","0","-","-","-","-","-","0","-","-","-","-","-","2021","pitcher"
"48","K
                                                                        Crowl","Great Falls Voyagers","2.25","0","0","3","0","0","4","3","9","1","5","4","9","-","2.00","-","-","-","2021","pitcher"
"50","P
                                                                        Culbertson","Billings Mustangs","0","-","-","-","-","-","0","-","-","-","-","-","0","-","-","-","-","-","2021","pitcher"
"53","B
                                                                        Daniel","Great Falls Voyagers","0","0","0","0","0","0","0","-","-","-","-","-","0","-","-","-","-","-","2021","pitcher"
"53","D
                                                                        Davis","Ogden Raptors","0","-","-","-","-","-","0","-","-","-","-","-","0","-","-","-","-","-","2021","pitcher"
"57","T
                                                                        DeBonville","Idaho Falls Chukars","0","0","0","0","0","0","0","-","-","-","-","-","0","-","-","-","-","-","2021","pitcher"
"57","M
                                                                        Deeb","Great Falls Voyagers","0","0","0","0","0","0","0","-","-","-","-","-","0","-","-","-","-","-","2021","pitcher"
"59","D
                                                                        Delorefice","Missoula PaddleHeads","5.4","0","0","3","0","0","3.1","2","2","2","2","4","10.8","-","1.20","-","-","-","2021","pitcher"
"61","E
                                                                        Dennis","Rocky Mountain Vibes","0","-","-","-","-","-","0","-","-","-","-","-","0","-","-","-","-","-","2021","pitcher"
"66","A
                                                                        Don","Idaho Falls Chukars","0","0","0","0","0","0","0","-","-","-","-","-","0","-","-","-","-","-","2021","pitcher"
"69","A
                                                                        Elder","Grand Junction Jackalopes","0","0","0","0","0","0","0","-","-","-","-","-","0","-","-","-","-","-","2021","pitcher"
"71","J
                                                                        Elvir","Grand Junction Jackalopes","0","0","0","0","0","0","0","-","-","-","-","-","0","-","-","-","-","-","2021","pitcher"
"73","J
                                                                        Esparza","Rocky Mountain Vibes","0","0","0","1","0","0","0.1","3","3","0","2","0","0","-","15.00","-","-","-","2021","pitcher"
"74","V
                                                                        Esposito","Grand Junction Jackalopes","0","0","0","0","0","0","0","-","-","-","-","-","0","-","-","-","-","-","2021","pitcher"
"77","C
                                                                        Evans","Rocky Mountain Vibes","0","-","-","-","-","-","0","-","-","-","-","-","0","-","-","-","-","-","2021","pitcher"
"79","M
                                                                        Feinstein","Idaho Falls Chukars","0","0","0","0","0","0","0","-","-","-","-","-","0","-","-","-","-","-","2021","pitcher"
"82","A
                                                                        Franco","Billings Mustangs","0","-","-","-","-","-","0","-","-","-","-","-","0","-","-","-","-","-","2021","pitcher"
"86","C
                                                                        Gallardo","Rocky Mountain Vibes","0","0","0","1","0","0","0.1","0","0","0","0","1","27","-",".00","-","-","-","2021","pitcher"
"87","J
                                                                        Garcia","Billings Mustangs","0","0","0","0","0","0","0","-","-","-","-","-","0","-","-","-","-","-","2021","pitcher"
"87","M
                                                                        Garcia","Rocky Mountain Vibes","0","-","-","-","-","-","0","-","-","-","-","-","0","-","-","-","-","-","2021","pitcher"
"87","N
                                                                        Gatewood","Missoula PaddleHeads","0","0","0","0","0","0","0","-","-","-","-","-","0","-","-","-","-","-","2021","pitcher"
"91","J
                                                                        Goldfarb","Ogden Raptors","0","0","0","0","0","0","0","-","-","-","-","-","0","-","-","-","-","-","2021","pitcher"
"97","J
                                                                        Gutierrez","Grand Junction Jackalopes","0","0","0","0","0","0","0","-","-","-","-","-","0","-","-","-","-","-","2021","pitcher"
"97","C
                                                                        Hacker","Billings Mustangs","0","-","-","-","-","-","0","-","-","-","-","-","0","-","-","-","-","-","2021","pitcher"
"97","M
                                                                        Harris","Boise Hawks","0","0","0","0","0","0","0","-","-","-","-","-","0","-","-","-","-","-","2021","pitcher"
"102","H
                                                                        Hisky","Idaho Falls Chukars","0","0","0","0","0","0","0","-","-","-","-","-","0","-","-","-","-","-","2021","pitcher"
"102","J
                                                                        Hollow","Boise Hawks","0","-","-","-","-","-","0","-","-","-","-","-","0","-","-","-","-","-","2021","pitcher"
"102","G
                                                                        Horton","Missoula PaddleHeads","0","0","0","0","0","0","0","-","-","-","-","-","0","-","-","-","-","-","2021","pitcher"
"102","D
                                                                        Hubbard","Grand Junction Jackalopes","0","0","0","0","0","0","0","-","-","-","-","-","0","-","-","-","-","-","2021","pitcher"
"108","C
                                                                        Jefferson","Billings Mustangs","0","-","-","-","-","-","0","-","-","-","-","-","0","-","-","-","-","-","2021","pitcher"
"110","B
                                                                        Jenks","Grand Junction Jackalopes","0","-","-","-","-","-","0","-","-","-","-","-","0","-","-","-","-","-","2021","pitcher"
"111","R
                                                                        Jepson","Great Falls Voyagers","27","0","0","2","0","0","1.2","6","5","5","0","0","0","-","3.60","-","-","-","2021","pitcher"
"111","F
                                                                        Jezioro","Grand Junction Jackalopes","16.2","0","0","3","0","0","1.2","1","3","3","2","3","16.2","-","1.80","-","-","-","2021","pitcher"
"113","J
                                                                        Johnson","Grand Junction Jackalopes","0","-","-","-","-","-","0","-","-","-","-","-","0","-","-","-","-","-","2021","pitcher"
"118","K
                                                                        Kaufman","Ogden Raptors","0","0","0","0","0","0","0","-","-","-","-","-","0","-","-","-","-","-","2021","pitcher"
"120","T
                                                                        Kelly","Idaho Falls Chukars","0","0","0","0","0","0","0","-","-","-","-","-","0","-","-","-","-","-","2021","pitcher"
"122","B
                                                                        Kloess","Great Falls Voyagers","0","-","-","-","-","-","0","-","-","-","-","-","0","-","-","-","-","-","2021","pitcher"
"122","J
                                                                        Kruzel","Billings Mustangs","0","-","-","-","-","-","0","-","-","-","-","-","0","-","-","-","-","-","2021","pitcher"
"1","J
                                                                        Agnew","Grand Junction Jackalopes","5.45","10","3","17","16","0","102.1","117","67","62","15","98","8.62","20","1.29","429","3","1","2022","pitcher"
"2","N
                                                                        Barros","Glacier Range Riders","4.85","8","6","19","17","0","102","114","67","55","36","87","7.68","10","1.47","464","2","7","2022","pitcher"
"3","R
                                                                        Orta","Ogden Raptors","5.34","7","6","17","17","0","94.1","115","61","56","25","82","7.82","8","1.48","422","5","6","2022","pitcher"
"4","C
                                                                        Day","Ogden Raptors","5.3","9","3","18","18","0","90","120","72","53","32","76","7.6","15","1.69","422","4","8","2022","pitcher"
"4","M
                                                                        Lines","Boise Hawks","7.1","3","8","26","12","0","90","133","77","71","27","55","5.5","15","1.78","424","6","2","2022","pitcher"
"6","P
                                                                        Arevalo","Great Falls Voyagers","4.85","8","1","16","14","0","89","107","55","48","13","60","6.07","11","1.35","393","3","9","2022","pitcher"
"6","I
                                                                        Fuentes","Grand Junction Jackalopes","6.37","8","5","18","16","0","89","114","68","63","34","85","8.6","9","1.66","416","4","10","2022","pitcher"
"8","W
                                                                        Buraconak","Colorado Springs Sky Sox","5.11","5","3","18","14","0","88","122","69","50","27","89","9.1","10","1.69","410","7","8","2022","pitcher"
"8","J
                                                                        Dicenso","Idaho Falls Chukars","6.34","5","6","18","18","0","88","111","80","62","33","77","7.88","12","1.64","416","11","10","2022","pitcher"
"10","A
                                                                        Crowson","Missoula PaddleHeads","4.23","7","0","18","18","0","87.1","93","60","41","46","59","6.08","7","1.59","402","14","6","2022","pitcher"
"11","M
                                                                        Gabbert","Boise Hawks","6.62","5","6","19","16","0","87","111","69","64","26","95","9.83","6","1.57","394","5","1","2022","pitcher"
"11","Q
                                                                        Jones","Great Falls Voyagers","6.31","6","5","18","16","0","87","113","75","61","28","58","6","12","1.62","411","10","5","2022","pitcher"
"13","Y
                                                                        Perez","Rocky Mountain Vibes","7.92","4","4","22","15","0","86.1","116","90","76","58","87","9.07","10","2.02","434","6","5","2022","pitcher"
"13","T
                                                                        Solomon","Glacier Range Riders","6.25","4","6","26","10","0","86.1","102","75","60","41","69","7.19","14","1.66","407","7","7","2022","pitcher"
"15","E
                                                                        Gill","Billings Mustangs","3.26","3","1","16","15","0","85.2","85","34","31","29","80","8.4","8","1.33","359","8","-","2022","pitcher"
"15","T
                                                                        Naumann","Great Falls Voyagers","5.46","4","5","15","14","0","85.2","105","59","52","23","82","8.61","8","1.49","389","12","3","2022","pitcher"
"17","V
                                                                        Rodriguez","Idaho Falls Chukars","5.44","3","4","28","11","1","84.1","99","62","51","34","82","8.75","7","1.58","394","4","5","2022","pitcher"
"18","M
                                                                        Timmins","Missoula PaddleHeads","6.1","5","4","17","17","0","82.2","107","65","56","21","67","7.29","10","1.55","375","5","6","2022","pitcher"
"19","J
                                                                        Dobrash","Grand Junction Jackalopes","7.87","5","4","18","16","0","82.1","109","82","72","47","77","8.42","8","1.89","409","6","11","2022","pitcher"
"20","P
                                                                        Snavely","Colorado Springs Sky Sox","6.8","4","4","16","16","0","82","109","70","62","30","68","7.46","10","1.7","385","9","8","2022","pitcher"
"21","I
                                                                        Kahaloa","Grand Junction Jackalopes","6.31","2","5","17","14","0","81.1","96","64","57","27","99","10.95","9","1.51","370","1","7","2022","pitcher"
"22","R
                                                                        Hamby","Glacier Range Riders","4.11","4","3","15","15","0","81","80","44","37","26","59","6.56","5","1.31","350","4","1","2022","pitcher"
"23","K
                                                                        Pilot","Billings Mustangs","5.02","7","5","25","15","1","80.2","88","52","45","46","81","9.04","5","1.66","376","11","6","2022","pitcher"
"24","M
                                                                        Thomas","Great Falls Voyagers","6.78","1","6","20","12","0","78.1","101","75","59","34","52","5.97","10","1.72","378","8","10","2022","pitcher"
"25","J
                                                                        Slocum","Idaho Falls Chukars","6.78","7","6","16","15","0","75.2","94","69","57","27","47","5.59","16","1.6","348","3","5","2022","pitcher"
"26","R
                                                                        Baldenebro","Grand Junction Jackalopes","5.65","6","3","22","9","0","73.1","80","54","46","37","55","6.75","9","1.6","331","7","5","2022","pitcher"
"26","A
                                                                        Schneider","Colorado Springs Sky Sox","7.61","2","7","27","8","1","73.1","92","70","62","44","66","8.1","12","1.85","361","17","11","2022","pitcher"
"28","A
                                                                        Becerra-Lopez","Great Falls Voyagers","5.45","5","3","34","1","2","71","76","50","43","50","81","10.27","7","1.77","349","7","11","2022","pitcher"
"29","G
                                                                        Gorrell","Boise Hawks","7.36","2","8","16","13","0","69.2","101","75","57","36","62","8.01","9","1.97","351","6","4","2022","pitcher"
"29","D
                                                                        Pena","Missoula PaddleHeads","5.17","6","4","19","11","0","69.2","71","46","40","35","83","10.72","4","1.52","319","6","9","2022","pitcher"
"31","P
                                                                        Portela","Ogden Raptors","6.25","5","4","14","13","0","67.2","91","54","47","27","51","6.78","10","1.74","309","4","3","2022","pitcher"
"32","J
                                                                        Wesselmann","Rocky Mountain Vibes","5.21","3","3","14","12","0","67.1","79","45","39","20","65","8.69","8","1.47","292","2","2","2022","pitcher"
"33","R
                                                                        Ottesen","Ogden Raptors","8.45","2","5","20","11","0","65","88","65","61","39","61","8.45","11","1.95","319","11","3","2022","pitcher"
"34","A
                                                                        Stout","Glacier Range Riders","5.2","2","5","17","16","0","64","71","41","37","26","58","8.16","8","1.52","288","2","3","2022","pitcher"
"35","A
                                                                        Villa","Grand Junction Jackalopes","3.13","7","1","20","7","0","63.1","57","27","22","24","81","11.51","2","1.28","275","5","4","2022","pitcher"
"36","B
                                                                        Pooler","Great Falls Voyagers","6.43","3","4","13","13","0","63","80","54","45","23","52","7.43","13","1.63","299","-","5","2022","pitcher"
"37","J
                                                                        Binder","Idaho Falls Chukars","7.38","4","7","16","14","0","61","87","56","50","39","53","7.82","1","2.07","305","6","5","2022","pitcher"
"37","A
                                                                        Fishberg","Idaho Falls Chukars","7.08","4","1","34","1","1","61","64","49","48","34","71","10.48","7","1.61","294","12","10","2022","pitcher"
"39","J
                                                                        Gonzalez","Ogden Raptors","7.5","3","1","27","4","0","60","77","59","50","26","55","8.25","6","1.72","283","4","6","2022","pitcher"
"40","J
                                                                        Nelson","Boise Hawks","5.92","1","0","26","0","0","59.1","77","42","39","17","38","5.76","9","1.58","274","5","5","2022","pitcher"
"41","K
                                                                        Serwa","Billings Mustangs","2.44","5","2","10","10","0","59","57","21","16","9","50","7.63","4","1.12","236","2","-","2022","pitcher"
"42","K
                                                                        Adkins","Colorado Springs Sky Sox","6.17","4","2","38","1","0","58.1","74","49","40","25","46","7.1","8","1.7","270","11","4","2022","pitcher"
"43","K
                                                                        McGinnis","Idaho Falls Chukars","4.47","3","2","44","0","0","56.1","51","34","28","33","74","11.82","5","1.49","252","12","2","2022","pitcher"
"44","N
                                                                        Alexander","Missoula PaddleHeads","5.01","1","1","35","1","0","55.2","53","34","31","27","66","10.67","9","1.44","246","5","3","2022","pitcher"
"45","M
                                                                        Dallas","Boise Hawks","7.24","2","3","30","4","0","54.2","56","46","44","32","56","9.22","5","1.61","262","6","8","2022","pitcher"
"45","F
                                                                        Pace","Billings Mustangs","3.13","8","3","37","0","1","54.2","66","27","19","11","47","7.74","4","1.41","237","5","1","2022","pitcher"
"45","A
                                                                        Seidel","Missoula PaddleHeads","4.77","7","2","10","10","0","54.2","53","31","29","23","49","8.07","7","1.39","237","5","3","2022","pitcher"
"48","C
                                                                        Allen","Rocky Mountain Vibes","8.44","1","2","22","5","0","53.1","69","59","50","22","46","7.76","11","1.71","254","2","4","2022","pitcher"
"48","N
                                                                        Jenkins","Idaho Falls Chukars","4.56","5","1","42","0","7","53.1","69","32","27","16","64","10.8","6","1.59","250","2","3","2022","pitcher"
"50","K
                                                                        Kyle","Glacier Range Riders","6.45","2","4","14","11","0","53","66","40","38","38","47","7.98","9","1.96","259","1","5","2022","pitcher"
"51","K
                                                                        Pindel","Boise Hawks","5.81","4","7","19","7","1","52.2","66","35","34","10","63","10.77","8","1.44","234","5","-","2022","pitcher"
"52","J
                                                                        Leo","Rocky Mountain Vibes","8.71","3","3","12","10","0","51.2","82","57","50","15","51","8.88","17","1.88","255","4","6","2022","pitcher"
"53","J
                                                                        Nunnally Jr","Idaho Falls Chukars","5.79","3","4","43","0","5","51.1","49","38","33","36","81","14.2","7","1.66","238","12","2","2022","pitcher"
"53","F
                                                                        Rodriguez","Rocky Mountain Vibes","10.52","3","4","27","6","0","51.1","82","75","60","44","60","10.52","10","2.45","288","16","7","2022","pitcher"
"55","Y
                                                                        Laureano","Glacier Range Riders","6.57","4","3","17","9","0","50.2","50","38","37","40","33","5.86","7","1.78","235","5","1","2022","pitcher"
"55","N
                                                                        McBride","Boise Hawks","5.33","0","4","44","0","4","50.2","43","35","30","29","64","11.37","6","1.42","224","9","-","2022","pitcher"
"55","D
                                                                        Ragins","Billings Mustangs","8.17","2","3","25","8","0","50.2","62","49","46","32","52","9.24","3","1.86","252","3","7","2022","pitcher"
"58","C
                                                                        Williams","Colorado Springs Sky Sox","6.84","1","4","12","11","0","50","80","46","38","15","34","6.12","6","1.9","248","6","5","2022","pitcher"
"59","B
                                                                        Knoten","Rocky Mountain Vibes","7.61","1","5","12","11","0","49.2","78","47","42","22","30","5.44","3","2.01","251","6","10","2022","pitcher"
"60","S
                                                                        Hellinger","Missoula PaddleHeads","2.01","1","1","39","0","17","49.1","37","11","11","13","74","13.5","-","1.01","196","3","1","2022","pitcher"
"60","B
                                                                        Spears","Boise Hawks","7.11","2","3","13","9","0","49.1","67","47","39","21","46","8.39","6","1.78","238","3","7","2022","pitcher"
"62","C
                                                                        Stratton","Ogden Raptors","4.22","5","2","36","2","0","49","47","28","23","22","53","9.73","1","1.41","221","7","3","2022","pitcher"
"63","K
                                                                        De La Cruz","Colorado Springs Sky Sox","8.69","3","6","12","12","0","48.2","54","48","47","37","41","7.58","5","1.87","236","9","4","2022","pitcher"
"64","B
                                                                        Smith","Billings Mustangs","5.4","3","1","35","0","0","48.1","57","39","29","26","49","9.12","8","1.72","232","3","4","2022","pitcher"
"65","M
                                                                        Quigley","Great Falls Voyagers","4.15","4","0","40","0","13","47.2","48","24","22","12","44","8.31","3","1.26","206","4","1","2022","pitcher"
"66","M
                                                                        Harris","Billings Mustangs","4.4","2","0","30","1","0","47","55","25","23","9","45","8.62","5","1.36","197","3","2","2022","pitcher"
"67","J
                                                                        Cunningham","Billings Mustangs","6.02","1","2","26","3","0","46.1","62","39","31","14","32","6.22","1","1.64","221","5","6","2022","pitcher"
"68","C
                                                                        Thompson","Missoula PaddleHeads","3.35","7","1","37","0","0","45.2","46","20","17","14","43","8.47","6","1.31","197","7","3","2022","pitcher"
"69","R
                                                                        Romano","Idaho Falls Chukars","4.87","3","2","10","7","0","44.1","50","32","24","13","37","7.51","3","1.42","201","6","2","2022","pitcher"
"70","T
                                                                        Schoeninger","Colorado Springs Sky Sox","9.78","2","5","11","11","0","42.1","71","54","46","17","31","6.59","6","2.08","218","9","4","2022","pitcher"
"71","B
                                                                        Bonvillain","Billings Mustangs","1.73","3","2","41","1","10","41.2","30","9","8","7","62","13.39","1","0.89","166","3","6","2022","pitcher"
"72","S
                                                                        Kiley","Billings Mustangs","5.01","3","1","12","7","0","41.1","40","24","23","19","29","6.31","4","1.43","184","2","6","2022","pitcher"
"73","B
                                                                        Demco","Great Falls Voyagers","5.58","4","3","34","0","1","40.1","31","27","25","36","64","14.28","3","1.66","199","4","13","2022","pitcher"
"73","T
                                                                        Walker","Idaho Falls Chukars","8.48","3","4","9","9","0","40.1","56","40","38","17","36","8.03","7","1.81","194","6","4","2022","pitcher"
"75","J
                                                                        Gainer","Great Falls Voyagers","4.12","1","6","29","0","2","39.1","41","30","18","19","32","7.32","4","1.53","178","3","1","2022","pitcher"
"75","L
                                                                        Vanwey","Glacier Range Riders","6.64","2","2","9","9","0","39.1","47","31","29","21","46","10.53","8","1.73","188","5","5","2022","pitcher"
"77","J
                                                                        Coleman","Glacier Range Riders","6.23","0","3","34","0","6","39","44","28","27","19","53","12.23","3","1.62","181","4","4","2022","pitcher"
"78","N
                                                                        Merkel","Missoula PaddleHeads","2.79","5","1","7","7","0","38.2","36","16","12","13","33","7.68","2","1.27","166","4","2","2022","pitcher"
"79","A
                                                                        Cartier","Idaho Falls Chukars","5.26","0","0","24","0","0","37.2","48","31","22","17","27","6.45","2","1.73","187","3","4","2022","pitcher"
"79","A
                                                                        Edwards","Glacier Range Riders","8.6","0","5","8","8","0","37.2","52","39","36","18","28","6.69","8","1.86","183","7","2","2022","pitcher"
"81","C
                                                                        Spear","Great Falls Voyagers","10.13","0","2","20","2","2","37.1","55","44","42","21","26","6.27","10","2.04","189","8","4","2022","pitcher"
"81","C
                                                                        Wilkerson","Colorado Springs Sky Sox","9.88","0","2","31","0","0","37.1","45","45","41","47","49","11.81","7","2.46","203","7","1","2022","pitcher"
"83","T
                                                                        Reynolds","Grand Junction Jackalopes","3.41","0","3","38","0","16","37","41","20","14","11","44","10.7","5","1.41","164","-","4","2022","pitcher"
"84","M
                                                                        Townsend","Grand Junction Jackalopes","7.85","2","2","34","0","0","36.2","53","34","32","8","39","9.57","6","1.66","172","3","3","2022","pitcher"
"85","H
                                                                        DePrimo","Boise Hawks","5.25","2","3","31","1","3","36","47","24","21","14","30","7.5","6","1.69","173","1","1","2022","pitcher"
"85","E
                                                                        Rosario","Grand Junction Jackalopes","7.25","1","0","16","3","0","36","50","32","29","24","22","5.5","3","2.06","179","4","4","2022","pitcher"
"87","N
                                                                        Boyle","Missoula PaddleHeads","4.54","3","0","18","0","0","35.2","40","27","18","18","29","7.32","2","1.63","166","9","-","2022","pitcher"
"87","S
                                                                        Kornstad","Idaho Falls Chukars","8.33","3","3","8","8","0","35.2","55","40","33","17","19","4.79","6","2.02","179","3","2","2022","pitcher"
"89","T
                                                                        Brown","Great Falls Voyagers","6.37","0","0","9","8","0","35.1","38","27","25","21","34","8.66","4","1.67","169","1","4","2022","pitcher"
"89","P
                                                                        Maybach","Billings Mustangs","6.37","1","4","10","7","0","35.1","51","28","25","15","25","6.37","1","1.87","168","3","1","2022","pitcher"
"91","A
                                                                        Smith","Grand Junction Jackalopes","10.03","2","4","10","6","0","35","60","45","39","17","34","8.74","7","2.2","182","3","2","2022","pitcher"
"92","M
                                                                        Sparks","Missoula PaddleHeads","6.75","3","1","7","7","0","34.2","49","30","26","5","15","3.89","5","1.56","158","1","-","2022","pitcher"
"93","P
                                                                        Bayer","Rocky Mountain Vibes","8.13","3","4","26","0","1","34.1","36","35","31","34","53","13.89","-","2.04","177","13","5","2022","pitcher"
"94","C
                                                                        Benton","Colorado Springs Sky Sox","8.74","3","3","28","0","3","34","43","39","33","21","37","9.79","7","1.88","166","4","2","2022","pitcher"
"94","M
                                                                        Cirino","Ogden Raptors","7.41","0","1","34","0","0","34","47","30","28","13","36","9.53","6","1.76","165","1","6","2022","pitcher"
"94","J
                                                                        Ibarra","Grand Junction Jackalopes","2.38","2","0","20","1","0","34","29","13","9","16","40","10.59","-","1.32","148","5","1","2022","pitcher"
"94","M
                                                                        Pozo","Rocky Mountain Vibes","3.97","0","1","31","0","10","34","42","19","15","11","47","12.44","2","1.56","161","4","5","2022","pitcher"
"94","A
                                                                        Steinfort","Glacier Range Riders","3.97","3","1","33","0","4","34","31","15","15","18","28","7.41","4","1.44","146","4","-","2022","pitcher"
"99","L
                                                                        Bender","Idaho Falls Chukars","5.88","1","0","29","0","0","33.2","37","24","22","25","38","10.16","1","1.84","172","11","7","2022","pitcher"
"100","B
                                                                        McCabe","Ogden Raptors","6.48","3","3","27","0","0","33.1","32","26","24","26","45","12.15","3","1.74","156","7","1","2022","pitcher"
"100","G
                                                                        Young","Colorado Springs Sky Sox","2.97","1","0","30","1","4","33.1","30","13","11","18","20","5.4","1","1.44","147","6","3","2022","pitcher"
"102","M
                                                                        Peterson","Boise Hawks","6.27","1","3","14","2","1","33","46","27","23","7","26","7.09","1","1.61","151","1","1","2022","pitcher"
"103","D
                                                                        Baird","Rocky Mountain Vibes","7.16","4","2","9","5","0","32.2","46","28","26","11","30","8.27","4","1.74","152","5","2","2022","pitcher"
"103","S
                                                                        Davis","Rocky Mountain Vibes","5.79","3","2","29","0","2","32.2","40","23","21","17","49","13.5","4","1.74","150","6","4","2022","pitcher"
"103","C
                                                                        Grant-Debose","Great Falls Voyagers","9.64","1","3","10","5","0","32.2","50","39","35","16","20","5.51","4","2.02","162","5","2","2022","pitcher"
"106","T
                                                                        Wyatt","Idaho Falls Chukars","8.91","1","1","17","2","0","32.1","46","32","32","28","43","11.97","10","2.29","172","6","4","2022","pitcher"
"107","C
                                                                        Griffin","Colorado Springs Sky Sox","5.34","2","2","29","1","9","32","35","22","19","18","38","10.69","1","1.66","151","8","5","2022","pitcher"
"107","E
                                                                        McRae","Billings Mustangs","4.22","3","1","6","6","0","32","35","17","15","10","17","4.78","2","1.41","140","1","1","2022","pitcher"
"107","Z
                                                                        Smith","Missoula PaddleHeads","7.88","1","1","15","1","0","32","46","28","28","15","29","8.16","2","1.91","151","8","1","2022","pitcher"
"107","D
                                                                        Swain","Missoula PaddleHeads","3.94","2","1","28","0","1","32","27","14","14","25","48","13.5","2","1.63","146","2","1","2022","pitcher"
"111","A
                                                                        Valle","Rocky Mountain Vibes","7.47","1","1","17","4","0","31.1","43","33","26","18","39","11.2","3","1.95","157","7","2","2022","pitcher"
"112","A
                                                                        Garcia","Great Falls Voyagers","10.74","1","5","7","7","0","31","51","38","37","22","31","9","3","2.35","168","8","5","2022","pitcher"
"112","D
                                                                        Pearce","Ogden Raptors","6.39","1","1","16","4","4","31","50","25","22","14","34","9.87","4","2.06","153","4","2","2022","pitcher"
"114","C
                                                                        Costello","Boise Hawks","5.93","3","2","6","5","0","30.1","42","24","20","19","20","5.93","3","2.01","149","3","2","2022","pitcher"
"114","D
                                                                        Day","Glacier Range Riders","5.34","0","2","12","3","0","30.1","23","18","18","20","44","13.05","3","1.42","139","2","7","2022","pitcher"
"114","G
                                                                        Fletcher","Rocky Mountain Vibes","5.04","2","2","6","6","0","30.1","40","18","17","11","20","5.93","3","1.68","138","3","3","2022","pitcher"
"117","J
                                                                        Parisi","Grand Junction Jackalopes","4.5","1","0","6","6","0","30","33","17","15","12","27","8.1","3","1.5","131","-","-","2022","pitcher"
"118","N
                                                                        Draves","Rocky Mountain Vibes","5.46","3","0","23","0","0","29.2","48","18","18","14","39","11.83","2","2.09","150","5","2","2022","pitcher"
"118","T
                                                                        Elliott","Missoula PaddleHeads","3.03","1","0","21","0","0","29.2","28","15","10","19","30","9.1","1","1.58","131","2","2","2022","pitcher"
"120","B
                                                                        Barnett","Billings Mustangs","5.97","3","2","22","0","0","28.2","30","22","19","23","21","6.59","-","1.85","137","4","2","2022","pitcher"
"120","C
                                                                        Grant-Debose","Colorado Springs Sky Sox","5.34","1","2","19","1","0","28.2","37","26","17","17","30","9.42","7","1.88","149","3","4","2022","pitcher"
"122","R
                                                                        Monsion","Missoula PaddleHeads","7.07","3","1","8","7","0","28","43","29","22","13","22","7.07","6","2","142","3","4","2022","pitcher"
"123","J
                                                                        Correa","Billings Mustangs","4.23","4","0","10","2","0","27.2","20","17","13","7","22","7.16","1","0.98","112","4","7","2022","pitcher"
"124","C
                                                                        Schultz","Missoula PaddleHeads","8.33","2","1","8","6","0","27","39","27","25","7","25","8.33","3","1.7","131","9","-","2022","pitcher"
"125","S
                                                                        Duprey","Ogden Raptors","7.52","1","1","9","5","0","26.1","33","26","22","15","26","8.89","2","1.82","133","5","7","2022","pitcher"
"1","F
                                                                        Aberouette","Glacier Range Riders","0","0","0","0","0","0","0","-","-","-","-","-","0","-","-","-","-","-","2022","pitcher"
"1","F
                                                                        Achecar","Ogden Raptors","0","0","0","0","0","0","0","-","-","-","-","-","0","-","-","-","-","-","2022","pitcher"
"1","C
                                                                        Adams","Colorado Springs Sky Sox","0","0","0","0","0","0","0","-","-","-","-","-","0","-","-","-","-","-","2022","pitcher"
"4","P
                                                                        Adams","Ogden Raptors","0","0","0","1","0","0","1","1","-","-","1","-","0","-","2.00","5","-","-","2022","pitcher"
"7","J
                                                                        Ajamian","Boise Hawks","3","1","0","1","1","0","6","6","3","2","2","6","9","-","1.33","26","-","-","2022","pitcher"
"8","J
                                                                        Akins","Missoula PaddleHeads","0","0","0","0","0","0","0","-","-","-","-","-","0","-","-","-","-","-","2022","pitcher"
"10","R
                                                                        Alexiades","Ogden Raptors","0","0","0","0","0","0","0","-","-","-","-","-","0","-","-","-","-","-","2022","pitcher"
"10","P
                                                                        Alfons","Ogden Raptors","0","-","-","-","-","-","0","-","-","-","-","-","0","-","-","-","-","-","2022","pitcher"
"12","P
                                                                        Alfonseca","Rocky Mountain Vibes","13.97","0","0","7","0","0","9.2","14","15","15","16","9","8.38","-","3.10","59","3","1","2022","pitcher"
"14","R
                                                                        Allen","Colorado Springs Sky Sox","0","0","0","0","0","0","0","-","-","-","-","-","0","-","-","-","-","-","2022","pitcher"
"14","A
                                                                        Alonso","Colorado Springs Sky Sox","0","0","0","0","0","0","0","-","-","-","-","-","0","-","-","-","-","-","2022","pitcher"
"16","G
                                                                        Alvarez","Rocky Mountain Vibes","9.58","0","2","9","2","1","20.2","33","22","22","9","23","10.02","3","2.03","102","-","-","2022","pitcher"
"17","M
                                                                        Annone","Rocky Mountain Vibes","0","0","0","0","0","0","0","-","-","-","-","-","0","-","-","-","-","-","2022","pitcher"
"19","J
                                                                        Asa","Idaho Falls Chukars","21.6","0","0","2","0","0","1.2","4","7","4","5","2","10.8","-","5.40","16","-","1","2022","pitcher"
"20","A
                                                                        Atwood","Great Falls Voyagers","5.06","0","0","6","0","0","5.1","9","3","3","2","1","1.69","-","2.06","27","-","1","2022","pitcher"
"21","J
                                                                        Baggs","Boise Hawks","5.93","0","0","6","0","0","13.2","10","11","9","13","17","11.2","-","1.68","69","4","5","2022","pitcher"
"22","B
                                                                        Bagshaw","Idaho Falls Chukars","0","-","-","-","-","-","0","-","-","-","-","-","0","-","-","-","-","-","2022","pitcher"
"22","J
                                                                        Bailey","Boise Hawks","0","0","0","0","0","0","0","-","-","-","-","-","0","-","-","-","-","-","2022","pitcher"
"25","D
                                                                        Baird","Idaho Falls Chukars","0","-","-","-","-","-","0","-","-","-","-","-","0","-","-","-","-","-","2022","pitcher"
"27","J
                                                                        Barfield","Rocky Mountain Vibes","0","0","0","0","0","0","0","-","-","-","-","-","0","-","-","-","-","-","2022","pitcher"
"27","S
                                                                        Barmakian","Idaho Falls Chukars","0","0","0","0","0","0","0","-","-","-","-","-","0","-","-","-","-","-","2022","pitcher"
"31","J
                                                                        Barth","Billings Mustangs","0","0","0","0","0","0","0","-","-","-","-","-","0","-","-","-","-","-","2022","pitcher"
"31","A
                                                                        Bates","Glacier Range Riders","0","0","0","0","0","0","0","-","-","-","-","-","0","-","-","-","-","-","2022","pitcher"
"34","K
                                                                        Beaucha","Ogden Raptors","0","-","-","-","-","-","0","-","-","-","-","-","0","-","-","-","-","-","2022","pitcher"
"38","J
                                                                        Bermudez","Idaho Falls Chukars","0","0","0","0","0","0","0","-","-","-","-","-","0","-","-","-","-","-","2022","pitcher"
"39","J
                                                                        Beuckelaere","Glacier Range Riders","10.13","0","1","4","0","0","5.1","9","6","6","1","5","8.44","-","1.88","27","1","1","2022","pitcher"
"40","M
                                                                        Biasiello","Glacier Range Riders","4.85","0","0","7","0","0","13","17","7","7","3","16","11.08","3","1.54","59","-","1","2022","pitcher"
"41","D
                                                                        Binder","Rocky Mountain Vibes","0","0","0","1","0","0","2","-","-","-","1","2","9","-",".50","6","-","-","2022","pitcher"
"43","M
                                                                        Blaise","Ogden Raptors","6.75","0","0","1","0","0","1.1","1","1","1","1","1","6.75","-","1.50","6","-","1","2022","pitcher"
"44","C
                                                                        Bocchino","Great Falls Voyagers","0","0","0","0","0","0","0","-","-","-","-","-","0","-","-","-","-","-","2022","pitcher"
"44","J
                                                                        Bogacz","Idaho Falls Chukars","0","-","-","-","-","-","0","-","-","-","-","-","0","-","-","-","-","-","2022","pitcher"
"44","B
                                                                        Bohning","Ogden Raptors","0","0","0","0","0","0","0","-","-","-","-","-","0","-","-","-","-","-","2022","pitcher"
"44","B
                                                                        Bohning","Idaho Falls Chukars","0","0","0","0","0","0","0","-","-","-","-","-","0","-","-","-","-","-","2022","pitcher"
"44","V
                                                                        Bologna","Glacier Range Riders","0","0","0","0","0","0","0","-","-","-","-","-","0","-","-","-","-","-","2022","pitcher"
"49","J
                                                                        Bolt","Colorado Springs Sky Sox","13.5","0","0","2","0","0","3.1","6","5","5","4","3","8.1","2","3.00","19","1","-","2022","pitcher"
"50","M
                                                                        Bono","Grand Junction Jackalopes","8.44","0","0","8","0","0","10.2","19","11","10","6","14","11.81","1","2.34","56","1","1","2022","pitcher"
"52","N
                                                                        Bottari","Colorado Springs Sky Sox","0","0","0","0","0","0","0","-","-","-","-","-","0","-","-","-","-","-","2022","pitcher"
"52","T
                                                                        Bouchard","Colorado Springs Sky Sox","0","0","0","0","0","0","0","-","-","-","-","-","0","-","-","-","-","-","2022","pitcher"
"54","N
                                                                        Boudreau","Boise Hawks","16.2","0","0","2","0","0","1.2","1","3","3","2","2","10.8","-","1.80","9","1","1","2022","pitcher"
"55","S
                                                                        Boyd","Missoula PaddleHeads","0","-","-","-","-","-","0","-","-","-","-","-","0","-","-","-","-","-","2022","pitcher"
"57","S
                                                                        Brewer","Idaho Falls Chukars","20.57","0","0","3","2","0","7","15","16","16","12","8","10.29","1","3.86","50","2","1","2022","pitcher"
"58","J
                                                                        Broughton","Ogden Raptors","0","0","0","0","0","0","0","-","-","-","-","-","0","-","-","-","-","-","2022","pitcher"
"58","B
                                                                        Broussard","Glacier Range Riders","0","0","0","0","0","0","0","-","-","-","-","-","0","-","-","-","-","-","2022","pitcher"
"58","B
                                                                        Brown","Idaho Falls Chukars","0","-","-","-","-","-","0","-","-","-","-","-","0","-","-","-","-","-","2022","pitcher"
"58","R
                                                                        Brown","Idaho Falls Chukars","0","-","-","-","-","-","0","-","-","-","-","-","0","-","-","-","-","-","2022","pitcher"
"63","T
                                                                        Brunson","Great Falls Voyagers","0","0","0","0","0","0","0","-","-","-","-","-","0","-","-","-","-","-","2022","pitcher"
"64","V
                                                                        Buelna","Rocky Mountain Vibes","11.57","1","0","5","0","0","9.1","16","12","12","6","8","7.71","1","2.36","49","-","1","2022","pitcher"
"65","A
                                                                        Buendia","Idaho Falls Chukars","0","0","0","0","0","0","0","-","-","-","-","-","0","-","-","-","-","-","2022","pitcher"
"65","G
                                                                        Buhner","Ogden Raptors","0","0","0","0","0","0","0","-","-","-","-","-","0","-","-","-","-","-","2022","pitcher"
"68","S
                                                                        Burto","Ogden Raptors","6.05","3","0","4","4","0","19.1","21","13","13","12","12","5.59","4","1.71","92","2","6","2022","pitcher"
"69","M
                                                                        Cabeza","Boise Hawks","14.54","0","0","6","0","1","8.2","18","15","14","5","8","8.31","3","2.65","48","2","-","2022","pitcher"
"70","E
                                                                        Callahan","Idaho Falls Chukars","0","0","0","0","0","0","0","-","-","-","-","-","0","-","-","-","-","-","2022","pitcher"
"71","C
                                                                        Campbell","Ogden Raptors","18","0","1","4","0","0","6","14","12","12","4","3","4.5","2","3.00","35","-","2","2022","pitcher"
"72","U
                                                                        Cantu","Rocky Mountain Vibes","27","0","0","1","0","0","0.1","3","1","1","-","-","0","-","9.00","4","-","-","2022","pitcher"
"73","J
                                                                        Carr","Colorado Springs Sky Sox","0","0","0","0","0","0","0","-","-","-","-","-","0","-","-","-","-","-","2022","pitcher"
"74","P
                                                                        Carreno","Rocky Mountain Vibes","108","0","0","1","0","0","1","13","12","12","-","1","9","-","13.00","18","-","2","2022","pitcher"
"76","R
                                                                        Cash","Glacier Range Riders","0","0","0","0","0","0","0","-","-","-","-","-","0","-","-","-","-","-","2022","pitcher"
"77","M
                                                                        Castillo","Grand Junction Jackalopes","7.56","0","0","9","0","0","8.1","4","7","7","6","9","9.72","-","1.20","37","-","-","2022","pitcher"
"78","A
                                                                        Castro","Great Falls Voyagers","10.13","2","2","7","4","0","18.2","30","26","21","12","14","6.75","3","2.25","98","5","4","2022","pitcher"
"79","T
                                                                        Caulfield","Rocky Mountain Vibes","8.72","0","0","10","0","0","21.2","34","25","21","17","16","6.65","-","2.35","118","3","3","2022","pitcher"
"80","T
                                                                        Chapman","Colorado Springs Sky Sox","16.2","0","1","6","0","0","5","12","9","9","6","8","14.4","3","3.60","31","4","-","2022","pitcher"
"81","E
                                                                        Chavarria","Missoula PaddleHeads","27","0","0","1","0","0","1.1","2","4","4","2","1","6.75","1","3.00","8","-","1","2022","pitcher"
"82","P
                                                                        Chung","Missoula PaddleHeads","36","0","1","1","1","0","2","8","8","8","1","1","4.5","-","4.50","16","-","1","2022","pitcher"
"83","P
                                                                        Chung","Idaho Falls Chukars","0","0","0","0","0","0","0","-","-","-","-","-","0","-","-","-","-","-","2022","pitcher"
"84","N
                                                                        Cicci","Missoula PaddleHeads","0","0","0","1","0","0","0.1","-","-","-","-","-","0","-","-","1","-","-","2022","pitcher"
"86","R
                                                                        Cole","Glacier Range Riders","0","0","0","0","0","0","0","-","-","-","-","-","0","-","-","-","-","-","2022","pitcher"
"87","V
                                                                        Cole","Boise Hawks","17.69","0","2","3","3","0","9.2","24","22","19","6","6","5.59","1","3.10","61","-","2","2022","pitcher"
"89","D
                                                                        Connors","Ogden Raptors","0","0","0","0","0","0","0","-","-","-","-","-","0","-","-","-","-","-","2022","pitcher"
"89","A
                                                                        Cornell","Colorado Springs Sky Sox","0","0","0","0","0","0","0","-","-","-","-","-","0","-","-","-","-","-","2022","pitcher"
"93","B
                                                                        Crosby","Colorado Springs Sky Sox","0","0","0","0","0","0","0","-","-","-","-","-","0","-","-","-","-","-","2022","pitcher"
"95","J
                                                                        Cruce","Grand Junction Jackalopes","0","-","-","-","-","-","0","-","-","-","-","-","0","-","-","-","-","-","2022","pitcher"
"97","H
                                                                        Cruz","Ogden Raptors","13.5","0","1","1","1","0","2.2","7","4","4","1","3","10.13","1","3.00","15","-","-","2022","pitcher"
"100","B
                                                                        Daniel","Great Falls Voyagers","0","0","0","0","0","0","0","-","-","-","-","-","0","-","-","-","-","-","2022","pitcher"
"100","B
                                                                        Dansereau","Ogden Raptors","0","0","0","0","0","0","0","-","-","-","-","-","0","-","-","-","-","-","2022","pitcher"
"100","B
                                                                        Davis","Missoula PaddleHeads","0","0","0","1","0","0","0","-","-","-","-","-","0","-","-","-","-","-","2022","pitcher"
"107","L
                                                                        De Paula","Rocky Mountain Vibes","9","0","0","1","0","0","2","3","2","2","-","2","9","-","1.50","9","-","-","2022","pitcher"
"108","C
                                                                        De guzman","Great Falls Voyagers","0","0","0","0","0","0","0","-","-","-","-","-","0","-","-","-","-","-","2022","pitcher"
"108","T
                                                                        DeBonville","Idaho Falls Chukars","0","0","0","0","0","0","0","-","-","-","-","-","0","-","-","-","-","-","2022","pitcher"
"110","S
                                                                        DePalma","Glacier Range Riders","27","0","2","5","0","0","5","15","15","15","5","4","7.2","-","4.00","36","5","-","2022","pitcher"
"112","M
                                                                        DeSanti","Idaho Falls Chukars","0","-","-","-","-","-","0","-","-","-","-","-","0","-","-","-","-","-","2022","pitcher"
"112","M
                                                                        Deeb","Great Falls Voyagers","0","0","0","0","0","0","0","-","-","-","-","-","0","-","-","-","-","-","2022","pitcher"
"114","D
                                                                        Delorefice","Missoula PaddleHeads","5.4","0","0","2","0","0","3.1","5","3","2","5","2","5.4","-","3.00","18","1","1","2022","pitcher"
"116","S
                                                                        Dexter","Colorado Springs Sky Sox","9.15","1","3","4","4","0","19.2","30","25","20","9","22","10.07","1","1.98","101","3","2","2022","pitcher"
"117","E
                                                                        Diaz","Colorado Springs Sky Sox","0","0","0","0","0","0","0","-","-","-","-","-","0","-","-","-","-","-","2022","pitcher"
"117","G
                                                                        Diaz","Rocky Mountain Vibes","0","0","0","0","0","0","0","-","-","-","-","-","0","-","-","-","-","-","2022","pitcher"
"119","L
                                                                        Diaz","Colorado Springs Sky Sox","7.66","0","1","13","1","0","24.2","30","23","21","21","25","9.12","2","2.07","128","11","6","2022","pitcher"
"121","M
                                                                        Dinesen","Glacier Range Riders","0","0","0","0","0","0","0","-","-","-","-","-","0","-","-","-","-","-","2022","pitcher"
"121","B
                                                                        Dixon","Billings Mustangs","0","0","0","0","0","0","0","-","-","-","-","-","0","-","-","-","-","-","2022","pitcher"
"124","H
                                                                        Dollander","Great Falls Voyagers","1.35","2","0","2","2","0","13.1","6","3","2","1","12","8.1","1",".53","51","-","2","2022","pitcher"
"125","A
                                                                        Don","Idaho Falls Chukars","0","0","0","0","0","0","0","-","-","-","-","-","0","-","-","-","-","-","2022","pitcher"
"1","A
                                                                        Villa","Missoula PaddleHeads","2.82","13","1","18","18","0","108.2","99","40","34","35","129","10.68","9","1.23","451","7","5","2023","pitcher"
"2","A
                                                                        Schneider","Colorado Springs Sky Sox","7","5","9","19","18","0","100.1","128","88","78","46","93","8.34","16","1.73","470","16","11","2023","pitcher"
"3","P
                                                                        Long","Rocky Mountain Vibes","5.96","9","4","19","18","0","99.2","127","73","66","43","67","6.05","9","1.71","470","5","9","2023","pitcher"
"4","J
                                                                        Kleinsorge","Grand Junction Jackalopes","4.17","8","2","18","17","0","99.1","108","60","46","33","113","10.24","14","1.42","441","9","6","2023","pitcher"
"5","I
                                                                        Fuentes","Missoula PaddleHeads","5.27","9","3","18","18","0","97.1","116","61","57","27","72","6.66","13","1.47","421","6","4","2023","pitcher"
"6","D
                                                                        Silva","Idaho Falls Chukars","6.12","5","6","16","15","0","97","117","67","66","25","65","6.03","11","1.46","428","4","9","2023","pitcher"
"7","C
                                                                        Schultz","Missoula PaddleHeads","3.82","7","3","18","17","0","96.2","87","48","41","26","91","8.47","11","1.17","403","9","4","2023","pitcher"
"8","F
                                                                        Racioppo","Grand Junction Jackalopes","7.58","3","8","20","16","0","95","119","88","80","69","67","6.35","18","1.98","464","8","16","2023","pitcher"
"9","T
                                                                        Naumann","Great Falls Voyagers","7.16","3","7","22","18","0","93","139","93","74","37","70","6.77","14","1.89","466","15","4","2023","pitcher"
"10","B
                                                                        Gilliam","Ogden Raptors","6.26","9","6","18","18","0","92","117","73","64","30","88","8.61","12","1.6","424","7","9","2023","pitcher"
"11","C
                                                                        Day","Rocky Mountain Vibes","7","8","6","20","18","0","91.1","125","79","71","39","62","6.11","13","1.8","431","7","7","2023","pitcher"
"12","J
                                                                        Pintaro","Glacier Range Riders","6.95","5","6","21","14","0","90.2","114","79","70","33","86","8.54","16","1.62","424","8","15","2023","pitcher"
"13","N
                                                                        Barros","Glacier Range Riders","4.58","9","5","22","15","0","90.1","94","53","46","42","92","9.17","10","1.51","410","5","7","2023","pitcher"
"14","A
                                                                        Smith","Boise Hawks","6.6","5","6","16","16","0","90","102","77","66","47","55","5.5","12","1.66","418","4","6","2023","pitcher"
"15","M
                                                                        Tindall","Colorado Springs Sky Sox","5.82","7","3","21","16","0","86.2","120","78","56","36","61","6.33","11","1.8","419","6","12","2023","pitcher"
"16","T
                                                                        Morrill","Rocky Mountain Vibes","8.9","4","10","22","15","2","86","110","104","85","78","107","11.2","8","2.19","448","8","10","2023","pitcher"
"17","P
                                                                        Maybach","Billings Mustangs","5.51","4","3","16","16","0","85","95","70","52","33","70","7.41","6","1.51","389","7","13","2023","pitcher"
"18","T
                                                                        Walker","Idaho Falls Chukars","10.15","3","11","18","17","0","83.1","134","98","94","54","61","6.59","21","2.26","433","6","7","2023","pitcher"
"19","C
                                                                        Jessee","Colorado Springs Sky Sox","6.33","2","2","26","16","0","81","106","67","57","68","85","9.44","9","2.15","414","15","9","2023","pitcher"
"19","M
                                                                        Voelker","Boise Hawks","6.78","7","5","17","16","0","81","123","70","61","35","42","4.67","19","1.95","398","6","4","2023","pitcher"
"21","K
                                                                        Patel","Billings Mustangs","5.11","4","5","16","15","0","79.1","87","51","45","35","69","7.83","8","1.54","354","6","2","2023","pitcher"
"21","B
                                                                        Spears","Boise Hawks","5.11","9","6","16","16","0","79.1","75","50","45","34","69","7.83","6","1.37","362","6","18","2023","pitcher"
"23","L
                                                                        Trueman","Billings Mustangs","5.95","4","5","16","14","0","78.2","103","56","52","25","42","4.81","12","1.63","350","1","3","2023","pitcher"
"24","N
                                                                        Zegna","Glacier Range Riders","5.99","5","4","15","15","0","76.2","101","57","51","25","49","5.75","10","1.64","353","5","5","2023","pitcher"
"25","J
                                                                        Mullholland","Ogden Raptors","5.59","8","1","15","15","0","75.2","114","54","47","30","69","8.21","11","1.9","362","7","-","2023","pitcher"
"26","W
                                                                        Buraconak","Colorado Springs Sky Sox","6.84","6","4","17","12","0","75","89","64","57","34","65","7.8","13","1.64","348","5","6","2023","pitcher"
"27","J
                                                                        Diaz","Colorado Springs Sky Sox","8.63","2","4","24","11","0","73","106","75","70","50","73","9","16","2.14","370","4","9","2023","pitcher"
"28","T
                                                                        Jackson","Billings Mustangs","4.78","4","3","28","4","4","69.2","68","48","37","40","86","11.11","9","1.55","323","12","7","2023","pitcher"
"29","K
                                                                        Pindel","Boise Hawks","6.62","3","2","14","14","0","66.2","92","53","49","23","58","7.83","6","1.72","305","4","2","2023","pitcher"
"29","M
                                                                        Stone","Ogden Raptors","5.26","4","5","14","13","0","66.2","68","46","39","32","81","10.93","10","1.5","304","5","4","2023","pitcher"
"31","B
                                                                        Held","Great Falls Voyagers","5.89","4","5","17","10","0","65.2","76","48","43","28","79","10.83","14","1.58","304","7","5","2023","pitcher"
"32","M
                                                                        Harris","Billings Mustangs","5.51","3","7","28","4","0","65.1","86","51","40","13","60","8.27","10","1.52","296","1","2","2023","pitcher"
"33","C
                                                                        Minchey","Great Falls Voyagers","4.18","3","4","13","11","0","64.2","76","44","30","9","37","5.15","6","1.31","281","4","6","2023","pitcher"
"34","G
                                                                        Blackman","Great Falls Voyagers","5.8","3","5","19","9","0","63.2","83","55","41","27","47","6.64","5","1.73","304","8","2","2023","pitcher"
"34","Z
                                                                        Ottinger","Rocky Mountain Vibes","4.95","5","0","18","9","0","63.2","79","41","35","28","36","5.09","9","1.68","296","1","7","2023","pitcher"
"36","P
                                                                        Miner","Glacier Range Riders","6.25","6","4","13","11","0","63.1","96","57","44","15","49","6.96","9","1.75","297","5","3","2023","pitcher"
"37","A
                                                                        Bloebaum","Grand Junction Jackalopes","6.86","2","3","16","9","0","63","80","54","48","25","74","10.57","11","1.67","295","5","4","2023","pitcher"
"38","P
                                                                        Arevalo","Ogden Raptors","5.11","5","3","12","12","0","61.2","60","39","35","22","50","7.3","11","1.33","263","-","4","2023","pitcher"
"38","K
                                                                        Bartlett","Grand Junction Jackalopes","8.76","2","3","21","3","2","61.2","97","65","60","26","52","7.59","9","1.99","309","4","4","2023","pitcher"
"40","J
                                                                        White","Glacier Range Riders","7.04","3","7","14","13","0","61.1","79","58","48","36","69","10.13","6","1.88","292","2","-","2023","pitcher"
"41","D
                                                                        Baird","Idaho Falls Chukars","10.24","1","7","21","8","0","60.2","109","72","69","39","53","7.86","9","2.44","330","16","7","2023","pitcher"
"41","V
                                                                        Rodriguez","Idaho Falls Chukars","8.16","3","2","30","3","0","60.2","85","65","55","34","56","8.31","4","1.96","303","6","7","2023","pitcher"
"43","C
                                                                        Allen","Grand Junction Jackalopes","6.9","2","6","13","12","0","60","76","50","46","33","49","7.35","9","1.82","282","4","1","2023","pitcher"
"44","G
                                                                        Gorrell","Boise Hawks","5.49","4","1","16","2","1","57.1","69","37","35","20","54","8.48","5","1.55","255","3","-","2023","pitcher"
"44","D
                                                                        Gotto","Idaho Falls Chukars","8.16","3","6","11","11","0","57.1","97","65","52","20","34","5.34","9","2.04","292","3","6","2023","pitcher"
"46","J
                                                                        Clark","Glacier Range Riders","6.79","5","3","13","11","0","57","71","53","43","30","49","7.74","14","1.77","273","4","7","2023","pitcher"
"46","A
                                                                        Garcia","Missoula PaddleHeads","5.53","3","3","32","5","9","57","51","39","35","36","76","12","3","1.53","264","18","6","2023","pitcher"
"48","B
                                                                        Bagshaw","Idaho Falls Chukars","8.73","0","5","29","5","5","55.2","83","64","54","39","36","5.82","9","2.19","294","11","6","2023","pitcher"
"49","K
                                                                        Pilot","Missoula PaddleHeads","3.95","8","1","9","9","0","54.2","54","27","24","21","46","7.57","5","1.37","227","4","5","2023","pitcher"
"49","J
                                                                        Slocum","Idaho Falls Chukars","9.22","2","7","16","9","0","54.2","96","74","56","22","30","4.94","8","2.16","290","3","8","2023","pitcher"
"49","R
                                                                        Widell","Boise Hawks","5.27","5","3","11","11","0","54.2","63","39","32","28","56","9.22","6","1.66","255","4","4","2023","pitcher"
"52","Z
                                                                        Penrod","Missoula PaddleHeads","2.98","4","1","13","10","2","54.1","39","29","18","32","65","10.77","8","1.31","236","2","1","2023","pitcher"
"52","C
                                                                        Stratton","Ogden Raptors","7.79","1","5","20","4","1","54.1","68","58","47","34","60","9.94","10","1.88","269","11","3","2023","pitcher"
"54","E
                                                                        Baram","Ogden Raptors","6.88","3","6","14","9","0","53.2","64","44","41","23","40","6.71","9","1.62","250","6","11","2023","pitcher"
"54","J
                                                                        Dicenso","Idaho Falls Chukars","11.24","1","5","14","14","0","53.2","84","71","67","38","44","7.38","9","2.27","289","12","7","2023","pitcher"
"56","B
                                                                        Pooler","Great Falls Voyagers","7.79","2","3","19","7","2","52","77","48","45","21","54","9.35","6","1.88","253","4","5","2023","pitcher"
"57","J
                                                                        Cunningham","Rocky Mountain Vibes","5.96","3","3","48","1","1","51.1","72","43","34","16","27","4.73","3","1.71","242","3","7","2023","pitcher"
"58","M
                                                                        Guzman","Rocky Mountain Vibes","9.41","4","2","23","4","0","50.2","70","61","53","41","60","10.66","7","2.19","269","11","6","2023","pitcher"
"58","E
                                                                        Swanson","Missoula PaddleHeads","2.66","4","2","32","0","0","50.2","43","16","15","28","61","10.84","3","1.4","223","5","7","2023","pitcher"
"60","B
                                                                        Kaminer","Colorado Springs Sky Sox","9.18","5","4","15","9","0","50","68","59","51","43","35","6.3","10","2.22","263","5","5","2023","pitcher"
"60","C
                                                                        Linton","Colorado Springs Sky Sox","4.86","3","4","42","0","0","50","49","39","27","31","66","11.88","8","1.6","235","6","4","2023","pitcher"
"60","R
                                                                        Ottesen","Ogden Raptors","8.1","3","0","24","2","0","50","70","47","45","27","50","9","7","1.94","247","5","1","2023","pitcher"
"63","C
                                                                        Wills","Colorado Springs Sky Sox","5.14","3","4","45","0","13","49","59","40","28","25","65","11.94","7","1.71","232","10","1","2023","pitcher"
"64","J
                                                                        Gonzalez","Idaho Falls Chukars","4.34","3","0","14","5","0","47.2","65","34","23","14","41","7.74","5","1.66","225","5","5","2023","pitcher"
"64","M
                                                                        Timmins","Missoula PaddleHeads","4.72","6","1","21","3","0","47.2","53","26","25","13","44","8.31","6","1.38","209","-","4","2023","pitcher"
"66","C
                                                                        Macca","Rocky Mountain Vibes","7.99","1","6","40","2","3","47.1","67","47","42","35","35","6.65","5","2.15","242","3","6","2023","pitcher"
"67","E
                                                                        McRae","Billings Mustangs","7.85","4","1","12","9","0","47","59","48","41","28","36","6.89","7","1.85","232","10","5","2023","pitcher"
"67","M
                                                                        Shill","Ogden Raptors","6.7","2","0","41","0","0","47","73","41","35","20","43","8.23","7","1.98","233","3","6","2023","pitcher"
"69","R
                                                                        Brown","Idaho Falls Chukars","9.2","3","0","28","0","1","46","73","54","47","24","31","6.07","10","2.11","242","5","9","2023","pitcher"
"70","J
                                                                        Evans","Billings Mustangs","9.07","2","4","11","9","0","45.2","54","46","46","38","24","4.73","6","2.01","224","5","9","2023","pitcher"
"70","M
                                                                        Sox","Boise Hawks","6.9","1","5","12","10","1","45.2","55","39","35","21","39","7.69","10","1.66","215","2","5","2023","pitcher"
"72","M
                                                                        Peterson","Boise Hawks","7.94","3","2","19","0","2","45.1","73","46","40","9","36","7.15","9","1.81","214","2","4","2023","pitcher"
"73","D
                                                                        Day","Missoula PaddleHeads","4.2","4","2","9","9","0","45","47","27","21","14","48","9.6","4","1.36","192","1","6","2023","pitcher"
"73","A
                                                                        Dill","Missoula PaddleHeads","6.8","3","2","20","2","1","45","68","43","34","18","54","10.8","5","1.91","219","6","1","2023","pitcher"
"75","B
                                                                        Traxel","Rocky Mountain Vibes","5.64","2","3","9","9","0","44.2","66","30","28","13","34","6.85","4","1.77","205","2","1","2023","pitcher"
"76","J
                                                                        Coleman","Glacier Range Riders","2.86","5","0","41","0","8","44","33","14","14","12","58","11.86","6","1.02","179","4","7","2023","pitcher"
"77","N
                                                                        Alexander","Boise Hawks","3.09","2","1","27","0","9","43.2","44","19","15","14","46","9.48","3","1.33","185","4","3","2023","pitcher"
"78","D
                                                                        Marrufo","Boise Hawks","6.91","2","0","34","0","3","43","54","36","33","30","33","6.91","4","1.95","219","6","10","2023","pitcher"
"79","K
                                                                        McGinnis","Billings Mustangs","5.91","4","2","31","0","0","42.2","43","31","28","33","40","8.44","5","1.78","206","14","7","2023","pitcher"
"79","M
                                                                        Quigley","Glacier Range Riders","6.12","1","4","36","0","2","42.2","60","34","29","14","33","6.96","5","1.73","200","4","1","2023","pitcher"
"81","S
                                                                        Gustafson","Great Falls Voyagers","7.65","1","3","15","7","0","42.1","68","46","36","20","31","6.59","5","2.08","220","1","6","2023","pitcher"
"81","N
                                                                        Jenkins","Billings Mustangs","6.17","2","2","36","0","2","42.1","58","38","29","20","42","8.93","5","1.84","203","9","2","2023","pitcher"
"81","H
                                                                        Schilperoort","Billings Mustangs","3.19","3","1","36","0","8","42.1","37","16","15","14","55","11.69","3","1.2","180","5","5","2023","pitcher"
"84","N
                                                                        Draves","Colorado Springs Sky Sox","4.71","1","1","24","5","0","42","55","25","22","14","45","9.64","3","1.64","198","6","5","2023","pitcher"
"85","C
                                                                        Thompson","Missoula PaddleHeads","4.46","1","4","37","0","1","40.1","35","23","20","17","40","8.93","2","1.29","180","6","3","2023","pitcher"
"86","R
                                                                        Hamby","Glacier Range Riders","7.03","2","3","9","8","0","39.2","54","42","31","20","33","7.49","4","1.87","198","6","2","2023","pitcher"
"86","J
                                                                        Walker","Colorado Springs Sky Sox","9.76","2","0","15","7","0","39.2","70","46","43","16","24","5.45","10","2.17","202","2","1","2023","pitcher"
"88","J
                                                                        Smith","Grand Junction Jackalopes","13.38","1","2","17","4","0","39","63","59","58","38","31","7.15","12","2.59","211","10","5","2023","pitcher"
"88","B
                                                                        Williams","Idaho Falls Chukars","6.46","3","4","36","0","9","39","44","29","28","21","39","9","7","1.67","182","6","2","2023","pitcher"
"90","R
                                                                        Butz","Rocky Mountain Vibes","5.82","1","1","31","0","1","38.2","47","28","25","22","33","7.68","5","1.78","187","2","3","2023","pitcher"
"90","C
                                                                        Woods","Rocky Mountain Vibes","8.84","2","3","11","9","0","38.2","53","47","38","31","31","7.22","7","2.17","199","4","1","2023","pitcher"
"92","L
                                                                        Malone","Boise Hawks","9","2","4","22","0","0","38","62","41","38","14","28","6.63","8","2","180","6","-","2023","pitcher"
"92","N
                                                                        McBride","Boise Hawks","3.55","0","1","35","0","2","38","42","16","15","22","52","12.32","3","1.68","177","5","1","2023","pitcher"
"94","K
                                                                        Dickey","Rocky Mountain Vibes","5.97","1","5","12","6","0","37.2","37","33","25","41","22","5.26","5","2.07","194","4","5","2023","pitcher"
"94","J
                                                                        Natoli","Glacier Range Riders","4.78","3","0","34","0","3","37.2","34","21","20","35","35","8.36","3","1.83","178","3","2","2023","pitcher"
"96","Q
                                                                        Waterhouse","Ogden Raptors","4.82","3","2","32","0","0","37.1","38","26","20","14","32","7.71","2","1.39","167","3","3","2023","pitcher"
"97","R
                                                                        Cloude","Glacier Range Riders","6.32","0","0","31","1","0","37","50","30","26","10","38","9.24","6","1.62","179","6","4","2023","pitcher"
"97","E
                                                                        Kowalski","Boise Hawks","4.38","2","1","21","0","1","37","38","23","18","17","40","9.73","3","1.49","171","3","6","2023","pitcher"
"97","C
                                                                        Repetti","Billings Mustangs","2.43","6","1","8","6","0","37","37","15","10","14","20","4.86","4","1.38","162","4","3","2023","pitcher"
"100","C
                                                                        Housley","Glacier Range Riders","3.96","3","1","29","0","0","36.1","38","19","16","18","33","8.17","2","1.54","165","4","8","2023","pitcher"
"101","J
                                                                        Kengott","Billings Mustangs","10.5","0","4","10","8","0","36","51","46","42","36","26","6.5","7","2.42","192","6","6","2023","pitcher"
"102","T
                                                                        Johnson","Grand Junction Jackalopes","8.83","3","3","20","0","0","35.2","42","39","35","25","40","10.09","7","1.88","177","7","8","2023","pitcher"
"102","D
                                                                        Kubiuk","Ogden Raptors","0.5","1","0","35","0","15","35.2","26","3","2","9","50","12.62","1","0.98","142","3","1","2023","pitcher"
"104","R
                                                                        Robles","Glacier Range Riders","7.46","0","2","38","0","2","35","44","31","29","21","33","8.49","6","1.86","169","5","5","2023","pitcher"
"105","J
                                                                        LaRossa","Missoula PaddleHeads","4.5","0","0","34","0","0","34","27","18","17","22","43","11.38","4","1.44","152","5","3","2023","pitcher"
"106","F
                                                                        Pace","Ogden Raptors","6.42","1","2","24","1","0","33.2","45","26","24","13","23","6.15","3","1.72","160","4","1","2023","pitcher"
"107","J
                                                                        Bogacz","Idaho Falls Chukars","7.02","1","2","30","0","0","33.1","44","39","26","24","34","9.18","1","2.04","172","3","1","2023","pitcher"
"108","L
                                                                        Fuenmayor","Missoula PaddleHeads","5.45","4","2","34","0","0","33","33","20","20","18","39","10.64","3","1.55","154","1","5","2023","pitcher"
"108","K
                                                                        Ward","Rocky Mountain Vibes","6","1","2","10","5","0","33","38","24","22","29","28","7.64","3","2.03","164","6","3","2023","pitcher"
"108","T
                                                                        Wyatt","Idaho Falls Chukars","10.36","0","4","11","6","0","33","54","39","38","11","35","9.55","9","1.97","164","2","2","2023","pitcher"
"111","D
                                                                        Landis","Colorado Springs Sky Sox","8.27","2","0","28","0","2","32.2","37","33","30","25","30","8.27","6","1.9","166","12","7","2023","pitcher"
"111","B
                                                                        McPherson","Billings Mustangs","5.23","3","0","8","7","0","32.2","40","19","19","14","24","6.61","1","1.65","146","5","1","2023","pitcher"
"113","M
                                                                        Hess","Ogden Raptors","5.34","3","1","6","5","0","32","47","24","19","10","16","4.5","3","1.78","152","6","1","2023","pitcher"
"113","M
                                                                        Simon","Missoula PaddleHeads","5.63","1","3","32","0","12","32","35","21","20","13","46","12.94","2","1.5","145","1","4","2023","pitcher"
"115","J
                                                                        Zigan","Idaho Falls Chukars","10.52","0","0","19","0","1","31.2","50","39","37","13","21","5.97","7","1.99","156","6","-","2023","pitcher"
"116","J
                                                                        Dobrash","Grand Junction Jackalopes","15.85","1","5","10","7","0","30.2","59","57","54","30","24","7.04","11","2.9","190","9","11","2023","pitcher"
"117","D
                                                                        Ross","Colorado Springs Sky Sox","8.6","2","3","26","0","0","30.1","40","30","29","17","27","8.01","4","1.88","144","-","2","2023","pitcher"
"118","B
                                                                        McCabe","Ogden Raptors","7.5","1","2","34","0","2","30","32","29","25","27","55","16.5","4","1.97","155","5","4","2023","pitcher"
"118","I
                                                                        Oxnevad","Boise Hawks","7.5","1","2","7","6","0","30","37","28","25","15","22","6.6","4","1.73","142","5","4","2023","pitcher"
"120","C
                                                                        Runge","Missoula PaddleHeads","10.01","1","3","9","4","0","29.2","41","37","33","22","11","3.34","5","2.12","157","5","11","2023","pitcher"
"120","N
                                                                        Zeglin","Rocky Mountain Vibes","3.03","3","0","6","6","0","29.2","28","10","10","9","39","11.83","1","1.25","125","2","1","2023","pitcher"
"122","B
                                                                        McFadden","Boise Hawks","5.28","1","0","30","0","0","29","30","17","17","17","29","9","3","1.62","135","2","5","2023","pitcher"
"123","C
                                                                        Marley","Grand Junction Jackalopes","6.59","1","0","24","0","6","28.2","39","23","21","19","25","7.85","3","2.02","142","3","2","2023","pitcher"
"124","P
                                                                        Harris","Great Falls Voyagers","10.16","3","0","16","1","0","28.1","50","34","32","9","27","8.58","7","2.08","147","4","2","2023","pitcher"
"125","B
                                                                        Lorah","Great Falls Voyagers","7.39","0","2","11","3","0","28","46","29","23","9","27","8.68","6","1.96","141","3","3","2023","pitcher"
"1","E
                                                                        Acosta","Idaho Falls Chukars","0","0","0","0","0","0","0","-","-","-","-","-","0","-","-","-","-","-","2023","pitcher"
"1","J
                                                                        Ajamian","Billings Mustangs","0","0","0","0","0","0","0","-","-","-","-","-","0","-","-","-","-","-","2023","pitcher"
"1","J
                                                                        Akins","Missoula PaddleHeads","0","0","0","0","0","0","0","-","-","-","-","-","0","-","-","-","-","-","2023","pitcher"
"5","R
                                                                        Alexiades","Ogden Raptors","0","0","0","0","0","0","0","-","-","-","-","-","0","-","-","-","-","-","2023","pitcher"
"5","R
                                                                        Allen Jr.","Boise Hawks","0","0","0","0","0","0","0","-","-","-","-","-","0","-","-","-","-","-","2023","pitcher"
"8","L
                                                                        Almonte","Rocky Mountain Vibes","10.57","0","1","7","0","0","7.2","11","9","9","9","3","3.52","-","2.61","42","-","1","2023","pitcher"
"9","A
                                                                        Alonso","Boise Hawks","0","0","0","0","0","0","0","-","-","-","-","-","0","-","-","-","-","-","2023","pitcher"
"10","J
                                                                        Alvarez","Missoula PaddleHeads","12","0","0","2","0","0","3","2","4","4","4","2","6","1","2.00","16","-","1","2023","pitcher"
"11","E
                                                                        Americaan","Rocky Mountain Vibes","0","0","0","0","0","0","0","-","-","-","-","-","0","-","-","-","-","-","2023","pitcher"
"13","J
                                                                        Ariza","Rocky Mountain Vibes","45","0","0","1","0","0","1","6","5","5","1","2","18","2","7.00","10","-","-","2023","pitcher"
"14","J
                                                                        Armstrong","Great Falls Voyagers","7.2","0","0","5","0","0","5","7","4","4","2","1","1.8","2","1.80","24","1","-","2023","pitcher"
"15","E
                                                                        Arteaga","Boise Hawks","0","0","0","0","0","0","0","-","-","-","-","-","0","-","-","-","-","-","2023","pitcher"
"16","A
                                                                        Atwood","Great Falls Voyagers","9","0","0","1","0","0","2","1","2","2","1","-","0","-","1.00","8","2","1","2023","pitcher"
"17","A
                                                                        Baeza","Boise Hawks","0","0","0","0","0","0","0","-","-","-","-","-","0","-","-","-","-","-","2023","pitcher"
"20","R
                                                                        Baldenebro","Grand Junction Jackalopes","13.5","0","0","4","1","0","8","18","14","12","7","6","6.75","1","3.13","47","2","1","2023","pitcher"
"22","J
                                                                        Barfield","Rocky Mountain Vibes","0","0","0","0","0","0","0","-","-","-","-","-","0","-","-","-","-","-","2023","pitcher"
"22","S
                                                                        Barmakian","Rocky Mountain Vibes","0","0","0","0","0","0","0","-","-","-","-","-","0","-","-","-","-","-","2023","pitcher"
"24","L
                                                                        Barns","Ogden Raptors","4.5","0","0","2","0","0","2","4","2","1","-","1","4.5","-","2.00","11","-","-","2023","pitcher"
"27","C
                                                                        Barton","Grand Junction Jackalopes","9.49","2","0","17","1","0","24.2","41","32","26","18","13","4.74","4","2.39","131","1","-","2023","pitcher"
"28","A
                                                                        Bates","Glacier Range Riders","0","0","0","0","0","0","0","-","-","-","-","-","0","-","-","-","-","-","2023","pitcher"
"29","A
                                                                        Becerra-Lopez","Great Falls Voyagers","4.82","0","0","9","0","0","9.1","12","9","5","8","7","6.75","-","2.14","51","-","2","2023","pitcher"
"30","T
                                                                        Benincaso","Ogden Raptors","0","-","-","-","-","-","0","-","-","-","-","-","0","-","-","-","-","-","2023","pitcher"
"30","A
                                                                        Bernard","Missoula PaddleHeads","0","0","0","0","0","0","0","-","-","-","-","-","0","-","-","-","-","-","2023","pitcher"
"33","B
                                                                        Blessie","Great Falls Voyagers","9.31","0","0","10","0","0","9.2","9","12","10","10","15","13.97","2","1.97","51","-","2","2023","pitcher"
"35","K
                                                                        Blum","Missoula PaddleHeads","6.41","0","0","32","0","0","26.2","17","29","19","35","41","13.84","3","1.95","140","9","7","2023","pitcher"
"36","C
                                                                        Bocchino","Great Falls Voyagers","0","0","0","0","0","0","0","-","-","-","-","-","0","-","-","-","-","-","2023","pitcher"
"38","B
                                                                        Bohning","Idaho Falls Chukars","0","0","0","0","0","0","0","-","-","-","-","-","0","-","-","-","-","-","2023","pitcher"
"39","B
                                                                        Bonner","Ogden Raptors","9","0","0","2","0","0","2","5","2","2","1","1","4.5","-","3.00","12","-","-","2023","pitcher"
"40","N
                                                                        Bottari","Colorado Springs Sky Sox","0","0","0","0","0","0","0","-","-","-","-","-","0","-","-","-","-","-","2023","pitcher"
"40","T
                                                                        Bouchard","Colorado Springs Sky Sox","0","0","0","0","0","0","0","-","-","-","-","-","0","-","-","-","-","-","2023","pitcher"
"42","N
                                                                        Boudreau","Boise Hawks","6.75","0","0","1","0","0","1.1","2","1","1","3","-","0","-","3.75","9","1","-","2023","pitcher"
"43","L
                                                                        Bowman","Ogden Raptors","0","0","0","0","0","0","0","-","-","-","-","-","0","-","-","-","-","-","2023","pitcher"
"44","N
                                                                        Boyle","Missoula PaddleHeads","3","0","0","5","0","1","6","5","2","2","1","5","7.5","-","1.00","24","-","-","2023","pitcher"
"45","A
                                                                        Brautman","Grand Junction Jackalopes","0","0","0","0","0","0","0","-","-","-","-","-","0","-","-","-","-","-","2023","pitcher"
"45","J
                                                                        Broughton","Ogden Raptors","0","0","0","0","0","0","0","-","-","-","-","-","0","-","-","-","-","-","2023","pitcher"
"47","B
                                                                        Brown","Great Falls Voyagers","18","0","0","2","1","0","5","13","10","10","2","2","3.6","4","3.00","30","-","-","2023","pitcher"
"48","B
                                                                        Brown","Idaho Falls Chukars","0","0","0","0","0","0","0","-","-","-","-","-","0","-","-","-","-","-","2023","pitcher"
"50","A
                                                                        Buendia","Grand Junction Jackalopes","10.5","0","0","3","0","0","6","7","7","7","5","2","3","2","2.00","30","-","1","2023","pitcher"
"53","M
                                                                        Byrne","Rocky Mountain Vibes","Inf","0","0","1","0","0","0","-","2","2","2","-","0","-","-","3","-","1","2023","pitcher"
"54","R
                                                                        Campbell","Rocky Mountain Vibes","11.32","0","1","3","3","0","10.1","16","13","13","10","9","7.84","2","2.52","55","5","1","2023","pitcher"
"55","T
                                                                        Candelaria","Missoula PaddleHeads","0","0","0","0","0","0","0","-","-","-","-","-","0","-","-","-","-","-","2023","pitcher"
"55","A
                                                                        Canty","Billings Mustangs","0","-","-","-","-","-","0","-","-","-","-","-","0","-","-","-","-","-","2023","pitcher"
"57","B
                                                                        Carson","Rocky Mountain Vibes","21.6","0","1","1","1","0","1.2","4","6","4","2","3","16.2","-","3.60","13","-","-","2023","pitcher"
"58","C
                                                                        Carver","Missoula PaddleHeads","15.12","0","1","4","3","0","8.1","20","15","14","4","7","7.56","1","2.88","49","-","-","2023","pitcher"
"59","R
                                                                        Cash","Missoula PaddleHeads","18","0","0","1","0","0","1","2","2","2","-","-","0","-","2.00","7","-","2","2023","pitcher"
"60","M
                                                                        Castillo","Great Falls Voyagers","0","-","-","-","-","-","0","-","-","-","-","-","0","-","-","-","-","-","2023","pitcher"
"61","A
                                                                        Cedano","Rocky Mountain Vibes","8.25","0","2","12","0","5","12","18","11","11","9","11","8.25","1","2.25","60","2","-","2023","pitcher"
"62","J
                                                                        Cervantes","Great Falls Voyagers","9.56","0","3","5","4","0","16","23","23","17","10","9","5.06","2","2.06","83","1","3","2023","pitcher"
"63","D
                                                                        Champagne","Ogden Raptors","27","0","0","5","0","0","4.1","7","13","13","9","6","12.46","2","3.69","30","4","1","2023","pitcher"
"64","S
                                                                        Charle","Rocky Mountain Vibes","3.38","0","0","11","0","1","10.2","10","4","4","6","8","6.75","1","1.50","50","1","2","2023","pitcher"
"65","A
                                                                        Chouinard","Grand Junction Jackalopes","0","0","0","0","0","0","0","-","-","-","-","-","0","-","-","-","-","-","2023","pitcher"
"65","P
                                                                        Chung","Missoula PaddleHeads","0","0","0","0","0","0","0","-","-","-","-","-","0","-","-","-","-","-","2023","pitcher"
"67","M
                                                                        Cirino","Grand Junction Jackalopes","7.42","3","2","15","2","1","26.2","32","24","22","14","28","9.45","5","1.72","128","1","3","2023","pitcher"
"69","J
                                                                        Clark","Missoula PaddleHeads","0","-","-","-","-","-","0","-","-","-","-","0","0","-","-","-","-","-","2023","pitcher"
"69","M
                                                                        Clayton","Glacier Range Riders","0","0","0","0","0","0","0","-","-","-","-","-","0","-","-","-","-","-","2023","pitcher"
"72","C
                                                                        Coipel","Great Falls Voyagers","0","0","0","0","0","0","0","-","-","-","-","-","0","-","-","-","-","-","2023","pitcher"
"72","C
                                                                        Coipel","Ogden Raptors","0","-","-","-","-","-","0","-","-","-","-","-","0","-","-","-","-","-","2023","pitcher"
"76","S
                                                                        Colon","Rocky Mountain Vibes","20.25","0","0","1","1","0","2.2","7","7","6","4","1","3.38","1","4.13","18","1","-","2023","pitcher"
"77","S
                                                                        Combs","Rocky Mountain Vibes","0","0","0","0","0","0","0","-","-","-","-","-","0","-","-","-","-","-","2023","pitcher"
"77","D
                                                                        Conners","Ogden Raptors","0","0","0","0","0","0","0","-","-","-","-","-","0","-","-","-","-","-","2023","pitcher"
"77","C
                                                                        Contreras","Missoula PaddleHeads","0","-","-","-","-","-","0","-","-","-","-","-","0","-","-","-","-","-","2023","pitcher"
"80","J
                                                                        Coronado","Colorado Springs Sky Sox","13.5","0","0","7","1","0","10","14","16","15","13","8","7.2","3","2.70","57","2","1","2023","pitcher"
"81","J
                                                                        Coutts","Colorado Springs Sky Sox","0","0","0","0","0","0","0","-","-","-","-","-","0","-","-","-","-","-","2023","pitcher"
"81","W
                                                                        Crenshaw","Billings Mustangs","0","0","0","0","0","0","0","-","-","-","-","-","0","-","-","-","-","-","2023","pitcher"
"81","B
                                                                        Crosby","Rocky Mountain Vibes","0","0","0","0","0","0","0","-","-","-","-","-","0","-","-","-","-","-","2023","pitcher"
"81","A
                                                                        Crowson","Ogden Raptors","0","-","-","-","-","-","0","-","-","-","-","-","0","-","-","-","-","-","2023","pitcher"
"81","J
                                                                        Cruce","Grand Junction Jackalopes","0","0","0","0","0","0","0","-","-","-","-","-","0","-","-","-","-","-","2023","pitcher"
"86","E
                                                                        Cuevas","Colorado Springs Sky Sox","10.13","0","1","6","0","0","8","10","11","9","5","11","12.38","-","1.88","42","-","4","2023","pitcher"
"87","S
                                                                        Cullen","Idaho Falls Chukars","0","0","0","0","0","0","0","-","-","-","-","-","0","-","-","-","-","-","2023","pitcher"
"89","B
                                                                        Dansereau","Rocky Mountain Vibes","0","0","0","0","0","0","0","-","-","-","-","-","0","-","-","-","-","-","2023","pitcher"
"90","L
                                                                        Dawson","Glacier Range Riders","7.23","0","1","18","0","0","18.2","21","15","15","21","17","8.2","-","2.25","97","9","3","2023","pitcher"
"93","C
                                                                        De Guzman","Great Falls Voyagers","0","0","0","0","0","0","0","-","-","-","-","-","0","-","-","-","-","-","2023","pitcher"
"93","E
                                                                        De La O","Colorado Springs Sky Sox","0","0","0","0","0","0","0","-","-","-","-","-","0","-","-","-","-","-","2023","pitcher"
"93","T
                                                                        DeBonville","Missoula PaddleHeads","0","0","0","0","0","0","0","-","-","-","-","-","0","-","-","-","-","-","2023","pitcher"
"96","M
                                                                        DeSanti","Idaho Falls Chukars","0","0","0","1","0","0","1","-","-","-","-","2","18","-","-","3","-","-","2023","pitcher"
"97","B
                                                                        Demco","Great Falls Voyagers","1.08","1","2","8","0","1","8.1","5","1","1","3","10","10.8","-",".96","34","1","3","2023","pitcher"
"98","C
                                                                        Denning","Billings Mustangs","0","0","0","0","0","0","0","-","-","-","-","-","0","-","-","-","-","-","2023","pitcher"
"98","J
                                                                        Dexter","Ogden Raptors","0","-","-","-","-","-","0","-","-","-","-","-","0","-","-","-","-","-","2023","pitcher"
"98","G
                                                                        DiGiacomo","Missoula PaddleHeads","0","0","0","0","0","0","0","-","-","-","-","-","0","-","-","-","-","-","2023","pitcher"
"98","E
                                                                        Diaz","Colorado Springs Sky Sox","0","0","0","0","0","0","0","-","-","-","-","-","0","-","-","-","-","-","2023","pitcher"
"106","A
                                                                        Dill","Rocky Mountain Vibes","0","-","-","-","-","-","0","-","-","-","-","-","0","-","-","-","-","-","2023","pitcher"
"107","M
                                                                        Dinesen","Glacier Range Riders","0","0","0","1","0","0","1","2","-","-","-","-","0","-","2.00","4","-","-","2023","pitcher"
"109","B
                                                                        Donovan","Billings Mustangs","12.96","0","0","8","0","0","8.1","11","13","12","10","8","8.64","-","2.52","50","1","4","2023","pitcher"
"110","B
                                                                        Dorman","Great Falls Voyagers","0","0","0","1","0","0","0","-","-","-","-","-","0","-","-","-","-","-","2023","pitcher"
"112","C
                                                                        Dunn Jr.","Rocky Mountain Vibes","0","0","0","0","0","0","0","-","-","-","-","-","0","-","-","-","-","-","2023","pitcher"
"113","C
                                                                        Dykstra","Boise Hawks","3.6","0","1","15","0","3","15","7","8","6","8","21","12.6","1","1.00","64","3","3","2023","pitcher"
"114","M
                                                                        Edie","Billings Mustangs","0","0","0","0","0","0","0","-","-","-","-","-","0","-","-","-","-","-","2023","pitcher"
"114","A
                                                                        Elder","Rocky Mountain Vibes","0","0","0","0","0","0","0","-","-","-","-","-","0","-","-","-","-","-","2023","pitcher"
"114","K
                                                                        Elefante","Missoula PaddleHeads","0","0","0","0","0","0","0","-","-","-","-","-","0","-","-","-","-","-","2023","pitcher"
"114","J
                                                                        Elvir","Missoula PaddleHeads","0","0","0","0","0","0","0","-","-","-","-","-","0","-","-","-","-","-","2023","pitcher"
"114","N
                                                                        Emanuel","Great Falls Voyagers","0","0","0","0","0","0","0","-","-","-","-","-","0","-","-","-","-","-","2023","pitcher"
"114","C
                                                                        Emmet","Rocky Mountain Vibes","0","0","0","0","0","0","0","-","-","-","-","-","0","-","-","-","-","-","2023","pitcher"
"114","J
                                                                        Encarnacion","Rocky Mountain Vibes","0","0","0","0","0","0","0","-","-","-","-","-","0","-","-","-","-","-","2023","pitcher"
"114","D
                                                                        Espinal","Great Falls Voyagers","0","0","0","0","0","0","0","-","-","-","-","-","0","-","-","-","-","-","2023","pitcher"
"114","B
                                                                        Evans","Billings Mustangs","0","0","0","0","0","0","0","-","-","-","-","-","0","-","-","-","-","-","2023","pitcher"
"114","C
                                                                        Evans","Ogden Raptors","0","-","-","-","-","-","0","-","-","-","-","-","0","-","-","-","-","-","2023","pitcher"
"125","J
                                                                        Faile","Billings Mustangs","0","0","0","0","0","0","0","-","-","-","-","-","0","-","-","-","-","-","2023","pitcher"
"1","M
                                                                        Peterson","Boise Hawks","4.38","10","8","19","19","0","115","119","66","56","36","100","7.83","9","1.35","499","2","10","2024","pitcher"
"2","C
                                                                        Jessee","Colorado Springs Sky Sox","5.42","9","6","19","17","0","103","110","71","62","54","109","9.52","20","1.59","471","11","6","2024","pitcher"
"2","O
                                                                        Sharts","Idaho Falls Chukars","5.85","4","7","19","18","0","103","115","83","67","51","119","10.4","12","1.61","479","11","12","2024","pitcher"
"4","C
                                                                        Lomeli","Rocky Mountain Vibes","5.74","9","5","20","20","0","102","118","72","65","29","58","5.12","8","1.44","446","12","6","2024","pitcher"
"4","A
                                                                        Villa","Missoula PaddleHeads","5.12","9","2","19","18","0","102","106","65","58","38","114","10.06","10","1.41","456","7","14","2024","pitcher"
"6","B
                                                                        Ferrer","Yuba-Sutter Freebirds","4.35","10","4","22","14","0","99.1","100","52","48","28","108","9.79","11","1.29","424","6","4","2024","pitcher"
"7","C
                                                                        Repetti","Yuba-Sutter Freebirds","4.48","8","4","19","16","1","98.1","98","61","49","40","90","8.24","10","1.4","431","8","10","2024","pitcher"
"8","L
                                                                        Malone","Boise Hawks","5.2","6","8","19","19","0","97","140","67","56","23","80","7.42","12","1.68","449","4","7","2024","pitcher"
"9","C
                                                                        Gearing","Colorado Springs Sky Sox","5.4","8","3","21","14","0","96.2","119","66","58","37","81","7.54","11","1.61","448","1","11","2024","pitcher"
"9","E
                                                                        Massie","Grand Junction Jackalopes","5.21","7","4","19","16","0","96.2","116","65","56","44","85","7.91","12","1.66","454","3","19","2024","pitcher"
"11","R
                                                                        Vazquez","Ogden Raptors","7.25","5","9","19","19","0","90.2","137","86","73","34","72","7.15","14","1.89","440","4","5","2024","pitcher"
"12","B
                                                                        McPherson","Yuba-Sutter Freebirds","5.22","6","2","16","16","0","89.2","102","55","52","30","78","7.83","10","1.47","387","9","1","2024","pitcher"
"13","W
                                                                        Buraconak","Grand Junction Jackalopes","7.44","3","7","19","18","0","88.1","124","86","73","56","76","7.74","13","2.04","441","15","6","2024","pitcher"
"14","C
                                                                        Day","Rocky Mountain Vibes","6.49","7","5","19","14","0","87.1","121","71","63","30","59","6.08","9","1.73","406","5","5","2024","pitcher"
"15","T
                                                                        Curtis","Colorado Springs Sky Sox","7.03","4","5","20","15","0","87","128","80","68","23","72","7.45","17","1.74","410","4","7","2024","pitcher"
"16","S
                                                                        Still","Grand Junction Jackalopes","7.79","5","5","18","14","0","84.1","116","84","73","32","117","12.49","16","1.75","406","9","12","2024","pitcher"
"17","K
                                                                        Sophy","Glacier Range Riders","5.68","5","6","17","17","0","84","94","62","53","46","92","9.86","8","1.67","394","18","5","2024","pitcher"
"18","Z
                                                                        St. Pierre","Oakland Ballers","5.33","7","5","24","10","0","82.2","87","60","49","39","87","9.47","7","1.52","370","6","3","2024","pitcher"
"19","J
                                                                        Pineda","Great Falls Voyagers","5.47","6","4","22","9","0","82.1","82","55","50","43","71","7.76","16","1.52","382","12","18","2024","pitcher"
"19","N
                                                                        Zegna","Glacier Range Riders","6.34","5","3","26","13","0","82.1","88","63","58","42","74","8.09","16","1.58","376","5","8","2024","pitcher"
"21","C
                                                                        Cosby","Oakland Ballers","4.59","7","3","19","14","0","80.1","74","45","41","31","124","13.89","15","1.31","349","6","4","2024","pitcher"
"21","B
                                                                        Mitchell","Yuba-Sutter Freebirds","7.28","5","2","17","17","0","80.1","92","69","65","49","62","6.95","7","1.76","371","13","4","2024","pitcher"
"23","J
                                                                        Jones","Missoula PaddleHeads","6.24","3","3","41","1","0","79.1","91","66","55","52","91","10.32","9","1.8","380","6","5","2024","pitcher"
"24","N
                                                                        Madej","Great Falls Voyagers","4.46","8","3","16","16","0","78.2","67","47","39","65","82","9.38","6","1.68","373","14","13","2024","pitcher"
"25","K
                                                                        Ward","Rocky Mountain Vibes","7.88","4","4","22","15","0","77.2","77","76","68","68","87","10.08","7","1.87","382","24","7","2024","pitcher"
"26","B
                                                                        Medoro","Billings Mustangs","4.72","6","1","35","0","1","76.1","103","46","40","28","47","5.54","4","1.72","353","5","3","2024","pitcher"
"27","R
                                                                        Adams","Colorado Springs Sky Sox","4.97","6","5","15","14","0","76","94","57","42","31","82","9.71","8","1.64","354","8","7","2024","pitcher"
"28","M
                                                                        Tindall","Colorado Springs Sky Sox","8.84","4","6","21","14","0","75.1","115","84","74","44","55","6.57","16","2.11","384","12","8","2024","pitcher"
"29","E
                                                                        McRae","Billings Mustangs","8.23","2","5","18","12","0","74.1","101","73","68","25","38","4.6","12","1.7","354","6","10","2024","pitcher"
"30","C
                                                                        Macca","Ogden Raptors","6.72","4","4","15","15","0","73.2","101","63","55","35","48","5.86","10","1.85","351","7","4","2024","pitcher"
"31","C
                                                                        Benson","Glacier Range Riders","4.33","4","1","14","14","0","70.2","66","35","34","29","78","9.93","11","1.34","308","2","6","2024","pitcher"
"31","N
                                                                        Parker","Missoula PaddleHeads","5.86","6","3","15","14","0","70.2","76","52","46","37","89","11.33","8","1.6","325","7","8","2024","pitcher"
"33","B
                                                                        Williams","Idaho Falls Chukars","7.53","7","5","17","13","0","69.1","84","62","58","35","60","7.79","12","1.72","322","6","3","2024","pitcher"
"34","R
                                                                        Butz","Oakland Ballers","6.59","1","1","27","10","0","68.1","73","53","50","30","75","9.88","11","1.51","305","-","3","2024","pitcher"
"35","N
                                                                        Powers","Rocky Mountain Vibes","7.83","3","5","14","14","0","66.2","92","67","58","31","53","7.15","9","1.84","317","-","3","2024","pitcher"
"36","N
                                                                        Marshall","Great Falls Voyagers","6.65","3","6","13","13","0","65","77","54","48","34","71","9.83","8","1.71","305","9","4","2024","pitcher"
"37","J
                                                                        Kleinsorge","Oakland Ballers","3.94","5","4","12","12","0","64","63","29","28","18","67","9.42","7","1.27","263","3","1","2024","pitcher"
"37","C
                                                                        Lambert","Oakland Ballers","6.89","2","4","24","9","7","64","75","51","49","18","65","9.14","14","1.45","283","5","5","2024","pitcher"
"39","D
                                                                        Galvan","Great Falls Voyagers","7.21","1","5","13","13","0","63.2","98","67","51","25","49","6.93","9","1.93","317","7","4","2024","pitcher"
"40","A
                                                                        Edwards","Boise Hawks","4.55","6","0","34","3","0","63.1","61","41","32","24","76","10.8","4","1.34","285","3","10","2024","pitcher"
"41","I
                                                                        Mendez","Boise Hawks","3.14","6","2","11","11","0","63","58","23","22","15","73","10.43","8","1.16","253","2","2","2024","pitcher"
"42","E
                                                                        Kowalski","Boise Hawks","5.89","2","1","37","1","3","62.2","75","44","41","25","49","7.04","5","1.6","284","6","6","2024","pitcher"
"43","N
                                                                        Saltaformaggio","Ogden Raptors","7.51","2","2","19","8","0","62.1","89","60","52","20","60","8.66","8","1.75","298","13","2","2024","pitcher"
"44","D
                                                                        Nunan","Rocky Mountain Vibes","8.17","3","3","21","11","0","61.2","92","66","56","33","52","7.59","5","2.03","316","8","6","2024","pitcher"
"45","C
                                                                        Harrison","Idaho Falls Chukars","4.28","4","3","26","4","0","61","73","36","29","17","49","7.23","6","1.48","279","3","1","2024","pitcher"
"46","S
                                                                        Washilewski","Great Falls Voyagers","9.2","3","2","19","4","0","60.2","79","66","62","38","43","6.38","19","1.93","300","2","6","2024","pitcher"
"47","Z
                                                                        Ottinger","Rocky Mountain Vibes","7.89","1","7","16","12","0","59.1","73","63","52","41","39","5.92","6","1.92","301","6","6","2024","pitcher"
"48","D
                                                                        Willie","Billings Mustangs","7.25","1","2","29","2","0","58.1","79","51","47","26","42","6.48","13","1.8","283","-","7","2024","pitcher"
"49","G
                                                                        Pacheco","Ogden Raptors","7.38","1","3","25","6","1","57.1","76","59","47","43","49","7.69","11","2.08","296","7","10","2024","pitcher"
"49","B
                                                                        Ross","Grand Junction Jackalopes","6.91","5","4","15","11","0","57.1","80","53","44","34","50","7.85","8","1.99","288","7","5","2024","pitcher"
"51","H
                                                                        Bryan","Grand Junction Jackalopes","6.75","4","2","30","7","7","56","80","52","42","26","58","9.32","13","1.89","270","6","3","2024","pitcher"
"52","J
                                                                        Ariza","Grand Junction Jackalopes","7.69","2","7","22","10","0","55","73","53","47","23","47","7.69","15","1.75","261","4","6","2024","pitcher"
"53","G
                                                                        Blackman","Billings Mustangs","4.17","4","3","11","9","0","54","49","30","25","19","57","9.5","11","1.26","230","-","5","2024","pitcher"
"53","D
                                                                        Ross","Colorado Springs Sky Sox","4.67","1","2","50","1","0","54","62","33","28","25","54","9","5","1.61","250","2","7","2024","pitcher"
"55","S
                                                                        Gustafson","Ogden Raptors","5.7","4","3","36","0","0","53.2","68","52","34","31","67","11.24","9","1.84","270","3","9","2024","pitcher"
"56","J
                                                                        Huntzinger","Glacier Range Riders","6.41","3","4","31","4","0","53.1","62","43","38","27","64","10.8","8","1.67","256","6","10","2024","pitcher"
"57","G
                                                                        Crowley","Idaho Falls Chukars","5.6","3","3","40","0","4","53","72","44","33","34","83","14.09","5","2","270","13","4","2024","pitcher"
"57","B
                                                                        Knoll","Yuba-Sutter Freebirds","4.25","2","5","10","10","0","53","60","38","25","24","30","5.09","5","1.58","240","7","6","2024","pitcher"
"57","B
                                                                        Spears","Boise Hawks","3.74","6","2","10","10","0","53","46","27","22","20","56","9.51","2","1.25","228","5","7","2024","pitcher"
"60","C
                                                                        Reyes","Idaho Falls Chukars","7.86","4","5","12","12","0","52.2","74","53","46","33","35","5.98","10","2.03","262","-","3","2024","pitcher"
"61","B
                                                                        Held","Glacier Range Riders","7.14","3","6","16","10","0","51.2","71","51","41","32","59","10.28","11","1.99","263","11","5","2024","pitcher"
"61","M
                                                                        Hess","Ogden Raptors","5.4","5","5","12","12","0","51.2","64","35","31","22","38","6.62","9","1.66","247","7","5","2024","pitcher"
"63","C
                                                                        Linton","Colorado Springs Sky Sox","7.01","5","3","47","0","1","51.1","56","41","40","33","68","11.92","13","1.73","243","11","5","2024","pitcher"
"64","B
                                                                        Eglite","Oakland Ballers","3.55","5","0","26","1","0","50.2","40","20","20","19","55","9.77","4","1.16","213","4","4","2024","pitcher"
"65","E
                                                                        Gill","Ogden Raptors","9.36","6","2","11","10","0","50","77","55","52","33","45","8.1","15","2.2","258","1","3","2024","pitcher"
"66","D
                                                                        Cherry","Rocky Mountain Vibes","7.97","2","5","25","5","1","49.2","67","50","44","38","48","8.7","8","2.11","259","14","9","2024","pitcher"
"67","D
                                                                        Baird","Idaho Falls Chukars","7.53","0","1","27","0","0","49","68","46","41","23","44","8.08","8","1.86","237","9","7","2024","pitcher"
"67","K
                                                                        Carrillo","Great Falls Voyagers","7.9","0","6","18","7","0","49","66","58","43","45","47","8.63","8","2.27","273","19","11","2024","pitcher"
"69","J
                                                                        Clark","Missoula PaddleHeads","10.73","2","2","12","11","0","48.2","70","61","58","28","49","9.06","13","2.01","241","5","8","2024","pitcher"
"70","D
                                                                        Landis","Colorado Springs Sky Sox","4.21","4","3","45","0","13","47","46","23","22","19","50","9.57","5","1.38","209","10","8","2024","pitcher"
"71","R
                                                                        Fields","Missoula PaddleHeads","9.84","1","3","15","11","0","46.2","69","58","51","24","47","9.06","11","1.99","235","4","3","2024","pitcher"
"72","C
                                                                        David","Oakland Ballers","3.3","4","0","22","7","7","46.1","37","20","17","15","39","7.58","4","1.12","191","4","5","2024","pitcher"
"73","C
                                                                        Langrell","Yuba-Sutter Freebirds","1.97","2","1","38","0","4","45.2","35","11","10","6","46","9.07","3","0.9","179","2","2","2024","pitcher"
"74","E
                                                                        Alfonzo","Boise Hawks","6.95","1","3","27","3","2","45.1","51","37","35","28","62","12.31","4","1.74","212","8","5","2024","pitcher"
"75","J
                                                                        McCaskey","Colorado Springs Sky Sox","5.44","2","1","35","1","0","44.2","53","31","27","23","44","8.87","8","1.7","209","6","5","2024","pitcher"
"76","T
                                                                        Robertson","Great Falls Voyagers","7.71","2","3","23","1","0","44.1","60","45","38","32","48","9.74","5","2.08","227","8","2","2024","pitcher"
"77","A
                                                                        McEvoy","Glacier Range Riders","5.11","1","1","29","1","0","44","36","27","25","31","69","14.11","2","1.52","209","12","10","2024","pitcher"
"78","L
                                                                        Schafer","Boise Hawks","8.37","0","5","9","9","0","43","64","42","40","20","34","7.12","6","1.95","207","2","2","2024","pitcher"
"78","D
                                                                        Schorie","Grand Junction Jackalopes","10.26","1","3","15","5","0","43","65","55","49","33","32","6.7","10","2.28","225","3","6","2024","pitcher"
"78","S
                                                                        Spencer","Billings Mustangs","5.23","2","4","8","8","0","43","48","28","25","11","37","7.74","4","1.37","186","5","-","2024","pitcher"
"78","S
                                                                        Triplett","Ogden Raptors","3.56","0","1","28","0","0","43","38","24","17","22","39","8.16","3","1.4","201","3","12","2024","pitcher"
"82","J
                                                                        Dahle","Oakland Ballers","4.93","4","2","35","0","2","42","47","27","23","18","28","6","7","1.55","191","7","6","2024","pitcher"
"82","E
                                                                        Swanson","Missoula PaddleHeads","4.29","4","1","44","0","8","42","33","22","20","38","66","14.14","2","1.69","202","8","10","2024","pitcher"
"84","J
                                                                        Lynch","Glacier Range Riders","6.7","0","2","34","0","5","41.2","40","31","31","23","46","9.94","5","1.51","191","4","10","2024","pitcher"
"84","C
                                                                        Richardson","Oakland Ballers","4.1","6","0","32","0","0","41.2","37","20","19","22","53","11.45","8","1.42","189","5","5","2024","pitcher"
"86","M
                                                                        Timmins","Missoula PaddleHeads","6.31","5","2","38","0","1","41.1","51","33","29","17","40","8.71","8","1.65","199","4","5","2024","pitcher"
"86","Q
                                                                        Waterhouse","Ogden Raptors","8.06","1","5","41","0","6","41.1","46","39","37","31","40","8.71","6","1.86","205","10","7","2024","pitcher"
"88","G
                                                                        Grosjean","Idaho Falls Chukars","5.49","2","2","7","7","0","41","51","27","25","17","29","6.37","8","1.66","186","1","3","2024","pitcher"
"89","C
                                                                        Griffin","Ogden Raptors","5.31","3","1","38","0","0","40.2","47","31","24","28","41","9.07","6","1.84","197","5","3","2024","pitcher"
"89","J
                                                                        Haab","Billings Mustangs","2.21","4","1","41","0","12","40.2","35","16","10","24","61","13.5","-","1.45","184","3","2","2024","pitcher"
"89","C
                                                                        Kafka","Glacier Range Riders","5.75","4","3","11","9","0","40.2","45","30","26","29","42","9.3","7","1.82","194","2","1","2024","pitcher"
"89","S
                                                                        Ordorica","Idaho Falls Chukars","6.42","3","3","33","1","1","40.2","66","35","29","11","27","5.98","5","1.89","191","-","3","2024","pitcher"
"93","D
                                                                        Day","Missoula PaddleHeads","4.46","5","1","12","8","0","40.1","43","22","20","12","69","15.4","6","1.36","180","1","4","2024","pitcher"
"93","A
                                                                        Garcia","Missoula PaddleHeads","9.37","1","3","43","0","6","40.1","48","45","42","42","53","11.83","4","2.23","215","13","5","2024","pitcher"
"95","C
                                                                        Czerwinski","Great Falls Voyagers","6.08","3","2","8","7","0","40","44","30","27","13","47","10.58","3","1.43","177","2","3","2024","pitcher"
"95","R
                                                                        Garland","Boise Hawks","7.2","3","2","12","7","1","40","47","40","32","32","44","9.9","5","1.98","199","14","6","2024","pitcher"
"95","J
                                                                        O'Neal","Rocky Mountain Vibes","4.5","4","2","36","0","0","40","32","21","20","15","33","7.42","3","1.18","166","2","7","2024","pitcher"
"98","R
                                                                        Dudzinski","Boise Hawks","6.86","4","3","8","8","0","39.1","44","30","30","20","28","6.41","10","1.63","179","1","2","2024","pitcher"
"98","E
                                                                        Elliott","Ogden Raptors","6.18","3","1","8","8","0","39.1","41","28","27","19","30","6.86","9","1.53","174","-","1","2024","pitcher"
"98","T
                                                                        Morrill","Rocky Mountain Vibes","5.03","3","3","37","0","6","39.1","42","32","22","21","52","11.9","2","1.6","185","6","3","2024","pitcher"
"98","K
                                                                        Pijaszek","Oakland Ballers","5.26","2","0","27","0","1","39.1","40","35","23","24","21","4.81","8","1.63","186","6","3","2024","pitcher"
"102","J
                                                                        Fuson","Billings Mustangs","8.38","2","5","10","9","0","38.2","56","42","36","21","40","9.31","7","1.99","193","6","4","2024","pitcher"
"103","N
                                                                        Draves","Colorado Springs Sky Sox","7.34","1","2","13","9","0","38","58","38","31","19","43","10.18","6","2.03","190","7","1","2024","pitcher"
"103","T
                                                                        Dyball","Idaho Falls Chukars","9","0","1","27","0","1","38","56","42","38","16","27","6.39","8","1.89","194","5","5","2024","pitcher"
"103","C
                                                                        Dykstra","Boise Hawks","2.84","1","2","35","0","7","38","26","18","12","20","51","12.08","6","1.21","164","3","5","2024","pitcher"
"103","J
                                                                        Zalasky","Yuba-Sutter Freebirds","4.03","6","1","38","0","1","38","42","25","17","8","30","7.11","5","1.32","163","5","4","2024","pitcher"
"107","A
                                                                        De Leon","Oakland Ballers","7.88","1","2","24","2","1","37.2","51","39","33","23","39","9.32","7","1.96","185","10","10","2024","pitcher"
"108","D
                                                                        Lane","Yuba-Sutter Freebirds","7.23","0","3","9","7","0","37.1","58","32","30","19","44","10.61","6","2.06","183","6","-","2024","pitcher"
"109","A
                                                                        Coleman","Idaho Falls Chukars","9.24","1","5","9","9","0","37","68","44","38","17","17","4.14","9","2.3","196","1","2","2024","pitcher"
"110","T
                                                                        Jackson","Idaho Falls Chukars","8.35","0","3","31","1","1","36.2","44","43","34","47","46","11.29","6","2.48","209","9","7","2024","pitcher"
"110","P
                                                                        Maybach","Billings Mustangs","3.68","4","1","6","6","0","36.2","38","17","15","7","35","8.59","2","1.23","154","2","4","2024","pitcher"
"112","L
                                                                        Hempel","Idaho Falls Chukars","5.2","0","0","31","0","2","36.1","44","24","21","10","49","12.14","5","1.49","162","1","2","2024","pitcher"
"112","T
                                                                        Naumann","Idaho Falls Chukars","5.94","3","2","8","7","0","36.1","50","34","24","18","30","7.43","8","1.87","176","4","-","2024","pitcher"
"114","C
                                                                        Dayton","Boise Hawks","4.89","1","0","30","0","2","35","39","22","19","15","37","9.51","3","1.54","157","2","2","2024","pitcher"
"114","P
                                                                        Wicklander","Glacier Range Riders","3.34","3","0","6","6","0","35","33","14","13","12","47","12.09","6","1.29","149","1","-","2024","pitcher"
"116","K
                                                                        Anglin","Yuba-Sutter Freebirds","3.89","2","0","31","0","0","34.2","26","16","15","21","45","11.68","4","1.36","151","7","2","2024","pitcher"
"116","M
                                                                        Quigley","Glacier Range Riders","3.12","5","1","24","0","0","34.2","30","18","12","6","32","8.31","1","1.04","141","5","2","2024","pitcher"
"118","G
                                                                        Taylor","Billings Mustangs","6.29","2","3","7","6","0","34.1","36","30","24","9","48","12.58","7","1.31","155","4","3","2024","pitcher"
"119","L
                                                                        Rettig","Billings Mustangs","8.74","1","5","13","6","0","34","61","46","33","16","25","6.62","3","2.26","182","4","3","2024","pitcher"
"119","A
                                                                        Santa Cruz","Ogden Raptors","7.15","2","5","8","8","0","34","46","38","27","24","33","8.74","5","2.06","172","4","2","2024","pitcher"
"119","B
                                                                        Spagnuolo","Rocky Mountain Vibes","7.41","0","2","28","0","5","34","47","37","28","26","24","6.35","3","2.15","180","6","7","2024","pitcher"
"119","M
                                                                        Stone","Ogden Raptors","7.68","3","3","8","8","0","34","41","34","29","19","35","9.26","7","1.76","167","2","5","2024","pitcher"
"123","C
                                                                        Minchey","Idaho Falls Chukars","9.36","2","3","7","7","0","33.2","45","36","35","22","11","2.94","1","1.99","169","3","6","2024","pitcher"
"124","D
                                                                        Reinoso","Great Falls Voyagers","7.29","1","2","28","0","2","33.1","41","33","27","22","41","11.07","5","1.89","166","9","1","2024","pitcher"
"125","L
                                                                        Trueman","Billings Mustangs","8.18","2","3","8","5","0","33","62","34","30","8","28","7.64","4","2.12","167","5","2","2024","pitcher"
"1","A
                                                                        Ackerman","Grand Junction Jackalopes","0","0","0","0","0","0","0","-","-","-","-","0","0","-","-","-","-","-","2024","pitcher"
"1","A
                                                                        Adams","Rocky Mountain Vibes","0","0","0","0","0","0","0","-","-","-","-","0","0","-","-","-","-","-","2024","pitcher"
"4","N
                                                                        Adgar","Ogden Raptors","0","0","0","0","0","0","0","-","-","-","-","-","0","-","-","-","-","-","2024","pitcher"
"4","N
                                                                        Adgar","Oakland Ballers","0","0","0","0","0","0","0","-","-","-","-","0","0","-","-","-","-","-","2024","pitcher"
"7","A
                                                                        Alger","Grand Junction Jackalopes","6.82","1","4","31","0","4","31.2","38","26","24","17","48","13.64","6","1.74","155","3","6","2024","pitcher"
"8","T
                                                                        Anderson","Missoula PaddleHeads","7.39","2","0","19","0","0","28","34","23","23","12","24","7.71","4","1.64","135","1","4","2024","pitcher"
"9","C
                                                                        Angeroth","Ogden Raptors","8.49","1","0","7","0","0","11.2","16","13","11","6","11","8.49","3","1.89","60","3","2","2024","pitcher"
"12","A
                                                                        Atwood","Glacier Range Riders","7.5","0","0","6","0","0","6","12","6","5","1","6","9","2","2.17","33","-","1","2024","pitcher"
"13","M
                                                                        Austin","Idaho Falls Chukars","0","0","0","1","0","0","0","-","-","-","-","0","0","-","-","-","-","-","2024","pitcher"
"13","M
                                                                        Backstrom","Great Falls Voyagers","0","0","0","0","0","0","0","-","-","-","-","-","0","-","-","-","-","-","2024","pitcher"
"15","J
                                                                        Baez","Billings Mustangs","27","0","0","2","0","0","1.2","7","5","5","2","1","5.4","-","5.40","13","-","-","2024","pitcher"
"16","C
                                                                        Bagnieski","Ogden Raptors","0","0","0","0","0","0","0","-","-","-","-","-","0","-","-","-","-","-","2024","pitcher"
"17","B
                                                                        Bagshaw","Idaho Falls Chukars","15.8","0","2","8","3","0","13.2","34","27","24","8","13","8.56","2","3.07","84","1","3","2024","pitcher"
"19","A
                                                                        Baker","Rocky Mountain Vibes","10.8","0","1","5","1","0","6.2","8","8","8","5","4","5.4","2","1.95","32","1","1","2024","pitcher"
"20","T
                                                                        Baker","Glacier Range Riders","4.98","1","1","8","2","0","21.2","30","13","12","4","23","9.55","2","1.57","95","2","-","2024","pitcher"
"21","K
                                                                        Banks","Yuba-Sutter Freebirds","0","0","0","0","0","0","0","-","-","-","-","0","0","-","-","-","-","-","2024","pitcher"
"21","J
                                                                        Barditch","Colorado Springs Sky Sox","0","0","0","0","0","0","0","-","-","-","-","0","0","-","-","-","-","-","2024","pitcher"
"21","R
                                                                        Barham","Idaho Falls Chukars","0","0","0","0","0","0","0","-","-","-","-","0","0","-","-","-","-","-","2024","pitcher"
"24","L
                                                                        Barns","Ogden Raptors","54","0","0","1","0","0","0.1","5","2","2","-","-","0","-","15.00","6","-","-","2024","pitcher"
"25","A
                                                                        Barranca","Glacier Range Riders","0","0","0","0","0","0","0","-","-","-","-","0","0","-","-","-","-","-","2024","pitcher"
"25","B
                                                                        Barrera","Oakland Ballers","0","0","0","0","0","0","0","-","-","-","-","0","0","-","-","-","-","-","2024","pitcher"
"27","C
                                                                        Barton","Grand Junction Jackalopes","8.22","0","0","13","1","0","23","39","23","21","14","11","4.3","2","2.30","121","3","-","2024","pitcher"
"28","A
                                                                        Bates","Glacier Range Riders","0","0","0","0","0","0","0","-","-","-","-","-","0","-","-","-","-","-","2024","pitcher"
"29","E
                                                                        Bates","Yuba-Sutter Freebirds","3.07","0","0","10","0","0","14.2","17","9","5","8","10","6.14","1","1.70","70","4","-","2024","pitcher"
"30","M
                                                                        Bathauer","Grand Junction Jackalopes","18","0","0","2","0","0","3","7","6","6","2","2","6","-","3.00","18","1","-","2024","pitcher"
"31","T
                                                                        Benincaso","Ogden Raptors","0","-","-","-","-","-","0","-","-","-","-","-","0","-","-","-","-","-","2024","pitcher"
"33","T
                                                                        Best","Oakland Ballers","0","0","0","0","0","0","0","-","-","-","-","0","0","-","-","-","-","-","2024","pitcher"
"34","B
                                                                        Blackford","Yuba-Sutter Freebirds","0","0","0","1","0","0","0.1","-","-","-","-","0","0","-","-","1","-","-","2024","pitcher"
"36","N
                                                                        Block","Glacier Range Riders","0","0","0","0","0","0","0","-","-","-","-","-","0","-","-","-","-","-","2024","pitcher"
"37","E
                                                                        Blum","Billings Mustangs","18","0","0","1","0","0","1","4","2","2","-","-","0","1","4.00","7","-","-","2024","pitcher"
"38","B
                                                                        Bohning","Idaho Falls Chukars","9.53","0","0","5","0","0","5.2","11","6","6","2","3","4.76","3","2.29","32","1","1","2024","pitcher"
"39","J
                                                                        Bollman","Glacier Range Riders","16.88","0","0","4","0","0","5.1","7","10","10","7","5","8.44","1","2.63","33","5","3","2024","pitcher"
"40","V
                                                                        Bologna","Grand Junction Jackalopes","0","-","-","-","-","-","0","-","-","-","-","0","0","-","-","-","-","-","2024","pitcher"
"41","B
                                                                        Bonner","Ogden Raptors","4.5","2","1","27","0","2","30","31","15","15","10","23","6.9","6","1.37","128","2","1","2024","pitcher"
"42","M
                                                                        Bono","Idaho Falls Chukars","27","0","1","5","0","0","8","21","25","24","11","11","12.38","6","4.00","55","2","1","2024","pitcher"
"43","K
                                                                        Booker","Billings Mustangs","0","0","0","0","0","0","0","-","-","-","-","-","0","-","-","-","-","-","2024","pitcher"
"44","R
                                                                        Bost","Billings Mustangs","19.64","0","0","8","0","0","7.1","12","19","16","12","7","8.59","1","3.27","49","10","2","2024","pitcher"
"45","T
                                                                        Bothwell","Glacier Range Riders","8.31","1","1","3","3","0","13","10","12","12","10","16","11.08","3","1.54","59","-","2","2024","pitcher"
"46","J
                                                                        Boyd","Grand Junction Jackalopes","0","0","0","0","0","0","0","-","-","-","-","0","0","-","-","-","-","-","2024","pitcher"
"47","J
                                                                        Bradshaw","Billings Mustangs","8.49","1","1","6","2","0","11.2","16","12","11","5","4","3.09","-","1.80","57","1","3","2024","pitcher"
"48","C
                                                                        Brady","Colorado Springs Sky Sox","0","0","0","0","0","0","0","-","-","-","-","0","0","-","-","-","-","-","2024","pitcher"
"48","H
                                                                        Breeze","Grand Junction Jackalopes","0","0","0","0","0","0","0","-","-","-","-","0","0","-","-","-","-","-","2024","pitcher"
"50","S
                                                                        Brinkley","Rocky Mountain Vibes","162","0","0","2","0","0","0.1","3","6","6","5","1","27","1","24.00","9","2","-","2024","pitcher"
"51","E
                                                                        Brown","Grand Junction Jackalopes","3.86","2","0","14","0","0","11.2","9","5","5","8","14","10.8","3","1.46","51","5","1","2024","pitcher"
"52","K
                                                                        Brown","Idaho Falls Chukars","0","-","-","-","-","-","0","-","-","-","-","0","0","-","-","-","-","-","2024","pitcher"
"53","R
                                                                        Brown","Idaho Falls Chukars","11.86","1","0","12","0","0","22","47","35","29","12","13","5.32","6","2.68","128","4","2","2024","pitcher"
"54","D
                                                                        Brutcher","Ogden Raptors","0","0","0","0","0","0","0","-","-","-","-","-","0","-","-","-","-","-","2024","pitcher"
"56","C
                                                                        Bryant","Grand Junction Jackalopes","0","0","0","0","0","0","0","-","-","-","-","0","0","-","-","-","-","-","2024","pitcher"
"57","M
                                                                        Bryant","Missoula PaddleHeads","8.78","0","0","8","0","0","13.1","18","17","13","10","13","8.78","1","2.10","73","4","3","2024","pitcher"
"58","T
                                                                        Buckner","Yuba-Sutter Freebirds","3.38","1","1","31","0","11","32","24","16","12","14","33","9.28","1","1.19","135","4","2","2024","pitcher"
"60","B
                                                                        Burckel","Oakland Ballers","0","0","0","0","0","0","0","-","-","-","-","0","0","-","-","-","-","-","2024","pitcher"
"61","B
                                                                        Burdett","Oakland Ballers","14.29","0","0","7","0","1","5.2","10","10","9","7","3","4.76","1","3.00","36","2","1","2024","pitcher"
"62","C
                                                                        Butler","Boise Hawks","6.04","0","1","18","0","1","22.1","17","15","15","25","42","16.93","2","1.88","106","6","-","2024","pitcher"
"64","K
                                                                        Byrne","Rocky Mountain Vibes","0","0","0","0","0","0","0","-","-","-","-","0","0","-","-","-","-","-","2024","pitcher"
"65","I
                                                                        Campa","Grand Junction Jackalopes","9.64","0","0","3","0","0","4.2","5","5","5","1","3","5.79","2","1.29","20","-","-","2024","pitcher"
"66","E
                                                                        Campaniello","Ogden Raptors","0","-","-","-","-","-","0","-","-","-","-","-","0","-","-","-","-","-","2024","pitcher"
"66","A
                                                                        Canty","Billings Mustangs","0","0","0","0","0","0","0","-","-","-","-","-","0","-","-","-","-","-","2024","pitcher"
"68","C
                                                                        Caporale","Idaho Falls Chukars","17.72","1","2","3","2","0","10.2","19","26","21","13","11","9.28","1","3.00","67","4","2","2024","pitcher"
"69","K
                                                                        Carattini","Glacier Range Riders","10","1","0","8","0","0","9","14","13","10","11","10","10","-","2.78","52","6","1","2024","pitcher"
"71","B
                                                                        Carson","Oakland Ballers","0","0","0","1","0","0","2","3","-","-","1","2","9","-","2.00","9","-","-","2024","pitcher"
"72","C
                                                                        Castillo","Glacier Range Riders","0","0","0","0","0","0","0","-","-","-","-","-","0","-","-","-","-","-","2024","pitcher"
"72","M
                                                                        Castillo","Great Falls Voyagers","0","0","0","0","0","0","0","-","-","-","-","-","0","-","-","-","-","-","2024","pitcher"
"74","M
                                                                        Castillo","Ogden Raptors","40.5","0","0","1","0","0","2","7","9","9","7","1","4.5","-","7.00","19","-","-","2024","pitcher"
"75","C
                                                                        Chatham","Great Falls Voyagers","5.06","0","0","5","0","1","5.1","9","4","3","3","4","6.75","-","2.25","27","3","-","2024","pitcher"
"77","A
                                                                        Chouinard","Rocky Mountain Vibes","0","0","0","0","0","0","0","-","-","-","-","0","0","-","-","-","-","-","2024","pitcher"
"77","P
                                                                        Chung","Missoula PaddleHeads","0","0","0","0","0","0","0","-","-","-","-","-","0","-","-","-","-","-","2024","pitcher"
"79","C
                                                                        Ciuffetelli","Missoula PaddleHeads","4.7","0","0","13","0","0","15.1","8","8","8","11","21","12.33","2","1.24","65","-","1","2024","pitcher"
"80","T
                                                                        Clark-Chiapparelli","Ogden Raptors","0","0","0","0","0","0","0","-","-","-","-","-","0","-","-","-","-","-","2024","pitcher"
"81","D
                                                                        Clark","Billings Mustangs","13.5","0","0","2","0","0","1.1","7","3","2","-","1","6.75","-","5.25","12","-","-","2024","pitcher"
"83","T
                                                                        Clark","Oakland Ballers","0","0","0","0","0","0","0","-","-","-","-","0","0","-","-","-","-","-","2024","pitcher"
"83","T
                                                                        Clarkson","Glacier Range Riders","0","0","0","0","0","0","0","-","-","-","-","-","0","-","-","-","-","-","2024","pitcher"
"85","T
                                                                        Clayton","Glacier Range Riders","9.49","0","3","10","5","0","24.2","34","28","26","11","19","6.93","6","1.82","125","3","7","2024","pitcher"
"86","R
                                                                        Cloude","Ogden Raptors","6.92","0","0","11","0","0","13","21","13","10","10","16","11.08","-","2.38","72","3","2","2024","pitcher"
"87","C
                                                                        Coipel","Ogden Raptors","0","0","0","0","0","0","0","-","-","-","-","-","0","-","-","-","-","-","2024","pitcher"
"89","J
                                                                        Coleman","Glacier Range Riders","2.29","2","2","15","0","0","19.2","18","7","5","11","29","13.27","1","1.47","88","1","2","2024","pitcher"
"90","J
                                                                        Colombo","Colorado Springs Sky Sox","0","0","0","0","0","0","0","-","-","-","-","0","0","-","-","-","-","-","2024","pitcher"
"91","J
                                                                        Cone","Ogden Raptors","4.91","0","0","4","0","0","3.2","7","3","2","4","4","9.82","1","3.00","22","1","-","2024","pitcher"
"92","L
                                                                        Cooper","Glacier Range Riders","7.47","1","1","26","0","1","31.1","45","31","26","11","33","9.48","5","1.79","151","2","3","2024","pitcher"
"93","C
                                                                        Corliss","Idaho Falls Chukars","15.43","0","0","3","0","0","7","16","12","12","-","0","0","3","2.29","37","1","1","2024","pitcher"
"94","R
                                                                        Cortez","Grand Junction Jackalopes","0","0","0","1","0","0","0.2","-","-","-","1","0","0","-","1.50","3","-","-","2024","pitcher"
"96","J
                                                                        Coutts","Colorado Springs Sky Sox","0","0","0","0","0","0","0","-","-","-","-","0","0","-","-","-","-","-","2024","pitcher"
"96","D
                                                                        Covino","Oakland Ballers","0","0","0","0","0","0","0","-","-","-","-","0","0","-","-","-","-","-","2024","pitcher"
"98","C
                                                                        Cowan","Glacier Range Riders","6.37","0","4","28","0","3","29.2","36","22","21","19","35","10.62","4","1.85","144","6","3","2024","pitcher"
"99","D
                                                                        Crenshaw","Billings Mustangs","0","0","0","0","0","0","0","-","-","-","-","-","0","-","-","-","-","-","2024","pitcher"
"99","W
                                                                        Crenshaw","Billings Mustangs","0","0","0","0","0","0","0","-","-","-","-","-","0","-","-","-","-","-","2024","pitcher"
"99","T
                                                                        Crittenberger","Billings Mustangs","0","0","0","0","0","0","0","-","-","-","-","-","0","-","-","-","-","-","2024","pitcher"
"103","A
                                                                        Cuello-Batista","Missoula PaddleHeads","9.95","0","0","7","0","0","6.1","13","7","7","5","8","11.37","-","2.84","37","1","1","2024","pitcher"
"104","G
                                                                        Cuevas","Ogden Raptors","13.89","0","1","4","4","0","11.2","24","20","18","14","17","13.11","2","3.26","73","2","-","2024","pitcher"
"105","T
                                                                        Cunningham","Missoula PaddleHeads","17.18","0","0","4","0","0","3.2","11","7","7","2","2","4.91","-","3.55","24","3","-","2024","pitcher"
"108","J
                                                                        Czeslawski","Idaho Falls Chukars","18","0","1","3","3","0","8","13","16","16","14","5","5.63","2","3.38","53","-","2","2024","pitcher"
"109","T
                                                                        Czyz","Oakland Ballers","11.91","1","1","6","1","0","11.1","15","15","15","9","14","11.12","2","2.12","62","3","5","2024","pitcher"
"111","J
                                                                        Daly","Glacier Range Riders","0","0","0","0","0","0","0","-","-","-","-","-","0","-","-","-","-","-","2024","pitcher"
"112","N
                                                                        Daniels","Billings Mustangs","12.27","0","0","4","0","0","3.2","4","5","5","3","2","4.91","-","1.91","22","-","3","2024","pitcher"
"114","A
                                                                        Davis","Rocky Mountain Vibes","0","0","0","0","0","0","0","-","-","-","-","0","0","-","-","-","-","-","2024","pitcher"
"114","D
                                                                        Davis","Rocky Mountain Vibes","0","0","0","0","0","0","0","-","-","-","-","0","0","-","-","-","-","-","2024","pitcher"
"116","T
                                                                        Davis","Oakland Ballers","1.29","0","0","5","1","1","7","4","1","1","7","9","11.57","-","1.57","32","2","-","2024","pitcher"
"117","T
                                                                        Davis","Rocky Mountain Vibes","0","0","0","0","0","0","0","-","-","-","-","0","0","-","-","-","-","-","2024","pitcher"
"120","J
                                                                        Day","Rocky Mountain Vibes","0","0","0","0","0","0","0","-","-","-","-","0","0","-","-","-","-","-","2024","pitcher"
"123","P
                                                                        De Sa","Rocky Mountain Vibes","0","0","0","0","0","0","0","-","-","-","-","0","0","-","-","-","-","-","2024","pitcher"
"123","E
                                                                        DeLaCruz","Yuba-Sutter Freebirds","0","0","0","0","0","0","0","-","-","-","-","0","0","-","-","-","-","-","2024","pitcher"
"123","P
                                                                        DePasquale","Ogden Raptors","0","0","0","0","0","0","0","-","-","-","-","-","0","-","-","-","-","-","2024","pitcher"
"1","G
                                                                        Taylor","Glacier Range Riders","4.71","7","7","19","19","0","114.2","127","64","60","30","117","9.18","18","1.37","491","6","1","2025","pitcher"
"2","G
                                                                        Grosjean","Idaho Falls Chukars","5.45","11","6","21","17","2","112.1","130","78","68","38","102","8.17","20","1.5","501","9","13","2025","pitcher"
"3","L
                                                                        Schafer","Glacier Range Riders","4.18","9","2","18","18","0","107.2","119","56","50","40","108","9.03","13","1.48","476","15","6","2025","pitcher"
"4","T
                                                                        Bothwell","Glacier Range Riders","5.4","4","6","19","19","0","105","109","70","63","42","130","11.14","14","1.44","468","8","10","2025","pitcher"
"5","S
                                                                        Spencer","Idaho Falls Chukars","6.73","6","3","23","17","1","104.1","137","88","78","41","75","6.47","16","1.71","486","6","11","2025","pitcher"
"5","B
                                                                        Wozniak","Yuba-Sutter Freebirds","3.45","10","3","17","16","0","104.1","114","49","40","30","80","6.9","12","1.38","454","2","4","2025","pitcher"
"7","J
                                                                        Castillo","Colorado Springs Sky Sox","8.91","5","7","19","18","0","104","159","107","103","49","82","7.1","19","2","518","8","7","2025","pitcher"
"8","N
                                                                        Powers","Rocky Mountain Vibes","5.61","8","4","19","19","0","101","116","76","63","48","76","6.77","11","1.62","461","3","3","2025","pitcher"
"9","R
                                                                        Wentz","Missoula PaddleHeads","5.56","7","7","17","17","0","100.1","112","71","62","31","121","10.85","14","1.43","448","2","13","2025","pitcher"
"10","M
                                                                        Sox","Missoula PaddleHeads","3.83","12","3","17","17","0","98.2","86","46","42","34","114","10.4","14","1.22","417","2","9","2025","pitcher"
"11","Z
                                                                        St. Pierre","Oakland Ballers","5.36","8","4","22","16","1","97.1","126","71","58","38","73","6.75","15","1.68","463","1","8","2025","pitcher"
"12","C
                                                                        Harrison","Idaho Falls Chukars","8.58","7","8","19","17","0","93.1","155","104","89","26","74","7.14","22","1.94","466","5","5","2025","pitcher"
"13","B
                                                                        Beard","Missoula PaddleHeads","5.6","5","3","17","17","0","91.2","106","61","57","31","96","9.43","9","1.49","415","2","6","2025","pitcher"
"14","R
                                                                        Butz","Oakland Ballers","5.3","9","5","17","17","0","90","106","59","53","45","70","7","14","1.68","410","4","1","2025","pitcher"
"15","C
                                                                        Czerwinski","Great Falls Voyagers","7.31","4","8","16","16","0","88.2","121","80","72","50","82","8.32","14","1.93","435","8","6","2025","pitcher"
"16","C
                                                                        Dayton","Boise Hawks","6.44","7","1","23","13","0","88","115","81","63","48","73","7.47","19","1.85","432","7","9","2025","pitcher"
"17","C
                                                                        Chatman","Ogden Raptors","5.95","8","3","20","18","0","87.2","101","64","58","49","75","7.7","9","1.71","415","8","10","2025","pitcher"
"18","N
                                                                        Saltaformaggio","Ogden Raptors","5.94","8","1","47","0","0","86.1","104","68","57","35","72","7.51","10","1.61","391","8","8","2025","pitcher"
"19","J
                                                                        Garcia","Billings Mustangs","4.41","4","6","15","13","0","85.2","98","52","42","23","64","6.72","8","1.41","384","4","9","2025","pitcher"
"19","N
                                                                        Marshall","Great Falls Voyagers","8.19","5","7","16","16","0","85.2","122","88","78","45","65","6.83","8","1.95","435","8","14","2025","pitcher"
"21","N
                                                                        Millikan","Oakland Ballers","2.12","7","1","14","14","0","85","65","23","20","12","96","10.16","5","0.91","337","2","10","2025","pitcher"
"22","N
                                                                        Hemmerling","Idaho Falls Chukars","6.43","8","4","16","16","0","84","121","69","60","43","60","6.43","15","1.95","408","7","3","2025","pitcher"
"23","J
                                                                        Jenkins","Yuba-Sutter Freebirds","6.26","3","6","16","15","0","82","108","62","57","34","74","8.12","15","1.73","391","7","10","2025","pitcher"
"24","A
                                                                        Coleman","Ogden Raptors","11.29","3","5","21","13","0","81.1","139","113","102","32","40","4.43","28","2.1","431","6","19","2025","pitcher"
"25","G
                                                                        Edwards","Boise Hawks","5.15","6","3","15","14","0","80.1","73","52","46","38","86","9.63","10","1.38","354","3","13","2025","pitcher"
"26","S
                                                                        Gustafson","Ogden Raptors","9.04","5","4","19","17","0","79.2","120","91","80","34","49","5.54","13","1.93","404","4","17","2025","pitcher"
"26","N
                                                                        Shinn","Idaho Falls Chukars","7.23","3","4","22","12","0","79.2","115","81","64","39","63","7.12","18","1.93","396","3","5","2025","pitcher"
"28","E
                                                                        Massie","Grand Junction Jackalopes","9.23","4","6","18","17","0","79","115","92","81","69","66","7.52","9","2.33","422","12","14","2025","pitcher"
"29","M
                                                                        Peterson","Missoula PaddleHeads","9.23","5","6","16","16","0","78","135","89","80","18","63","7.27","10","1.96","387","-","5","2025","pitcher"
"30","G
                                                                        Tanner","Oakland Ballers","3.26","9","0","17","11","0","77.1","70","34","28","24","47","5.47","13","1.22","323","5","7","2025","pitcher"
"30","C
                                                                        Womble","Yuba-Sutter Freebirds","7.33","6","4","15","15","0","77.1","98","65","63","37","54","6.28","12","1.75","362","5","9","2025","pitcher"
"32","D
                                                                        Foster","Billings Mustangs","7.61","7","3","21","11","0","73.1","108","72","62","18","56","6.87","12","1.72","348","6","7","2025","pitcher"
"33","D
                                                                        Galvan","Great Falls Voyagers","8.67","3","3","25","7","0","71.2","118","77","69","29","62","7.79","10","2.05","363","4","6","2025","pitcher"
"34","J
                                                                        Fuson","Billings Mustangs","3.63","6","0","14","13","0","69.1","60","35","28","31","70","9.09","2","1.31","305","2","5","2025","pitcher"
"35","C
                                                                        Scherrer","Rocky Mountain Vibes","6.16","5","4","16","15","0","68.2","102","63","47","46","51","6.68","7","2.16","344","8","6","2025","pitcher"
"36","E
                                                                        Elliott","Ogden Raptors","7.41","6","4","16","16","0","68","102","64","56","26","55","7.28","14","1.88","335","4","7","2025","pitcher"
"37","J
                                                                        Engman","Glacier Range Riders","7.35","1","6","14","14","0","67.1","84","60","55","28","56","7.49","13","1.66","311","6","2","2025","pitcher"
"38","E
                                                                        Johnson","Billings Mustangs","7.46","2","4","21","10","0","66.1","100","62","55","27","52","7.06","11","1.91","331","6","8","2025","pitcher"
"39","E
                                                                        Kowalski","Rocky Mountain Vibes","8.36","1","2","15","11","1","65.2","103","66","61","35","49","6.72","14","2.1","338","4","9","2025","pitcher"
"40","L
                                                                        Short","Oakland Ballers","3.58","7","1","15","14","0","65.1","62","28","26","23","79","10.88","3","1.3","282","4","4","2025","pitcher"
"41","T
                                                                        Peltier","Rocky Mountain Vibes","7.48","6","5","33","9","0","65","94","62","54","35","52","7.2","12","1.98","324","7","6","2025","pitcher"
"42","C
                                                                        Stasio","Ogden Raptors","5.29","7","1","12","12","0","64.2","77","39","38","19","65","9.05","8","1.48","289","3","7","2025","pitcher"
"43","H
                                                                        Boncal","Billings Mustangs","3.92","4","5","19","11","0","64.1","68","35","28","34","66","9.23","3","1.59","296","2","4","2025","pitcher"
"44","M
                                                                        Binns","Rocky Mountain Vibes","5.91","2","2","14","13","0","64","66","53","42","48","62","8.72","3","1.78","309","15","3","2025","pitcher"
"44","S
                                                                        Lavin","Great Falls Voyagers","7.88","3","6","12","12","0","64","90","63","56","26","62","8.72","17","1.81","302","7","2","2025","pitcher"
"46","B
                                                                        Gillis","Grand Junction Jackalopes","8.14","3","3","40","5","0","63","78","62","57","55","83","11.86","9","2.11","336","12","16","2025","pitcher"
"47","C
                                                                        Cressend","Yuba-Sutter Freebirds","7.26","3","2","21","8","0","62","61","54","50","42","73","10.6","12","1.66","293","7","10","2025","pitcher"
"47","M
                                                                        Kavanaugh","Yuba-Sutter Freebirds","7.4","5","3","14","11","0","62","81","56","51","22","49","7.11","15","1.66","291","2","4","2025","pitcher"
"47","Z
                                                                        Zaborowski","Grand Junction Jackalopes","10.74","4","6","17","12","0","62","109","82","74","27","65","9.44","18","2.19","326","6","8","2025","pitcher"
"50","D
                                                                        Day","Missoula PaddleHeads","3.94","5","0","17","12","0","61.2","53","33","27","33","74","10.8","6","1.39","275","2","8","2025","pitcher"
"51","J
                                                                        Hughes","Boise Hawks","6.56","5","3","13","13","0","60.1","65","45","44","32","69","10.29","8","1.61","280","8","4","2025","pitcher"
"52","A
                                                                        Bobadilla","Grand Junction Jackalopes","8.39","4","3","16","11","0","59","86","61","55","47","41","6.25","11","2.25","307","13","3","2025","pitcher"
"53","D
                                                                        Matsuoka","Oakland Ballers","7.46","5","1","19","9","0","56.2","75","51","47","29","45","7.15","12","1.84","281","5","10","2025","pitcher"
"54","A
                                                                        Alger","Grand Junction Jackalopes","12.6","3","6","51","0","0","55","93","80","77","29","48","7.85","20","2.22","290","6","4","2025","pitcher"
"55","G
                                                                        Van Deventer","Idaho Falls Chukars","8.89","5","5","15","12","0","54.2","91","64","54","22","32","5.27","9","2.07","279","9","5","2025","pitcher"
"56","R
                                                                        Miller","Grand Junction Jackalopes","1.33","3","0","46","0","16","54.1","37","10","8","17","83","13.75","2","0.99","219","5","5","2025","pitcher"
"56","N
                                                                        Parker","Missoula PaddleHeads","8.94","3","3","12","12","0","54.1","68","60","54","33","50","8.28","10","1.86","274","5","13","2025","pitcher"
"58","D
                                                                        Batcher","Great Falls Voyagers","9.83","4","5","13","9","0","54","101","67","59","29","36","6","11","2.41","284","5","-","2025","pitcher"
"58","R
                                                                        Fields","Missoula PaddleHeads","5.67","6","2","25","1","1","54","61","38","34","30","64","10.67","5","1.69","252","6","1","2025","pitcher"
"60","N
                                                                        Pender","Great Falls Voyagers","5.74","2","2","39","0","3","53.1","74","50","34","25","54","9.11","6","1.86","269","9","4","2025","pitcher"
"61","S
                                                                        Ellis","Yuba-Sutter Freebirds","5.64","0","2","26","4","0","52.2","54","33","33","24","47","8.03","8","1.48","239","7","5","2025","pitcher"
"62","C
                                                                        Martinez","Colorado Springs Sky Sox","7.05","3","4","14","8","0","52.1","71","47","41","42","42","7.22","10","2.16","270","11","5","2025","pitcher"
"63","R
                                                                        Supple","Glacier Range Riders","6.58","2","6","29","6","5","52","54","48","38","30","56","9.69","5","1.62","244","4","4","2025","pitcher"
"64","W
                                                                        Tucker","Rocky Mountain Vibes","5.57","2","4","31","2","0","51.2","53","40","32","36","65","11.32","6","1.72","246","16","4","2025","pitcher"
"65","L
                                                                        Cooper","Glacier Range Riders","3.6","2","3","45","0","3","50","41","22","20","25","74","13.32","7","1.32","219","6","4","2025","pitcher"
"66","J
                                                                        Drake","Yuba-Sutter Freebirds","6.34","4","2","13","7","0","49.2","54","37","35","18","34","6.16","8","1.45","219","5","4","2025","pitcher"
"66","Z
                                                                        Lampton","Missoula PaddleHeads","2.9","4","2","47","0","9","49.2","32","17","16","25","83","15.04","3","1.15","211","3","4","2025","pitcher"
"66","C
                                                                        Richardson","Oakland Ballers","2.54","6","0","39","0","2","49.2","41","18","14","8","36","6.52","7","0.99","199","-","3","2025","pitcher"
"69","B
                                                                        Moody","Great Falls Voyagers","8.57","2","5","11","9","0","49.1","82","54","47","20","26","4.74","8","2.07","251","5","9","2025","pitcher"
"70","A
                                                                        Bogosian","Oakland Ballers","5.33","3","0","31","0","2","49","59","34","29","14","53","9.73","2","1.49","224","3","2","2025","pitcher"
"70","C
                                                                        Edmonson","Ogden Raptors","6.06","2","1","48","0","1","49","58","40","33","24","58","10.65","7","1.67","232","8","4","2025","pitcher"
"72","J
                                                                        Locklear","Boise Hawks","8.51","1","3","38","1","1","48.2","56","48","46","24","40","7.4","7","1.64","236","1","11","2025","pitcher"
"73","T
                                                                        Morrill","Rocky Mountain Vibes","6.75","6","3","43","2","8","48","61","45","36","35","53","9.94","3","2","239","14","4","2025","pitcher"
"74","E
                                                                        Ross","Colorado Springs Sky Sox","9.25","1","3","32","2","0","47.2","72","57","49","38","46","8.69","9","2.31","255","9","4","2025","pitcher"
"75","M
                                                                        Lauria","Colorado Springs Sky Sox","11.79","1","4","10","9","0","47.1","78","70","62","30","36","6.85","16","2.28","260","2","8","2025","pitcher"
"76","R
                                                                        Gutierrez Rosario","Ogden Raptors","7.66","2","4","10","10","0","47","66","42","40","26","37","7.09","9","1.96","228","15","2","2025","pitcher"
"77","S
                                                                        Brennan","Glacier Range Riders","7.38","1","7","12","12","0","46.1","56","44","38","29","41","7.96","12","1.83","224","1","3","2025","pitcher"
"78","A
                                                                        Armstrong","Missoula PaddleHeads","5.36","3","1","33","2","0","45.1","46","31","27","22","53","10.52","7","1.5","204","2","4","2025","pitcher"
"79","N
                                                                        Soto","Colorado Springs Sky Sox","15.4","0","7","9","9","0","45","103","89","77","28","39","7.8","15","2.91","277","4","5","2025","pitcher"
"80","N
                                                                        Cardinal","Ogden Raptors","5.04","5","4","43","0","12","44.2","43","28","25","26","47","9.47","8","1.54","206","6","5","2025","pitcher"
"81","M
                                                                        Bryant","Yuba-Sutter Freebirds","4.87","2","3","38","0","1","44.1","44","30","24","20","52","10.56","4","1.44","201","6","2","2025","pitcher"
"81","C
                                                                        Franzen","Oakland Ballers","4.26","3","0","35","0","0","44.1","46","27","21","8","47","9.54","12","1.22","189","2","1","2025","pitcher"
"81","L
                                                                        Helton","Great Falls Voyagers","9.95","1","7","10","9","0","44.1","79","54","49","21","29","5.89","8","2.26","228","1","1","2025","pitcher"
"84","D
                                                                        Pratt","Glacier Range Riders","4.7","2","1","40","0","0","44","41","29","23","21","40","8.18","2","1.41","198","5","6","2025","pitcher"
"85","A
                                                                        Alvarez","Billings Mustangs","5.77","0","2","11","10","0","43.2","68","34","28","20","23","4.74","2","2.02","217","3","7","2025","pitcher"
"85","H
                                                                        Bryan","Rocky Mountain Vibes","6.18","2","4","37","0","10","43.2","47","32","30","19","57","11.75","8","1.51","200","3","1","2025","pitcher"
"87","J
                                                                        Hasty","Glacier Range Riders","1.45","1","1","45","0","2","43.1","33","17","7","27","56","11.63","2","1.38","189","10","4","2025","pitcher"
"88","J
                                                                        Colyer","Oakland Ballers","3.77","3","0","36","0","2","43","42","19","18","18","55","11.51","1","1.4","184","5","2","2025","pitcher"
"88","C
                                                                        Sullivan","Oakland Ballers","4.81","2","1","42","0","19","43","38","26","23","16","47","9.84","4","1.26","185","2","4","2025","pitcher"
"90","A
                                                                        Garcia","Yuba-Sutter Freebirds","6.12","0","4","36","0","3","42.2","43","31","29","32","58","12.23","9","1.76","210","9","9","2025","pitcher"
"91","Q
                                                                        Waterhouse","Boise Hawks","7.65","1","2","26","3","5","42.1","63","45","36","22","38","8.08","4","2.01","213","7","4","2025","pitcher"
"92","S
                                                                        Ordorica","Idaho Falls Chukars","5.57","1","0","34","0","1","42","53","29","26","16","28","6","8","1.64","195","-","8","2025","pitcher"
"93","N
                                                                        Zegna","Glacier Range Riders","4.24","0","2","37","0","6","40.1","38","24","19","14","50","11.16","3","1.29","177","4","6","2025","pitcher"
"94","J
                                                                        Collett","Great Falls Voyagers","8.47","1","0","27","0","0","39.1","45","39","37","27","50","11.44","8","1.83","193","10","6","2025","pitcher"
"95","R
                                                                        Velazquez","Colorado Springs Sky Sox","5.82","3","2","31","0","1","38.2","46","31","25","30","40","9.31","5","1.97","197","9","4","2025","pitcher"
"96","C
                                                                        Kratz","Rocky Mountain Vibes","5.54","1","2","30","0","0","37.1","47","30","23","24","41","9.88","6","1.9","184","4","1","2025","pitcher"
"97","S
                                                                        Drumheller","Yuba-Sutter Freebirds","6.32","0","4","32","0","0","37","40","33","26","17","30","7.3","8","1.54","170","1","1","2025","pitcher"
"98","C
                                                                        Trout","Boise Hawks","3.96","2","2","41","1","2","36.1","38","17","16","15","19","4.71","4","1.46","160","2","5","2025","pitcher"
"99","M
                                                                        Lopez","Colorado Springs Sky Sox","9.5","0","3","16","2","1","36","58","41","38","26","37","9.25","8","2.33","192","7","1","2025","pitcher"
"100","M
                                                                        Taubensee","Missoula PaddleHeads","2.78","3","0","32","0","0","35.2","26","14","11","23","64","16.15","4","1.37","158","-","2","2025","pitcher"
"101","E
                                                                        Bates","Yuba-Sutter Freebirds","5.6","3","3","32","0","4","35.1","41","27","22","13","31","7.9","5","1.53","165","4","7","2025","pitcher"
"101","R
                                                                        Hughes","Idaho Falls Chukars","4.84","1","4","33","0","1","35.1","36","21","19","22","43","10.95","5","1.64","160","2","3","2025","pitcher"
"103","D
                                                                        Fox","Colorado Springs Sky Sox","17.23","0","1","24","2","0","35","63","71","67","40","27","6.94","7","2.94","217","4","17","2025","pitcher"
"103","M
                                                                        Grannan","Great Falls Voyagers","4.11","1","0","30","0","0","35","36","19","16","13","34","8.74","4","1.4","159","4","1","2025","pitcher"
"105","B
                                                                        Barquin","Grand Junction Jackalopes","14.8","3","4","19","5","0","34.2","75","69","57","24","31","8.05","6","2.86","207","5","10","2025","pitcher"
"105","D
                                                                        Delvecchio","Oakland Ballers","7.53","1","2","10","7","0","34.2","41","34","29","16","29","7.53","10","1.64","164","7","4","2025","pitcher"
"105","G
                                                                        Pacheco","Boise Hawks","9.61","0","3","9","7","0","34.2","60","38","37","21","28","7.27","9","2.34","183","4","5","2025","pitcher"
"108","W
                                                                        Cameron","Great Falls Voyagers","3.93","1","1","34","0","8","34.1","29","19","15","15","44","11.53","1","1.28","147","6","2","2025","pitcher"
"109","R
                                                                        Egloff","Grand Junction Jackalopes","5.61","4","2","7","7","0","33.2","55","28","21","5","32","8.55","4","1.78","167","2","2","2025","pitcher"
"109","A
                                                                        Rodriguez","Grand Junction Jackalopes","11.23","3","1","29","0","0","33.2","41","46","42","35","35","9.36","8","2.26","178","12","3","2025","pitcher"
"111","R
                                                                        Kelley","Great Falls Voyagers","4.91","3","2","30","1","0","33","34","20","18","19","36","9.82","7","1.61","155","5","4","2025","pitcher"
"111","N
                                                                        Madej","Yuba-Sutter Freebirds","7.36","2","3","8","7","0","33","31","33","27","37","31","8.45","6","2.06","169","3","3","2025","pitcher"
"111","S
                                                                        Schmitt","Billings Mustangs","8.73","1","2","8","7","0","33","51","35","32","14","22","6","7","1.97","166","4","3","2025","pitcher"
"114","J
                                                                        Ochoa","Colorado Springs Sky Sox","6.34","2","1","27","0","0","32.2","42","28","23","30","38","10.47","3","2.2","166","5","4","2025","pitcher"
"115","T
                                                                        Wolf","Grand Junction Jackalopes","6.12","3","2","31","0","0","32.1","38","22","22","18","26","7.24","6","1.73","152","8","6","2025","pitcher"
"116","T
                                                                        Jones","Boise Hawks","5.06","1","2","14","2","2","32","34","24","18","21","38","10.69","6","1.72","152","-","4","2025","pitcher"
"116","J
                                                                        Kinsky","Colorado Springs Sky Sox","12.38","0","1","22","0","0","32","46","51","44","42","29","8.16","2","2.75","195","11","9","2025","pitcher"
"116","E
                                                                        Ross","Billings Mustangs","9.84","1","2","15","2","0","32","46","38","35","25","28","7.88","6","2.22","169","6","3","2025","pitcher"
"119","N
                                                                        Pinazzi","Idaho Falls Chukars","8.13","1","1","29","1","2","31","40","30","28","17","42","12.19","2","1.84","148","3","1","2025","pitcher"
"120","A
                                                                        Sabouri","Missoula PaddleHeads","6.3","0","0","30","0","8","30","28","26","21","25","29","8.7","1","1.77","147","1","7","2025","pitcher"
"121","C
                                                                        Calnon","Billings Mustangs","3.68","4","0","7","4","0","29.1","29","14","12","1","15","4.6","4","1.02","116","-","-","2025","pitcher"
"122","K
                                                                        Carrillo","Colorado Springs Sky Sox","12.1","0","2","13","2","0","29","51","46","39","34","20","6.21","8","2.93","175","11","5","2025","pitcher"
"122","C
                                                                        Ciuffetelli","Ogden Raptors","6.83","0","2","29","0","0","29","40","29","22","23","31","9.62","7","2.17","149","11","-","2025","pitcher"
"122","M
                                                                        Hoaglund","Grand Junction Jackalopes","12.41","1","1","10","3","0","29","51","41","40","19","22","6.83","8","2.41","155","1","2","2025","pitcher"
"125","B
                                                                        Carmichael","Boise Hawks","10.61","3","3","6","6","0","28","46","39","33","15","22","7.07","4","2.18","145","-","2","2025","pitcher"
"1","A
                                                                        Abbatine","Colorado Springs Sky Sox","0","0","0","0","0","0","0","-","-","-","-","0","0","-","-","-","-","-","2025","pitcher"
"2","J
                                                                        Acosta","Boise Hawks","6.75","2","1","11","0","0","17.1","22","13","13","7","20","10.38","2","1.67","81","4","2","2025","pitcher"
"3","A
                                                                        Adams","Rocky Mountain Vibes","0","0","0","0","0","0","0","-","-","-","-","0","0","-","-","-","-","-","2025","pitcher"
"4","C
                                                                        Adamson","Colorado Springs Sky Sox","13.32","0","4","5","5","0","24.1","43","36","36","15","14","5.18","5","2.38","130","3","3","2025","pitcher"
"5","N
                                                                        Agacki","Ogden Raptors","13.11","1","0","10","0","0","11.2","16","17","17","13","11","8.49","3","2.49","64","3","3","2025","pitcher"
"6","M
                                                                        Alba","Missoula PaddleHeads","15","0","0","3","0","0","3","4","5","5","5","3","9","-","3.00","18","2","1","2025","pitcher"
"7","A
                                                                        Albert","Great Falls Voyagers","0","0","0","0","0","0","0","-","-","-","-","0","0","-","-","-","-","-","2025","pitcher"
"9","R
                                                                        Allen Jr.","Billings Mustangs","0","0","0","0","0","0","0","-","-","-","-","0","0","-","-","-","-","-","2025","pitcher"
"9","J
                                                                        Allen","Grand Junction Jackalopes","0","-","-","-","-","-","0","-","-","-","-","0","0","-","-","-","-","-","2025","pitcher"
"11","J
                                                                        Allgeyer","Oakland Ballers","27","0","0","1","0","0","2","5","6","6","1","0","0","1","3.00","12","1","1","2025","pitcher"
"12","C
                                                                        Almanza","Oakland Ballers","0","0","0","0","0","0","0","-","-","-","-","0","0","-","-","-","-","-","2025","pitcher"
"13","A
                                                                        Alonso","Colorado Springs Sky Sox","16.5","0","1","5","2","0","12","23","24","22","17","5","3.75","6","3.33","74","-","-","2025","pitcher"
"15","K
                                                                        Anglin","Yuba-Sutter Freebirds","5.17","1","0","4","4","0","15.2","23","11","9","7","20","11.49","1","1.91","75","2","-","2025","pitcher"
"16","D
                                                                        Aragon","Grand Junction Jackalopes","0","0","0","0","0","0","0","-","-","-","-","0","0","-","-","-","-","-","2025","pitcher"
"17","E
                                                                        Armstrong III","Glacier Range Riders","7.24","1","1","17","0","0","27.1","31","22","22","12","31","10.21","8","1.57","123","3","1","2025","pitcher"
"18","E
                                                                        Armstrong III","Colorado Springs Sky Sox","18.16","1","2","11","2","0","18.1","48","37","37","13","16","7.85","6","3.33","118","4","3","2025","pitcher"
"20","K
                                                                        Ashworth","Glacier Range Riders","0","0","0","0","0","0","0","-","-","-","-","0","0","-","-","-","-","-","2025","pitcher"
"21","T
                                                                        Atkins","Grand Junction Jackalopes","14.34","1","0","13","0","0","10.2","17","19","17","6","10","8.44","3","2.16","63","-","6","2025","pitcher"
"22","C
                                                                        Backer Jr.","Rocky Mountain Vibes","12.38","0","2","2","2","0","8","18","14","11","5","2","2.25","-","2.88","48","-","-","2025","pitcher"
"23","T
                                                                        Bacon","Great Falls Voyagers","5.47","0","2","24","0","2","26.1","24","18","16","25","27","9.23","3","1.86","130","7","1","2025","pitcher"
"24","C
                                                                        Bagnieski","Ogden Raptors","0","0","0","0","0","0","0","-","-","-","-","0","0","-","-","-","-","-","2025","pitcher"
"25","T
                                                                        Baker","Glacier Range Riders","9.24","0","1","3","3","0","12.2","27","19","13","2","3","2.13","4","2.29","69","-","1","2025","pitcher"
"26","K
                                                                        Banks","Idaho Falls Chukars","0","0","0","0","0","0","0","-","-","-","-","0","0","-","-","-","-","-","2025","pitcher"
"28","A
                                                                        Barranca","Great Falls Voyagers","0","0","0","0","0","0","0","-","-","-","-","0","0","-","-","-","-","-","2025","pitcher"
"28","L
                                                                        Barry","Missoula PaddleHeads","0","0","0","0","0","0","0","-","-","-","-","0","0","-","-","-","-","-","2025","pitcher"
"30","S
                                                                        Bass","Ogden Raptors","8","0","1","2","2","0","9","14","9","8","5","5","5","4","2.11","44","1","1","2025","pitcher"
"32","A
                                                                        Bates","Missoula PaddleHeads","0","0","0","0","0","0","0","-","-","-","-","0","0","-","-","-","-","-","2025","pitcher"
"34","S
                                                                        Baumgardt","Idaho Falls Chukars","0","0","0","0","0","0","0","-","-","-","-","0","0","-","-","-","-","-","2025","pitcher"
"35","N
                                                                        Bautista","Missoula PaddleHeads","5.19","1","1","18","0","0","17.1","14","10","10","13","20","10.38","2","1.56","79","2","2","2025","pitcher"
"37","L
                                                                        Beard","Glacier Range Riders","0","0","0","0","0","0","0","-","-","-","-","0","0","-","-","-","-","-","2025","pitcher"
"38","D
                                                                        Beckman","Colorado Springs Sky Sox","11.77","0","0","10","0","0","13","14","20","17","15","11","7.62","4","2.23","72","2","4","2025","pitcher"
"39","J
                                                                        Begora","Boise Hawks","0","0","0","0","0","0","0","-","-","-","-","0","0","-","-","-","-","-","2025","pitcher"
"40","H
                                                                        Belton","Rocky Mountain Vibes","6.29","2","1","5","5","0","24.1","27","18","17","20","13","4.81","3","1.93","116","-","2","2025","pitcher"
"41","D
                                                                        Benton","Billings Mustangs","27","0","0","3","0","0","1.2","2","5","5","4","2","10.8","-","3.60","13","2","3","2025","pitcher"
"42","E
                                                                        Berkey","Yuba-Sutter Freebirds","0","0","0","0","0","0","0","-","-","-","-","0","0","-","-","-","-","-","2025","pitcher"
"42","C
                                                                        Bess","Yuba-Sutter Freebirds","0","0","0","0","0","0","0","-","-","-","-","0","0","-","-","-","-","-","2025","pitcher"
"42","T
                                                                        Best","Oakland Ballers","0","0","0","0","0","0","0","-","-","-","-","0","0","-","-","-","-","-","2025","pitcher"
"46","M
                                                                        Binns","Oakland Ballers","12.34","1","2","6","1","1","11.2","13","16","16","8","9","6.94","3","1.80","59","2","3","2025","pitcher"
"47","G
                                                                        Blackman","Billings Mustangs","5.4","0","1","2","1","0","5","6","3","3","1","5","9","2","1.40","23","-","-","2025","pitcher"
"48","B
                                                                        Blankenship","Grand Junction Jackalopes","21.86","0","2","8","2","0","7","10","17","17","17","4","5.14","1","3.86","46","1","1","2025","pitcher"
"49","D
                                                                        Blinn","Ogden Raptors","0","0","0","0","0","0","0","-","-","-","-","0","0","-","-","-","-","-","2025","pitcher"
"49","E
                                                                        Blum","Billings Mustangs","0","0","0","0","0","0","0","-","-","-","-","0","0","-","-","-","-","-","2025","pitcher"
"49","E
                                                                        Blum","Ogden Raptors","0","0","0","1","0","0","0","-","-","-","-","0","0","-","-","-","-","-","2025","pitcher"
"54","J
                                                                        Bollman","Rocky Mountain Vibes","16.71","0","2","2","2","0","7","14","18","13","6","6","7.71","4","2.86","45","2","1","2025","pitcher"
"56","B
                                                                        Bonner","Ogden Raptors","45","0","0","3","0","0","2","11","10","10","-","0","0","1","5.50","18","-","-","2025","pitcher"
"57","C
                                                                        Booth","Rocky Mountain Vibes","0","0","0","0","0","0","0","-","-","-","-","0","0","-","-","-","-","-","2025","pitcher"
"59","K
                                                                        Bow","Idaho Falls Chukars","1.8","0","0","6","0","0","5","4","1","1","5","7","12.6","-","1.80","24","2","-","2025","pitcher"
"60","C
                                                                        Bowen","Billings Mustangs","0","0","0","0","0","0","0","-","-","-","-","0","0","-","-","-","-","-","2025","pitcher"
"60","N
                                                                        Boyle","Ogden Raptors","0","0","0","1","0","0","0","-","-","-","1","0","0","-","-","1","-","-","2025","pitcher"
"62","J
                                                                        Bradley","Boise Hawks","10.38","1","0","1","1","0","4.1","6","5","5","6","3","6.23","1","2.77","27","2","2","2025","pitcher"
"63","G
                                                                        Brasosky","Rocky Mountain Vibes","10.13","0","1","2","0","0","2.2","7","5","3","1","3","10.13","1","3.00","17","-","-","2025","pitcher"
"64","W
                                                                        Brassil","Colorado Springs Sky Sox","0","0","0","0","0","0","0","-","-","-","-","0","0","-","-","-","-","-","2025","pitcher"
"66","T
                                                                        Bridges","Colorado Springs Sky Sox","0","0","0","0","0","0","0","-","-","-","-","0","0","-","-","-","-","-","2025","pitcher"
"67","E
                                                                        Brown","Grand Junction Jackalopes","9.82","0","1","12","0","0","14.2","19","22","16","22","10","6.14","3","2.80","86","3","2","2025","pitcher"
"68","G
                                                                        Brusa","Yuba-Sutter Freebirds","0","0","0","0","0","0","0","-","-","-","-","0","0","-","-","-","-","-","2025","pitcher"
"71","P
                                                                        Bryant","Grand Junction Jackalopes","15.88","0","1","3","2","0","5.2","10","10","10","8","2","3.18","1","3.18","35","1","1","2025","pitcher"
"72","T
                                                                        Buckner","Yuba-Sutter Freebirds","3","0","1","11","0","3","12","8","4","4","2","17","12.75","2",".83","47","1","-","2025","pitcher"
"73","C
                                                                        Bufford","Oakland Ballers","0","0","0","0","0","0","0","-","-","-","-","0","0","-","-","-","-","-","2025","pitcher"
"73","D
                                                                        Buggs","Oakland Ballers","0","0","0","0","0","0","0","-","-","-","-","0","0","-","-","-","-","-","2025","pitcher"
"73","W
                                                                        Butcher","Rocky Mountain Vibes","0","0","0","0","0","0","0","-","-","-","-","0","0","-","-","-","-","-","2025","pitcher"
"76","R
                                                                        Butenschoen","Boise Hawks","9","0","0","3","0","0","2","1","2","2","5","3","13.5","1","3.00","11","-","-","2025","pitcher"
"77","C
                                                                        Butler","Idaho Falls Chukars","18","1","0","6","0","0","6","6","12","12","11","8","12","1","2.83","34","2","1","2025","pitcher"
"79","M
                                                                        Byrne","Colorado Springs Sky Sox","20.25","0","0","2","0","0","1.1","3","3","3","2","1","6.75","-","3.75","10","-","1","2025","pitcher"
"81","C
                                                                        Calnon","Yuba-Sutter Freebirds","3.86","0","0","4","0","0","7","6","3","3","4","8","10.29","1","1.43","31","-","-","2025","pitcher"
"83","M
                                                                        Campagna","Yuba-Sutter Freebirds","0","0","0","0","0","0","0","-","-","-","-","0","0","-","-","-","-","-","2025","pitcher"
"87","X
                                                                        Casserilla","Billings Mustangs","0","0","0","0","0","0","0","-","-","-","-","0","0","-","-","-","-","-","2025","pitcher"
"87","X
                                                                        Casserilla","Glacier Range Riders","0","0","0","0","0","0","0","-","-","-","-","0","0","-","-","-","-","-","2025","pitcher"
"89","C
                                                                        Castaneda","Grand Junction Jackalopes","67.5","0","0","3","0","0","1.1","8","10","10","3","0","0","2","8.25","18","-","2","2025","pitcher"
"91","Z
                                                                        Chamizo","Colorado Springs Sky Sox","0","0","0","0","0","0","0","-","-","-","-","0","0","-","-","-","-","-","2025","pitcher"
"93","J
                                                                        Chavez","Colorado Springs Sky Sox","0","0","0","0","0","0","0","-","-","-","-","0","0","-","-","-","-","-","2025","pitcher"
"93","S
                                                                        Cheely","Rocky Mountain Vibes","0","0","0","0","0","0","0","-","-","-","-","0","0","-","-","-","-","-","2025","pitcher"
"93","R
                                                                        Chesney","Missoula PaddleHeads","0","0","0","0","0","0","0","-","-","-","-","0","0","-","-","-","-","-","2025","pitcher"
"96","C
                                                                        Chimenti","Billings Mustangs","5.19","0","3","14","0","4","17.1","23","12","10","5","11","5.71","-","1.62","79","-","2","2025","pitcher"
"97","A
                                                                        Chouinard","Rocky Mountain Vibes","0","0","0","0","0","0","0","-","-","-","-","0","0","-","-","-","-","-","2025","pitcher"
"99","C
                                                                        Ciuffetelli","Missoula PaddleHeads","13.5","0","0","2","0","0","2","1","3","3","4","2","9","-","2.50","11","-","1","2025","pitcher"
"100","K
                                                                        Clark","Rocky Mountain Vibes","0","0","0","0","0","0","0","-","-","-","-","0","0","-","-","-","-","-","2025","pitcher"
"101","T
                                                                        Clarkson","Glacier Range Riders","0","0","0","1","0","0","1","1","-","-","-","2","18","-","1.00","4","-","-","2025","pitcher"
"102","T
                                                                        Cobb Jr.","Oakland Ballers","0","0","0","0","0","0","0","-","-","-","-","0","0","-","-","-","-","-","2025","pitcher"
"102","P
                                                                        Coddou","Yuba-Sutter Freebirds","0","0","0","0","0","0","0","-","-","-","-","0","0","-","-","-","-","-","2025","pitcher"
"102","S
                                                                        Coffman","Grand Junction Jackalopes","0","0","0","0","0","0","0","-","-","-","-","0","0","-","-","-","-","-","2025","pitcher"
"105","N
                                                                        Cole","Glacier Range Riders","18.69","0","0","5","0","0","4.1","7","9","9","6","3","6.23","2","3.00","25","-","-","2025","pitcher"
"107","B
                                                                        Collett","Grand Junction Jackalopes","24","0","0","4","0","0","3","9","9","8","3","4","12","1","4.00","21","1","-","2025","pitcher"
"109","T
                                                                        Collins","Colorado Springs Sky Sox","12","0","0","1","1","0","3","2","5","4","6","3","9","-","2.67","18","1","1","2025","pitcher"
"110","M
                                                                        Colucci","Ogden Raptors","11.25","1","0","4","0","0","4","6","5","5","7","5","11.25","1","3.25","24","1","-","2025","pitcher"
"111","C
                                                                        Colyer","Billings Mustangs","2.3","3","2","25","0","0","27.1","23","9","7","15","21","6.91","1","1.39","115","1","-","2025","pitcher"
"113","D
                                                                        Conners","Boise Hawks","0","0","0","0","0","0","0","-","-","-","-","0","0","-","-","-","-","-","2025","pitcher"
"114","C
                                                                        Cook","Great Falls Voyagers","36","0","0","1","0","0","1","2","4","4","4","2","18","-","6.00","10","1","1","2025","pitcher"
"116","E
                                                                        Corona","Great Falls Voyagers","0","0","0","0","0","0","0","-","-","-","-","0","0","-","-","-","-","-","2025","pitcher"
"117","J
                                                                        Coronado","Colorado Springs Sky Sox","0","0","0","1","0","0","1","2","-","-","1","2","18","-","3.00","6","1","-","2025","pitcher"
"119","R
                                                                        Coronado","Colorado Springs Sky Sox","22.95","0","2","2","2","0","6.2","16","20","17","8","7","9.45","3","3.60","49","1","3","2025","pitcher"
"120","G
                                                                        Courtright","Rocky Mountain Vibes","7.42","1","1","7","2","0","13.1","14","16","11","14","4","2.7","1","2.10","69","1","3","2025","pitcher"
"121","C
                                                                        Cowan","Glacier Range Riders","7.15","0","3","21","0","1","22.2","21","18","18","18","33","13.1","3","1.72","111","2","6","2025","pitcher"
"122","C
                                                                        Cowan","Great Falls Voyagers","1.64","0","0","11","0","0","11","6","4","2","15","9","7.36","-","1.91","50","4","-","2025","pitcher"
"123","E
                                                                        Crawford","Boise Hawks","0","0","0","0","0","0","0","-","-","-","-","0","0","-","-","-","-","-","2025","pitcher"
"125","X
                                                                        Croxton","Boise Hawks","0","0","0","0","0","0","0","-","-","-","-","0","0","-","-","-","-","-","2025","pitcher"
"1","J Acosta","Boise Hawks","0","-","-","-","-","-","0","-","-","-","-","0","0","-","-","-","-","-","2026","pitcher"
"1","C Allen","Great Falls Voyagers","0","0","0","0","0","0","0","-","-","-","-","0","0","-","-","-","-","-","2026","pitcher"
"1","J Allgeyer","Oakland Ballers","0","0","0","0","0","0","0","-","-","-","-","0","0","-","-","-","-","-","2026","pitcher"
"1","E Amundson","Yuba-Sutter Freebirds","0","0","0","0","0","0","0","-","-","-","-","0","0","-","-","-","-","-","2026","pitcher"
"1","A Anderson","Missoula PaddleHeads","0","0","0","0","0","0","0","-","-","-","-","0","0","-","-","-","-","-","2026","pitcher"
"1","D Andiarena","Missoula PaddleHeads","0","0","0","0","0","0","0","-","-","-","-","0","0","-","-","-","-","-","2026","pitcher"
"1","E Apodaca","Missoula PaddleHeads","0","0","0","0","0","0","0","-","-","-","-","0","0","-","-","-","-","-","2026","pitcher"
"1","D Aragon","Yuba-Sutter Freebirds","0","0","0","0","0","0","0","-","-","-","-","0","0","-","-","-","-","-","2026","pitcher"
"1","K Ashworth","Glacier Range Riders","0","0","0","0","0","0","0","-","-","-","-","0","0","-","-","-","-","-","2026","pitcher"
"1","M Ball","Missoula PaddleHeads","0","0","0","0","0","0","0","-","-","-","-","0","0","-","-","-","-","-","2026","pitcher"
"1","M Bardowell","Long Beach Coast","0","0","0","0","0","0","0","-","-","-","-","0","0","-","-","-","-","-","2026","pitcher"
"1","A Barranca","Great Falls Voyagers","0","0","0","0","0","0","0","-","-","-","-","0","0","-","-","-","-","-","2026","pitcher"
"1","E Barrera","Idaho Falls Chukars","0","0","0","0","0","0","0","-","-","-","-","0","0","-","-","-","-","-","2026","pitcher"
"1","L Barry","Missoula PaddleHeads","0","0","0","0","0","0","0","-","-","-","-","0","0","-","-","-","-","-","2026","pitcher"
"1","G Barto","Modesto Roadsters","0","0","0","0","0","0","0","-","-","-","-","0","0","-","-","-","-","-","2026","pitcher"
"1","M Beale","Oakland Ballers","0","0","0","0","0","0","0","-","-","-","-","0","0","-","-","-","-","-","2026","pitcher"
"1","S Becker","RedPocket Mobiles","0","0","0","0","0","0","0","-","-","-","-","0","0","-","-","-","-","-","2026","pitcher"
"1","J Begora","Boise Hawks","0","0","0","0","0","0","0","-","-","-","-","0","0","-","-","-","-","-","2026","pitcher"
"1","C Bergman","Missoula PaddleHeads","0","0","0","0","0","0","0","-","-","-","-","0","0","-","-","-","-","-","2026","pitcher"
"1","W Bermudez","Missoula PaddleHeads","0","0","0","0","0","0","0","-","-","-","-","0","0","-","-","-","-","-","2026","pitcher"
"1","C Bess","Long Beach Coast","0","0","0","0","0","0","0","-","-","-","-","0","0","-","-","-","-","-","2026","pitcher"
"1","T Best","Boise Hawks","0","0","0","0","0","0","0","-","-","-","-","0","0","-","-","-","-","-","2026","pitcher"
"1","G Bevacqua","Ogden Raptors","0","0","0","0","0","0","0","-","-","-","-","0","0","-","-","-","-","-","2026","pitcher"
"1","B Bishop","RedPocket Mobiles","0","0","0","0","0","0","0","-","-","-","-","0","0","-","-","-","-","-","2026","pitcher"
"1","Z Blaszak","Great Falls Voyagers","0","0","0","0","0","0","0","-","-","-","-","0","0","-","-","-","-","-","2026","pitcher"
"1","C Bowen","Billings Mustangs","0","0","0","0","0","0","0","-","-","-","-","0","0","-","-","-","-","-","2026","pitcher"
"1","J Boyd","Modesto Roadsters","0","0","0","0","0","0","0","-","-","-","-","0","0","-","-","-","-","-","2026","pitcher"
"1","C Bufford","Oakland Ballers","0","0","0","0","0","0","0","-","-","-","-","0","0","-","-","-","-","-","2026","pitcher"
"1","N Burns II","Billings Mustangs","0","0","0","0","0","0","0","-","-","-","-","0","0","-","-","-","-","-","2026","pitcher"
"1","M Byrne","Glacier Range Riders","0","0","0","2","0","0","0.1","-","-","-","3","0","0","-","9.00","5","-","1","2026","pitcher"
"1","S Cabeza","Great Falls Voyagers","0","0","0","0","0","0","0","-","-","-","-","0","0","-","-","-","-","-","2026","pitcher"
"1","J Cabuyaban","RedPocket Mobiles","0","0","0","0","0","0","0","-","-","-","-","0","0","-","-","-","-","-","2026","pitcher"
"1","C Campbell","Boise Hawks","0","0","0","0","0","0","0","-","-","-","-","0","0","-","-","-","-","-","2026","pitcher"
"1","B Cannon","Modesto Roadsters","0","0","0","0","0","0","0","-","-","-","-","0","0","-","-","-","-","-","2026","pitcher"
"1","S Canton","Idaho Falls Chukars","0","0","0","0","0","0","0","-","-","-","-","0","0","-","-","-","-","-","2026","pitcher"
"1","B Capps","Glacier Range Riders","0","0","0","0","0","0","0","-","-","-","-","0","0","-","-","-","-","-","2026","pitcher"
"1","K Carlson","Yuba-Sutter Freebirds","0","0","0","0","0","0","0","-","-","-","-","0","0","-","-","-","-","-","2026","pitcher"
"1","X Casserilla","Missoula PaddleHeads","0","0","0","1","0","0","1","1","-","-","1","1","9","-","2.00","4","1","-","2026","pitcher"
"1","B Choi","Modesto Roadsters","0","0","0","0","0","0","0","-","-","-","-","0","0","-","-","-","-","-","2026","pitcher"
"1","R Clayton, Jr.","RedPocket Mobiles","0","0","0","0","0","0","0","-","-","-","-","0","0","-","-","-","-","-","2026","pitcher"
"1","T Cobb","Oakland Ballers","0","0","0","0","0","0","0","-","-","-","-","0","0","-","-","-","-","-","2026","pitcher"
"1","S Coffman","Long Beach Coast","0","0","0","0","0","0","0","-","-","-","-","0","0","-","-","-","-","-","2026","pitcher"
"1","A Collins","Glacier Range Riders","0","0","0","0","0","0","0","-","-","-","-","0","0","-","-","-","-","-","2026","pitcher"
"1","T Collins","Missoula PaddleHeads","0","0","0","0","0","0","0","-","-","-","-","0","0","-","-","-","-","-","2026","pitcher"
"1","J Collura","Oakland Ballers","0","0","0","0","0","0","0","-","-","-","-","0","0","-","-","-","-","-","2026","pitcher"
"1","A Cootway","Billings Mustangs","0","0","0","0","0","0","0","-","-","-","-","0","0","-","-","-","-","-","2026","pitcher"
"1","E Corona","Long Beach Coast","0","0","0","0","0","0","0","-","-","-","-","0","0","-","-","-","-","-","2026","pitcher"
"1","J Costin","Missoula PaddleHeads","0","0","0","0","0","0","0","-","-","-","-","0","0","-","-","-","-","-","2026","pitcher"
"1","E Crawford","Oakland Ballers","0","0","0","0","0","0","0","-","-","-","-","0","0","-","-","-","-","-","2026","pitcher"
"1","X Croxton","Boise Hawks","0","0","0","0","0","0","0","-","-","-","-","0","0","-","-","-","-","-","2026","pitcher"
"1","T Cruz","Great Falls Voyagers","0","0","0","0","0","0","0","-","-","-","-","0","0","-","-","-","-","-","2026","pitcher"
"1","P Depasquale","Boise Hawks","0","0","0","0","0","0","0","-","-","-","-","0","0","-","-","-","-","-","2026","pitcher"
"1","D Dixon","Yuba-Sutter Freebirds","0","0","0","0","0","0","0","-","-","-","-","0","0","-","-","-","-","-","2026","pitcher"
"1","H Dodson","Ogden Raptors","0","0","0","0","0","0","0","-","-","-","-","0","0","-","-","-","-","-","2026","pitcher"
"1","J Donahue","Yuba-Sutter Freebirds","0","0","0","0","0","0","0","-","-","-","-","0","0","-","-","-","-","-","2026","pitcher"
"1","T Dooley","Idaho Falls Chukars","0","0","0","0","0","0","0","-","-","-","-","0","0","-","-","-","-","-","2026","pitcher"
"1","M Dorcean","Great Falls Voyagers","0","0","0","0","0","0","0","-","-","-","-","0","0","-","-","-","-","-","2026","pitcher"
"1","D Drewek","Oakland Ballers","0","0","0","0","0","0","0","-","-","-","-","0","0","-","-","-","-","-","2026","pitcher"
"1","J Duarte","Yuba-Sutter Freebirds","0","0","0","0","0","0","0","-","-","-","-","0","0","-","-","-","-","-","2026","pitcher"
"1","H Dunhurst","Modesto Roadsters","0","0","0","0","0","0","0","-","-","-","-","0","0","-","-","-","-","-","2026","pitcher"
"1","J Edmonds","Long Beach Coast","0","0","0","0","0","0","0","-","-","-","-","0","0","-","-","-","-","-","2026","pitcher"
"1","K Ewell","Great Falls Voyagers","0","-","-","-","-","-","0","-","-","-","-","0","0","-","-","-","-","-","2026","pitcher"
"1","J Fallers","Idaho Falls Chukars","0","0","0","0","0","0","0","-","-","-","-","0","0","-","-","-","-","-","2026","pitcher"
"1","J Feliciano","Missoula PaddleHeads","0","0","0","0","0","0","0","-","-","-","-","0","0","-","-","-","-","-","2026","pitcher"
"1","J Feliciano","Modesto Roadsters","0","0","0","0","0","0","0","-","-","-","-","0","0","-","-","-","-","-","2026","pitcher"
"1","E Felix","Glacier Range Riders","0","0","0","0","0","0","0","-","-","-","-","0","0","-","-","-","-","-","2026","pitcher"
"1","C Fellows","Modesto Roadsters","0","0","0","0","0","0","0","-","-","-","-","0","0","-","-","-","-","-","2026","pitcher"
"1","A Fernandes","Glacier Range Riders","0","0","0","0","0","0","0","-","-","-","-","0","0","-","-","-","-","-","2026","pitcher"
"1","G Ferraro-Nahr","Ogden Raptors","0","0","0","0","0","0","0","-","-","-","-","0","0","-","-","-","-","-","2026","pitcher"
"1","D Fesperman","Ogden Raptors","0","0","0","0","0","0","0","-","-","-","-","0","0","-","-","-","-","-","2026","pitcher"
"1","L Figueroa","Modesto Roadsters","0","0","0","0","0","0","0","-","-","-","-","0","0","-","-","-","-","-","2026","pitcher"
"1","A Folds","Boise Hawks","0","0","0","0","0","0","0","-","-","-","-","0","0","-","-","-","-","-","2026","pitcher"
"1","K Foster","Yuba-Sutter Freebirds","0","0","0","0","0","0","0","-","-","-","-","0","0","-","-","-","-","-","2026","pitcher"
"1","M Fullerton","RedPocket Mobiles","0","0","0","0","0","0","0","-","-","-","-","0","0","-","-","-","-","-","2026","pitcher"
"1","T Ganus","Ogden Raptors","0","0","0","0","0","0","0","-","-","-","-","0","0","-","-","-","-","-","2026","pitcher"
"1","C Garner","Glacier Range Riders","0","0","0","0","0","0","0","-","-","-","-","0","0","-","-","-","-","-","2026","pitcher"
"1","J George Rivera","Yuba-Sutter Freebirds","0","0","0","0","0","0","0","-","-","-","-","0","0","-","-","-","-","-","2026","pitcher"
"1","T Gilligan","Ogden Raptors","0","0","0","0","0","0","0","-","-","-","-","0","0","-","-","-","-","-","2026","pitcher"
"1","J Gonzalez Perez","Idaho Falls Chukars","0","0","0","0","0","0","0","-","-","-","-","0","0","-","-","-","-","-","2026","pitcher"
"1","E Good","Missoula PaddleHeads","0","0","0","0","0","0","0","-","-","-","-","0","0","-","-","-","-","-","2026","pitcher"
"1","R Grabosch","Boise Hawks","0","0","0","0","0","0","0","-","-","-","-","0","0","-","-","-","-","-","2026","pitcher"
"1","W Grant","Boise Hawks","0","0","0","0","0","0","0","-","-","-","-","0","0","-","-","-","-","-","2026","pitcher"
"1","S Greico","Ogden Raptors","0","0","0","0","0","0","0","-","-","-","-","0","0","-","-","-","-","-","2026","pitcher"
"1","K Grundy","Glacier Range Riders","0","-","-","-","-","-","0","-","-","-","-","0","0","-","-","-","-","-","2026","pitcher"
"1","R Guillermo","RedPocket Mobiles","0","0","0","0","0","0","0","-","-","-","-","0","0","-","-","-","-","-","2026","pitcher"
"1","J Gutierrez","Billings Mustangs","0","0","0","0","0","0","0","-","-","-","-","0","0","-","-","-","-","-","2026","pitcher"
"1","M Haas","Boise Hawks","0","0","0","0","0","0","0","-","-","-","-","0","0","-","-","-","-","-","2026","pitcher"
"1","M Handron","Modesto Roadsters","0","0","0","0","0","0","0","-","-","-","-","0","0","-","-","-","-","-","2026","pitcher"
"1","C Harper","Idaho Falls Chukars","0","-","-","-","-","-","0","-","-","-","-","0","0","-","-","-","-","-","2026","pitcher"
"1","J Harrison-Dudley","RedPocket Mobiles","0","0","0","0","0","0","0","-","-","-","-","0","0","-","-","-","-","-","2026","pitcher"
"1","A Hernandez","Modesto Roadsters","0","0","0","0","0","0","0","-","-","-","-","0","0","-","-","-","-","-","2026","pitcher"
"1","S Hernandez","RedPocket Mobiles","0","0","0","1","0","0","0","-","-","-","-","0","0","-","-","-","-","-","2026","pitcher"
"1","C Hext","Yuba-Sutter Freebirds","0","0","0","0","0","0","0","-","-","-","-","0","0","-","-","-","-","-","2026","pitcher"
"1","T Hondras","RedPocket Mobiles","0","0","0","0","0","0","0","-","-","-","-","0","0","-","-","-","-","-","2026","pitcher"
"1","C Hornung","Glacier Range Riders","0","0","0","0","0","0","0","-","-","-","-","0","0","-","-","-","-","-","2026","pitcher"
"1","G Horvat","RedPocket Mobiles","0","0","0","0","0","0","0","-","-","-","-","0","0","-","-","-","-","-","2026","pitcher"
"1","K Hvidsten","Billings Mustangs","0","0","0","0","0","0","0","-","-","-","-","0","0","-","-","-","-","-","2026","pitcher"
"1","L Hyzdu","Ogden Raptors","0","0","0","0","0","0","0","-","-","-","-","0","0","-","-","-","-","-","2026","pitcher"
"1","J Jablonski","Long Beach Coast","0","0","0","0","0","0","0","-","-","-","-","0","0","-","-","-","-","-","2026","pitcher"
"1","D Jackson","Boise Hawks","0","0","0","2","0","0","1.2","2","-","-","1","1","5.4","-","1.80","8","-","-","2026","pitcher"
"1","M Jackson","RedPocket Mobiles","0","0","0","0","0","0","0","-","-","-","-","0","0","-","-","-","-","-","2026","pitcher"
"1","J Jelic","Ogden Raptors","0","0","0","0","0","0","0","-","-","-","-","0","0","-","-","-","-","-","2026","pitcher"
"1","K Jimenez","Yuba-Sutter Freebirds","0","0","0","0","0","0","0","-","-","-","-","0","0","-","-","-","-","-","2026","pitcher"
"1","D Jimerson","Oakland Ballers","0","0","0","0","0","0","0","-","-","-","-","0","0","-","-","-","-","-","2026","pitcher"
"1","J Johnson Jr.","Billings Mustangs","0","0","0","0","0","0","0","-","-","-","-","0","0","-","-","-","-","-","2026","pitcher"
"1","O Johnson","Modesto Roadsters","0","0","0","0","0","0","0","-","-","-","-","0","0","-","-","-","-","-","2026","pitcher"
"1","L Johnstone","Oakland Ballers","0","0","0","0","0","0","0","-","-","-","-","0","0","-","-","-","-","-","2026","pitcher"
"1","E Jones","Long Beach Coast","0","0","0","0","0","0","0","-","-","-","-","0","0","-","-","-","-","-","2026","pitcher"
"1","J Kalafut","Boise Hawks","0","0","0","0","0","0","0","-","-","-","-","0","0","-","-","-","-","-","2026","pitcher"
"1","R Kelley","Great Falls Voyagers","0","-","-","-","-","-","0","-","-","-","-","0","0","-","-","-","-","-","2026","pitcher"
"1","A Kirchner","Yuba-Sutter Freebirds","0","0","0","0","0","0","0","-","-","-","-","0","0","-","-","-","-","-","2026","pitcher"
"1","M Kirkland","Idaho Falls Chukars","0","0","0","0","0","0","0","-","-","-","-","0","0","-","-","-","-","-","2026","pitcher"
"1","C Kirtley","Glacier Range Riders","0","0","0","0","0","0","0","-","-","-","-","0","0","-","-","-","-","-","2026","pitcher"
"1","M Koszewski","Missoula PaddleHeads","0","0","0","1","0","0","1","3","-","-","-","0","0","-","3.00","5","-","-","2026","pitcher"
"1","D Laferriere","Long Beach Coast","0","0","0","0","0","0","0","-","-","-","-","0","0","-","-","-","-","-","2026","pitcher"
"1","J Lanham","Great Falls Voyagers","0","-","-","-","-","-","0","-","-","-","-","0","0","-","-","-","-","-","2026","pitcher"
"1","C Lawrence","Ogden Raptors","0","0","0","0","0","0","0","-","-","-","-","0","0","-","-","-","-","-","2026","pitcher"
"1","R Lee","Idaho Falls Chukars","0","0","0","0","0","0","0","-","-","-","-","0","0","-","-","-","-","-","2026","pitcher"
"1","N Leehey","Oakland Ballers","0","0","0","0","0","0","0","-","-","-","-","0","0","-","-","-","-","-","2026","pitcher"
"1","P Lester","Idaho Falls Chukars","0","0","0","0","0","0","0","-","-","-","-","0","0","-","-","-","-","-","2026","pitcher"
"1","J Lewis","Yuba-Sutter Freebirds","0","0","0","0","0","0","0","-","-","-","-","0","0","-","-","-","-","-","2026","pitcher"
"1","D Lina","Long Beach Coast","0","0","0","0","0","0","0","-","-","-","-","0","0","-","-","-","-","-","2026","pitcher"
"1","K Liniak","Modesto Roadsters","0","0","0","0","0","0","0","-","-","-","-","0","0","-","-","-","-","-","2026","pitcher"
"1","J List","Yuba-Sutter Freebirds","0","0","0","0","0","0","0","-","-","-","-","0","0","-","-","-","-","-","2026","pitcher"
"1","J Lojewski","Modesto Roadsters","0","0","0","0","0","0","0","-","-","-","-","0","0","-","-","-","-","-","2026","pitcher"
"1","N Saltaformaggio","Ogden Raptors","6.88","12","2","17","17","0","104.2","160","89","80","24","83","7.14","15","1.76","491","8","8","2026","pitcher"
"2","C Calnon","Billings Mustangs","5.54","10","3","15","13","0","89.1","129","75","55","15","42","4.23","18","1.61","415","1","4","2026","pitcher"
"2","Z Longshore","Glacier Range Riders","5.63","10","5","20","19","0","110.1","130","76","69","39","105","8.56","21","1.53","492","4","6","2026","pitcher"
"4","J Garcia","Billings Mustangs","5.6","9","1","16","16","0","99.2","127","69","62","35","97","8.76","12","1.63","461","11","5","2026","pitcher"
"4","N Hemmerling","Long Beach Coast","4.53","9","0","18","16","0","95.1","95","57","48","32","100","9.44","9","1.33","407","5","5","2026","pitcher"
"4","J Jackson","Missoula PaddleHeads","7.83","9","4","19","19","0","100","136","94","87","40","100","9","16","1.76","473","10","6","2026","pitcher"
"7","A Elfering","Glacier Range Riders","5.09","8","5","19","18","0","111.1","144","68","63","27","92","7.44","20","1.54","493","3","5","2026","pitcher"
"7","O Serrano","Modesto Roadsters","4.15","8","3","19","19","0","115","118","61","53","44","127","9.94","12","1.41","503","4","2","2026","pitcher"
"7","C Talley","Modesto Roadsters","5.99","8","3","17","16","0","79.2","104","61","53","37","62","7","10","1.77","378","1","3","2026","pitcher"
"10","B Beard","Missoula PaddleHeads","7.11","7","3","17","17","0","87.1","119","85","69","29","77","7.94","26","1.69","414","2","11","2026","pitcher"
"10","J Martin","Long Beach Coast","5.23","7","2","16","15","0","75.2","82","55","44","30","55","6.54","15","1.48","343","2","8","2026","pitcher"
"12","N Bautista","Long Beach Coast","4.74","6","3","18","14","0","79.2","86","49","42","41","81","9.15","10","1.59","353","6","3","2026","pitcher"
"12","J Castillo","Modesto Roadsters","4.48","6","2","43","0","1","70.1","67","40","35","34","82","10.49","8","1.44","309","2","1","2026","pitcher"
"12","G Grosjean","Long Beach Coast","5.31","6","3","23","4","0","42.1","44","36","25","26","39","8.29","6","1.65","206","3","7","2026","pitcher"
"12","J Harris","Billings Mustangs","6.38","6","4","13","13","0","67.2","78","53","48","39","69","9.18","9","1.73","317","6","3","2026","pitcher"
"12","D Hernandez","Modesto Roadsters","4.76","6","3","16","12","1","85","83","51","45","32","82","8.68","12","1.35","371","5","2","2026","pitcher"
"12","J Jenkins","Modesto Roadsters","5.72","6","3","18","18","0","102.1","103","67","65","40","104","9.15","13","1.4","452","8","11","2026","pitcher"
"12","T McEvoy","Billings Mustangs","6.19","6","1","10","9","0","52.1","53","40","36","30","42","7.22","7","1.59","231","1","2","2026","pitcher"
"12","H Mullins","Billings Mustangs","5.5","6","2","37","0","0","52.1","59","35","32","32","49","8.43","6","1.74","243","4","4","2026","pitcher"
"12","E Roarke","Modesto Roadsters","4.92","6","2","10","9","0","53","49","32","29","25","47","7.98","4","1.4","230","2","3","2026","pitcher"
"21","M Bryant","Idaho Falls Chukars","5.4","5","0","27","0","1","28.1","31","18","17","13","29","9.21","2","1.55","129","5","4","2026","pitcher"
"21","V Cisneros","Oakland Ballers","5.8","5","1","34","0","0","45","44","34","29","39","57","11.4","4","1.84","220","6","4","2026","pitcher"
"21","R DuSang","Boise Hawks","6.8","5","2","41","0","7","42.1","47","34","32","36","38","8.08","4","1.96","202","4","6","2026","pitcher"
"21","R Fields","Missoula PaddleHeads","3.59","5","2","13","4","0","42.2","36","19","17","16","49","10.34","5","1.22","176","1","-","2026","pitcher"
"21","R Inouye","Idaho Falls Chukars","5.47","5","2","36","0","3","49.1","48","36","30","30","53","9.67","5","1.58","239","4","15","2026","pitcher"
"21","J Leerssen","Idaho Falls Chukars","10.43","5","8","19","17","0","88","129","111","102","54","91","9.31","20","2.08","450","8","10","2026","pitcher"
"21","A Moreno","Modesto Roadsters","8.39","5","4","31","0","5","34.1","45","37","32","22","37","9.7","7","1.95","175","1","3","2026","pitcher"
"21","R Radkey","Boise Hawks","7.84","5","3","13","12","0","62","73","63","54","45","46","6.68","8","1.9","302","4","5","2026","pitcher"
"21","T Reisinger","Missoula PaddleHeads","7.46","5","6","18","18","0","95.1","118","90","79","42","82","7.74","22","1.68","441","7","5","2026","pitcher"
"21","Z Rose","Boise Hawks","6.4","5","4","47","2","12","95.2","115","73","68","34","79","7.43","17","1.56","437","3","9","2026","pitcher"
"21","L Smiddy","Great Falls Voyagers","7.24","5","3","24","2","1","51","74","49","41","34","45","7.94","6","2.12","262","5","6","2026","pitcher"
"32","A Baker","Boise Hawks","8.92","4","5","15","14","0","72.2","107","82","72","49","56","6.94","11","2.15","373","3","7","2026","pitcher"
"32","C Chatman","Ogden Raptors","8.92","4","6","19","15","0","75.2","107","84","75","43","73","8.68","16","1.98","378","4","7","2026","pitcher"
"32","C Dayton","Boise Hawks","6.41","4","1","8","8","0","46.1","60","43","33","20","27","5.24","6","1.73","218","2","3","2026","pitcher"
"32","R Egloff","Yuba-Sutter Freebirds","6.85","4","6","19","19","0","90.2","118","77","69","53","82","8.14","17","1.89","436","7","6","2026","pitcher"
"32","D Gardner","Ogden Raptors","9.24","4","3","36","3","0","61.1","77","72","63","50","63","9.24","16","2.07","315","10","9","2026","pitcher"
"32","G Garza","Missoula PaddleHeads","8.71","4","0","36","1","0","51.2","74","55","50","35","33","5.75","15","2.11","267","2","2","2026","pitcher"
"32","R Hernandez","Idaho Falls Chukars","7.9","4","1","9","5","0","35.1","52","33","31","7","20","5.09","4","1.67","159","1","4","2026","pitcher"
"32","B Huter","Idaho Falls Chukars","6.11","4","4","17","15","0","88.1","118","70","60","32","51","5.2","12","1.7","410","3","5","2026","pitcher"
"32","I Lanik","Idaho Falls Chukars","10.33","4","8","17","16","0","83.2","143","101","96","44","56","6.02","21","2.24","432","5","8","2026","pitcher"
"32","S Lavin","Great Falls Voyagers","7.63","4","6","16","16","0","96.2","134","90","82","50","105","9.78","16","1.9","472","15","5","2026","pitcher"
"32","B Mayer","Oakland Ballers","6.41","4","0","22","0","0","39.1","49","37","28","25","38","8.69","8","1.88","195","3","4","2026","pitcher"
"32","P McMan","Ogden Raptors","9","4","1","13","13","0","60","91","64","60","25","53","7.95","23","1.93","292","3","3","2026","pitcher"
"32","M O'Brien","Long Beach Coast","5.21","4","3","12","10","0","57","65","34","33","17","29","4.58","6","1.44","253","2","6","2026","pitcher"
"32","M Pennington","Idaho Falls Chukars","9.21","4","1","11","11","0","56.2","88","70","58","27","40","6.35","17","2.03","284","5","4","2026","pitcher"
"32","R Pfeifer","Yuba-Sutter Freebirds","6.33","4","1","24","0","3","27","20","21","19","20","46","15.33","3","1.48","123","1","5","2026","pitcher"
"32","W Rogers","Great Falls Voyagers","6.14","4","4","22","6","3","58.2","66","43","40","29","68","10.43","8","1.62","277","7","6","2026","pitcher"
"32","J Schaaf","Ogden Raptors","5.4","4","2","12","12","0","73.1","88","45","44","27","47","5.77","8","1.57","327","4","1","2026","pitcher"
"32","E Sepulveda","Great Falls Voyagers","10.16","4","0","29","0","0","36.1","47","43","41","34","15","3.72","8","2.23","189","2","6","2026","pitcher"
"32","G Van Deventer","Long Beach Coast","6.32","4","2","14","13","0","62.2","90","54","44","25","44","6.32","6","1.84","300","4","6","2026","pitcher"
"32","T Wolf","Yuba-Sutter Freebirds","7.74","4","5","47","0","7","57","66","51","49","57","57","9","7","2.16","293","10","4","2026","pitcher"
"52","C Anziani","Billings Mustangs","6.56","3","1","25","0","1","35.2","45","26","26","26","32","8.07","1","1.99","180","5","4","2026","pitcher"
"52","H Boncal","Billings Mustangs","9.15","3","4","17","13","0","62","97","69","63","40","68","9.87","12","2.21","314","5","4","2026","pitcher"
"52","L Burkett","Oakland Ballers","7.15","3","1","32","1","2","34","26","35","27","33","50","13.24","6","1.74","164","6","6","2026","pitcher"
"52","C Canada","Glacier Range Riders","7.51","3","3","16","9","0","44.1","48","46","37","43","56","11.37","9","2.05","228","9","5","2026","pitcher"
"52","C Colyer","Idaho Falls Chukars","11.08","3","1","27","0","0","31.2","62","42","39","24","37","10.52","7","2.72","176","3","-","2026","pitcher"
"52","J Cone","Boise Hawks","11.02","3","8","16","16","0","72.2","125","99","89","58","40","4.95","17","2.52","407","7","5","2026","pitcher"
"52","C Cressend","Glacier Range Riders","5.66","3","4","15","12","0","47.2","61","38","30","18","33","6.23","5","1.66","220","-","1","2026","pitcher"
"52","A Diaz","Modesto Roadsters","6.24","3","3","22","10","0","70.2","91","59","49","23","66","8.41","14","1.61","324","2","7","2026","pitcher"
"52","C Diaz","Oakland Ballers","7.38","3","3","15","6","1","39","49","36","32","19","24","5.54","9","1.74","182","2","4","2026","pitcher"
"52","J Giblin","Glacier Range Riders","6","3","3","12","10","0","48","58","35","32","26","50","9.38","4","1.75","224","2","1","2026","pitcher"
"52","D Hankins","Billings Mustangs","8.41","3","4","18","10","0","55.2","75","58","52","45","43","6.95","8","2.16","287","4","9","2026","pitcher"
"52","L Hartman","Billings Mustangs","6.28","3","3","33","1","10","38.2","41","28","27","23","59","13.73","6","1.66","174","10","1","2026","pitcher"
"52","J Johnson","Missoula PaddleHeads","10","3","1","29","0","1","27","40","36","30","13","30","10","5","1.96","135","6","2","2026","pitcher"
"52","S Kelby","Idaho Falls Chukars","6.45","3","1","15","9","0","53","57","50","38","45","28","4.75","6","1.92","262","7","6","2026","pitcher"
"52","K Kneip","Ogden Raptors","9.22","3","3","28","0","4","27.1","36","34","28","25","20","6.59","4","2.23","147","9","4","2026","pitcher"
"52","E Langston","Glacier Range Riders","9.49","3","5","23","11","0","67.1","102","84","71","35","48","6.42","10","2.03","336","5","8","2026","pitcher"
"52","K Lewis","Ogden Raptors","8.08","3","3","41","0","0","45.2","60","54","41","34","49","9.66","14","2.06","240","6","6","2026","pitcher"
"52","S Murray","Great Falls Voyagers","8.38","3","0","33","0","1","38.2","50","39","36","29","55","12.8","5","2.04","193","7","1","2026","pitcher"
"52","S Ordorica","Long Beach Coast","3.95","3","3","49","0","2","57","61","26","25","22","34","5.37","6","1.46","242","2","4","2026","pitcher"
"52","C Percival","Long Beach Coast","3.95","3","1","10","7","2","41","41","22","18","9","30","6.59","10","1.22","170","-","-","2026","pitcher"
"52","J Skapinetz","Boise Hawks","10.06","3","5","14","14","0","68","104","88","76","45","81","10.72","19","2.19","363","5","10","2026","pitcher"
"52","S Spencer","Idaho Falls Chukars","10.63","3","6","17","14","0","64.1","112","93","76","56","43","6.02","9","2.61","360","15","5","2026","pitcher"
"52","R Steinman","Missoula PaddleHeads","7.91","3","2","34","0","0","38.2","51","36","34","25","31","7.22","7","1.97","192","1","2","2026","pitcher"
"52","R Steinmann","Billings Mustangs","8.74","3","0","8","0","0","11.1","13","13","11","13","16","12.71","2","2.29","63","-","1","2026","pitcher"
"52","M Taubensee","Missoula PaddleHeads","2.94","3","1","44","0","11","49","36","21","16","40","84","15.43","4","1.55","223","6","-","2026","pitcher"
"52","D Thomas","Oakland Ballers","3.93","3","1","8","6","0","36.2","38","18","16","11","30","7.36","5","1.34","156","1","-","2026","pitcher"
"52","R Tibbett","Long Beach Coast","16.88","3","0","11","0","0","13.1","28","25","25","13","14","9.45","7","3.07","81","2","1","2026","pitcher"
"52","J Toporek","Missoula PaddleHeads","6.95","3","1","9","8","0","45.1","68","36","35","14","34","6.75","4","1.81","211","5","2","2026","pitcher"
"52","C Trout","Boise Hawks","5.23","3","0","53","0","1","41.1","53","35","24","18","20","4.35","5","1.72","193","2","2","2026","pitcher"
"52","R Velazquez","RedPocket Mobiles","8.84","3","5","16","11","0","58","73","69","57","40","51","7.91","13","1.95","296","7","5","2026","pitcher"
"52","L Wade","Glacier Range Riders","3.05","3","2","26","0","0","41.1","33","17","14","22","45","9.8","2","1.33","172","2","1","2026","pitcher"
"52","B Wozniak","Long Beach Coast","4.07","3","1","12","7","0","42","43","24","19","17","24","5.14","3","1.43","186","1","2","2026","pitcher"
"84","R Abe-Arias","Oakland Ballers","6.2","2","3","18","18","0","114.2","144","92","79","37","77","6.04","23","1.58","525","3","3","2026","pitcher"
"84","I Austin IV","Ogden Raptors","8.88","2","1","23","0","1","24.1","35","29","24","19","28","10.36","4","2.22","135","2","6","2026","pitcher"
"84","T Bates","Oakland Ballers","6.86","2","1","17","0","0","19.2","20","16","15","17","17","7.78","5","1.88","94","-","2","2026","pitcher"
"84","J Betancourt","Billings Mustangs","7.81","2","0","11","3","0","27.2","34","26","24","14","15","4.88","3","1.73","130","-","3","2026","pitcher"
"84","C Brinson","Missoula PaddleHeads","12.6","2","0","9","0","0","10","22","15","14","7","7","6.3","-","2.9","57","1","3","2026","pitcher"
"84","C Bunch","Ogden Raptors","9.91","2","6","14","11","0","52.2","96","67","58","24","47","8.03","10","2.28","278","8","4","2026","pitcher"
"84","A Bustamante","Glacier Range Riders","2.49","2","0","36","0","4","47","44","15","13","21","56","10.72","3","1.38","202","5","3","2026","pitcher"
"84","M Collins","Idaho Falls Chukars","7.42","2","3","26","0","0","47.1","75","51","39","27","23","4.37","12","2.15","245","6","3","2026","pitcher"
"84","J Covey","Glacier Range Riders","1.5","2","0","2","2","0","12","11","2","2","2","14","10.5","1","1.08","48","3","-","2026","pitcher"
"84","J Dixon","Long Beach Coast","5.2","2","0","42","0","0","45","59","34","26","24","38","7.6","6","1.84","220","4","2","2026","pitcher"
"84","M Dye","Billings Mustangs","7.21","2","0","17","5","0","43.2","50","37","35","24","49","10.1","6","1.69","201","3","3","2026","pitcher"
"84","R Faulks","Long Beach Coast","5.08","2","0","42","0","1","51.1","57","36","29","30","47","8.24","10","1.69","246","7","6","2026","pitcher"
"84","B Fritcher","Idaho Falls Chukars","12.34","2","1","9","0","0","11.2","16","18","16","7","9","6.94","4","1.97","59","2","2","2026","pitcher"
"84","J Garcia","Great Falls Voyagers","9","2","2","10","7","0","49","77","60","49","24","25","4.59","11","2.06","256","3","8","2026","pitcher"
"84","E Gardner","Boise Hawks","3.38","2","0","4","0","0","2.2","6","7","1","6","1","3.38","-","4.5","21","1","-","2026","pitcher"
"84","C Goffar","Missoula PaddleHeads","10.88","2","0","5","5","0","24","44","29","29","15","7","2.63","3","2.46","121","3","2","2026","pitcher"
"84","J Hasty","Glacier Range Riders","6.48","2","1","43","0","1","41.2","35","38","30","45","60","12.96","1","1.92","212","9","10","2026","pitcher"
"84","E Hernandez","Great Falls Voyagers","10.26","2","7","17","14","0","73.2","101","89","84","65","72","8.8","9","2.25","389","14","8","2026","pitcher"
"84","R Humphreys","Glacier Range Riders","9.91","2","1","16","0","0","26.1","23","30","29","34","27","9.23","-","2.16","134","4","5","2026","pitcher"
"84","C Hurley","Oakland Ballers","7.98","2","5","11","11","0","53","52","50","47","32","42","7.13","13","1.58","250","6","10","2026","pitcher"
"84","J Kozasky","Long Beach Coast","11.05","2","1","8","0","0","7.1","11","9","9","7","5","6.14","1","2.45","41","1","-","2026","pitcher"
"84","C Martinez","Yuba-Sutter Freebirds","9.2","2","3","12","7","0","45","54","50","46","53","44","8.8","7","2.38","240","6","8","2026","pitcher"
"84","A Miranda","RedPocket Mobiles","6.03","2","4","14","3","0","31.1","38","29","21","21","31","8.9","1","1.88","155","3","3","2026","pitcher"
"84","N Naccarato","Billings Mustangs","6.75","2","0","32","0","0","38.2","47","30","29","21","36","8.38","6","1.76","182","8","2","2026","pitcher"
"84","C Peguero","Great Falls Voyagers","13.36","2","1","7","6","0","33","61","50","49","18","37","10.09","5","2.39","183","6","5","2026","pitcher"
"84","M Riley","Oakland Ballers","12.07","2","1","12","3","0","28.1","49","39","38","23","31","9.85","9","2.54","152","2","1","2026","pitcher"
"84","A Risse","Oakland Ballers","9.27","2","6","12","12","0","56.1","86","62","58","32","36","5.75","10","2.09","281","6","4","2026","pitcher"
"84","A Silvas","Yuba-Sutter Freebirds","9.8","2","6","22","16","0","82.2","124","99","90","58","72","7.84","25","2.2","428","4","5","2026","pitcher"
"84","G Smith","Oakland Ballers","9.38","2","6","10","9","0","48","71","58","50","18","32","6","23","1.85","231","1","2","2026","pitcher"
"84","D Spinoso","Boise Hawks","7.98","2","0","25","0","0","29.1","40","30","26","19","22","6.75","4","2.01","154","6","6","2026","pitcher"
"84","G Tanner","Oakland Ballers","8.74","2","1","4","4","0","22.2","37","22","22","10","18","7.15","9","2.07","114","1","5","2026","pitcher"
"84","E Thompson","Idaho Falls Chukars","13.33","2","2","20","0","1","26.1","37","42","39","19","13","4.44","8","2.13","134","2","5","2026","pitcher"
"84","R Tibbett","Glacier Range Riders","5.8","2","3","17","6","0","40.1","46","28","26","17","28","6.25","3","1.56","183","5","7","2026","pitcher"
"84","H Vela","Boise Hawks","6.75","2","5","9","9","0","44","59","35","33","19","21","4.3","12","1.77","206","-","2","2026","pitcher"
"84","Z Voelker","Long Beach Coast","3.35","2","4","45","0","22","51","38","26","19","32","71","12.53","4","1.37","228","4","4","2026","pitcher"
"84","R Wentz","Missoula PaddleHeads","9.34","2","1","15","6","0","35.2","48","41","37","29","39","9.84","8","2.16","187","9","6","2026","pitcher"
"84","S Wiese","Yuba-Sutter Freebirds","8.02","2","0","46","0","0","55","80","53","49","16","32","5.24","17","1.75","264","1","6","2026","pitcher"
"84","I Williams","Yuba-Sutter Freebirds","8.42","2","3","26","2","0","41.2","42","46","39","46","28","6.05","1","2.11","211","4","2","2026","pitcher"
"122","W Adams","RedPocket Mobiles","8.15","1","6","20","0","2","17.2","16","16","16","19","21","10.7","2","1.98","90","2","3","2026","pitcher"
"122","J Almeda","Billings Mustangs","5.91","1","0","27","3","0","35","40","25","23","29","39","10.03","4","1.97","176","2","3","2026","pitcher"
"122","C Anziani","Boise Hawks","12.41","1","1","8","0","0","12.1","18","21","17","16","11","8.03","4","2.76","70","1","-","2026","pitcher"
"122","J Aponte","Yuba-Sutter Freebirds","6.75","1","1","5","0","0","4","5","3","3","4","5","11.25","-","2.25","19","-","-","2026","pitcher"
"21","D Pratt","Glacier Range Riders","7.43","1","5","32","0","1","49.2","49","45","41","41","76","13.77","6","1.81","241","5","5","2026","pitcher"
"27","A Christopher","RedPocket Mobiles","7.64","1","10","14","14","0","90.2","143","99","77","18","68","6.75","22","1.78","441","3","8","2026","pitcher"
"35","K Walker","RedPocket Mobiles","10.26","1","8","20","14","0","76.1","119","91","87","61","57","6.72","10","2.36","413","8","16","2026","pitcher"
"46","J Hamberg","RedPocket Mobiles","10.8","1","4","16","7","0","36.2","44","48","44","42","52","12.76","7","2.35","200","2","3","2026","pitcher"
"68","C Barker","Yuba-Sutter Freebirds","4.5","1","1","30","0","0","32","17","17","16","39","42","11.81","2","1.75","158","3","10","2026","pitcher"
"72","J Maruskin","Glacier Range Riders","6.95","0","2","22","0","7","22","19","19","17","18","41","16.77","3","1.68","107","4","3","2026","pitcher"
"78","C Blowers","Oakland Ballers","7.05","0","0","8","8","0","44.2","52","36","35","20","38","7.66","11","1.61","207","2","5","2026","pitcher"
"78","H Day","Oakland Ballers","6.75","0","6","14","13","0","65.1","87","55","49","31","38","5.23","16","1.81","304","1","1","2026","pitcher"
"83","C Murphy","Great Falls Voyagers","12.03","0","3","11","4","0","33.2","62","49","45","25","37","9.89","7","2.58","189","2","2","2026","pitcher"
"83","L Riley","Ogden Raptors","13.15","0","2","23","0","3","26","35","38","38","26","37","12.81","7","2.35","148","3","10","2026","pitcher"
"88","C Tremain","Modesto Roadsters","6.12","1","1","31","0","0","32.1","50","24","22","12","36","10.02","3","1.92","162","2","3","2026","pitcher"
"91","J Schaeffer","Yuba-Sutter Freebirds","8.92","1","3","10","7","0","38.1","54","39","38","21","35","8.22","9","1.96","190","-","3","2026","pitcher"
"94","H Hargett","Idaho Falls Chukars","6.44","1","0","28","0","11","29.1","36","25","21","23","33","10.13","4","2.01","151","2","5","2026","pitcher"
"100","H Orth","Billings Mustangs","9.61","1","2","9","9","0","39.1","49","48","42","40","31","7.09","5","2.26","205","6","2","2026","pitcher"
"100","K Worek","Great Falls Voyagers","8.23","0","2","23","0","1","35","39","39","32","35","31","7.97","5","2.11","186","6","10","2026","pitcher"
"105","C Czerwinski","Great Falls Voyagers","15.36","0","6","11","7","0","38.2","75","73","66","33","30","6.98","9","2.79","231","5","9","2026","pitcher"
"105","C Housley","Glacier Range Riders","7.49","1","1","33","0","3","33.2","39","29","28","27","30","8.02","5","1.96","165","3","2","2026","pitcher"
"105","B Smith","Modesto Roadsters","6.95","0","1","20","0","0","22","33","19","17","15","30","12.27","2","2.18","115","3","2","2026","pitcher"
"113","J Hernandez","Long Beach Coast","2.89","1","0","13","0","0","18.2","7","8","6","6","28","13.5","1","0.7","67","4","-","2026","pitcher"
"118","B Spencer","RedPocket Mobiles","9.86","0","4","10","5","0","38.1","66","52","42","21","27","6.34","4","2.27","202","4","2","2026","pitcher"
"121","J Hughes","Boise Hawks","5.4","1","0","4","4","0","23.1","19","14","14","10","26","10.03","5","1.24","101","1","1","2026","pitcher"
"121","C Martinez","RedPocket Mobiles","8.59","0","1","5","4","0","22","27","22","21","21","26","10.64","2","2.18","118","1","8","2026","pitcher"
"121","J Ramallo","Ogden Raptors","5.09","1","3","18","0","2","17.2","8","12","10","20","26","13.25","4","1.58","84","3","4","2026","pitcher"
"121","U Romo","RedPocket Mobiles","8.34","1","2","20","5","0","45.1","68","52","42","30","26","5.16","8","2.16","234","2","7","2026","pitcher"
"125","L Alaniz","Modesto Roadsters","5.57","0","0","24","0","0","32.1","32","21","20","20","25","6.96","5","1.61","149","1","5","2026","pitcher"
"12","N Roof","Billings Mustangs","7.27","0","0","9","0","3","8.2","8","7","7","9","10","10.38","2","1.96","42","2","-","2026","pitcher"
"18","N Cardinal","Great Falls Voyagers","7.25","1","2","22","0","2","22.1","25","18","18","14","20","8.06","1","1.75","107","8","6","2026","pitcher"
"18","N Cardinal","Modesto Roadsters","9.49","1","2","13","0","2","12.1","13","13","13","7","10","7.3","3","1.62","56","-","-","2026","pitcher"
"18","D Cheeley","Missoula PaddleHeads","8.71","0","0","9","0","2","10.1","16","14","10","12","7","6.1","2","2.71","57","2","-","2026","pitcher"
"18","M Maloney","Oakland Ballers","11.34","1","2","17","0","2","16.2","21","21","21","18","21","11.34","4","2.34","90","3","2","2026","pitcher"
"18","B Nelson","Oakland Ballers","7.15","1","1","11","0","2","11.1","13","10","9","8","10","7.94","3","1.85","57","2","1","2026","pitcher"
"18","J Swales","Modesto Roadsters","24","0","0","4","0","2","3","6","8","8","11","6","18","-","5.67","26","-","-","2026","pitcher"
"29","J Abreu","RedPocket Mobiles","11.57","0","2","13","0","1","11.2","14","15","15","18","12","9.26","1","2.74","70","5","4","2026","pitcher"
"29","J Bell","Great Falls Voyagers","9","0","0","3","0","1","2","2","2","2","1","1","4.5","1","1.50","10","-","-","2026","pitcher"
"29","J Byrd","Long Beach Coast","4.36","0","0","26","0","1","33","30","21","16","24","24","6.55","1","1.64","149","1","-","2026","pitcher"
"29","N Darden","Oakland Ballers","5.4","0","1","10","0","1","13.1","15","9","8","10","13","8.78","1","1.88","66","2","-","2026","pitcher"
"29","J De Cardenas","Ogden Raptors","16.88","0","0","10","0","1","10.2","20","20","20","17","6","5.06","6","3.47","68","-","1","2026","pitcher"
"29","C Garrison","Modesto Roadsters","4.63","1","0","10","0","1","11.2","15","6","6","3","11","8.49","1","1.54","54","3","1","2026","pitcher"
"29","B Holmes","Modesto Roadsters","3.48","0","1","12","0","1","10.1","6","9","4","9","19","16.55","1","1.45","54","3","5","2026","pitcher"
"29","B Lambert","Missoula PaddleHeads","6.46","1","1","28","0","1","23.2","33","20","17","15","20","7.61","1","2.03","119","4","2","2026","pitcher"
"29","K Pijaszek","Great Falls Voyagers","5.14","0","1","8","0","1","14","19","9","8","4","15","9.64","3","1.64","65","-","1","2026","pitcher"
"29","J Rosario","Oakland Ballers","9.95","0","1","12","0","1","12.2","10","14","14","18","23","16.34","5","2.21","67","2","2","2026","pitcher"
"29","M Timmins","Missoula PaddleHeads","9.49","1","0","26","1","1","24.2","44","27","26","29","19","6.93","3","2.96","143","1","1","2026","pitcher"
"55","C Adamson","RedPocket Mobiles","12.91","0","3","3","3","0","15.1","25","22","22","5","9","5.28","7","1.96","77","1","-","2026","pitcher"
"55","Z Addkison","Yuba-Sutter Freebirds","29.84","0","1","4","2","0","6.1","23","21","21","11","4","5.68","5","5.37","51","1","-","2026","pitcher"
"55","D Aguiar","Yuba-Sutter Freebirds","8.46","0","2","20","0","0","22.1","28","22","21","20","18","7.25","6","2.15","123","2","4","2026","pitcher"
"55","D Aspinwall","RedPocket Mobiles","33.94","0","0","10","0","0","11.2","35","44","44","25","10","7.71","3","5.14","96","12","2","2026","pitcher"
"55","A Balentine","Oakland Ballers","6.75","0","0","3","0","0","4","3","3","3","3","0","0","2","1.50","18","-","1","2026","pitcher"
"55","J Ballista","Ogden Raptors","6.75","1","1","12","4","0","41.1","59","35","31","20","22","4.79","2","1.91","198","4","3","2026","pitcher"
"55","J Ballista","Missoula PaddleHeads","7.94","0","1","5","0","0","5.2","12","5","5","1","2","3.18","2","2.29","28","-","-","2026","pitcher"
"55","B Barker","Oakland Ballers","14.54","0","0","5","0","0","4.1","11","8","7","3","3","6.23","2","3.23","28","1","-","2026","pitcher"
"55","B Barker","Idaho Falls Chukars","21.38","0","0","6","0","0","8","21","19","19","12","8","9","1","4.13","56","1","-","2026","pitcher"
"55","B Barquin","Yuba-Sutter Freebirds","14.73","0","1","7","2","0","14.2","28","25","24","9","10","6.14","3","2.52","82","1","4","2026","pitcher"
"55","W Bartkoski","Glacier Range Riders","16.68","1","0","8","0","0","11.1","21","21","21","12","5","3.97","2","2.91","67","1","1","2026","pitcher"
"55","L Beard","Glacier Range Riders","54","0","0","1","0","0","1","8","6","6","-","0","0","1","8.00","11","-","-","2026","pitcher"
"55","L Bell","Yuba-Sutter Freebirds","18","0","0","1","0","0","1","1","2","2","2","2","18","-","3.00","6","-","-","2026","pitcher"
"55","J Berenti","Idaho Falls Chukars","15.09","1","1","17","4","0","34","62","58","57","36","17","4.5","9","2.88","203","8","10","2026","pitcher"
"55","A Bergeron","Yuba-Sutter Freebirds","54","0","0","3","0","0","2","11","17","12","7","0","0","1","9.00","24","-","1","2026","pitcher"
"55","J Bickford","Idaho Falls Chukars","6.23","0","0","6","0","0","8.2","12","8","6","10","12","12.46","1","2.54","47","4","1","2026","pitcher"
"55","J Bingham","Boise Hawks","17.55","0","0","2","2","0","6.2","12","13","13","8","4","5.4","3","3.00","40","-","-","2026","pitcher"
"55","M Binns","RedPocket Mobiles","21.13","0","2","5","0","0","7.2","15","19","18","12","6","7.04","4","3.52","52","3","2","2026","pitcher"
"55","J Bishop","Missoula PaddleHeads","12.15","0","1","6","0","0","6.2","9","11","9","8","4","5.4","3","2.55","36","1","-","2026","pitcher"
"55","T Blankenship","Billings Mustangs","4.91","0","0","4","0","0","3.2","3","2","2","5","5","12.27","-","2.18","21","-","2","2026","pitcher"
"55","N Blythe","Oakland Ballers","9.82","0","0","10","1","0","14.2","29","17","16","4","0","0","1","2.25","80","-","3","2026","pitcher"
"55","L Boesen","Ogden Raptors","20.77","0","1","3","3","0","8.2","24","20","20","10","4","4.15","4","3.92","59","4","-","2026","pitcher"
"55","K Bow","Long Beach Coast","12","0","0","2","2","0","6","8","9","8","10","7","10.5","1","3.00","36","-","-","2026","pitcher"
"55","K Bow","Idaho Falls Chukars","18.32","0","2","2","2","0","9.1","15","19","19","10","5","4.82","1","2.68","54","5","4","2026","pitcher"
"55","D Bower","Yuba-Sutter Freebirds","6.5","0","2","7","2","0","18","16","15","13","17","11","5.5","1","1.83","86","2","1","2026","pitcher"
"55","R Brito","Idaho Falls Chukars","15.22","0","2","17","0","0","18.1","24","39","31","39","22","10.8","4","3.44","123","8","3","2026","pitcher"
"55","E Brown","Ogden Raptors","108","0","0","1","0","0","0.1","1","4","4","4","0","0","-","15.00","7","1","1","2026","pitcher"
"55","G Brown","Missoula PaddleHeads","10.8","1","0","3","0","0","6.2","13","8","8","5","3","4.05","2","2.70","37","-","-","2026","pitcher"
