season,player_type,age_name,age_key,age,profile_url,age_source
2021,hitter,David Maberry,dmaberry,23,https://www.baseball-reference.com/register/player.fcgi?id=maberr000dav,Baseball-Reference Register
2021,hitter,Josh Broughton,jbroughton,23,https://www.baseball-reference.com/register/player.fcgi?id=brough000jos,Baseball-Reference Register
2021,hitter,Clay Fisher,cfisher,25,https://www.baseball-reference.com/register/player.fcgi?id=fisher002cla,Baseball-Reference Register
2021,hitter,Kona Quiggle#,kquiggle#,23,https://www.baseball-reference.com/register/player.fcgi?id=quiggl000kon,Baseball-Reference Register
2021,hitter,Anthony Amicangelo,aamicangelo,23,https://www.baseball-reference.com/register/player.fcgi?id=amican000ant,Baseball-Reference Register
2021,hitter,Josh Elvir,jelvir,25,https://www.baseball-reference.com/register/player.fcgi?id=elvir-000jos,Baseball-Reference Register
2021,hitter,Matt Feinstein,mfeinstein,24,https://www.baseball-reference.com/register/player.fcgi?id=feinst000mat,Baseball-Reference Register
2021,hitter,Kyle Crowl,kcrowl,23,https://www.baseball-reference.com/register/player.fcgi?id=crowl-000kyl,Baseball-Reference Register
2021,hitter,Zach Almond,zalmond,25,https://www.baseball-reference.com/register/player.fcgi?id=almond000zac,Baseball-Reference Register
2021,hitter,Ben Norman,bnorman,23,https://www.baseball-reference.com/register/player.fcgi?id=norman000ben,Baseball-Reference Register
2021,hitter,Nate Fisbeck,nfisbeck,24,https://www.baseball-reference.com/register/player.fcgi?id=fisbec000nat,Baseball-Reference Register
2021,hitter,Roby Enriquez,renriquez,24,https://www.baseball-reference.com/register/player.fcgi?id=enriqu002rob,Baseball-Reference Register
2021,hitter,Wladimir Galindo,wgalindo,24,https://www.baseball-reference.com/register/player.fcgi?id=galind000wla,Baseball-Reference Register
2021,hitter,Nick Michaels,nmichaels,25,https://www.baseball-reference.com/register/player.fcgi?id=michae002nic,Baseball-Reference Register
2021,hitter,Jason Matthews,jmatthews,24,https://www.baseball-reference.com/register/player.fcgi?id=matthe000jas,Baseball-Reference Register
2021,hitter,Cameron Thompson,cthompson,23,https://www.baseball-reference.com/register/player.fcgi?id=thomps000cam,Baseball-Reference Register
2021,hitter,Raul Shah,rshah,27,https://www.baseball-reference.com/register/player.fcgi?id=shah--001rau,Baseball-Reference Register
2021,hitter,Jalen Garcia,jgarcia,24,https://www.baseball-reference.com/register/player.fcgi?id=garcia000jal,Baseball-Reference Register
2021,hitter,Nick Gatewood,ngatewood,23,https://www.baseball-reference.com/register/player.fcgi?id=gatewo000nic,Baseball-Reference Register
2021,hitter,Dom Abbadessa,dabbadessa,23,https://www.baseball-reference.com/register/player.fcgi?id=abbade000dom,Baseball-Reference Register
2021,hitter,Steve Barmakian,sbarmakian,23,https://www.baseball-reference.com/register/player.fcgi?id=barmak000ste,Baseball-Reference Register
2021,hitter,Hunter Hisky,hhisky,25,https://www.baseball-reference.com/register/player.fcgi?id=hisky-000hun,Baseball-Reference Register
2021,hitter,Alejandro Rivero,arivero,24,https://www.baseball-reference.com/register/player.fcgi?id=rivero003ale,Baseball-Reference Register
2021,hitter,Jakob Goldfarb,jgoldfarb,25,https://www.baseball-reference.com/register/player.fcgi?id=goldfa000jak,Baseball-Reference Register
2021,hitter,Webb Little,wlittle,24,https://www.baseball-reference.com/register/player.fcgi?id=little000web,Baseball-Reference Register
2021,hitter,Luke Navigato,lnavigato,25,https://www.baseball-reference.com/register/player.fcgi?id=naviga000luk,Baseball-Reference Register
2021,hitter,Myles Miller,mmiller,25,https://www.baseball-reference.com/register/player.fcgi?id=miller000myl,Baseball-Reference Register
2021,hitter,Dondrei Hubbard,dhubbard,26,https://www.baseball-reference.com/register/player.fcgi?id=hubbar002don,Baseball-Reference Register
2021,hitter,Frankie Jezioro#,fjezioro#,24,https://www.baseball-reference.com/register/player.fcgi?id=jezior000fra,Baseball-Reference Register
2021,hitter,Luke Roskam,lroskam,23,https://www.baseball-reference.com/register/player.fcgi?id=roskam000luk,Baseball-Reference Register
2021,hitter,Jerry Chavarria,jchavarria,27,https://www.baseball-reference.com/register/player.fcgi?id=chavar000jer,Baseball-Reference Register
2021,hitter,Thomas DeBonville,tdebonville,24,https://www.baseball-reference.com/register/player.fcgi?id=debonv000tho,Baseball-Reference Register
2021,hitter,Jose Reyes,jreyes,22,https://www.baseball-reference.com/register/player.fcgi?id=reyes-023jos,Baseball-Reference Register
2021,hitter,Jacob Barfield,jbarfield,25,https://www.baseball-reference.com/register/player.fcgi?id=barfie002jac,Baseball-Reference Register
2021,hitter,Jason DiCochea,jdicochea,23,https://www.baseball-reference.com/register/player.fcgi?id=dicoch000jas,Baseball-Reference Register
2021,hitter,Andrew Don,adon,25,https://www.baseball-reference.com/register/player.fcgi?id=don---000and,Baseball-Reference Register
2021,hitter,Manny Olloque,molloque,25,https://www.baseball-reference.com/register/player.fcgi?id=olloqu000man,Baseball-Reference Register
2021,hitter,Pavin Parks,pparks,24,https://www.baseball-reference.com/register/player.fcgi?id=parks-000pav,Baseball-Reference Register
2021,hitter,Nate Scantlin,nscantlin,22,https://www.baseball-reference.com/register/player.fcgi?id=scantl000nat,Baseball-Reference Register
2021,hitter,Daniel Martins-Molinari,dmartins-molinari,26,https://www.baseball-reference.com/register/player.fcgi?id=molina000dan,Baseball-Reference Register
2021,hitter,Tyler Van Marter,tmarter,23,https://www.baseball-reference.com/register/player.fcgi?id=vanmar000tyl,Baseball-Reference Register
2021,hitter,Sergio Macias,smacias,24,https://www.baseball-reference.com/register/player.fcgi?id=macias000ser,Baseball-Reference Register
2021,hitter,Cris Ruiz,cruiz,25,https://www.baseball-reference.com/register/player.fcgi?id=ruiz--000cri,Baseball-Reference Register
2021,hitter,Aldo Buendia,abuendia,23,https://www.baseball-reference.com/register/player.fcgi?id=buendi000ald,Baseball-Reference Register
2021,hitter,Brandon Riley,briley,24,https://www.baseball-reference.com/register/player.fcgi?id=riley-001bra,Baseball-Reference Register
2021,hitter,Christian Sepulveda,csepulveda,23,https://www.baseball-reference.com/register/player.fcgi?id=sepulv000chr,Baseball-Reference Register
2021,hitter,Kyle Kaufman,kkaufman,24,https://www.baseball-reference.com/register/player.fcgi?id=kaufma001kyl,Baseball-Reference Register
2021,hitter,Jackson Raper,jraper,23,https://www.baseball-reference.com/register/player.fcgi?id=raper-000jac,Baseball-Reference Register
2021,hitter,McClain O'Connor,mo'connor,22,https://www.baseball-reference.com/register/player.fcgi?id=oconno000mcc,Baseball-Reference Register
2021,hitter,Hidekel Gonzalez,hgonzalez,24,https://www.baseball-reference.com/register/player.fcgi?id=gonzal000hid,Baseball-Reference Register
2021,hitter,Tyler Jorgensen,tjorgensen,23,https://www.baseball-reference.com/register/player.fcgi?id=jorgen000tyl,Baseball-Reference Register
2021,hitter,Dean Nevarez,dnevarez,24,https://www.baseball-reference.com/register/player.fcgi?id=nevare000dea,Baseball-Reference Register
2021,hitter,Mike Annone,mannone,27,https://www.baseball-reference.com/register/player.fcgi?id=annone000mik,Baseball-Reference Register
2021,hitter,Griffin Barnes,gbarnes,25,https://www.baseball-reference.com/register/player.fcgi?id=barnes000gri,Baseball-Reference Register
2021,hitter,Chuck Steele,csteele,24,https://www.baseball-reference.com/register/player.fcgi?id=steele001cha,Baseball-Reference Register
2021,hitter,Niko Pacheco,npacheco,26,https://www.baseball-reference.com/register/player.fcgi?id=pachec001nik,Baseball-Reference Register
2021,hitter,Brady West,bwest,22,https://www.baseball-reference.com/register/player.fcgi?id=west--002bra,Baseball-Reference Register
2021,hitter,Jake Anderson,janderson,24,https://www.baseball-reference.com/register/player.fcgi?id=anders000jak,Baseball-Reference Register
2021,hitter,Edgar Salazar#,esalazar#,21,https://www.baseball-reference.com/register/player.fcgi?id=salaza000edg,Baseball-Reference Register
2021,hitter,Vinny Esposito,vesposito,25,https://www.baseball-reference.com/register/player.fcgi?id=esposi002vin,Baseball-Reference Register
2021,hitter,Austin Elder,aelder,21,https://www.baseball-reference.com/register/player.fcgi?id=elder-000aus,Baseball-Reference Register
2021,hitter,Christian Funk,cfunk,25,https://www.baseball-reference.com/register/player.fcgi?id=funk--000chr,Baseball-Reference Register
2021,hitter,Jared Akins,jakins,24,https://www.baseball-reference.com/register/player.fcgi?id=akins-000jar,Baseball-Reference Register
2021,hitter,Michael Deeb,mdeeb,26,https://www.baseball-reference.com/register/player.fcgi?id=deeb--000mic,Baseball-Reference Register
2021,hitter,Chris Caffrey,ccaffrey,27,https://www.baseball-reference.com/register/player.fcgi?id=caffre000chr,Baseball-Reference Register
2021,hitter,Freddy Achecar,fachecar,23,https://www.baseball-reference.com/register/player.fcgi?id=acheca000fre,Baseball-Reference Register
2021,hitter,Ernie Geraci,egeraci,24,https://www.baseball-reference.com/register/player.fcgi?id=geraci000ern,Baseball-Reference Register
2021,hitter,Tristen Carranza,tcarranza,24,https://www.baseball-reference.com/register/player.fcgi?id=carran000tri,Baseball-Reference Register
2021,hitter,Jesus Azuaje,jazuaje,23,https://www.baseball-reference.com/register/player.fcgi?id=azuaje002jes,Baseball-Reference Register
2021,hitter,Troy Dixon,tdixon,24,https://www.baseball-reference.com/register/player.fcgi?id=dixon-003tro,Baseball-Reference Register
2021,hitter,Nick Emanuel,nemanuel,23,https://www.baseball-reference.com/register/player.fcgi?id=emanue000nic,Baseball-Reference Register
2021,hitter,Aaron Bond,abond,24,https://www.baseball-reference.com/register/player.fcgi?id=bond--002aar,Baseball-Reference Register
2021,hitter,Marcus Skundrich,mskundrich,24,https://www.baseball-reference.com/register/player.fcgi?id=skundr000mar,Baseball-Reference Register
2021,hitter,Quintin Alexander,qalexander,29,https://www.baseball-reference.com/register/player.fcgi?id=alexan000qui,Baseball-Reference Register
2021,hitter,Kelvin Maldonado,kmaldonado,21,https://www.baseball-reference.com/register/player.fcgi?id=maldon000kel,Baseball-Reference Register
2021,hitter,Tavis Brunson,tbrunson,22,https://www.baseball-reference.com/register/player.fcgi?id=brunso000tav,Baseball-Reference Register
2021,hitter,Owen Taylor#,otaylor#,26,https://www.baseball-reference.com/register/player.fcgi?id=taylor000owe,Baseball-Reference Register
2021,hitter,Andy Armstrong,aarmstrong,24,https://www.baseball-reference.com/register/player.fcgi?id=armstr002and,Baseball-Reference Register
2021,hitter,Jordan Garr,jgarr,27,https://www.baseball-reference.com/register/player.fcgi?id=garr--000jor,Baseball-Reference Register
2021,hitter,Kolton Kendrick,kkendrick,24,https://www.baseball-reference.com/register/player.fcgi?id=kendri000kol,Baseball-Reference Register
2021,hitter,Aldo Nunez#,anunez#,20,https://www.baseball-reference.com/register/player.fcgi?id=nunez-000ald,Baseball-Reference Register
2021,hitter,Dalton Cornett,dcornett,23,https://www.baseball-reference.com/register/player.fcgi?id=cornet000dal,Baseball-Reference Register
2021,hitter,Greg White,gwhite,25,https://www.baseball-reference.com/register/player.fcgi?id=white-003gre,Baseball-Reference Register
2021,hitter,Cam Comer,ccomer,24,https://www.baseball-reference.com/register/player.fcgi?id=comer-000cam,Baseball-Reference Register
2021,hitter,Sam Little,slittle,24,https://www.baseball-reference.com/register/player.fcgi?id=little000sam,Baseball-Reference Register
2021,hitter,Byron Smith,bsmith,22,https://www.baseball-reference.com/register/player.fcgi?id=smith-003byr,Baseball-Reference Register
2021,hitter,Chris Eusay#,ceusay#,24,https://www.baseball-reference.com/register/player.fcgi?id=eusay-000chr,Baseball-Reference Register
2021,hitter,Brandon Pugh,bpugh,27,https://www.baseball-reference.com/register/player.fcgi?id=pugh--000bra,Baseball-Reference Register
2021,hitter,Carlos Gallardo,cgallardo,24,https://www.baseball-reference.com/register/player.fcgi?id=gallar002car,Baseball-Reference Register
2021,hitter,Myles Harris,mharris,23,https://www.baseball-reference.com/register/player.fcgi?id=harris000myl,Baseball-Reference Register
2021,hitter,Caeden Harris,charris,25,https://www.baseball-reference.com/register/player.fcgi?id=harris000cae,Baseball-Reference Register
2021,hitter,Brandt Broussard,bbroussard,25,https://www.baseball-reference.com/register/player.fcgi?id=brouss000bra,Baseball-Reference Register
2021,pitcher,Domingo Pena,dpena,23,https://www.baseball-reference.com/register/player.fcgi?id=pena--002dom,Baseball-Reference Register
2021,pitcher,Matt Dallas,mdallas,28,https://www.baseball-reference.com/register/player.fcgi?id=dallas000mat,Baseball-Reference Register
2021,pitcher,Kevin Hilton,khilton,29,https://www.baseball-reference.com/register/player.fcgi?id=hilton000kev,Baseball-Reference Register
2021,pitcher,Mark Simon,msimon,25,https://www.baseball-reference.com/register/player.fcgi?id=simon-004mar,Baseball-Reference Register
2021,pitcher,Austin Dubsky,adubsky,26,https://www.baseball-reference.com/register/player.fcgi?id=dubsky000aus,Baseball-Reference Register
2021,pitcher,Damon Ellis,dellis,24,https://www.baseball-reference.com/register/player.fcgi?id=ellis-000dam,Baseball-Reference Register
2021,pitcher,Nick Floyd,nfloyd,24,https://www.baseball-reference.com/register/player.fcgi?id=floyd-000nic,Baseball-Reference Register
2021,pitcher,Jake Binder,jbinder,24,https://www.baseball-reference.com/register/player.fcgi?id=binder000jak,Baseball-Reference Register
2021,pitcher,Izzy Fuentes,ifuentes,25,https://www.baseball-reference.com/register/player.fcgi?id=fuente000isr,Baseball-Reference Register
2021,pitcher,Neil Lang,nlang,26,https://www.baseball-reference.com/register/player.fcgi?id=lang--000nei,Baseball-Reference Register
2021,pitcher,Mitch Lines,mlines,22,https://www.baseball-reference.com/register/player.fcgi?id=lines-000mit,Baseball-Reference Register
2021,pitcher,Jayce Vancena,jvancena,25,https://www.baseball-reference.com/register/player.fcgi?id=vancen000jay,Baseball-Reference Register
2021,pitcher,Cody Clark,cclark,27,https://www.baseball-reference.com/register/player.fcgi?id=clark-002cod,Baseball-Reference Register
2021,pitcher,Mark Mixon,mmixon,24,https://www.baseball-reference.com/register/player.fcgi?id=mixon-000mar,Baseball-Reference Register
2021,pitcher,Dylan Pearce,dpearce,24,https://www.baseball-reference.com/register/player.fcgi?id=pearce000dyl,Baseball-Reference Register
2021,pitcher,Nico Tellache,ntellache,23,https://www.baseball-reference.com/register/player.fcgi?id=tellac000nic,Baseball-Reference Register
2021,pitcher,Anthony Donatella,adonatella,23,https://www.baseball-reference.com/register/player.fcgi?id=donate000ant,Baseball-Reference Register
2021,pitcher,Aaron Kern,akern,23,https://www.baseball-reference.com/register/player.fcgi?id=kern--000aar,Baseball-Reference Register
2021,pitcher,Brett Matthews,bmatthews,23,https://www.baseball-reference.com/register/player.fcgi?id=matthe000bre,Baseball-Reference Register
2021,pitcher,Reza Aleaziz,raleaziz,25,https://www.baseball-reference.com/register/player.fcgi?id=aleazi000rez,Baseball-Reference Register
2021,pitcher,Robbie Baker,rbaker,26,https://www.baseball-reference.com/register/player.fcgi?id=baker-011rob,Baseball-Reference Register
2021,pitcher,Kevin Gould,kgould,24,https://www.baseball-reference.com/register/player.fcgi?id=gould-000kev,Baseball-Reference Register
2021,pitcher,Quincy Jones,qjones,24,https://www.baseball-reference.com/register/player.fcgi?id=jones-003qui,Baseball-Reference Register
2021,pitcher,Ari Kaufman,akaufman,26,https://www.baseball-reference.com/register/player.fcgi?id=kaufma000ari,Baseball-Reference Register
2021,pitcher,Grey Lyttle,glyttle,23,https://www.baseball-reference.com/register/player.fcgi?id=lyttle000gre,Baseball-Reference Register
2021,pitcher,Rabon Martin,rmartin,25,https://www.baseball-reference.com/register/player.fcgi?id=martin000rab,Baseball-Reference Register
2021,pitcher,Kelvan Pilot,kpilot,27,https://www.baseball-reference.com/register/player.fcgi?id=pilot-000kel,Baseball-Reference Register
2021,pitcher,Jared Price,jprice,26,https://www.baseball-reference.com/register/player.fcgi?id=price-004jar,Baseball-Reference Register
2021,pitcher,Jackson Sigman,jsigman,26,https://www.baseball-reference.com/register/player.fcgi?id=sigman000jac,Baseball-Reference Register
2021,pitcher,Joe Slocum,jslocum,25,https://www.baseball-reference.com/register/player.fcgi?id=slocum000joe,Baseball-Reference Register
2021,pitcher,Palmer Wenzel,pwenzel,24,https://www.baseball-reference.com/register/player.fcgi?id=wenzel000pal,Baseball-Reference Register
2021,pitcher,Eric Brodkowitz,ebrodkowitz,25,https://www.baseball-reference.com/register/player.fcgi?id=brodko000eri,Baseball-Reference Register
2021,pitcher,Tate Budnick,tbudnick,25,https://www.baseball-reference.com/register/player.fcgi?id=budnic000tat,Baseball-Reference Register
2021,pitcher,Cade Crader,ccrader,23,https://www.baseball-reference.com/register/player.fcgi?id=crader000cad,Baseball-Reference Register
2021,pitcher,Jimmy Dobrash,jdobrash,24,https://www.baseball-reference.com/register/player.fcgi?id=dobras000jim,Baseball-Reference Register
2021,pitcher,Matt Gabbert,mgabbert,19,https://www.baseball-reference.com/register/player.fcgi?id=gabber000mat,Baseball-Reference Register
2021,pitcher,Shane Gustafson,sgustafson,22,https://www.baseball-reference.com/register/player.fcgi?id=gustaf000sha,Baseball-Reference Register
2021,pitcher,Nate Harmon,nharmon,27,https://www.baseball-reference.com/register/player.fcgi?id=harmon002nat,Baseball-Reference Register
2021,pitcher,Chris Jefferson,cjefferson,24,https://www.baseball-reference.com/register/player.fcgi?id=jeffer000chr,Baseball-Reference Register
2021,pitcher,Alex Leach,aleach,27,https://www.baseball-reference.com/register/player.fcgi?id=leach-002ale,Baseball-Reference Register
2021,pitcher,Zach Penrod,zpenrod,24,https://www.baseball-reference.com/register/player.fcgi?id=penrod000zac,Baseball-Reference Register
2021,pitcher,Victor Rodriguez,vrodriguez,24,https://www.baseball-reference.com/register/player.fcgi?id=rodrig008vic,Baseball-Reference Register
2021,pitcher,Mason Schwellenbach,mschwellenbach,22,https://www.baseball-reference.com/register/player.fcgi?id=schwel000mas,Baseball-Reference Register
2021,pitcher,Alex Smith,asmith,24,https://www.baseball-reference.com/register/player.fcgi?id=smith-017ale,Baseball-Reference Register
2021,pitcher,James Varela,jvarela,24,https://www.baseball-reference.com/register/player.fcgi?id=varela000jam,Baseball-Reference Register
2021,pitcher,Jake Waters,jwaters,27,https://www.baseball-reference.com/register/player.fcgi?id=waters003jac,Baseball-Reference Register
2021,pitcher,Ridge Ackerman,rackerman,27,https://www.baseball-reference.com/register/player.fcgi?id=ackerm000rid,Baseball-Reference Register
2021,pitcher,Jay Baggs,jbaggs,20,https://www.baseball-reference.com/register/player.fcgi?id=baggs-000jay,Baseball-Reference Register
2021,pitcher,Andrew Bash,abash,24,https://www.baseball-reference.com/register/player.fcgi?id=bash--000and,Baseball-Reference Register
2021,pitcher,Gerald Bautista,gbautista,26,https://www.baseball-reference.com/register/player.fcgi?id=bautis000ger,Baseball-Reference Register
2021,pitcher,Anthony Becerra-Lopez,abecerra-lopez,23,https://www.baseball-reference.com/register/player.fcgi?id=becerr000ant,Baseball-Reference Register
2021,pitcher,Marco Becerril,mbecerril,24,https://www.baseball-reference.com/register/player.fcgi?id=becerr000mar,Baseball-Reference Register
2021,pitcher,Taylor Bloye,tbloye,26,https://www.baseball-reference.com/register/player.fcgi?id=bloye-000tay,Baseball-Reference Register
2021,pitcher,Jean Correa,jcorrea,23,https://www.baseball-reference.com/register/player.fcgi?id=correa000jea,Baseball-Reference Register
2021,pitcher,Jackson Cunningham,jcunningham,23,https://www.baseball-reference.com/register/player.fcgi?id=cunnin003jac,Baseball-Reference Register
2021,pitcher,Conner Dand,cdand,23,https://www.baseball-reference.com/register/player.fcgi?id=dand--000con,Baseball-Reference Register
2021,pitcher,Seth Davis,sdavis,28,https://www.baseball-reference.com/register/player.fcgi?id=davis-000set,Baseball-Reference Register
2021,pitcher,Kida De La Cruz,kcruz,26,https://www.baseball-reference.com/register/player.fcgi?id=delacr000kid,Baseball-Reference Register
2021,pitcher,Davis Delorefice,ddelorefice,23,https://www.baseball-reference.com/register/player.fcgi?id=delore000dav,Baseball-Reference Register
2021,pitcher,Brad Demco,bdemco,24,https://www.baseball-reference.com/register/player.fcgi?id=demco-000bra,Baseball-Reference Register
2021,pitcher,Felix Dieguez,fdieguez,24,https://www.baseball-reference.com/register/player.fcgi?id=diegue000fel,Baseball-Reference Register
2021,pitcher,Adolfo Espinoza,aespinoza,28,https://www.baseball-reference.com/register/player.fcgi?id=espino010ado,Baseball-Reference Register
2021,pitcher,Bradley Gonzales,bgonzales,25,https://www.baseball-reference.com/register/player.fcgi?id=gonzal004bra,Baseball-Reference Register
2021,pitcher,Chance Hroch,chroch,24,https://www.baseball-reference.com/register/player.fcgi?id=hroch-000cha,Baseball-Reference Register
2021,pitcher,Colin Kelly,ckelly,27,https://www.baseball-reference.com/register/player.fcgi?id=kelly-001col,Baseball-Reference Register
2021,pitcher,Grant Larson,glarson,24,https://www.baseball-reference.com/register/player.fcgi?id=larson001gra,Baseball-Reference Register
2021,pitcher,Hooper Mills,hmills,23,https://www.baseball-reference.com/register/player.fcgi?id=mills-000hoo,Baseball-Reference Register
2021,pitcher,Matt Mogollon,mmogollon,24,https://www.baseball-reference.com/register/player.fcgi?id=mogoll000mat,Baseball-Reference Register
2021,pitcher,Winston Nicacio,wnicacio,24,https://www.baseball-reference.com/register/player.fcgi?id=nicaci000win,Baseball-Reference Register
2021,pitcher,Jon Nunnally,jnunnally,25,https://www.baseball-reference.com/register/player.fcgi?id=nunnal002jon,Baseball-Reference Register
2021,pitcher,Drew Reveno,dreveno,24,https://www.baseball-reference.com/register/player.fcgi?id=reveno000dre,Baseball-Reference Register
2021,pitcher,Jason Seever,jseever,26,https://www.baseball-reference.com/register/player.fcgi?id=seever000jas,Baseball-Reference Register
2021,pitcher,Aron Solis,asolis,24,https://www.baseball-reference.com/register/player.fcgi?id=solis-000aar,Baseball-Reference Register
2021,pitcher,Kollin Stone,kstone,24,https://www.baseball-reference.com/register/player.fcgi?id=stone-000kol,Baseball-Reference Register
2021,pitcher,Andy Toelken,atoelken,25,https://www.baseball-reference.com/register/player.fcgi?id=toelke000and,Baseball-Reference Register
2021,pitcher,Tyler Tomaka,ttomaka,25,https://www.baseball-reference.com/register/player.fcgi?id=tomaka000tyl,Baseball-Reference Register
2021,pitcher,Mike Townsend,mtownsend,22,https://www.baseball-reference.com/register/player.fcgi?id=townse000mic,Baseball-Reference Register
2021,pitcher,Gaylon Viney,gviney,26,https://www.baseball-reference.com/register/player.fcgi?id=viney-000gay,Baseball-Reference Register
2021,pitcher,Garrett Westberg,gwestberg,24,https://www.baseball-reference.com/register/player.fcgi?id=westbe000gar,Baseball-Reference Register
2021,pitcher,Gavin Weyman,gweyman,24,https://www.baseball-reference.com/register/player.fcgi?id=weyman000gav,Baseball-Reference Register
2021,pitcher,Caine Agis,cagis,21,https://www.baseball-reference.com/register/player.fcgi?id=agis--000cai,Baseball-Reference Register
2021,pitcher,Josh Agnew,jagnew,23,https://www.baseball-reference.com/register/player.fcgi?id=agnew-000jos,Baseball-Reference Register
2021,pitcher,Willy Basil,wbasil,24,https://www.baseball-reference.com/register/player.fcgi?id=basil-000wil,Baseball-Reference Register
2021,pitcher,Josh Broughton,jbroughton,23,https://www.baseball-reference.com/register/player.fcgi?id=brough000jos,Baseball-Reference Register
2021,pitcher,Dallas Bryan,dbryan,23,https://www.baseball-reference.com/register/player.fcgi?id=bryan-000dal,Baseball-Reference Register
2021,pitcher,Chris Burica,cburica,23,https://www.baseball-reference.com/register/player.fcgi?id=burica000chr,Baseball-Reference Register
2021,pitcher,Chris Campbell,ccampbell,25,https://www.baseball-reference.com/register/player.fcgi?id=campbe006chr,Baseball-Reference Register
2021,pitcher,Tom Caulfield,tcaulfield,26,https://www.baseball-reference.com/register/player.fcgi?id=caulfi002tho,Baseball-Reference Register
2021,pitcher,Cannon Chadwick,cchadwick,26,https://www.baseball-reference.com/register/player.fcgi?id=chadwi000can,Baseball-Reference Register
2021,pitcher,Tyshaun Chapman,tchapman,23,https://www.baseball-reference.com/register/player.fcgi?id=chapma000tys,Baseball-Reference Register
2021,pitcher,Cole Cook,ccook,23,https://www.baseball-reference.com/register/player.fcgi?id=cook--002col,Baseball-Reference Register
2021,pitcher,Nattino Diplan,ndiplan,27,https://www.baseball-reference.com/register/player.fcgi?id=diplan000nat,Baseball-Reference Register
2022,hitter,Riley Jepson,rjepson,25,https://www.baseball-reference.com/register/player.fcgi?id=jepson000ril,Baseball-Reference Register
2022,hitter,Nico Popa,npopa,24,https://www.baseball-reference.com/register/player.fcgi?id=popa--000nic,Baseball-Reference Register
2022,hitter,Lamar Sparks,lsparks,23,https://www.baseball-reference.com/register/player.fcgi?id=sparks000lam,Baseball-Reference Register
2022,hitter,Abdel Guadalupe#,aguadalupe#,25,https://www.baseball-reference.com/register/player.fcgi?id=guadal000abd,Baseball-Reference Register
2022,hitter,Gio Díaz,gdíaz,23,https://www.baseball-reference.com/register/player.fcgi?id=diaz--002gio,Baseball-Reference Register
2022,hitter,Logan Williams,lwilliams,23,https://www.baseball-reference.com/register/player.fcgi?id=willia003log,Baseball-Reference Register
2022,hitter,Patrick Chung,pchung,27,https://www.baseball-reference.com/register/player.fcgi?id=chung-000pat,Baseball-Reference Register
2022,hitter,Josh Broughton,jbroughton,24,https://www.baseball-reference.com/register/player.fcgi?id=brough000jos,Baseball-Reference Register
2022,hitter,Luis Navarro,lnavarro,27,https://www.baseball-reference.com/register/player.fcgi?id=navarr003lui,Baseball-Reference Register
2022,hitter,Jayson Newman-Dodd,jnewman-dodd,24,https://www.baseball-reference.com/register/player.fcgi?id=newman000jay,Baseball-Reference Register
2022,hitter,Jesus Valdez,jvaldez,24,https://www.baseball-reference.com/register/player.fcgi?id=valdez008jes,Baseball-Reference Register
2022,hitter,Tim Bouchard,tbouchard,24,https://www.baseball-reference.com/register/player.fcgi?id=boucha000tim,Baseball-Reference Register
2022,hitter,Alex Stinnett,astinnett,23,https://www.baseball-reference.com/register/player.fcgi?id=stinne000ale,Baseball-Reference Register
2022,hitter,Austin Elder,aelder,22,https://www.baseball-reference.com/register/player.fcgi?id=elder-000aus,Baseball-Reference Register
2022,hitter,Casey Petersen,cpetersen,22,https://www.baseball-reference.com/register/player.fcgi?id=peters000cas,Baseball-Reference Register
2022,hitter,CJ Dunn,cdunn,23,https://www.baseball-reference.com/register/player.fcgi?id=dunn--002cor,Baseball-Reference Register
2022,hitter,Gabe Howell,ghowell,24,https://www.baseball-reference.com/register/player.fcgi?id=howell000gab,Baseball-Reference Register
2022,hitter,Abraham Sequera#,asequera#,23,https://www.baseball-reference.com/register/player.fcgi?id=sequer000abr,Baseball-Reference Register
2022,hitter,Nate Scantlin,nscantlin,23,https://www.baseball-reference.com/register/player.fcgi?id=scantl000nat,Baseball-Reference Register
2022,hitter,Kevin Higgins,khiggins,24,https://www.baseball-reference.com/register/player.fcgi?id=higgin003kev,Baseball-Reference Register
2022,hitter,Ulysses Cantu,ucantu,24,https://www.baseball-reference.com/register/player.fcgi?id=cantu-000uly,Baseball-Reference Register
2022,hitter,Jordan Fitzpatrick,jfitzpatrick,23,https://www.baseball-reference.com/register/player.fcgi?id=fitzpa000jor,Baseball-Reference Register
2022,hitter,Brian Dansereau,bdansereau,26,https://www.baseball-reference.com/register/player.fcgi?id=danser000bri,Baseball-Reference Register
2022,hitter,Juan Teixeira,jteixeira,24,https://www.baseball-reference.com/register/player.fcgi?id=teixei000jua,Baseball-Reference Register
2022,hitter,Cesar Lopez,clopez,22,https://www.baseball-reference.com/register/player.fcgi?id=lopez-005ces,Baseball-Reference Register
2022,hitter,Alan Garcia,agarcia,25,https://www.baseball-reference.com/register/player.fcgi?id=garcia002ala,Baseball-Reference Register
2022,hitter,Mark Herron,mherron,24,https://www.baseball-reference.com/register/player.fcgi?id=herron001mar,Baseball-Reference Register
2022,hitter,Andy Atwood,aatwood,25,https://www.baseball-reference.com/register/player.fcgi?id=atwood000and,Baseball-Reference Register
2022,hitter,Nick Gatewood,ngatewood,24,https://www.baseball-reference.com/register/player.fcgi?id=gatewo000nic,Baseball-Reference Register
2022,hitter,Ethan Lopez,elopez,24,https://www.baseball-reference.com/register/player.fcgi?id=lopez-000eth,Baseball-Reference Register
2022,hitter,Jaylen Hubbard,jhubbard,25,https://www.baseball-reference.com/register/player.fcgi?id=hubbar000jay,Baseball-Reference Register
2022,hitter,Sonny Ulliana,sulliana,24,https://www.baseball-reference.com/register/player.fcgi?id=ullian000son,Baseball-Reference Register
2022,hitter,Robb Paller,rpaller,29,https://www.baseball-reference.com/register/player.fcgi?id=paller000rob,Baseball-Reference Register
2022,hitter,Sam Troyer,stroyer,25,https://www.baseball-reference.com/register/player.fcgi?id=troyer000sam,Baseball-Reference Register
2022,hitter,Reese Alexiades,ralexiades,24,https://www.baseball-reference.com/register/player.fcgi?id=alexia000ree,Baseball-Reference Register
2022,hitter,Eddie McCabe,emccabe,22,https://www.baseball-reference.com/register/player.fcgi?id=mccabe000edd,Baseball-Reference Register
2022,hitter,Mitch Piatnik,mpiatnik,27,https://www.baseball-reference.com/register/player.fcgi?id=piatni000mit,Baseball-Reference Register
2022,hitter,Jacob Kline,jkline,23,https://www.baseball-reference.com/register/player.fcgi?id=kline-002jac,Baseball-Reference Register
2022,hitter,Pat Adams,padams,25,https://www.baseball-reference.com/register/player.fcgi?id=adams-003pat,Baseball-Reference Register
2022,hitter,Ryan Cash#,rcash#,24,https://www.baseball-reference.com/register/player.fcgi?id=cash--000rya,Baseball-Reference Register
2022,hitter,Brandon Riley,briley,25,https://www.baseball-reference.com/register/player.fcgi?id=riley-001bra,Baseball-Reference Register
2022,hitter,Brandon Bohning,bbohning,23,https://www.baseball-reference.com/register/player.fcgi?id=bohnin000bra,Baseball-Reference Register
2022,hitter,Kamron Willman,kwillman,24,https://www.baseball-reference.com/register/player.fcgi?id=willma000kam,Baseball-Reference Register
2022,hitter,Bryant Bagshaw,bbagshaw,22,https://www.baseball-reference.com/register/player.fcgi?id=bagsha000bry,Baseball-Reference Register
2022,hitter,Jake Cruce,jcruce,24,https://www.baseball-reference.com/register/player.fcgi?id=cruce-000jac,Baseball-Reference Register
2022,hitter,Breydon Daniel#,bdaniel#,24,https://www.baseball-reference.com/register/player.fcgi?id=daniel002bre,Baseball-Reference Register
2022,hitter,Joe Johnson,jjohnson,22,https://www.baseball-reference.com/register/player.fcgi?id=johnso006joe,Baseball-Reference Register
2022,hitter,Cameron Thompson,cthompson,24,https://www.baseball-reference.com/register/player.fcgi?id=thomps000cam,Baseball-Reference Register
2022,hitter,Jared Fry#,jfry#,24,https://www.baseball-reference.com/register/player.fcgi?id=fry---000jar,Baseball-Reference Register
2022,hitter,Alex Nielsen,anielsen,25,https://www.baseball-reference.com/register/player.fcgi?id=nielse000ale,Baseball-Reference Register
2022,hitter,Jalen Garcia,jgarcia,25,https://www.baseball-reference.com/register/player.fcgi?id=garcia000jal,Baseball-Reference Register
2022,hitter,Mike Annone,mannone,28,https://www.baseball-reference.com/register/player.fcgi?id=annone000mik,Baseball-Reference Register
2022,hitter,Sam Linscott,slinscott,24,https://www.baseball-reference.com/register/player.fcgi?id=linsco000sam,Baseball-Reference Register
2022,hitter,Dakota Conners,dconners,26,https://www.baseball-reference.com/register/player.fcgi?id=conner000dak,Baseball-Reference Register
2022,hitter,Josh Elvir,jelvir,26,https://www.baseball-reference.com/register/player.fcgi?id=elvir-000jos,Baseball-Reference Register
2022,hitter,Jared Akins,jakins,25,https://www.baseball-reference.com/register/player.fcgi?id=akins-000jar,Baseball-Reference Register
2022,hitter,Derek Kolbush,dkolbush,23,https://www.baseball-reference.com/register/player.fcgi?id=kolbus000der,Baseball-Reference Register
2022,hitter,Dean Miller,dmiller,25,https://www.baseball-reference.com/register/player.fcgi?id=miller004dea,Baseball-Reference Register
2022,hitter,Andrew Noviello,anoviello,25,https://www.baseball-reference.com/register/player.fcgi?id=noviel000and,Baseball-Reference Register
2022,hitter,Nick Emanuel,nemanuel,24,https://www.baseball-reference.com/register/player.fcgi?id=emanue000nic,Baseball-Reference Register
2022,hitter,Collin Runge,crunge,25,https://www.baseball-reference.com/register/player.fcgi?id=runge-000col,Baseball-Reference Register
2022,hitter,Dustyn Macaluso,dmacaluso,27,https://www.baseball-reference.com/register/player.fcgi?id=macalu000dus,Baseball-Reference Register
2022,hitter,Jackson Raper,jraper,24,https://www.baseball-reference.com/register/player.fcgi?id=raper-000jac,Baseball-Reference Register
2022,hitter,Keaton Greenwalt,kgreenwalt,24,https://www.baseball-reference.com/register/player.fcgi?id=greenw000kea,Baseball-Reference Register
2022,hitter,Charles Middleton,cmiddleton,23,https://www.baseball-reference.com/register/player.fcgi?id=middle003cha,Baseball-Reference Register
2022,hitter,Caleb Farmer,cfarmer,22,https://www.baseball-reference.com/register/player.fcgi?id=farmer000cal,Baseball-Reference Register
2022,hitter,Gabe Wurtz,gwurtz,25,https://www.baseball-reference.com/register/player.fcgi?id=wurtz-000gab,Baseball-Reference Register
2022,hitter,Brandon Crosby,bcrosby,25,https://www.baseball-reference.com/register/player.fcgi?id=crosby000bra,Baseball-Reference Register
2022,hitter,Dalys Binder,dbinder,24,https://www.baseball-reference.com/register/player.fcgi?id=binder000dal,Baseball-Reference Register
2022,hitter,Abraham Mow,amow,22,https://www.baseball-reference.com/register/player.fcgi?id=mow---000abr,Baseball-Reference Register
2022,hitter,Ben McConnell,bmcconnell,24,https://www.baseball-reference.com/register/player.fcgi?id=mcconn000ben,Baseball-Reference Register
2022,hitter,Kevin Whatley#,kwhatley#,27,https://www.baseball-reference.com/register/player.fcgi?id=whatle000kev,Baseball-Reference Register
2022,hitter,Matt Rodriguez,mrodriguez,23,https://www.baseball-reference.com/register/player.fcgi?id=rodrig001mat,Baseball-Reference Register
2022,hitter,Ray Gil,rgil,23,https://www.baseball-reference.com/register/player.fcgi?id=gil---000ray,Baseball-Reference Register
2022,hitter,Dakota Popham,dpopham,25,https://www.baseball-reference.com/register/player.fcgi?id=popham000dak,Baseball-Reference Register
2022,hitter,Tyler Jorgensen,tjorgensen,24,https://www.baseball-reference.com/register/player.fcgi?id=jorgen000tyl,Baseball-Reference Register
2022,hitter,McClain O'Connor,mo'connor,23,https://www.baseball-reference.com/register/player.fcgi?id=oconno000mcc,Baseball-Reference Register
2022,hitter,Jordan Barth,jbarth,23,https://www.baseball-reference.com/register/player.fcgi?id=barth-000jor,Baseball-Reference Register
2022,hitter,Cam Phelts#,cphelts#,25,https://www.baseball-reference.com/register/player.fcgi?id=phelts000cam,Baseball-Reference Register
2022,hitter,Anthony Ray,aray,27,https://www.baseball-reference.com/register/player.fcgi?id=ray---000ant,Baseball-Reference Register
2022,hitter,Marshall Rich,mrich,25,https://www.baseball-reference.com/register/player.fcgi?id=rich--002mar,Baseball-Reference Register
2022,hitter,Jake Malec,jmalec,24,https://www.baseball-reference.com/register/player.fcgi?id=malec-000jak,Baseball-Reference Register
2022,hitter,Freddy Achecar,fachecar,24,https://www.baseball-reference.com/register/player.fcgi?id=acheca000fre,Baseball-Reference Register
2022,hitter,Nick Michaels,nmichaels,26,https://www.baseball-reference.com/register/player.fcgi?id=michae002nic,Baseball-Reference Register
2022,hitter,Ryan Walstad,rwalstad,23,https://www.baseball-reference.com/register/player.fcgi?id=walsta000rya,Baseball-Reference Register
2022,hitter,Mason Dinesen,mdinesen,23,https://www.baseball-reference.com/register/player.fcgi?id=dinese000mas,Baseball-Reference Register
2022,hitter,Andrew Fernandez,afernandez,23,https://www.baseball-reference.com/register/player.fcgi?id=fernan007and,Baseball-Reference Register
2022,hitter,Shawn Ross,sross,22,https://www.baseball-reference.com/register/player.fcgi?id=ross--000sha,Baseball-Reference Register
2022,hitter,Crews Taylor,ctaylor,23,https://www.baseball-reference.com/register/player.fcgi?id=taylor000cre,Baseball-Reference Register
2022,hitter,Colin Gordon#,cgordon#,24,https://www.baseball-reference.com/register/player.fcgi?id=gordon002col,Baseball-Reference Register
2022,hitter,Alex Jackson,ajackson,24,https://www.baseball-reference.com/register/player.fcgi?id=jackso002ale,Baseball-Reference Register
2022,hitter,Brandt Broussard,bbroussard,26,https://www.baseball-reference.com/register/player.fcgi?id=brouss000bra,Baseball-Reference Register
2022,hitter,Brian Parreira,bparreira,26,https://www.baseball-reference.com/register/player.fcgi?id=parrei000bri,Baseball-Reference Register
2022,hitter,Caleb Marquez,cmarquez,22,https://www.baseball-reference.com/register/player.fcgi?id=marque000cal,Baseball-Reference Register
2022,pitcher,Josh Agnew,jagnew,24,https://www.baseball-reference.com/register/player.fcgi?id=agnew-000jos,Baseball-Reference Register
2022,pitcher,Christian Day,cday,23,https://www.baseball-reference.com/register/player.fcgi?id=day---001chr,Baseball-Reference Register
2022,pitcher,Pablo Arevalo,parevalo,24,https://www.baseball-reference.com/register/player.fcgi?id=areval000pab,Baseball-Reference Register
2022,pitcher,Noah Barros,nbarros,23,https://www.baseball-reference.com/register/player.fcgi?id=barros000noa,Baseball-Reference Register
2022,pitcher,Izzy Fuentes,ifuentes,26,https://www.baseball-reference.com/register/player.fcgi?id=fuente000isr,Baseball-Reference Register
2022,pitcher,Foster Pace,fpace,25,https://www.baseball-reference.com/register/player.fcgi?id=pace--000fos,Baseball-Reference Register
2022,pitcher,Austin Crowson,acrowson,25,https://www.baseball-reference.com/register/player.fcgi?id=crowso000aus,Baseball-Reference Register
2022,pitcher,Ronny Orta,rorta,27,https://www.baseball-reference.com/register/player.fcgi?id=orta--000ron,Baseball-Reference Register
2022,pitcher,Kelvan Pilot,kpilot,28,https://www.baseball-reference.com/register/player.fcgi?id=pilot-000kel,Baseball-Reference Register
2022,pitcher,Austen Seidel,aseidel,24,https://www.baseball-reference.com/register/player.fcgi?id=seidel000aus,Baseball-Reference Register
2022,pitcher,Cody Thompson,cthompson,26,https://www.baseball-reference.com/register/player.fcgi?id=thomps002cod,Baseball-Reference Register
2022,pitcher,Alfredo Villa,avilla,24,https://www.baseball-reference.com/register/player.fcgi?id=villa-000alf,Baseball-Reference Register
2022,pitcher,Dusty Baird,dbaird,24,https://www.baseball-reference.com/register/player.fcgi?id=baird-000dus,Baseball-Reference Register
2022,pitcher,Roberto Baldenebro,rbaldenebro,25,https://www.baseball-reference.com/register/player.fcgi?id=balden000rob,Baseball-Reference Register
2022,pitcher,Quincy Jones,qjones,25,https://www.baseball-reference.com/register/player.fcgi?id=jones-003qui,Baseball-Reference Register
2022,pitcher,Domingo Pena,dpena,24,https://www.baseball-reference.com/register/player.fcgi?id=pena--002dom,Baseball-Reference Register
2022,pitcher,Anthony Becerra-Lopez,abecerra-lopez,24,https://www.baseball-reference.com/register/player.fcgi?id=becerr000ant,Baseball-Reference Register
2022,pitcher,Will Buraconak,wburaconak,24,https://www.baseball-reference.com/register/player.fcgi?id=buraco000wil,Baseball-Reference Register
2022,pitcher,Jimmy Dobrash,jdobrash,25,https://www.baseball-reference.com/register/player.fcgi?id=dobras000jim,Baseball-Reference Register
2022,pitcher,Matt Gabbert,mgabbert,20,https://www.baseball-reference.com/register/player.fcgi?id=gabber000mat,Baseball-Reference Register
2022,pitcher,Nick Merkel,nmerkel,23,https://www.baseball-reference.com/register/player.fcgi?id=merkel001nic,Baseball-Reference Register
2022,pitcher,Polo Portela,pportela,25,https://www.baseball-reference.com/register/player.fcgi?id=portel000pol,Baseball-Reference Register
2022,pitcher,Kenny Serwa,kserwa,24,https://www.baseball-reference.com/register/player.fcgi?id=serwa-000ken,Baseball-Reference Register
2022,pitcher,Joe Slocum,jslocum,26,https://www.baseball-reference.com/register/player.fcgi?id=slocum000joe,Baseball-Reference Register
2022,pitcher,Chase Stratton,cstratton,23,https://www.baseball-reference.com/register/player.fcgi?id=stratt002cha,Baseball-Reference Register
2022,pitcher,Mark Timmins,mtimmins,24,https://www.baseball-reference.com/register/player.fcgi?id=timmin000mar,Baseball-Reference Register
2022,pitcher,Tom Walker,twalker,23,https://www.baseball-reference.com/register/player.fcgi?id=walker004tom,Baseball-Reference Register
2022,pitcher,Jean Correa,jcorrea,24,https://www.baseball-reference.com/register/player.fcgi?id=correa000jea,Baseball-Reference Register
2022,pitcher,Brad Demco,bdemco,25,https://www.baseball-reference.com/register/player.fcgi?id=demco-000bra,Baseball-Reference Register
2022,pitcher,Jack Dicenso,jdicenso,23,https://www.baseball-reference.com/register/player.fcgi?id=dicens000jac,Baseball-Reference Register
2022,pitcher,Rob Hamby,rhamby,23,https://www.baseball-reference.com/register/player.fcgi?id=hamby-000rob,Baseball-Reference Register
2022,pitcher,Tyler Naumann,tnaumann,24,https://www.baseball-reference.com/register/player.fcgi?id=nauman000tyl,Baseball-Reference Register
2022,pitcher,Yohandry Perez,yperez,25,https://www.baseball-reference.com/register/player.fcgi?id=perez-002yoh,Baseball-Reference Register
2022,pitcher,Buddie Pindel,bpindel,23,https://www.baseball-reference.com/register/player.fcgi?id=pindel000bud,Baseball-Reference Register
2022,pitcher,Montana Quigley,mquigley,24,https://www.baseball-reference.com/register/player.fcgi?id=quigle000mon,Baseball-Reference Register
2022,pitcher,Preston Snavely,psnavely,24,https://www.baseball-reference.com/register/player.fcgi?id=snavel000pre,Baseball-Reference Register
2022,pitcher,Tanner Solomon,tsolomon,23,https://www.baseball-reference.com/register/player.fcgi?id=solomo000tan,Baseball-Reference Register
2022,pitcher,Pete Bayer,pbayer,27,https://www.baseball-reference.com/register/player.fcgi?id=bayer-000pet,Baseball-Reference Register
2022,pitcher,Chance Benton,cbenton,25,https://www.baseball-reference.com/register/player.fcgi?id=benton000cha,Baseball-Reference Register
2022,pitcher,Beaux Bonvillain,bbonvillain,23,https://www.baseball-reference.com/register/player.fcgi?id=bonvil000bea,Baseball-Reference Register
2022,pitcher,Nate Boyle,nboyle,24,https://www.baseball-reference.com/register/player.fcgi?id=boyle-000nat,Baseball-Reference Register
2022,pitcher,Chase Costello,ccostello,22,https://www.baseball-reference.com/register/player.fcgi?id=costel003cha,Baseball-Reference Register
2022,pitcher,Seth Davis,sdavis,29,https://www.baseball-reference.com/register/player.fcgi?id=davis-000set,Baseball-Reference Register
2022,pitcher,Kida De La Cruz,kcruz,27,https://www.baseball-reference.com/register/player.fcgi?id=delacr000kid,Baseball-Reference Register
2022,pitcher,Nathan Draves,ndraves,23,https://www.baseball-reference.com/register/player.fcgi?id=draves000nat,Baseball-Reference Register
2022,pitcher,Elijah Gill,egill,23,https://www.baseball-reference.com/register/player.fcgi?id=gill--000eli,Baseball-Reference Register
2022,pitcher,Sean Kiley,skiley,26,https://www.baseball-reference.com/register/player.fcgi?id=kiley-000sea,Baseball-Reference Register
2022,pitcher,Jorge Leo,jleo,24,https://www.baseball-reference.com/register/player.fcgi?id=leo---001jor,Baseball-Reference Register
2022,pitcher,Mitch Lines,mlines,23,https://www.baseball-reference.com/register/player.fcgi?id=lines-000mit,Baseball-Reference Register
2022,pitcher,Brandon McCabe,bmccabe,24,https://www.baseball-reference.com/register/player.fcgi?id=mccabe002bra,Baseball-Reference Register
2022,pitcher,Ethan McRae,emcrae,25,https://www.baseball-reference.com/register/player.fcgi?id=mcrae-000eth,Baseball-Reference Register
2022,pitcher,Rafael Monsion,rmonsion,22,https://www.baseball-reference.com/register/player.fcgi?id=monsio000raf,Baseball-Reference Register
2022,pitcher,Jake Mulholland,jmulholland,25,https://www.baseball-reference.com/register/player.fcgi?id=mulhol000jak,Baseball-Reference Register
2022,pitcher,Breonn Pooler,bpooler,25,https://www.baseball-reference.com/register/player.fcgi?id=pooler000bre,Baseball-Reference Register
2022,pitcher,Felipe Rodriguez,frodriguez,26,https://www.baseball-reference.com/register/player.fcgi?id=rodrig012fel,Baseball-Reference Register
2022,pitcher,Victor Rodriguez,vrodriguez,25,https://www.baseball-reference.com/register/player.fcgi?id=rodrig008vic,Baseball-Reference Register
2022,pitcher,Hunter Schilperoort,hschilperoort,22,https://www.baseball-reference.com/register/player.fcgi?id=schilp000hun,Baseball-Reference Register
2022,pitcher,Byron Smith,bsmith,23,https://www.baseball-reference.com/register/player.fcgi?id=smith-003byr,Baseball-Reference Register
2022,pitcher,Mitch Sparks,msparks,25,https://www.baseball-reference.com/register/player.fcgi?id=sparks000mit,Baseball-Reference Register
2022,pitcher,Austin Steinfort,asteinfort,27,https://www.baseball-reference.com/register/player.fcgi?id=steinf000aus,Baseball-Reference Register
2022,pitcher,Palmer Wenzel,pwenzel,25,https://www.baseball-reference.com/register/player.fcgi?id=wenzel000pal,Baseball-Reference Register
2022,pitcher,Jacob Wesselmann,jwesselmann,23,https://www.baseball-reference.com/register/player.fcgi?id=wessel000jac,Baseball-Reference Register
2022,pitcher,Bret Barnett,bbarnett,23,https://www.baseball-reference.com/register/player.fcgi?id=barnet000bre,Baseball-Reference Register
2022,pitcher,Alexander Castro,acastro,22,https://www.baseball-reference.com/register/player.fcgi?id=castro005ale,Baseball-Reference Register
2022,pitcher,Matt Dallas,mdallas,29,https://www.baseball-reference.com/register/player.fcgi?id=dallas000mat,Baseball-Reference Register
2022,pitcher,Hunter DePrimo,hdeprimo,23,https://www.baseball-reference.com/register/player.fcgi?id=deprim000hun,Baseball-Reference Register
2022,pitcher,Hunter Dollander,hdollander,25,https://www.baseball-reference.com/register/player.fcgi?id=dollan000hun,Baseball-Reference Register
2022,pitcher,Gavin Gorrell,ggorrell,23,https://www.baseball-reference.com/register/player.fcgi?id=gorrel000gav,Baseball-Reference Register
2022,pitcher,CJ Grant-DeBose,cgrant-debose,24,https://www.baseball-reference.com/register/player.fcgi?id=grant-000cj-,Baseball-Reference Register
2022,pitcher,Christian Griffin,cgriffin,24,https://www.baseball-reference.com/register/player.fcgi?id=griffi002chr,Baseball-Reference Register
2022,pitcher,Shane Gustafson,sgustafson,23,https://www.baseball-reference.com/register/player.fcgi?id=gustaf000sha,Baseball-Reference Register
2022,pitcher,Trevor Halsema,thalsema,23,https://www.baseball-reference.com/register/player.fcgi?id=halsem000tre,Baseball-Reference Register
2022,pitcher,McLain Harris,mharris,23,https://www.baseball-reference.com/register/player.fcgi?id=harris000mcl,Baseball-Reference Register
2022,pitcher,Josh Ibarra,jibarra,23,https://www.baseball-reference.com/register/player.fcgi?id=ibarra006jos,Baseball-Reference Register
2022,pitcher,Ian Kahaloa,ikahaloa,24,https://www.baseball-reference.com/register/player.fcgi?id=kahalo000ian,Baseball-Reference Register
2022,pitcher,Kevin Kyle,kkyle,24,https://www.baseball-reference.com/register/player.fcgi?id=kyle--001kev,Baseball-Reference Register
2022,pitcher,Jackson Lancaster,jlancaster,23,https://www.baseball-reference.com/register/player.fcgi?id=lancas001jac,Baseball-Reference Register
2022,pitcher,Zach May,zmay,24,https://www.baseball-reference.com/register/player.fcgi?id=may---000zac,Baseball-Reference Register
2022,pitcher,Riley Ottesen,rottesen,27,https://www.baseball-reference.com/register/player.fcgi?id=ottese000ril,Baseball-Reference Register
2022,pitcher,Kyler Patterson,kpatterson,25,https://www.baseball-reference.com/register/player.fcgi?id=patter002kyl,Baseball-Reference Register
2022,pitcher,Darrien Ragins,dragins,26,https://www.baseball-reference.com/register/player.fcgi?id=ragins000dar,Baseball-Reference Register
2022,pitcher,Isaiah Ramos,iramos,23,https://www.baseball-reference.com/register/player.fcgi?id=ramos-002isa,Baseball-Reference Register
2022,pitcher,Austin Schneider,aschneider,24,https://www.baseball-reference.com/register/player.fcgi?id=schnei000aus,Baseball-Reference Register
2022,pitcher,Connor Schultz,cschultz,23,https://www.baseball-reference.com/register/player.fcgi?id=schult000con,Baseball-Reference Register
2022,pitcher,Mark Simon,msimon,26,https://www.baseball-reference.com/register/player.fcgi?id=simon-004mar,Baseball-Reference Register
2022,pitcher,Alex Smith,asmith,25,https://www.baseball-reference.com/register/player.fcgi?id=smith-017ale,Baseball-Reference Register
2022,pitcher,Brayden Spears,bspears,21,https://www.baseball-reference.com/register/player.fcgi?id=spears000bra,Baseball-Reference Register
2022,pitcher,Andrew Stout,astout,24,https://www.baseball-reference.com/register/player.fcgi?id=stout-000and,Baseball-Reference Register
2022,pitcher,Dan Swain,dswain,27,https://www.baseball-reference.com/register/player.fcgi?id=swain-000dan,Baseball-Reference Register
2022,pitcher,Nate Thomas,nthomas,24,https://www.baseball-reference.com/register/player.fcgi?id=thomas003nat,Baseball-Reference Register
2022,pitcher,Mike Townsend,mtownsend,23,https://www.baseball-reference.com/register/player.fcgi?id=townse000mic,Baseball-Reference Register
2022,pitcher,Logan VanWey,lvanwey,23,https://www.baseball-reference.com/register/player.fcgi?id=vanwey000log,Baseball-Reference Register
2022,pitcher,Jason Ajamian,jajamian,24,https://www.baseball-reference.com/register/player.fcgi?id=ajamia000jas,Baseball-Reference Register
2022,pitcher,Nate Alexander,nalexander,26,https://www.baseball-reference.com/register/player.fcgi?id=alexan000nat,Baseball-Reference Register
2023,hitter,Jake McMurray,jmcmurray,23,https://www.baseball-reference.com/register/player.fcgi?id=mcmurr002jak,Baseball-Reference Register
2023,hitter,Kamron Willman,kwillman,25,https://www.baseball-reference.com/register/player.fcgi?id=willma000kam,Baseball-Reference Register
2023,hitter,Brendan Ryan,bryan,24,https://www.baseball-reference.com/register/player.fcgi?id=ryan--003bre,Baseball-Reference Register
2023,hitter,Damian Henderson,dhenderson,25,https://www.baseball-reference.com/register/player.fcgi?id=hender000dam,Baseball-Reference Register
2023,hitter,Dondrei Hubbard,dhubbard,28,https://www.baseball-reference.com/register/player.fcgi?id=hubbar002don,Baseball-Reference Register
2023,hitter,Jonathan Soto,jsoto,24,https://www.baseball-reference.com/register/player.fcgi?id=soto--000jon,Baseball-Reference Register
2023,hitter,Sam Olsson,solsson,24,https://www.baseball-reference.com/register/player.fcgi?id=olsson000sam,Baseball-Reference Register
2023,hitter,Brett Carson,bcarson,22,https://www.baseball-reference.com/register/player.fcgi?id=carson000bre,Baseball-Reference Register
2023,hitter,Xane Washington#,xwashington#,23,https://www.baseball-reference.com/register/player.fcgi?id=washin000xan,Baseball-Reference Register
2023,hitter,Jackson Coutts,jcoutts,24,https://www.baseball-reference.com/register/player.fcgi?id=coutts000jac,Baseball-Reference Register
2023,hitter,Jake Cruce,jcruce,25,https://www.baseball-reference.com/register/player.fcgi?id=cruce-000jac,Baseball-Reference Register
2023,hitter,Josh Broughton,jbroughton,25,https://www.baseball-reference.com/register/player.fcgi?id=brough000jos,Baseball-Reference Register
2023,hitter,Riley Jepson,rjepson,26,https://www.baseball-reference.com/register/player.fcgi?id=jepson000ril,Baseball-Reference Register
2023,hitter,Nick Ultsch,nultsch,25,https://www.baseball-reference.com/register/player.fcgi?id=ultsch000nic,Baseball-Reference Register
2023,hitter,Ryan McCarthy,rmccarthy,24,https://www.baseball-reference.com/register/player.fcgi?id=mccart005rya,Baseball-Reference Register
2023,hitter,Joe Johnson,jjohnson,23,https://www.baseball-reference.com/register/player.fcgi?id=johnso006joe,Baseball-Reference Register
2023,hitter,Austin Shumaker,ashumaker,26,https://www.baseball-reference.com/register/player.fcgi?id=shumak001aus,Baseball-Reference Register
2023,hitter,Dean Miller,dmiller,26,https://www.baseball-reference.com/register/player.fcgi?id=miller004dea,Baseball-Reference Register
2023,hitter,Jacob Barfield,jbarfield,27,https://www.baseball-reference.com/register/player.fcgi?id=barfie002jac,Baseball-Reference Register
2023,hitter,Luis Navarro,lnavarro,28,https://www.baseball-reference.com/register/player.fcgi?id=navarr003lui,Baseball-Reference Register
2023,hitter,Stephen Wilmer#,swilmer#,23,https://www.baseball-reference.com/register/player.fcgi?id=wilmer000ste,Baseball-Reference Register
2023,hitter,John Michael Faile,jfaile,23,https://www.baseball-reference.com/register/player.fcgi?id=faile-000joh,Baseball-Reference Register
2023,hitter,Henry George,hgeorge,24,https://www.baseball-reference.com/register/player.fcgi?id=george000hen,Baseball-Reference Register
2023,hitter,Bryce Brown,bbrown,26,https://www.baseball-reference.com/register/player.fcgi?id=brown-003bry,Baseball-Reference Register
2023,hitter,Kokko Figueiredo#,kfigueiredo#,25,https://www.baseball-reference.com/register/player.fcgi?id=figuer000kok,Baseball-Reference Register
2023,hitter,Abdel Guadalupe#,aguadalupe#,26,https://www.baseball-reference.com/register/player.fcgi?id=guadal000abd,Baseball-Reference Register
2023,hitter,Juan Teixeira,jteixeira,25,https://www.baseball-reference.com/register/player.fcgi?id=teixei000jua,Baseball-Reference Register
2023,hitter,Ron Washington,rwashington,24,https://www.baseball-reference.com/register/player.fcgi?id=washin002ron,Baseball-Reference Register
2023,hitter,Patrick Chung,pchung,28,https://www.baseball-reference.com/register/player.fcgi?id=chung-000pat,Baseball-Reference Register
2023,hitter,Casey Petersen,cpetersen,23,https://www.baseball-reference.com/register/player.fcgi?id=peters000cas,Baseball-Reference Register
2023,hitter,Austin Chouinard,achouinard,24,https://www.baseball-reference.com/register/player.fcgi?id=chouin000aus,Baseball-Reference Register
2023,hitter,Keaton Greenwalt,kgreenwalt,25,https://www.baseball-reference.com/register/player.fcgi?id=greenw000kea,Baseball-Reference Register
2023,hitter,Jake Guenther,jguenther,26,https://www.baseball-reference.com/register/player.fcgi?id=guenth000jak,Baseball-Reference Register
2023,hitter,Ethan Lopez,elopez,25,https://www.baseball-reference.com/register/player.fcgi?id=lopez-000eth,Baseball-Reference Register
2023,hitter,Gabe Wurtz,gwurtz,26,https://www.baseball-reference.com/register/player.fcgi?id=wurtz-000gab,Baseball-Reference Register
2023,hitter,Dusty Stroup,dstroup,25,https://www.baseball-reference.com/register/player.fcgi?id=stroup000dus,Baseball-Reference Register
2023,hitter,Alex Baeza,abaeza,25,https://www.baseball-reference.com/register/player.fcgi?id=baeza-000ale,Baseball-Reference Register
2023,hitter,Jaylyn Williams,jwilliams,25,https://www.baseball-reference.com/register/player.fcgi?id=willia000jay,Baseball-Reference Register
2023,hitter,Chris Monroe,cmonroe,24,https://www.baseball-reference.com/register/player.fcgi?id=monroe000chr,Baseball-Reference Register
2023,hitter,Connor Denning#,cdenning#,24,https://www.baseball-reference.com/register/player.fcgi?id=dennin000con,Baseball-Reference Register
2023,hitter,Euro Diaz,ediaz,24,https://www.baseball-reference.com/register/player.fcgi?id=diaz--000eur,Baseball-Reference Register
2023,hitter,D.J. Poteet#,dpoteet#,25,https://www.baseball-reference.com/register/player.fcgi?id=poteet000dj-,Baseball-Reference Register
2023,hitter,Payton Robertson,probertson,25,https://www.baseball-reference.com/register/player.fcgi?id=robert001pay,Baseball-Reference Register
2023,hitter,Lavoisier Fisher#,lfisher#,23,https://www.baseball-reference.com/register/player.fcgi?id=fisher000lav,Baseball-Reference Register
2023,hitter,CJ Dunn,cdunn,24,https://www.baseball-reference.com/register/player.fcgi?id=dunn--002cor,Baseball-Reference Register
2023,hitter,Mikey Edie,medie,25,https://www.baseball-reference.com/register/player.fcgi?id=edie--000mik,Baseball-Reference Register
2023,hitter,Cam Phelts#,cphelts#,26,https://www.baseball-reference.com/register/player.fcgi?id=phelts000cam,Baseball-Reference Register
2023,hitter,Anthony Ray,aray,28,https://www.baseball-reference.com/register/player.fcgi?id=ray---000ant,Baseball-Reference Register
2023,hitter,Reese Alexiades,ralexiades,25,https://www.baseball-reference.com/register/player.fcgi?id=alexia000ree,Baseball-Reference Register
2023,hitter,Danny Perez,dperez,24,https://www.baseball-reference.com/register/player.fcgi?id=perez-011dan,Baseball-Reference Register
2023,hitter,Dave Matthews,dmatthews,25,https://www.baseball-reference.com/register/player.fcgi?id=matthe000dav,Baseball-Reference Register
2023,hitter,Matt Wong,mwong,24,https://www.baseball-reference.com/register/player.fcgi?id=wong--000mat,Baseball-Reference Register
2023,hitter,Eduardo Acosta,eacosta,23,https://www.baseball-reference.com/register/player.fcgi?id=acosta007edu,Baseball-Reference Register
2023,hitter,Taylor Lomack,tlomack,23,https://www.baseball-reference.com/register/player.fcgi?id=lomack000tay,Baseball-Reference Register
2023,hitter,Ethan Smith,esmith,23,https://www.baseball-reference.com/register/player.fcgi?id=smith-002eth,Baseball-Reference Register
2023,hitter,Sal Gozzo#,sgozzo#,25,https://www.baseball-reference.com/register/player.fcgi?id=gozzo-000sal,Baseball-Reference Register
2023,hitter,Anthony Herron,aherron,23,https://www.baseball-reference.com/register/player.fcgi?id=herron001ant,Baseball-Reference Register
2023,hitter,Christian Kirtley,ckirtley,23,https://www.baseball-reference.com/register/player.fcgi?id=kirtle000chr,Baseball-Reference Register
2023,hitter,Elvis Peralta,eperalta,26,https://www.baseball-reference.com/register/player.fcgi?id=peralt000elv,Baseball-Reference Register
2023,hitter,Thomas DeBonville,tdebonville,26,https://www.baseball-reference.com/register/player.fcgi?id=debonv000tho,Baseball-Reference Register
2023,hitter,Drew Williams,dwilliams,24,https://www.baseball-reference.com/register/player.fcgi?id=willia006dre,Baseball-Reference Register
2023,hitter,Edmond Americaan,eamericaan,26,https://www.baseball-reference.com/register/player.fcgi?id=americ000edm,Baseball-Reference Register
2023,hitter,Jaylen Hubbard,jhubbard,26,https://www.baseball-reference.com/register/player.fcgi?id=hubbar000jay,Baseball-Reference Register
2023,hitter,Derek Maiben,dmaiben,23,https://www.baseball-reference.com/register/player.fcgi?id=maiben000der,Baseball-Reference Register
2023,hitter,Landen Barns,lbarns,26,https://www.baseball-reference.com/register/player.fcgi?id=barns-000lan,Baseball-Reference Register
2023,hitter,Logan Williams,lwilliams,24,https://www.baseball-reference.com/register/player.fcgi?id=willia003log,Baseball-Reference Register
2023,hitter,Mason Dinesen,mdinesen,24,https://www.baseball-reference.com/register/player.fcgi?id=dinese000mas,Baseball-Reference Register
2023,hitter,Andrew Meggs,ameggs,24,https://www.baseball-reference.com/register/player.fcgi?id=meggs-000and,Baseball-Reference Register
2023,hitter,Gio DiGiacomo,gdigiacomo,23,https://www.baseball-reference.com/register/player.fcgi?id=digiac000gio,Baseball-Reference Register
2023,hitter,Rafael Narea,rnarea,25,https://www.baseball-reference.com/register/player.fcgi?id=narea-000raf,Baseball-Reference Register
2023,hitter,Matt Clayton,mclayton,24,https://www.baseball-reference.com/register/player.fcgi?id=clayto000mat,Baseball-Reference Register
2023,hitter,Trevor Halsema,thalsema,24,https://www.baseball-reference.com/register/player.fcgi?id=halsem000tre,Baseball-Reference Register
2023,hitter,Kevin Higgins,khiggins,25,https://www.baseball-reference.com/register/player.fcgi?id=higgin003kev,Baseball-Reference Register
2023,hitter,Trevor Minder,tminder,24,https://www.baseball-reference.com/register/player.fcgi?id=minder000tre,Baseball-Reference Register
2023,hitter,Dakota Conners,dconners,27,https://www.baseball-reference.com/register/player.fcgi?id=conner000dak,Baseball-Reference Register
2023,hitter,Brandon Crosby,bcrosby,26,https://www.baseball-reference.com/register/player.fcgi?id=crosby000bra,Baseball-Reference Register
2023,hitter,Josh Elvir,jelvir,27,https://www.baseball-reference.com/register/player.fcgi?id=elvir-000jos,Baseball-Reference Register
2023,hitter,Tim Bouchard,tbouchard,25,https://www.baseball-reference.com/register/player.fcgi?id=boucha000tim,Baseball-Reference Register
2023,hitter,Ben Fitzgerald,bfitzgerald,24,https://www.baseball-reference.com/register/player.fcgi?id=fitzge000ben,Baseball-Reference Register
2023,hitter,Eddie McCabe,emccabe,23,https://www.baseball-reference.com/register/player.fcgi?id=mccabe000edd,Baseball-Reference Register
2023,hitter,Jayson Newman-Dodd,jnewman-dodd,25,https://www.baseball-reference.com/register/player.fcgi?id=newman000jay,Baseball-Reference Register
2023,hitter,Matt Golda,mgolda,24,https://www.baseball-reference.com/register/player.fcgi?id=golda-000mat,Baseball-Reference Register
2023,hitter,Mark Herron,mherron,25,https://www.baseball-reference.com/register/player.fcgi?id=herron001mar,Baseball-Reference Register
2023,hitter,Crews Taylor,ctaylor,24,https://www.baseball-reference.com/register/player.fcgi?id=taylor000cre,Baseball-Reference Register
2023,hitter,Blake Evans,bevans,23,https://www.baseball-reference.com/register/player.fcgi?id=evans-000bla,Baseball-Reference Register
2023,hitter,McClain O'Connor,mo'connor,24,https://www.baseball-reference.com/register/player.fcgi?id=oconno000mcc,Baseball-Reference Register
2023,hitter,Sam Troyer,stroyer,26,https://www.baseball-reference.com/register/player.fcgi?id=troyer000sam,Baseball-Reference Register
2023,hitter,Gabe Howell,ghowell,25,https://www.baseball-reference.com/register/player.fcgi?id=howell000gab,Baseball-Reference Register
2023,hitter,Jackson Raper,jraper,25,https://www.baseball-reference.com/register/player.fcgi?id=raper-000jac,Baseball-Reference Register
2023,hitter,Emmanuel Sanchez,esanchez,22,https://www.baseball-reference.com/register/player.fcgi?id=sanche001emm,Baseball-Reference Register
2023,hitter,Kenny Oyama,koyama,24,https://www.baseball-reference.com/register/player.fcgi?id=oyama-000ken,Baseball-Reference Register
2023,hitter,Ryan Cash#,rcash#,25,https://www.baseball-reference.com/register/player.fcgi?id=cash--000rya,Baseball-Reference Register
2023,hitter,Robb Paller,rpaller,30,https://www.baseball-reference.com/register/player.fcgi?id=paller000rob,Baseball-Reference Register
2023,hitter,Steve Barmakian,sbarmakian,25,https://www.baseball-reference.com/register/player.fcgi?id=barmak000ste,Baseball-Reference Register
2023,hitter,Noah Marcelo,nmarcelo,22,https://www.baseball-reference.com/register/player.fcgi?id=marcel000noa,Baseball-Reference Register
2023,hitter,Tyler Wyatt,twyatt,26,https://www.baseball-reference.com/register/player.fcgi?id=wyat--000tyl,Baseball-Reference Register
2023,hitter,Austin Bernard#,abernard#,27,https://www.baseball-reference.com/register/player.fcgi?id=bernar000aus,Baseball-Reference Register
2023,hitter,Colin Gordon#,cgordon#,25,https://www.baseball-reference.com/register/player.fcgi?id=gordon002col,Baseball-Reference Register
2023,hitter,Bryce Donovan,bdonovan,26,https://www.baseball-reference.com/register/player.fcgi?id=donova000bry,Baseball-Reference Register
2023,hitter,Matt Hogan,mhogan,23,https://www.baseball-reference.com/register/player.fcgi?id=hogan-000mat,Baseball-Reference Register
2023,pitcher,Alfredo Villa,avilla,25,https://www.baseball-reference.com/register/player.fcgi?id=villa-000alf,Baseball-Reference Register
2023,pitcher,Noah Barros,nbarros,24,https://www.baseball-reference.com/register/player.fcgi?id=barros000noa,Baseball-Reference Register
2023,pitcher,Izzy Fuentes,ifuentes,27,https://www.baseball-reference.com/register/player.fcgi?id=fuente000isr,Baseball-Reference Register
2023,pitcher,Brock Gilliam,bgilliam,25,https://www.baseball-reference.com/register/player.fcgi?id=gillia000bro,Baseball-Reference Register
2023,pitcher,Peyton Long,plong,25,https://www.baseball-reference.com/register/player.fcgi?id=long--000pey,Baseball-Reference Register
2023,pitcher,Brayden Spears,bspears,22,https://www.baseball-reference.com/register/player.fcgi?id=spears000bra,Baseball-Reference Register
2023,pitcher,Christian Day,cday,24,https://www.baseball-reference.com/register/player.fcgi?id=day---001chr,Baseball-Reference Register
2023,pitcher,Justin Kleinsorge,jkleinsorge,23,https://www.baseball-reference.com/register/player.fcgi?id=kleins000jus,Baseball-Reference Register
2023,pitcher,Jake Mulholland,jmulholland,26,https://www.baseball-reference.com/register/player.fcgi?id=mulhol000jak,Baseball-Reference Register
2023,pitcher,Kelvan Pilot,kpilot,29,https://www.baseball-reference.com/register/player.fcgi?id=pilot-000kel,Baseball-Reference Register
2023,pitcher,Connor Schultz,cschultz,24,https://www.baseball-reference.com/register/player.fcgi?id=schult000con,Baseball-Reference Register
2023,pitcher,Mark Tindall,mtindall,25,https://www.baseball-reference.com/register/player.fcgi?id=tindal002mar,Baseball-Reference Register
2023,pitcher,Matt Voelker,mvoelker,24,https://www.baseball-reference.com/register/player.fcgi?id=voelke000mat,Baseball-Reference Register
2023,pitcher,Will Buraconak,wburaconak,25,https://www.baseball-reference.com/register/player.fcgi?id=buraco000wil,Baseball-Reference Register
2023,pitcher,Pat Miner,pminer,24,https://www.baseball-reference.com/register/player.fcgi?id=miner-000pat,Baseball-Reference Register
2023,pitcher,Cameron Repetti,crepetti,22,https://www.baseball-reference.com/register/player.fcgi?id=repett000cam,Baseball-Reference Register
2023,pitcher,Mark Timmins,mtimmins,25,https://www.baseball-reference.com/register/player.fcgi?id=timmin000mar,Baseball-Reference Register
2023,pitcher,Pablo Arevalo,parevalo,25,https://www.baseball-reference.com/register/player.fcgi?id=areval000pab,Baseball-Reference Register
2023,pitcher,Jonathan Clark,jclark,23,https://www.baseball-reference.com/register/player.fcgi?id=clark-001jon,Baseball-Reference Register
2023,pitcher,Justin Coleman,jcoleman,27,https://www.baseball-reference.com/register/player.fcgi?id=colema000jus,Baseball-Reference Register
2023,pitcher,Brandon Kaminer,bkaminer,24,https://www.baseball-reference.com/register/player.fcgi?id=kamine000bra,Baseball-Reference Register
2023,pitcher,Zach Ottinger,zottinger,23,https://www.baseball-reference.com/register/player.fcgi?id=otting000zac,Baseball-Reference Register
2023,pitcher,Jonathan Pintaro,jpintaro,25,https://www.baseball-reference.com/register/player.fcgi?id=pintar000jon,Baseball-Reference Register
2023,pitcher,Austin Schneider,aschneider,25,https://www.baseball-reference.com/register/player.fcgi?id=schnei000aus,Baseball-Reference Register
2023,pitcher,Alex Smith,asmith,26,https://www.baseball-reference.com/register/player.fcgi?id=smith-017ale,Baseball-Reference Register
2023,pitcher,Ryley Widell,rwidell,26,https://www.baseball-reference.com/register/player.fcgi?id=widell000ryl,Baseball-Reference Register
2023,pitcher,Nick Zegna,nzegna,23,https://www.baseball-reference.com/register/player.fcgi?id=zegna-000nic,Baseball-Reference Register
2023,pitcher,Dawson Day,dday,24,https://www.baseball-reference.com/register/player.fcgi?id=day---000daw,Baseball-Reference Register
2023,pitcher,Liu Fuenmayor,lfuenmayor,24,https://www.baseball-reference.com/register/player.fcgi?id=fuenma000liu,Baseball-Reference Register
2023,pitcher,Gavin Gorrell,ggorrell,24,https://www.baseball-reference.com/register/player.fcgi?id=gorrel000gav,Baseball-Reference Register
2023,pitcher,Marvin Guzman,mguzman,25,https://www.baseball-reference.com/register/player.fcgi?id=guzman007mar,Baseball-Reference Register
2023,pitcher,Brady Held,bheld,23,https://www.baseball-reference.com/register/player.fcgi?id=held--000bra,Baseball-Reference Register
2023,pitcher,Trevor Jackson,tjackson,25,https://www.baseball-reference.com/register/player.fcgi?id=jackso002tre,Baseball-Reference Register
2023,pitcher,Pat Maybach,pmaybach,25,https://www.baseball-reference.com/register/player.fcgi?id=maybac000pat,Baseball-Reference Register
2023,pitcher,Keagan McGinnis,kmcginnis,24,https://www.baseball-reference.com/register/player.fcgi?id=mcginn000kea,Baseball-Reference Register
2023,pitcher,Ethan McRae,emcrae,26,https://www.baseball-reference.com/register/player.fcgi?id=mcrae-000eth,Baseball-Reference Register
2023,pitcher,Trey Morrill,tmorrill,23,https://www.baseball-reference.com/register/player.fcgi?id=morril000tre,Baseball-Reference Register
2023,pitcher,Karan Patel,kpatel,26,https://www.baseball-reference.com/register/player.fcgi?id=patel-000kar,Baseball-Reference Register
2023,pitcher,Zach Penrod,zpenrod,26,https://www.baseball-reference.com/register/player.fcgi?id=penrod000zac,Baseball-Reference Register
2023,pitcher,Mitch Stone,mstone,22,https://www.baseball-reference.com/register/player.fcgi?id=stone-001mit,Baseball-Reference Register
2023,pitcher,Ethan Swanson,eswanson,24,https://www.baseball-reference.com/register/player.fcgi?id=swanso000eth,Baseball-Reference Register
2023,pitcher,Keon Taylor,ktaylor,25,https://www.baseball-reference.com/register/player.fcgi?id=taylor000keo,Baseball-Reference Register
2023,pitcher,Luke Trueman,ltrueman,23,https://www.baseball-reference.com/register/player.fcgi?id=truema000luk,Baseball-Reference Register
2023,pitcher,Ed Baram,ebaram,26,https://www.baseball-reference.com/register/player.fcgi?id=baram-000ed-,Baseball-Reference Register
2023,pitcher,Greg Blackman,gblackman,23,https://www.baseball-reference.com/register/player.fcgi?id=blackm000gt-,Baseball-Reference Register
2023,pitcher,Robbie Brown,rbrown,25,https://www.baseball-reference.com/register/player.fcgi?id=brown-047rob,Baseball-Reference Register
2023,pitcher,Miguel Cirino,mcirino,26,https://www.baseball-reference.com/register/player.fcgi?id=cirino000mig,Baseball-Reference Register
2023,pitcher,Jackson Cunningham,jcunningham,25,https://www.baseball-reference.com/register/player.fcgi?id=cunnin003jac,Baseball-Reference Register
2023,pitcher,Austin Dill,adill,24,https://www.baseball-reference.com/register/player.fcgi?id=dill--000aus,Baseball-Reference Register
2023,pitcher,Andrew Garcia,agarcia,24,https://www.baseball-reference.com/register/player.fcgi?id=garcia020and,Baseball-Reference Register
2023,pitcher,Jorge Gonzalez,jgonzalez,27,https://www.baseball-reference.com/register/player.fcgi?id=gonzal013jor,Baseball-Reference Register
2023,pitcher,Dylan Gotto,dgotto,24,https://www.baseball-reference.com/register/player.fcgi?id=gotto-000dyl,Baseball-Reference Register
2023,pitcher,McLain Harris,mharris,24,https://www.baseball-reference.com/register/player.fcgi?id=harris000mcl,Baseball-Reference Register
2023,pitcher,Payton Harris,pharris,24,https://www.baseball-reference.com/register/player.fcgi?id=harris000pay,Baseball-Reference Register
2023,pitcher,Matt Hess,mhess,26,https://www.baseball-reference.com/register/player.fcgi?id=hess--001mat,Baseball-Reference Register
2023,pitcher,Connor Housley,chousley,21,https://www.baseball-reference.com/register/player.fcgi?id=housle000con,Baseball-Reference Register
2023,pitcher,Tyler Johnson,tjohnson,24,https://www.baseball-reference.com/register/player.fcgi?id=johnso026tyl,Baseball-Reference Register
2023,pitcher,Carter Linton,clinton,25,https://www.baseball-reference.com/register/player.fcgi?id=linton000car,Baseball-Reference Register
2023,pitcher,Brandon McPherson,bmcpherson,23,https://www.baseball-reference.com/register/player.fcgi?id=mcpher000bra,Baseball-Reference Register
2023,pitcher,Casey Minchey,cminchey,23,https://www.baseball-reference.com/register/player.fcgi?id=minche000cas,Baseball-Reference Register
2023,pitcher,John Natoli,jnatoli,25,https://www.baseball-reference.com/register/player.fcgi?id=natoli002joh,Baseball-Reference Register
2023,pitcher,Tyler Naumann,tnaumann,25,https://www.baseball-reference.com/register/player.fcgi?id=nauman000tyl,Baseball-Reference Register
2023,pitcher,Riley Ottesen,rottesen,28,https://www.baseball-reference.com/register/player.fcgi?id=ottese000ril,Baseball-Reference Register
2023,pitcher,Mike Peterson,mpeterson,24,https://www.baseball-reference.com/register/player.fcgi?id=peters002mik,Baseball-Reference Register
2023,pitcher,Buddie Pindel,bpindel,24,https://www.baseball-reference.com/register/player.fcgi?id=pindel000bud,Baseball-Reference Register
2023,pitcher,Frank Racioppo,fracioppo,24,https://www.baseball-reference.com/register/player.fcgi?id=raciop000fra,Baseball-Reference Register
2023,pitcher,Victor Rodriguez,vrodriguez,26,https://www.baseball-reference.com/register/player.fcgi?id=rodrig008vic,Baseball-Reference Register
2023,pitcher,Hunter Schilperoort,hschilperoort,23,https://www.baseball-reference.com/register/player.fcgi?id=schilp000hun,Baseball-Reference Register
2023,pitcher,Cam Tullar,ctullar,23,https://www.baseball-reference.com/register/player.fcgi?id=tullar000cam,Baseball-Reference Register
2023,pitcher,Tom Walker,twalker,24,https://www.baseball-reference.com/register/player.fcgi?id=walker004tom,Baseball-Reference Register
2023,pitcher,Quinn Waterhouse,qwaterhouse,22,https://www.baseball-reference.com/register/player.fcgi?id=waterh000qui,Baseball-Reference Register
2023,pitcher,Jack White,jwhite,23,https://www.baseball-reference.com/register/player.fcgi?id=white-008jac,Baseball-Reference Register
2023,pitcher,Brian Williams,bwilliams,25,https://www.baseball-reference.com/register/player.fcgi?id=willia016bri,Baseball-Reference Register
2023,pitcher,Cory Wills,cwills,25,https://www.baseball-reference.com/register/player.fcgi?id=wills-000cor,Baseball-Reference Register
2023,pitcher,Nico Zeglin,nzeglin,23,https://www.baseball-reference.com/register/player.fcgi?id=zeglin000nic,Baseball-Reference Register
2023,pitcher,Nate Alexander,nalexander,27,https://www.baseball-reference.com/register/player.fcgi?id=alexan000nat,Baseball-Reference Register
2023,pitcher,Chris Allen,callen,25,https://www.baseball-reference.com/register/player.fcgi?id=allen-011chr,Baseball-Reference Register
2023,pitcher,Keenan Bartlett,kbartlett,27,https://www.baseball-reference.com/register/player.fcgi?id=bartle000kee,Baseball-Reference Register
2023,pitcher,Connor Barton,cbarton,22,https://www.baseball-reference.com/register/player.fcgi?id=barton000con,Baseball-Reference Register
2023,pitcher,Adam Bloebaum,abloebaum,22,https://www.baseball-reference.com/register/player.fcgi?id=bloeba000ada,Baseball-Reference Register
2023,pitcher,Jose Diaz,jdiaz,25,https://www.baseball-reference.com/register/player.fcgi?id=diaz--027jos,Baseball-Reference Register
2023,pitcher,Jalen Evans,jevans,24,https://www.baseball-reference.com/register/player.fcgi?id=evans-000jal,Baseball-Reference Register
2023,pitcher,Rob Hamby,rhamby,24,https://www.baseball-reference.com/register/player.fcgi?id=hamby-000rob,Baseball-Reference Register
2023,pitcher,Nate Jenkins,njenkins,25,https://www.baseball-reference.com/register/player.fcgi?id=jenkin000nat,Baseball-Reference Register
2023,pitcher,Chase Jessee,cjessee,24,https://www.baseball-reference.com/register/player.fcgi?id=jessee000cha,Baseball-Reference Register
2023,pitcher,Evan Kowalski,ekowalski,24,https://www.baseball-reference.com/register/player.fcgi?id=kowals000eva,Baseball-Reference Register
2023,pitcher,Dutch Landis,dlandis,22,https://www.baseball-reference.com/register/player.fcgi?id=landis000dut,Baseball-Reference Register
2023,pitcher,Luke Malone,lmalone,24,https://www.baseball-reference.com/register/player.fcgi?id=malone000luk,Baseball-Reference Register
2023,pitcher,Drew Marrufo,dmarrufo,24,https://www.baseball-reference.com/register/player.fcgi?id=marruf000dre,Baseball-Reference Register
2023,pitcher,Bryan Perez,bperez,23,https://www.baseball-reference.com/register/player.fcgi?id=perez-001bry,Baseball-Reference Register
2023,pitcher,Breonn Pooler,bpooler,26,https://www.baseball-reference.com/register/player.fcgi?id=pooler000bre,Baseball-Reference Register
2023,pitcher,Emmanuel Rosario,erosario,27,https://www.baseball-reference.com/register/player.fcgi?id=rosari000emm,Baseball-Reference Register
2023,pitcher,Dalton Ross,dross,24,https://www.baseball-reference.com/register/player.fcgi?id=ross--000dal,Baseball-Reference Register
2023,pitcher,Marshall Shill,mshill,28,https://www.baseball-reference.com/register/player.fcgi?id=shill-000mar,Baseball-Reference Register
2023,pitcher,Joe Slocum,jslocum,27,https://www.baseball-reference.com/register/player.fcgi?id=slocum000joe,Baseball-Reference Register
2023,pitcher,Tanner Solomon,tsolomon,24,https://www.baseball-reference.com/register/player.fcgi?id=solomo000tan,Baseball-Reference Register
2023,pitcher,Jacob Stobart,jstobart,25,https://www.baseball-reference.com/register/player.fcgi?id=stobar000jac,Baseball-Reference Register
2023,pitcher,Angel Tiburcio,atiburcio,23,https://www.baseball-reference.com/register/player.fcgi?id=tiburc000ang,Baseball-Reference Register
2024,hitter,Roberto Gonzalez,rgonzalez,24,https://www.baseball-reference.com/register/player.fcgi?id=gonzal015rob,Baseball-Reference Register
2024,hitter,Ryan McCarthy,rmccarthy,25,https://www.baseball-reference.com/register/player.fcgi?id=mccart005rya,Baseball-Reference Register
2024,hitter,Adam Fogel,afogel,25,https://www.baseball-reference.com/register/player.fcgi?id=fogel-000ada,Baseball-Reference Register
2024,hitter,Mike Rosario,mrosario,23,https://www.baseball-reference.com/register/player.fcgi?id=rosari000mik,Baseball-Reference Register
2024,hitter,Braylin Marine,bmarine,23,https://www.baseball-reference.com/register/player.fcgi?id=marine000bra,Baseball-Reference Register
2024,hitter,Luis Navarro,lnavarro,29,https://www.baseball-reference.com/register/player.fcgi?id=navarr003lui,Baseball-Reference Register
2024,hitter,Patrick Chung,pchung,29,https://www.baseball-reference.com/register/player.fcgi?id=chung-000pat,Baseball-Reference Register
2024,hitter,Xane Washington#,xwashington#,24,https://www.baseball-reference.com/register/player.fcgi?id=washin000xan,Baseball-Reference Register
2024,hitter,Mason Dinesen,mdinesen,25,https://www.baseball-reference.com/register/player.fcgi?id=dinese000mas,Baseball-Reference Register
2024,hitter,Jose Gonzalez,jgonzalez,23,https://www.baseball-reference.com/register/player.fcgi?id=gonzal051jos,Baseball-Reference Register
2024,hitter,Kelly Dugan,kdugan,33,https://www.baseball-reference.com/register/player.fcgi?id=dugan-001kel,Baseball-Reference Register
2024,hitter,Abdel Guadalupe#,aguadalupe#,27,https://www.baseball-reference.com/register/player.fcgi?id=guadal000abd,Baseball-Reference Register
2024,hitter,Jackson Coutts,jcoutts,25,https://www.baseball-reference.com/register/player.fcgi?id=coutts000jac,Baseball-Reference Register
2024,hitter,Ernie Yake,eyake,26,https://www.baseball-reference.com/register/player.fcgi?id=yake--000ern,Baseball-Reference Register
2024,hitter,Drew Brutcher,dbrutcher,22,https://www.baseball-reference.com/register/player.fcgi?id=brutch000dre,Baseball-Reference Register
2024,hitter,Connor Bagnieski,cbagnieski,26,https://www.baseball-reference.com/register/player.fcgi?id=bagnie000con,Baseball-Reference Register
2024,hitter,Pearce Howard,phoward,26,https://www.baseball-reference.com/register/player.fcgi?id=howard000pea,Baseball-Reference Register
2024,hitter,Kamron Willman,kwillman,26,https://www.baseball-reference.com/register/player.fcgi?id=willma000kam,Baseball-Reference Register
2024,hitter,Theo Hardy#,thardy#,22,https://www.baseball-reference.com/register/player.fcgi?id=hardy-000the,Baseball-Reference Register
2024,hitter,Brett Barrera,bbarrera,23,https://www.baseball-reference.com/register/player.fcgi?id=barrer000bre,Baseball-Reference Register
2024,hitter,Dave Matthews,dmatthews,26,https://www.baseball-reference.com/register/player.fcgi?id=matthe000dav,Baseball-Reference Register
2024,hitter,Glenn Miller,gmiller,22,https://www.baseball-reference.com/register/player.fcgi?id=miller005gle,Baseball-Reference Register
2024,hitter,Chad Castillo,ccastillo,24,https://www.baseball-reference.com/register/player.fcgi?id=castil000cha,Baseball-Reference Register
2024,hitter,Andres Rios,arios,27,https://www.baseball-reference.com/register/player.fcgi?id=rios--000and,Baseball-Reference Register
2024,hitter,Mahki Backstrom,mbackstrom,22,https://www.baseball-reference.com/register/player.fcgi?id=backst000mah,Baseball-Reference Register
2024,hitter,Joshua Day,jday,24,https://www.baseball-reference.com/register/player.fcgi?id=day---002jos,Baseball-Reference Register
2024,hitter,Grady Morgan,gmorgan,24,https://www.baseball-reference.com/register/player.fcgi?id=morgan000gra,Baseball-Reference Register
2024,hitter,Nick Ultsch,nultsch,26,https://www.baseball-reference.com/register/player.fcgi?id=ultsch000nic,Baseball-Reference Register
2024,hitter,Chris Monroe,cmonroe,25,https://www.baseball-reference.com/register/player.fcgi?id=monroe000chr,Baseball-Reference Register
2024,hitter,Kingston Liniak,kliniak,24,https://www.baseball-reference.com/register/player.fcgi?id=liniak000kin,Baseball-Reference Register
2024,hitter,Dario Gomez,dgomez,24,https://www.baseball-reference.com/register/player.fcgi?id=gomez-001dar,Baseball-Reference Register
2024,hitter,Jack Cone,jcone,24,https://www.baseball-reference.com/register/player.fcgi?id=cone--000jac,Baseball-Reference Register
2024,hitter,Troy Viola,tviola,26,https://www.baseball-reference.com/register/player.fcgi?id=viola-000tro,Baseball-Reference Register
2024,hitter,Caden Green,cgreen,21,https://www.baseball-reference.com/register/player.fcgi?id=green-000cad,Baseball-Reference Register
2024,hitter,Steven Rivas,srivas,25,https://www.baseball-reference.com/register/player.fcgi?id=rivas-000ste,Baseball-Reference Register
2024,hitter,Collin Runge,crunge,27,https://www.baseball-reference.com/register/player.fcgi?id=runge-000col,Baseball-Reference Register
2024,hitter,Ed Niemann,eniemann,24,https://www.baseball-reference.com/register/player.fcgi?id=nieman000edd,Baseball-Reference Register
2024,hitter,Micah Yonamine,myonamine,23,https://www.baseball-reference.com/register/player.fcgi?id=yonami000mic,Baseball-Reference Register
2024,hitter,Ben Rosengard,brosengard,24,https://www.baseball-reference.com/register/player.fcgi?id=roseng000ben,Baseball-Reference Register
2024,hitter,Euro Diaz,ediaz,25,https://www.baseball-reference.com/register/player.fcgi?id=diaz--000eur,Baseball-Reference Register
2024,hitter,Taylor Lomack,tlomack,24,https://www.baseball-reference.com/register/player.fcgi?id=lomack000tay,Baseball-Reference Register
2024,hitter,Kurtis Byrne,kbyrne,23,https://www.baseball-reference.com/register/player.fcgi?id=byrne-000kur,Baseball-Reference Register
2024,hitter,J.P. Gates,jgates,24,https://www.baseball-reference.com/register/player.fcgi?id=gates-000jp-,Baseball-Reference Register
2024,hitter,Brody Harding,bharding,23,https://www.baseball-reference.com/register/player.fcgi?id=hardin001bro,Baseball-Reference Register
2024,hitter,Austin Shumaker,ashumaker,27,https://www.baseball-reference.com/register/player.fcgi?id=shumak001aus,Baseball-Reference Register
2024,hitter,Ryan Major,rmajor,24,https://www.baseball-reference.com/register/player.fcgi?id=major-000rya,Baseball-Reference Register
2024,hitter,Kole Kaler#,kkaler#,25,https://www.baseball-reference.com/register/player.fcgi?id=kaler-000kol,Baseball-Reference Register
2024,hitter,Brendan Ryan,bryan,25,https://www.baseball-reference.com/register/player.fcgi?id=ryan--003bre,Baseball-Reference Register
2024,hitter,Trevor Halsema,thalsema,25,https://www.baseball-reference.com/register/player.fcgi?id=halsem000tre,Baseball-Reference Register
2024,hitter,Carlos Perez,cperez,22,https://www.baseball-reference.com/register/player.fcgi?id=perez-033car,Baseball-Reference Register
2024,hitter,Alec Sanchez,asanchez,25,https://www.baseball-reference.com/register/player.fcgi?id=sanche018ale,Baseball-Reference Register
2024,hitter,Tyler Wyatt,twyatt,27,https://www.baseball-reference.com/register/player.fcgi?id=wyat--000tyl,Baseball-Reference Register
2024,hitter,Daunte Stuart,dstuart,23,https://www.baseball-reference.com/register/player.fcgi?id=stuart000dau,Baseball-Reference Register
2024,hitter,Austin Davis,adavis,24,https://www.baseball-reference.com/register/player.fcgi?id=davis-005aus,Baseball-Reference Register
2024,hitter,Bobby Lada,blada,23,https://www.baseball-reference.com/register/player.fcgi?id=lada--000bob,Baseball-Reference Register
2024,hitter,Hernan Yanez#,hyanez#,25,https://www.baseball-reference.com/register/player.fcgi?id=yanez-000her,Baseball-Reference Register
2024,hitter,Braedon Blackford,bblackford,25,https://www.baseball-reference.com/register/player.fcgi?id=blackf000bra,Baseball-Reference Register
2024,hitter,Roberto Pena,rpena,25,https://www.baseball-reference.com/register/player.fcgi?id=pena--004rob,Baseball-Reference Register
2024,hitter,Kevin Jimenez,kjimenez,25,https://www.baseball-reference.com/register/player.fcgi?id=jimene000kev,Baseball-Reference Register
2024,hitter,Oscar Serratos,oserratos,24,https://www.baseball-reference.com/register/player.fcgi?id=serrat001osc,Baseball-Reference Register
2024,hitter,John Daly,jdaly,26,https://www.baseball-reference.com/register/player.fcgi?id=daly--000joh,Baseball-Reference Register
2024,hitter,Gabe Howell,ghowell,26,https://www.baseball-reference.com/register/player.fcgi?id=howell000gab,Baseball-Reference Register
2024,hitter,Cole Jordan,cjordan,23,https://www.baseball-reference.com/register/player.fcgi?id=jordan001col,Baseball-Reference Register
2024,hitter,Hylan Hall,hhall,23,https://www.baseball-reference.com/register/player.fcgi?id=hall--000hyl,Baseball-Reference Register
2024,hitter,Myles Jefferson,mjefferson,23,https://www.baseball-reference.com/register/player.fcgi?id=jeffer000myl,Baseball-Reference Register
2024,hitter,Connor Denning#,cdenning#,25,https://www.baseball-reference.com/register/player.fcgi?id=dennin000con,Baseball-Reference Register
2024,hitter,Payton Harden,pharden,23,https://www.baseball-reference.com/register/player.fcgi?id=harden000pay,Baseball-Reference Register
2024,hitter,Ryan Holgate,rholgate,24,https://www.baseball-reference.com/register/player.fcgi?id=holgat000rya,Baseball-Reference Register
2024,hitter,Henry George,hgeorge,25,https://www.baseball-reference.com/register/player.fcgi?id=george000hen,Baseball-Reference Register
2024,hitter,Brett Carson,bcarson,23,https://www.baseball-reference.com/register/player.fcgi?id=carson000bre,Baseball-Reference Register
2024,hitter,Noah Martinez,nmartinez,24,https://www.baseball-reference.com/register/player.fcgi?id=martin002noa,Baseball-Reference Register
2024,hitter,Chris Sargent,csargent,23,https://www.baseball-reference.com/register/player.fcgi?id=sargen000chr,Baseball-Reference Register
2024,hitter,Colin Gordon#,cgordon#,26,https://www.baseball-reference.com/register/player.fcgi?id=gordon002col,Baseball-Reference Register
2024,hitter,Dondrei Hubbard,dhubbard,29,https://www.baseball-reference.com/register/player.fcgi?id=hubbar002don,Baseball-Reference Register
2024,hitter,David Glancy,dglancy,23,https://www.baseball-reference.com/register/player.fcgi?id=glancy000dav,Baseball-Reference Register
2024,hitter,Freddy Rojas,frojas,25,https://www.baseball-reference.com/register/player.fcgi?id=rojas-002fre,Baseball-Reference Register
2024,hitter,Dane Tofteland,dtofteland,27,https://www.baseball-reference.com/register/player.fcgi?id=toftel000dan,Baseball-Reference Register
2024,hitter,Tripp Clark,tclark,23,https://www.baseball-reference.com/register/player.fcgi?id=clark-000tri,Baseball-Reference Register
2024,hitter,Calyn Halvorson,chalvorson,23,https://www.baseball-reference.com/register/player.fcgi?id=halvor000cal,Baseball-Reference Register
2024,hitter,Trevor Rogers,trogers,25,https://www.baseball-reference.com/register/player.fcgi?id=rogers002tre,Baseball-Reference Register
2024,hitter,Stephen Wilmer#,swilmer#,24,https://www.baseball-reference.com/register/player.fcgi?id=wilmer000ste,Baseball-Reference Register
2024,hitter,Landen Barns,lbarns,27,https://www.baseball-reference.com/register/player.fcgi?id=barns-000lan,Baseball-Reference Register
2024,hitter,Alejandro Figueredo,afigueredo,25,https://www.baseball-reference.com/register/player.fcgi?id=figuer005ale,Baseball-Reference Register
2024,hitter,Anthony Mata,amata,22,https://www.baseball-reference.com/register/player.fcgi?id=mata--000ant,Baseball-Reference Register
2024,hitter,Pat Mills,pmills,24,https://www.baseball-reference.com/register/player.fcgi?id=mills-000pat,Baseball-Reference Register
2024,hitter,D.J. Poteet#,dpoteet#,26,https://www.baseball-reference.com/register/player.fcgi?id=poteet000dj-,Baseball-Reference Register
2024,hitter,Mason Sykes,msykes,24,https://www.baseball-reference.com/register/player.fcgi?id=sykes-000mas,Baseball-Reference Register
2024,hitter,Sam Kuchinski,skuchinski,24,https://www.baseball-reference.com/register/player.fcgi?id=kuchin000sam,Baseball-Reference Register
2024,hitter,Gary Lora,glora,24,https://www.baseball-reference.com/register/player.fcgi?id=lora--000gar,Baseball-Reference Register
2024,hitter,Ray Gil,rgil,25,https://www.baseball-reference.com/register/player.fcgi?id=gil---000ray,Baseball-Reference Register
2024,hitter,Dylan Leach#,dleach#,21,https://www.baseball-reference.com/register/player.fcgi?id=leach-000dyl,Baseball-Reference Register
2024,hitter,Evan Blum,eblum,24,https://www.baseball-reference.com/register/player.fcgi?id=blum--000eva,Baseball-Reference Register
2024,hitter,Elliot Good,egood,23,https://www.baseball-reference.com/register/player.fcgi?id=good--000ell,Baseball-Reference Register
2024,hitter,Brayland Skinner,bskinner,24,https://www.baseball-reference.com/register/player.fcgi?id=skinne001bra,Baseball-Reference Register
2024,hitter,Ben Fitzgerald,bfitzgerald,25,https://www.baseball-reference.com/register/player.fcgi?id=fitzge000ben,Baseball-Reference Register
2024,hitter,Jason Rooks,jrooks,25,https://www.baseball-reference.com/register/player.fcgi?id=rooks-000jas,Baseball-Reference Register
2024,hitter,Nich Klemp,nklemp,24,https://www.baseball-reference.com/register/player.fcgi?id=klemp-002nic,Baseball-Reference Register
2024,pitcher,Ben Ferrer,bferrer,24,https://www.baseball-reference.com/register/player.fcgi?id=ferrer000ben,Baseball-Reference Register
2024,pitcher,Mike Peterson,mpeterson,25,https://www.baseball-reference.com/register/player.fcgi?id=peters002mik,Baseball-Reference Register
2024,pitcher,Chase Jessee,cjessee,25,https://www.baseball-reference.com/register/player.fcgi?id=jessee000cha,Baseball-Reference Register
2024,pitcher,Carlos Lomeli,clomeli,25,https://www.baseball-reference.com/register/player.fcgi?id=lomeli000car,Baseball-Reference Register
2024,pitcher,Alfredo Villa,avilla,26,https://www.baseball-reference.com/register/player.fcgi?id=villa-000alf,Baseball-Reference Register
2024,pitcher,Chase Gearing,cgearing,24,https://www.baseball-reference.com/register/player.fcgi?id=gearin000cha,Baseball-Reference Register
2024,pitcher,Nate Madej,nmadej,25,https://www.baseball-reference.com/register/player.fcgi?id=madej-000nat,Baseball-Reference Register
2024,pitcher,Cameron Repetti,crepetti,23,https://www.baseball-reference.com/register/player.fcgi?id=repett000cam,Baseball-Reference Register
2024,pitcher,Christian Cosby,ccosby,27,https://www.baseball-reference.com/register/player.fcgi?id=cosby-000chr,Baseball-Reference Register
2024,pitcher,Christian Day,cday,25,https://www.baseball-reference.com/register/player.fcgi?id=day---001chr,Baseball-Reference Register
2024,pitcher,Evan Massie,emassie,24,https://www.baseball-reference.com/register/player.fcgi?id=massie000eva,Baseball-Reference Register
2024,pitcher,Zach St. Pierre,zpierre,26,https://www.baseball-reference.com/register/player.fcgi?id=stpier001zac,Baseball-Reference Register
2024,pitcher,Brian Williams,bwilliams,26,https://www.baseball-reference.com/register/player.fcgi?id=willia016bri,Baseball-Reference Register
2024,pitcher,Robb Adams,radams,25,https://www.baseball-reference.com/register/player.fcgi?id=adams-023rob,Baseball-Reference Register
2024,pitcher,Andrew Edwards,aedwards,27,https://www.baseball-reference.com/register/player.fcgi?id=edward004and,Baseball-Reference Register
2024,pitcher,Elijah Gill,egill,25,https://www.baseball-reference.com/register/player.fcgi?id=gill--000eli,Baseball-Reference Register
2024,pitcher,Luke Malone,lmalone,25,https://www.baseball-reference.com/register/player.fcgi?id=malone000luk,Baseball-Reference Register
2024,pitcher,Brandon McPherson,bmcpherson,24,https://www.baseball-reference.com/register/player.fcgi?id=mcpher000bra,Baseball-Reference Register
2024,pitcher,Brendan Medoro,bmedoro,24,https://www.baseball-reference.com/register/player.fcgi?id=medoro000bre,Baseball-Reference Register
2024,pitcher,Isaac Mendez,imendez,23,https://www.baseball-reference.com/register/player.fcgi?id=mendez000isa,Baseball-Reference Register
2024,pitcher,Nick Parker,nparker,24,https://www.baseball-reference.com/register/player.fcgi?id=parker000nic,Baseball-Reference Register
2024,pitcher,Jason Pineda,jpineda,24,https://www.baseball-reference.com/register/player.fcgi?id=pineda000jas,Baseball-Reference Register
2024,pitcher,Conner Richardson,crichardson,24,https://www.baseball-reference.com/register/player.fcgi?id=richar000con,Baseball-Reference Register
2024,pitcher,Brayden Spears,bspears,23,https://www.baseball-reference.com/register/player.fcgi?id=spears000bra,Baseball-Reference Register
2024,pitcher,Jack Zalasky,jzalasky,23,https://www.baseball-reference.com/register/player.fcgi?id=zalask000jac,Baseball-Reference Register
2024,pitcher,Dawson Day,dday,25,https://www.baseball-reference.com/register/player.fcgi?id=day---000daw,Baseball-Reference Register
2024,pitcher,Robbie Dudzinski,rdudzinski,24,https://www.baseball-reference.com/register/player.fcgi?id=dudzin000rob,Baseball-Reference Register
2024,pitcher,Brody Eglite,beglite,23,https://www.baseball-reference.com/register/player.fcgi?id=eglite000bro,Baseball-Reference Register
2024,pitcher,Reed Garland,rgarland,22,https://www.baseball-reference.com/register/player.fcgi?id=garlan000ree,Baseball-Reference Register
2024,pitcher,Matt Hess,mhess,27,https://www.baseball-reference.com/register/player.fcgi?id=hess--001mat,Baseball-Reference Register
2024,pitcher,Justin Kleinsorge,jkleinsorge,24,https://www.baseball-reference.com/register/player.fcgi?id=kleins000jus,Baseball-Reference Register
2024,pitcher,Carter Linton,clinton,26,https://www.baseball-reference.com/register/player.fcgi?id=linton000car,Baseball-Reference Register
2024,pitcher,Noah McBride,nmcbride,25,https://www.baseball-reference.com/register/player.fcgi?id=mcbrid000noa,Baseball-Reference Register
2024,pitcher,Brandon Mitchell,bmitchell,24,https://www.baseball-reference.com/register/player.fcgi?id=mitche001bra,Baseball-Reference Register
2024,pitcher,Montana Quigley,mquigley,26,https://www.baseball-reference.com/register/player.fcgi?id=quigle000mon,Baseball-Reference Register
2024,pitcher,Brandon Ross,bross,25,https://www.baseball-reference.com/register/player.fcgi?id=ross--004bra,Baseball-Reference Register
2024,pitcher,Kaleb Sophy,ksophy,23,https://www.baseball-reference.com/register/player.fcgi?id=sophy-000kal,Baseball-Reference Register
2024,pitcher,Stephen Still,sstill,22,https://www.baseball-reference.com/register/player.fcgi?id=still-001ste,Baseball-Reference Register
2024,pitcher,Mark Timmins,mtimmins,26,https://www.baseball-reference.com/register/player.fcgi?id=timmin000mar,Baseball-Reference Register
2024,pitcher,Rafi Vazquez,rvazquez,26,https://www.baseball-reference.com/register/player.fcgi?id=vazque002raf,Baseball-Reference Register
2024,pitcher,Nick Zegna,nzegna,24,https://www.baseball-reference.com/register/player.fcgi?id=zegna-000nic,Baseball-Reference Register
2024,pitcher,Cooper Benson,cbenson,23,https://www.baseball-reference.com/register/player.fcgi?id=benson000coo,Baseball-Reference Register
2024,pitcher,Greg Blackman,gblackman,24,https://www.baseball-reference.com/register/player.fcgi?id=blackm000gt-,Baseball-Reference Register
2024,pitcher,Hunter Bryan,hbryan,23,https://www.baseball-reference.com/register/player.fcgi?id=bryan-000hun,Baseball-Reference Register
2024,pitcher,Tyler Curtis,tcurtis,24,https://www.baseball-reference.com/register/player.fcgi?id=curtis003tyl,Baseball-Reference Register
2024,pitcher,Jake Dahle,jdahle,25,https://www.baseball-reference.com/register/player.fcgi?id=dahle-000jac,Baseball-Reference Register
2024,pitcher,Chandler David,cdavid,23,https://www.baseball-reference.com/register/player.fcgi?id=david-002cha,Baseball-Reference Register
2024,pitcher,Shane Gustafson,sgustafson,25,https://www.baseball-reference.com/register/player.fcgi?id=gustaf000sha,Baseball-Reference Register
2024,pitcher,Jonathan Haab,jhaab,24,https://www.baseball-reference.com/register/player.fcgi?id=haab--000jon,Baseball-Reference Register
2024,pitcher,Connor Harrison,charrison,24,https://www.baseball-reference.com/register/player.fcgi?id=harris003con,Baseball-Reference Register
2024,pitcher,Cullen Kafka,ckafka,25,https://www.baseball-reference.com/register/player.fcgi?id=kafka-000cul,Baseball-Reference Register
2024,pitcher,Dutch Landis,dlandis,23,https://www.baseball-reference.com/register/player.fcgi?id=landis000dut,Baseball-Reference Register
2024,pitcher,Chris Macca,cmacca,26,https://www.baseball-reference.com/register/player.fcgi?id=macca-002chr,Baseball-Reference Register
2024,pitcher,Pat Maybach,pmaybach,26,https://www.baseball-reference.com/register/player.fcgi?id=maybac000pat,Baseball-Reference Register
2024,pitcher,Caleb Reyes,creyes,23,https://www.baseball-reference.com/register/player.fcgi?id=reyes-000cal,Baseball-Reference Register
2024,pitcher,Owen Sharts,osharts,24,https://www.baseball-reference.com/register/player.fcgi?id=sharts000owe,Baseball-Reference Register
2024,pitcher,Ethan Swanson,eswanson,25,https://www.baseball-reference.com/register/player.fcgi?id=swanso000eth,Baseball-Reference Register
2024,pitcher,Mark Tindall,mtindall,26,https://www.baseball-reference.com/register/player.fcgi?id=tindal002mar,Baseball-Reference Register
2024,pitcher,Kelsey Ward,kward,23,https://www.baseball-reference.com/register/player.fcgi?id=ward--001kel,Baseball-Reference Register
2024,pitcher,Will Buraconak,wburaconak,26,https://www.baseball-reference.com/register/player.fcgi?id=buraco000wil,Baseball-Reference Register
2024,pitcher,Garrett Crowley,gcrowley,24,https://www.baseball-reference.com/register/player.fcgi?id=crowle000gar,Baseball-Reference Register
2024,pitcher,CJ Czerwinski,cczerwinski,23,https://www.baseball-reference.com/register/player.fcgi?id=czerwi000cj-,Baseball-Reference Register
2024,pitcher,Christian Griffin,cgriffin,26,https://www.baseball-reference.com/register/player.fcgi?id=griffi002chr,Baseball-Reference Register
2024,pitcher,Brady Held,bheld,24,https://www.baseball-reference.com/register/player.fcgi?id=held--000bra,Baseball-Reference Register
2024,pitcher,Jerry Huntzinger,jhuntzinger,25,https://www.baseball-reference.com/register/player.fcgi?id=huntzi000jer,Baseball-Reference Register
2024,pitcher,Jestin Jones,jjones,24,https://www.baseball-reference.com/register/player.fcgi?id=jones-006jes,Baseball-Reference Register
2024,pitcher,Logan Lee,llee,24,https://www.baseball-reference.com/register/player.fcgi?id=lee---001log,Baseball-Reference Register
2024,pitcher,Nick Marshall,nmarshall,23,https://www.baseball-reference.com/register/player.fcgi?id=marsha001nic,Baseball-Reference Register
2024,pitcher,Trey Morrill,tmorrill,24,https://www.baseball-reference.com/register/player.fcgi?id=morril000tre,Baseball-Reference Register
2024,pitcher,Tyler Naumann,tnaumann,26,https://www.baseball-reference.com/register/player.fcgi?id=nauman000tyl,Baseball-Reference Register
2024,pitcher,Daniel Nunan,dnunan,24,https://www.baseball-reference.com/register/player.fcgi?id=nunan-000dan,Baseball-Reference Register
2024,pitcher,Steven Ordorica,sordorica,25,https://www.baseball-reference.com/register/player.fcgi?id=ordori000ste,Baseball-Reference Register
2024,pitcher,Nick Powers,npowers,23,https://www.baseball-reference.com/register/player.fcgi?id=powers001nic,Baseball-Reference Register
2024,pitcher,Connor Schultz,cschultz,25,https://www.baseball-reference.com/register/player.fcgi?id=schult000con,Baseball-Reference Register
2024,pitcher,Luke Short,lshort,21,https://www.baseball-reference.com/register/player.fcgi?id=short-000luk,Baseball-Reference Register
2024,pitcher,Mitch Stone,mstone,23,https://www.baseball-reference.com/register/player.fcgi?id=stone-001mit,Baseball-Reference Register
2024,pitcher,Steve Washilewski,swashilewski,25,https://www.baseball-reference.com/register/player.fcgi?id=washil000ste,Baseball-Reference Register
2024,pitcher,Patrick Wicklander,pwicklander,24,https://www.baseball-reference.com/register/player.fcgi?id=wickla000pat,Baseball-Reference Register
2024,pitcher,Kris Anglin,kanglin,22,https://www.baseball-reference.com/register/player.fcgi?id=anglin000kri,Baseball-Reference Register
2024,pitcher,JC Ariza,jariza,24,https://www.baseball-reference.com/register/player.fcgi?id=ariza-000jc-,Baseball-Reference Register
2024,pitcher,Brayden Bonner,bbonner,26,https://www.baseball-reference.com/register/player.fcgi?id=bonner002bra,Baseball-Reference Register
2024,pitcher,Derrick Cherry,dcherry,23,https://www.baseball-reference.com/register/player.fcgi?id=cherry000der,Baseball-Reference Register
2024,pitcher,Jonathan Clark,jclark,24,https://www.baseball-reference.com/register/player.fcgi?id=clark-001jon,Baseball-Reference Register
2024,pitcher,Justin Coleman,jcoleman,28,https://www.baseball-reference.com/register/player.fcgi?id=colema000jus,Baseball-Reference Register
2024,pitcher,James Deloatch,jdeloatch,24,https://www.baseball-reference.com/register/player.fcgi?id=deloat000jam,Baseball-Reference Register
2024,pitcher,Aaron Eden,aeden,24,https://www.baseball-reference.com/register/player.fcgi?id=eden--000aar,Baseball-Reference Register
2024,pitcher,AJ Fritz,afritz,24,https://www.baseball-reference.com/register/player.fcgi?id=fritz-000aj-,Baseball-Reference Register
2024,pitcher,Justin Fuson,jfuson,24,https://www.baseball-reference.com/register/player.fcgi?id=fuson-000jus,Baseball-Reference Register
2024,pitcher,Gary Grosjean,ggrosjean,24,https://www.baseball-reference.com/register/player.fcgi?id=grosje000gar,Baseball-Reference Register
2024,pitcher,Connor Housley,chousley,22,https://www.baseball-reference.com/register/player.fcgi?id=housle000con,Baseball-Reference Register
2024,pitcher,Brendan Knoll,bknoll,25,https://www.baseball-reference.com/register/player.fcgi?id=knoll-000bre,Baseball-Reference Register
2024,pitcher,Evan Kowalski,ekowalski,25,https://www.baseball-reference.com/register/player.fcgi?id=kowals000eva,Baseball-Reference Register
2024,pitcher,Carson Lambert,clambert,24,https://www.baseball-reference.com/register/player.fcgi?id=lamber002car,Baseball-Reference Register
2024,pitcher,Nolan LaMere,nlamere,24,https://www.baseball-reference.com/register/player.fcgi?id=lamere000nol,Baseball-Reference Register
2024,pitcher,Connor Langrell,clangrell,22,https://www.baseball-reference.com/register/player.fcgi?id=langre000con,Baseball-Reference Register
2025,hitter,Ben Rosengard,brosengard,25,https://www.baseball-reference.com/register/player.fcgi?id=roseng000ben,Baseball-Reference Register
2025,hitter,Taylor Darden,tdarden,25,https://www.baseball-reference.com/register/player.fcgi?id=darden000tay,Baseball-Reference Register
2025,hitter,Sam Linscott,slinscott,27,https://www.baseball-reference.com/register/player.fcgi?id=linsco000sam,Baseball-Reference Register
2025,hitter,Adam Fogel,afogel,26,https://www.baseball-reference.com/register/player.fcgi?id=fogel-000ada,Baseball-Reference Register
2025,hitter,Spencer Rich,srich,24,https://www.baseball-reference.com/register/player.fcgi?id=rich--000spe,Baseball-Reference Register
2025,hitter,Chris Sargent,csargent,24,https://www.baseball-reference.com/register/player.fcgi?id=sargen000chr,Baseball-Reference Register
2025,hitter,Calyn Halvorson,chalvorson,24,https://www.baseball-reference.com/register/player.fcgi?id=halvor000cal,Baseball-Reference Register
2025,hitter,Mike Rosario,mrosario,24,https://www.baseball-reference.com/register/player.fcgi?id=rosari000mik,Baseball-Reference Register
2025,hitter,Damian Stone,dstone,23,https://www.baseball-reference.com/register/player.fcgi?id=stone-000dam,Baseball-Reference Register
2025,hitter,Spence Coffman,scoffman,21,https://www.baseball-reference.com/register/player.fcgi?id=coffma000spe,Baseball-Reference Register
2025,hitter,Brett Roberts,broberts,24,https://www.baseball-reference.com/register/player.fcgi?id=robert004bre,Baseball-Reference Register
2025,hitter,Trevor Rogers,trogers,26,https://www.baseball-reference.com/register/player.fcgi?id=rogers002tre,Baseball-Reference Register
2025,hitter,Kellum Clark,kclark,24,https://www.baseball-reference.com/register/player.fcgi?id=clark-002kel,Baseball-Reference Register
2025,hitter,Tristin Garcia,tgarcia,25,https://www.baseball-reference.com/register/player.fcgi?id=garcia000tri,Baseball-Reference Register
2025,hitter,Garret Ostrander,gostrander,23,https://www.baseball-reference.com/register/player.fcgi?id=ostran000gar,Baseball-Reference Register
2025,hitter,Johnny Pappas,jpappas,24,https://www.baseball-reference.com/register/player.fcgi?id=pappas001joh,Baseball-Reference Register
2025,hitter,Austin Chouinard,achouinard,26,https://www.baseball-reference.com/register/player.fcgi?id=chouin000aus,Baseball-Reference Register
2025,hitter,Brock Watkins,bwatkins,25,https://www.baseball-reference.com/register/player.fcgi?id=watkin000bro,Baseball-Reference Register
2025,hitter,Simon Baumgardt,sbaumgardt,24,https://www.baseball-reference.com/register/player.fcgi?id=baumga000sim,Baseball-Reference Register
2025,hitter,Max Jung-Goldberg,mjung-goldberg,25,https://www.baseball-reference.com/register/player.fcgi?id=jung-g000max,Baseball-Reference Register
2025,hitter,Roberto Pena,rpena,26,https://www.baseball-reference.com/register/player.fcgi?id=pena--004rob,Baseball-Reference Register
2025,hitter,Evan Scavotto,escavotto,23,https://www.baseball-reference.com/register/player.fcgi?id=scavot000eva,Baseball-Reference Register
2025,hitter,Evan Berkey,eberkey,25,https://www.baseball-reference.com/register/player.fcgi?id=berkey000eva,Baseball-Reference Register
2025,hitter,Connor Bagnieski,cbagnieski,27,https://www.baseball-reference.com/register/player.fcgi?id=bagnie000con,Baseball-Reference Register
2025,hitter,Carmine Lane,clane,24,https://www.baseball-reference.com/register/player.fcgi?id=lane--002car,Baseball-Reference Register
2025,hitter,Noah Marcelo,nmarcelo,24,https://www.baseball-reference.com/register/player.fcgi?id=marcel000noa,Baseball-Reference Register
2025,hitter,Kenny Oyama,koyama,26,https://www.baseball-reference.com/register/player.fcgi?id=oyama-000ken,Baseball-Reference Register
2025,hitter,Cam Bufford,cbufford,23,https://www.baseball-reference.com/register/player.fcgi?id=buffor000cam,Baseball-Reference Register
2025,hitter,River Orsak,rorsak,24,https://www.baseball-reference.com/register/player.fcgi?id=orsak-000riv,Baseball-Reference Register
2025,hitter,Cole Jordan,cjordan,24,https://www.baseball-reference.com/register/player.fcgi?id=jordan001col,Baseball-Reference Register
2025,hitter,Anthony Mata,amata,23,https://www.baseball-reference.com/register/player.fcgi?id=mata--000ant,Baseball-Reference Register
2025,hitter,Paul Myro,pmyro,24,https://www.baseball-reference.com/register/player.fcgi?id=myro--000pau,Baseball-Reference Register
2025,hitter,Dane Tofteland,dtofteland,28,https://www.baseball-reference.com/register/player.fcgi?id=toftel000dan,Baseball-Reference Register
2025,hitter,Cameron Bowen,cbowen,24,https://www.baseball-reference.com/register/player.fcgi?id=bowen-000cam,Baseball-Reference Register
2025,hitter,Christian Castaneda,ccastaneda,23,https://www.baseball-reference.com/register/player.fcgi?id=castan001chr,Baseball-Reference Register
2025,hitter,Isaac Nunez,inunez,25,https://www.baseball-reference.com/register/player.fcgi?id=nunez-003isa,Baseball-Reference Register
2025,hitter,Ty Dooley,tdooley,22,https://www.baseball-reference.com/register/player.fcgi?id=dooley000ty-,Baseball-Reference Register
2025,hitter,True Fontenot,tfontenot,25,https://www.baseball-reference.com/register/player.fcgi?id=fonten000tru,Baseball-Reference Register
2025,hitter,Zeb Roos,zroos,25,https://www.baseball-reference.com/register/player.fcgi?id=roos--000zeb,Baseball-Reference Register
2025,hitter,Nich Klemp,nklemp,25,https://www.baseball-reference.com/register/player.fcgi?id=klemp-002nic,Baseball-Reference Register
2025,hitter,Jake Hjelle,jhjelle,24,https://www.baseball-reference.com/register/player.fcgi?id=hjelle000jak,Baseball-Reference Register
2025,hitter,Dillon Tatum,dtatum,25,https://www.baseball-reference.com/register/player.fcgi?id=tatum-000dil,Baseball-Reference Register
2025,hitter,Ethan Underwood,eunderwood,25,https://www.baseball-reference.com/register/player.fcgi?id=underw000eth,Baseball-Reference Register
2025,hitter,Kai Moody,kmoody,25,https://www.baseball-reference.com/register/player.fcgi?id=moody-000kai,Baseball-Reference Register
2025,hitter,Michael O'Hara,mo'hara,24,https://www.baseball-reference.com/register/player.fcgi?id=ohara-002mic,Baseball-Reference Register
2025,hitter,Kyle Schmack,kschmack,24,https://www.baseball-reference.com/register/player.fcgi?id=schmac000kyl,Baseball-Reference Register
2025,hitter,Tyler Wyatt,twyatt,28,https://www.baseball-reference.com/register/player.fcgi?id=wyat--000tyl,Baseball-Reference Register
2025,hitter,Evan Sleight,esleight,24,https://www.baseball-reference.com/register/player.fcgi?id=sleigh000eva,Baseball-Reference Register
2025,hitter,Carter Booth,cbooth,26,https://www.baseball-reference.com/register/player.fcgi?id=booth-000car,Baseball-Reference Register
2025,hitter,Trey Cruz,tcruz,23,https://www.baseball-reference.com/register/player.fcgi?id=cruz--002tre,Baseball-Reference Register
2025,hitter,Jack O'Dowd,jo'dowd,24,https://www.baseball-reference.com/register/player.fcgi?id=odowd-000jac,Baseball-Reference Register
2025,hitter,Emilio Corona,ecorona,23,https://www.baseball-reference.com/register/player.fcgi?id=corona000emi,Baseball-Reference Register
2025,hitter,Tom McCaffrey,tmccaffrey,23,https://www.baseball-reference.com/register/player.fcgi?id=mccaff003tho,Baseball-Reference Register
2025,hitter,Eli Paton,epaton,23,https://www.baseball-reference.com/register/player.fcgi?id=paton-000eli,Baseball-Reference Register
2025,hitter,AJ Fritz,afritz,25,https://www.baseball-reference.com/register/player.fcgi?id=fritz-000aj-,Baseball-Reference Register
2025,hitter,Elliot Good,egood,24,https://www.baseball-reference.com/register/player.fcgi?id=good--000ell,Baseball-Reference Register
2025,hitter,Gary Lora,glora,25,https://www.baseball-reference.com/register/player.fcgi?id=lora--000gar,Baseball-Reference Register
2025,hitter,Alex Pimentel,apimentel,23,https://www.baseball-reference.com/register/player.fcgi?id=piment001ale,Baseball-Reference Register
2025,hitter,JT Mabry,jmabry,25,https://www.baseball-reference.com/register/player.fcgi?id=mabry-000jt-,Baseball-Reference Register
2025,hitter,Mason Minzey#,mminzey#,25,https://www.baseball-reference.com/register/player.fcgi?id=minzey000mas,Baseball-Reference Register
2025,hitter,Gio Brusa#,gbrusa#,31,https://www.baseball-reference.com/register/player.fcgi?id=brusa-000gio,Baseball-Reference Register
2025,hitter,Lou Helmig,lhelmig,22,https://www.baseball-reference.com/register/player.fcgi?id=helmig000lou,Baseball-Reference Register
2025,hitter,Quintt Landis,qlandis,24,https://www.baseball-reference.com/register/player.fcgi?id=landis000qui,Baseball-Reference Register
2025,hitter,Colby Wilkerson#,cwilkerson#,24,https://www.baseball-reference.com/register/player.fcgi?id=wilker000col,Baseball-Reference Register
2025,hitter,Damon Maynard,dmaynard,26,https://www.baseball-reference.com/register/player.fcgi?id=maynar000dam,Baseball-Reference Register
2025,hitter,Jake Allgeyer#,jallgeyer#,23,https://www.baseball-reference.com/register/player.fcgi?id=allgey000jak,Baseball-Reference Register
2025,hitter,Jaylon Lee,jlee,26,https://www.baseball-reference.com/register/player.fcgi?id=lee---001jay,Baseball-Reference Register
2025,hitter,John McHenry#,jmchenry#,24,https://www.baseball-reference.com/register/player.fcgi?id=mchenr000joh,Baseball-Reference Register
2025,hitter,Parker Coddou,pcoddou,23,https://www.baseball-reference.com/register/player.fcgi?id=coddou000par,Baseball-Reference Register
2025,hitter,Josh Duarte,jduarte,22,https://www.baseball-reference.com/register/player.fcgi?id=duarte004jos,Baseball-Reference Register
2025,hitter,Hank Himrich,hhimrich,23,https://www.baseball-reference.com/register/player.fcgi?id=himric000han,Baseball-Reference Register
2025,hitter,Dylan Wilkinson,dwilkinson,24,https://www.baseball-reference.com/register/player.fcgi?id=wilkin001dyl,Baseball-Reference Register
2025,hitter,Eddy Pelc,epelc,24,https://www.baseball-reference.com/register/player.fcgi?id=pelc--000edd,Baseball-Reference Register
2025,hitter,Carlos Perez,cperez,23,https://www.baseball-reference.com/register/player.fcgi?id=perez-033car,Baseball-Reference Register
2025,hitter,Christian Almanza,calmanza,25,https://www.baseball-reference.com/register/player.fcgi?id=almanz000chr,Baseball-Reference Register
2025,hitter,Jeremy Begora,jbegora,24,https://www.baseball-reference.com/register/player.fcgi?id=begora000jer,Baseball-Reference Register
2025,hitter,Pat Mills,pmills,25,https://www.baseball-reference.com/register/player.fcgi?id=mills-000pat,Baseball-Reference Register
2025,hitter,Daniel Harris,dharris,25,https://www.baseball-reference.com/register/player.fcgi?id=harris006dan,Baseball-Reference Register
2025,hitter,Jacob Jablonski#,jjablonski#,26,https://www.baseball-reference.com/register/player.fcgi?id=jablon000jac,Baseball-Reference Register
2025,hitter,Cooper Hext,chext,23,https://www.baseball-reference.com/register/player.fcgi?id=hext--000coo,Baseball-Reference Register
2025,hitter,Bobby Lada,blada,24,https://www.baseball-reference.com/register/player.fcgi?id=lada--000bob,Baseball-Reference Register
2025,hitter,Kyler Stancato,kstancato,23,https://www.baseball-reference.com/register/player.fcgi?id=stanca000kyl,Baseball-Reference Register
2025,hitter,Anthony Swenda,aswenda,23,https://www.baseball-reference.com/register/player.fcgi?id=swenda000ant,Baseball-Reference Register
2025,hitter,Alex Adams,aadams,25,https://www.baseball-reference.com/register/player.fcgi?id=adams-001ale,Baseball-Reference Register
2025,hitter,Christian Hall,chall,24,https://www.baseball-reference.com/register/player.fcgi?id=hall--012chr,Baseball-Reference Register
2025,hitter,Garrett Kueber,gkueber,28,https://www.baseball-reference.com/register/player.fcgi?id=kueber000gar,Baseball-Reference Register
2025,hitter,Kendal Ewell,kewell,24,https://www.baseball-reference.com/register/player.fcgi?id=ewell-000ken,Baseball-Reference Register
2025,hitter,Drew Woodcox,dwoodcox,23,https://www.baseball-reference.com/register/player.fcgi?id=woodco000dre,Baseball-Reference Register
2025,hitter,Colin Gordon#,cgordon#,27,https://www.baseball-reference.com/register/player.fcgi?id=gordon002col,Baseball-Reference Register
2025,hitter,Chase Hanson,chanson,25,https://www.baseball-reference.com/register/player.fcgi?id=hanson004cha,Baseball-Reference Register
2025,hitter,Grady Morgan,gmorgan,25,https://www.baseball-reference.com/register/player.fcgi?id=morgan000gra,Baseball-Reference Register
2025,hitter,Tyler Lozano,tlozano,25,https://www.baseball-reference.com/register/player.fcgi?id=lozano000tyl,Baseball-Reference Register
2025,hitter,Tommy Specht,tspecht,21,https://www.baseball-reference.com/register/player.fcgi?id=specht000tom,Baseball-Reference Register
2025,hitter,Casey Sorg#,csorg#,22,https://www.baseball-reference.com/register/player.fcgi?id=sorg--000cas,Baseball-Reference Register
2025,hitter,Kishon Frett,kfrett,23,https://www.baseball-reference.com/register/player.fcgi?id=frett-000kis,Baseball-Reference Register
2025,hitter,Jacob Shanks,jshanks,26,https://www.baseball-reference.com/register/player.fcgi?id=shanks000jac,Baseball-Reference Register
2025,hitter,T.J. Clarkson,tclarkson,24,https://www.baseball-reference.com/register/player.fcgi?id=clarks000tre,Baseball-Reference Register
2025,hitter,T.J. McKenzie,tmckenzie,24,https://www.baseball-reference.com/register/player.fcgi?id=mckenz000tyl,Baseball-Reference Register
2025,hitter,A.J. Shaver,ashaver,23,https://www.baseball-reference.com/register/player.fcgi?id=shaver000aj-,Baseball-Reference Register
2025,pitcher,Matthew Sox,msox,24,https://www.baseball-reference.com/register/player.fcgi?id=sox---000mat,Baseball-Reference Register
2025,pitcher,Gary Grosjean,ggrosjean,25,https://www.baseball-reference.com/register/player.fcgi?id=grosje000gar,Baseball-Reference Register
2025,pitcher,Reed Butz,rbutz,26,https://www.baseball-reference.com/register/player.fcgi?id=butz--000ree,Baseball-Reference Register
2025,pitcher,Luke Schafer,lschafer,24,https://www.baseball-reference.com/register/player.fcgi?id=schafe000luk,Baseball-Reference Register
2025,pitcher,Gabe Tanner,gtanner,23,https://www.baseball-reference.com/register/player.fcgi?id=tanner000gab,Baseball-Reference Register
2025,pitcher,Brett Wozniak,bwozniak,23,https://www.baseball-reference.com/register/player.fcgi?id=woznia000bre,Baseball-Reference Register
2025,pitcher,Chase Chatman,cchatman,24,https://www.baseball-reference.com/register/player.fcgi?id=chatma002cha,Baseball-Reference Register
2025,pitcher,Nathan Hemmerling,nhemmerling,24,https://www.baseball-reference.com/register/player.fcgi?id=hemmer000nat,Baseball-Reference Register
2025,pitcher,Nick Powers,npowers,24,https://www.baseball-reference.com/register/player.fcgi?id=powers001nic,Baseball-Reference Register
2025,pitcher,Zach St. Pierre,zpierre,27,https://www.baseball-reference.com/register/player.fcgi?id=stpier001zac,Baseball-Reference Register
2025,pitcher,Cam Dayton,cdayton,24,https://www.baseball-reference.com/register/player.fcgi?id=dayton000cam,Baseball-Reference Register
2025,pitcher,Daniel Foster,dfoster,22,https://www.baseball-reference.com/register/player.fcgi?id=foster000dan,Baseball-Reference Register
2025,pitcher,Connor Harrison,charrison,25,https://www.baseball-reference.com/register/player.fcgi?id=harris003con,Baseball-Reference Register
2025,pitcher,Noah Millikan,nmillikan,22,https://www.baseball-reference.com/register/player.fcgi?id=millik000noa,Baseball-Reference Register
2025,pitcher,Luke Short,lshort,22,https://www.baseball-reference.com/register/player.fcgi?id=short-000luk,Baseball-Reference Register
2025,pitcher,Cole Stasio,cstasio,23,https://www.baseball-reference.com/register/player.fcgi?id=stasio000col,Baseball-Reference Register
2025,pitcher,Grant Taylor,gtaylor,24,https://www.baseball-reference.com/register/player.fcgi?id=taylor004gra,Baseball-Reference Register
2025,pitcher,Ryan Wentz,rwentz,23,https://www.baseball-reference.com/register/player.fcgi?id=wentz-000rya,Baseball-Reference Register
2025,pitcher,Graham Edwards,gedwards,23,https://www.baseball-reference.com/register/player.fcgi?id=edward001gra,Baseball-Reference Register
2025,pitcher,Reece Fields,rfields,23,https://www.baseball-reference.com/register/player.fcgi?id=fields000ree,Baseball-Reference Register
2025,pitcher,Justin Fuson,jfuson,25,https://www.baseball-reference.com/register/player.fcgi?id=fuson-000jus,Baseball-Reference Register
2025,pitcher,Trey Morrill,tmorrill,25,https://www.baseball-reference.com/register/player.fcgi?id=morril000tre,Baseball-Reference Register
2025,pitcher,Tom Peltier,tpeltier,24,https://www.baseball-reference.com/register/player.fcgi?id=peltie000tom,Baseball-Reference Register
2025,pitcher,Conner Richardson,crichardson,25,https://www.baseball-reference.com/register/player.fcgi?id=richar000con,Baseball-Reference Register
2025,pitcher,Shane Spencer,sspencer,24,https://www.baseball-reference.com/register/player.fcgi?id=spence000sha,Baseball-Reference Register
2025,pitcher,Christian Womble,cwomble,24,https://www.baseball-reference.com/register/player.fcgi?id=womble000chr,Baseball-Reference Register
2025,pitcher,Brendan Beard,bbeard,24,https://www.baseball-reference.com/register/player.fcgi?id=beard-000bre,Baseball-Reference Register
2025,pitcher,Nik Cardinal,ncardinal,28,https://www.baseball-reference.com/register/player.fcgi?id=cardin001nic,Baseball-Reference Register
2025,pitcher,Dawson Day,dday,26,https://www.baseball-reference.com/register/player.fcgi?id=day---000daw,Baseball-Reference Register
2025,pitcher,Shane Gustafson,sgustafson,26,https://www.baseball-reference.com/register/player.fcgi?id=gustaf000sha,Baseball-Reference Register
2025,pitcher,Jacob Hughes,jhughes,22,https://www.baseball-reference.com/register/player.fcgi?id=hughes005jac,Baseball-Reference Register
2025,pitcher,Nick Marshall,nmarshall,24,https://www.baseball-reference.com/register/player.fcgi?id=marsha001nic,Baseball-Reference Register
2025,pitcher,Mike Peterson,mpeterson,26,https://www.baseball-reference.com/register/player.fcgi?id=peters002mik,Baseball-Reference Register
2025,pitcher,Cregg Scherrer,cscherrer,24,https://www.baseball-reference.com/register/player.fcgi?id=scherr000cre,Baseball-Reference Register
2025,pitcher,Garrett VanDeventer,gvandeventer,23,https://www.baseball-reference.com/register/player.fcgi?id=vandev001gar,Baseball-Reference Register
2025,pitcher,Daniel Batcher,dbatcher,24,https://www.baseball-reference.com/register/player.fcgi?id=batche000dan,Baseball-Reference Register
2025,pitcher,Albert Bobadilla,abobadilla,23,https://www.baseball-reference.com/register/player.fcgi?id=bobadi000alb,Baseball-Reference Register
2025,pitcher,Hudson Boncal,hboncal,22,https://www.baseball-reference.com/register/player.fcgi?id=boncal000hud,Baseball-Reference Register
2025,pitcher,Ty Bothwell,tbothwell,25,https://www.baseball-reference.com/register/player.fcgi?id=bothwe000ty-,Baseball-Reference Register
2025,pitcher,Cole Calnon,ccalnon,24,https://www.baseball-reference.com/register/player.fcgi?id=calnon000col,Baseball-Reference Register
2025,pitcher,Johan Castillo,jcastillo,25,https://www.baseball-reference.com/register/player.fcgi?id=castil001joh,Baseball-Reference Register
2025,pitcher,CJ Czerwinski,cczerwinski,24,https://www.baseball-reference.com/register/player.fcgi?id=czerwi000cj-,Baseball-Reference Register
2025,pitcher,Riley Egloff,regloff,25,https://www.baseball-reference.com/register/player.fcgi?id=egloff000ril,Baseball-Reference Register
2025,pitcher,Julian Garcia,jgarcia,23,https://www.baseball-reference.com/register/player.fcgi?id=garcia010jul,Baseball-Reference Register
2025,pitcher,Matt Kavanaugh,mkavanaugh,24,https://www.baseball-reference.com/register/player.fcgi?id=kavana002mat,Baseball-Reference Register
2025,pitcher,Zac Lampton,zlampton,25,https://www.baseball-reference.com/register/player.fcgi?id=lampto000zac,Baseball-Reference Register
2025,pitcher,Evan Massie,emassie,25,https://www.baseball-reference.com/register/player.fcgi?id=massie000eva,Baseball-Reference Register
2025,pitcher,Zach Zaborowski,zzaborowski,22,https://www.baseball-reference.com/register/player.fcgi?id=zaboro000zac,Baseball-Reference Register
2025,pitcher,Aydan Alger,aalger,24,https://www.baseball-reference.com/register/player.fcgi?id=alger-000ayd,Baseball-Reference Register
2025,pitcher,Andrew Armstrong,aarmstrong,23,https://www.baseball-reference.com/register/player.fcgi?id=armstr003and,Baseball-Reference Register
2025,pitcher,Blake Barquin,bbarquin,22,https://www.baseball-reference.com/register/player.fcgi?id=barqui000bla,Baseball-Reference Register
2025,pitcher,Ethan Bates,ebates,23,https://www.baseball-reference.com/register/player.fcgi?id=bates-000eth,Baseball-Reference Register
2025,pitcher,Malik Binns,mbinns,26,https://www.baseball-reference.com/register/player.fcgi?id=binns-000mal,Baseball-Reference Register
2025,pitcher,Adam Bogosian,abogosian,22,https://www.baseball-reference.com/register/player.fcgi?id=bogosi000ada,Baseball-Reference Register
2025,pitcher,Braden Carmichael,bcarmichael,25,https://www.baseball-reference.com/register/player.fcgi?id=carmic000bra,Baseball-Reference Register
2025,pitcher,Austyn Coleman,acoleman,25,https://www.baseball-reference.com/register/player.fcgi?id=colema000aus,Baseball-Reference Register
2025,pitcher,CJ Colyer,ccolyer,22,https://www.baseball-reference.com/register/player.fcgi?id=colyer000cj-,Baseball-Reference Register
2025,pitcher,James Colyer,jcolyer,26,https://www.baseball-reference.com/register/player.fcgi?id=colyer000jam,Baseball-Reference Register
2025,pitcher,Cole Cressend,ccressend,22,https://www.baseball-reference.com/register/player.fcgi?id=cresse000col,Baseball-Reference Register
2025,pitcher,Brody Eglite,beglite,24,https://www.baseball-reference.com/register/player.fcgi?id=eglite000bro,Baseball-Reference Register
2025,pitcher,Caleb Franzen,cfranzen,24,https://www.baseball-reference.com/register/player.fcgi?id=franze000cal,Baseball-Reference Register
2025,pitcher,Danny Galvan,dgalvan,24,https://www.baseball-reference.com/register/player.fcgi?id=galvan000dan,Baseball-Reference Register
2025,pitcher,Carter Gannaway,cgannaway,24,https://www.baseball-reference.com/register/player.fcgi?id=gannaw000car,Baseball-Reference Register
2025,pitcher,Brock Gillis,bgillis,23,https://www.baseball-reference.com/register/player.fcgi?id=gillis000bro,Baseball-Reference Register
2025,pitcher,Robert Kelley,rkelley,24,https://www.baseball-reference.com/register/player.fcgi?id=kelley001rob,Baseball-Reference Register
2025,pitcher,Sam Lavin,slavin,23,https://www.baseball-reference.com/register/player.fcgi?id=lavin-000sam,Baseball-Reference Register
2025,pitcher,Chase Martinez,cmartinez,26,https://www.baseball-reference.com/register/player.fcgi?id=martin015cha,Baseball-Reference Register
2025,pitcher,Reese Miller,rmiller,25,https://www.baseball-reference.com/register/player.fcgi?id=miller002ree,Baseball-Reference Register
2025,pitcher,Nick Parker,nparker,25,https://www.baseball-reference.com/register/player.fcgi?id=parker000nic,Baseball-Reference Register
2025,pitcher,Alec Rodriguez,arodriguez,24,https://www.baseball-reference.com/register/player.fcgi?id=rodrig035ale,Baseball-Reference Register
2025,pitcher,Nathan Shinn,nshinn,21,https://www.baseball-reference.com/register/player.fcgi?id=shinn-000nat,Baseball-Reference Register
2025,pitcher,Joe Skapinetz,jskapinetz,22,https://www.baseball-reference.com/register/player.fcgi?id=skapin000joe,Baseball-Reference Register
2025,pitcher,Ritter Steinmann,rsteinmann,23,https://www.baseball-reference.com/register/player.fcgi?id=steinm000rit,Baseball-Reference Register
2025,pitcher,Matt Taubensee,mtaubensee,25,https://www.baseball-reference.com/register/player.fcgi?id=tauben000mat,Baseball-Reference Register
2025,pitcher,Ryan Velazquez,rvelazquez,26,https://www.baseball-reference.com/register/player.fcgi?id=velazq000rya,Baseball-Reference Register
2025,pitcher,Tristan Wolf,twolf,23,https://www.baseball-reference.com/register/player.fcgi?id=wolf--000tri,Baseball-Reference Register
2025,pitcher,Jaykob Acosta,jacosta,24,https://www.baseball-reference.com/register/player.fcgi?id=acosta000jay,Baseball-Reference Register
2025,pitcher,Eldridge Armstrong,earmstrong,22,https://www.baseball-reference.com/register/player.fcgi?id=armstr002eld,Baseball-Reference Register
2025,pitcher,Hunter Belton,hbelton,22,https://www.baseball-reference.com/register/player.fcgi?id=belton000hun,Baseball-Reference Register
2025,pitcher,Hunter Bryan,hbryan,24,https://www.baseball-reference.com/register/player.fcgi?id=bryan-000hun,Baseball-Reference Register
2025,pitcher,Mason Bryant,mbryant,25,https://www.baseball-reference.com/register/player.fcgi?id=bryant000mas,Baseball-Reference Register
2025,pitcher,Luke Cooper,lcooper,24,https://www.baseball-reference.com/register/player.fcgi?id=cooper001luk,Baseball-Reference Register
2025,pitcher,Richie Dell,rdell,24,https://www.baseball-reference.com/register/player.fcgi?id=dell--000ric,Baseball-Reference Register
2025,pitcher,Jake Dixon,jdixon,24,https://www.baseball-reference.com/register/player.fcgi?id=harrel002jak,Baseball-Reference Register
2025,pitcher,Cam Edmonson,cedmonson,24,https://www.baseball-reference.com/register/player.fcgi?id=edmons000cam,Baseball-Reference Register
2025,pitcher,Ryan Faulks,rfaulks,23,https://www.baseball-reference.com/register/player.fcgi?id=faulks000rya,Baseball-Reference Register
2025,pitcher,Murphy Gienger,mgienger,25,https://www.baseball-reference.com/register/player.fcgi?id=gienge000mur,Baseball-Reference Register
2025,pitcher,Rolando Gutierrez,rgutierrez,23,https://www.baseball-reference.com/register/player.fcgi?id=gutier001rol,Baseball-Reference Register
2025,pitcher,Jaden Harris,jharris,22,https://www.baseball-reference.com/register/player.fcgi?id=harris000jad,Baseball-Reference Register
2025,pitcher,Anthony Imhoff,aimhoff,23,https://www.baseball-reference.com/register/player.fcgi?id=imhoff000ant,Baseball-Reference Register
2025,pitcher,Jonah Jenkins,jjenkins,26,https://www.baseball-reference.com/register/player.fcgi?id=jenkin002jon,Baseball-Reference Register
2025,pitcher,Carson Lambert,clambert,25,https://www.baseball-reference.com/register/player.fcgi?id=lamber002car,Baseball-Reference Register
2025,pitcher,Garrett Martin,gmartin,26,https://www.baseball-reference.com/register/player.fcgi?id=martin003gar,Baseball-Reference Register
2025,pitcher,Jack Maruskin,jmaruskin,25,https://www.baseball-reference.com/register/player.fcgi?id=marusk000j--,Baseball-Reference Register
2025,pitcher,Brandon McPherson,bmcpherson,25,https://www.baseball-reference.com/register/player.fcgi?id=mcpher000bra,Baseball-Reference Register
2026,hitter,Aidan Redahan,aredahan,24,https://www.baseball-reference.com/register/player.fcgi?id=redaha000aid,Baseball-Reference Register
2026,hitter,A.J. Shaver,ashaver,24,https://www.baseball-reference.com/register/player.fcgi?id=shaver000aj-,Baseball-Reference Register
2026,hitter,Justin Trimble,jtrimble,23,https://www.baseball-reference.com/register/player.fcgi?id=trimbl000jus,Baseball-Reference Register
2026,hitter,Nate Vargas,nvargas,23,https://www.baseball-reference.com/register/player.fcgi?id=vargas000nat,Baseball-Reference Register
2026,hitter,Kyler Stancato,kstancato,24,https://www.baseball-reference.com/register/player.fcgi?id=stanca000kyl,Baseball-Reference Register
2026,hitter,Derick Andiarena,dandiarena,22,https://www.baseball-reference.com/register/player.fcgi?id=andiar000der,Baseball-Reference Register
2026,hitter,Sam Canton,scanton,24,https://www.baseball-reference.com/register/player.fcgi?id=canton000sam,Baseball-Reference Register
2026,hitter,Carmine Lane,clane,25,https://www.baseball-reference.com/register/player.fcgi?id=lane--002car,Baseball-Reference Register
2026,hitter,Drew Stengren,dstengren,24,https://www.baseball-reference.com/register/player.fcgi?id=stengr000dre,Baseball-Reference Register
2026,hitter,Matthias Haas,mhaas,24,https://www.baseball-reference.com/register/player.fcgi?id=haas--002mat,Baseball-Reference Register
2026,hitter,Jacob Gutierrez,jgutierrez,23,https://www.baseball-reference.com/register/player.fcgi?id=gutier000jac,Baseball-Reference Register
2026,hitter,Garret Ostrander,gostrander,24,https://www.baseball-reference.com/register/player.fcgi?id=ostran000gar,Baseball-Reference Register
2026,hitter,Cole Fellows,cfellows,22,https://www.baseball-reference.com/register/player.fcgi?id=fellow000col,Baseball-Reference Register
2026,hitter,Colson Lawrence,clawrence,24,https://www.baseball-reference.com/register/player.fcgi?id=lawren001col,Baseball-Reference Register
2026,hitter,Parker Lester,plester,23,https://www.baseball-reference.com/register/player.fcgi?id=lester000par,Baseball-Reference Register
2026,hitter,Gio Ferraro,gferraro,24,https://www.baseball-reference.com/register/player.fcgi?id=ferrar000giu,Baseball-Reference Register
2026,hitter,Osiris Johnson,ojohnson,25,https://www.baseball-reference.com/register/player.fcgi?id=johnso000osi,Baseball-Reference Register
2026,hitter,Ben Rosengard,brosengard,26,https://www.baseball-reference.com/register/player.fcgi?id=roseng000ben,Baseball-Reference Register
2026,hitter,Vincent Temesvary,vtemesvary,24,https://www.baseball-reference.com/register/player.fcgi?id=temesv000vin,Baseball-Reference Register
2026,hitter,Tyler Wyatt,twyatt,29,https://www.baseball-reference.com/register/player.fcgi?id=wyat--000tyl,Baseball-Reference Register
2026,hitter,Scott Campbell,scampbell,23,https://www.baseball-reference.com/register/player.fcgi?id=campbe005sco,Baseball-Reference Register
2026,hitter,Blake Wilhoite,bwilhoite,23,https://www.baseball-reference.com/register/player.fcgi?id=wilhoi000bla,Baseball-Reference Register
2026,hitter,Andrew Gauna,agauna,22,https://www.baseball-reference.com/register/player.fcgi?id=gauna-000and,Baseball-Reference Register
2026,hitter,Chase Valentine,cvalentine,24,https://www.baseball-reference.com/register/player.fcgi?id=valent000cha,Baseball-Reference Register
2026,hitter,Trey Cruz,tcruz,24,https://www.baseball-reference.com/register/player.fcgi?id=cruz--002tre,Baseball-Reference Register
2026,hitter,DeMarckus Smiley,dsmiley,24,https://www.baseball-reference.com/register/player.fcgi?id=smiley001dem,Baseball-Reference Register
2026,hitter,Xavier Casserilla,xcasserilla,23,https://www.baseball-reference.com/register/player.fcgi?id=casser000xav,Baseball-Reference Register
2026,hitter,Michael O'Hara,mo'hara,25,https://www.baseball-reference.com/register/player.fcgi?id=ohara-002mic,Baseball-Reference Register
2026,hitter,Andrew Kirchner,akirchner,22,https://www.baseball-reference.com/register/player.fcgi?id=kirchn000and,Baseball-Reference Register
2026,hitter,Garrett Bevacqua,gbevacqua,25,https://www.baseball-reference.com/register/player.fcgi?id=bevacq000gar,Baseball-Reference Register
2026,hitter,Max Handron,mhandron,25,https://www.baseball-reference.com/register/player.fcgi?id=handro000max,Baseball-Reference Register
2026,hitter,Alex Fernandes,afernandes,23,https://www.baseball-reference.com/register/player.fcgi?id=fernan018ale,Baseball-Reference Register
2026,hitter,Joey Kalafut,jkalafut,25,https://www.baseball-reference.com/register/player.fcgi?id=kalafu000jos,Baseball-Reference Register
2026,hitter,Tyler Ganus,tganus,24,https://www.baseball-reference.com/register/player.fcgi?id=ganus-000tyl,Baseball-Reference Register
2026,hitter,Charlie Muniz,cmuniz,24,https://www.baseball-reference.com/register/player.fcgi?id=muniz-002car,Baseball-Reference Register
2026,hitter,Brock Vradenburg,bvradenburg,24,https://www.baseball-reference.com/register/player.fcgi?id=vraden000bro,Baseball-Reference Register
2026,hitter,Matthew Bardowell,mbardowell,24,https://www.baseball-reference.com/register/player.fcgi?id=bardow000mat,Baseball-Reference Register
2026,hitter,Ethan Underwood,eunderwood,26,https://www.baseball-reference.com/register/player.fcgi?id=underw000eth,Baseball-Reference Register
2026,hitter,Ty Dooley,tdooley,23,https://www.baseball-reference.com/register/player.fcgi?id=dooley000ty-,Baseball-Reference Register
2026,hitter,Eddy Pelc,epelc,25,https://www.baseball-reference.com/register/player.fcgi?id=pelc--000edd,Baseball-Reference Register
2026,hitter,Tyler Williams,twilliams,25,https://www.baseball-reference.com/register/player.fcgi?id=willia013tyl,Baseball-Reference Register
2026,hitter,Ty Yukumoto,tyukumoto,23,https://www.baseball-reference.com/register/player.fcgi?id=yukumo000ty-,Baseball-Reference Register
2026,hitter,Jeter Ybarra,jybarra,24,https://www.baseball-reference.com/register/player.fcgi?id=ybarra000jet,Baseball-Reference Register
2026,hitter,Kyle Schmack,kschmack,25,https://www.baseball-reference.com/register/player.fcgi?id=schmac000kyl,Baseball-Reference Register
2026,hitter,Kyle Micklus,kmicklus,24,https://www.baseball-reference.com/register/player.fcgi?id=micklu000kyl,Baseball-Reference Register
2026,hitter,Mitchell Sanford,msanford,25,https://www.baseball-reference.com/register/player.fcgi?id=sanfor000mit,Baseball-Reference Register
2026,hitter,Enzo Apodaca,eapodaca,24,https://www.baseball-reference.com/register/player.fcgi?id=apodac000enz,Baseball-Reference Register
2026,hitter,Emilio Corona,ecorona,24,https://www.baseball-reference.com/register/player.fcgi?id=corona000emi,Baseball-Reference Register
2026,hitter,Logan Johnstone,ljohnstone,23,https://www.baseball-reference.com/register/player.fcgi?id=johnst000log,Baseball-Reference Register
2026,hitter,Anthony Manisero,amanisero,24,https://www.baseball-reference.com/register/player.fcgi?id=manise000ant,Baseball-Reference Register
2026,hitter,Kyle Ashworth,kashworth,25,https://www.baseball-reference.com/register/player.fcgi?id=ashwor000kyl,Baseball-Reference Register
2026,hitter,Sebastian Greico,sgreico,25,https://www.baseball-reference.com/register/player.fcgi?id=greico000seb,Baseball-Reference Register
2026,hitter,Donovan Ratfield,dratfield,24,https://www.baseball-reference.com/register/player.fcgi?id=ratfie000don,Baseball-Reference Register
2026,hitter,Adam Cootway,acootway,24,https://www.baseball-reference.com/register/player.fcgi?id=cootwa000ada,Baseball-Reference Register
2026,hitter,Tremayne Cobb,tcobb,24,https://www.baseball-reference.com/register/player.fcgi?id=cobb--003tre,Baseball-Reference Register
2026,hitter,Mike Koszewski,mkoszewski,24,https://www.baseball-reference.com/register/player.fcgi?id=koszew000mik,Baseball-Reference Register
2026,hitter,Cameron Bowen,cbowen,25,https://www.baseball-reference.com/register/player.fcgi?id=bowen-000cam,Baseball-Reference Register
2026,hitter,Josh Duarte,jduarte,23,https://www.baseball-reference.com/register/player.fcgi?id=duarte004jos,Baseball-Reference Register
2026,hitter,Zach Chamizo,zchamizo,23,https://www.baseball-reference.com/register/player.fcgi?id=chamiz000zac,Baseball-Reference Register
2026,hitter,Gianni Horvat,ghorvat,23,https://www.baseball-reference.com/register/player.fcgi?id=horvat000gia,Baseball-Reference Register
2026,hitter,Michael Soper,msoper,24,https://www.baseball-reference.com/register/player.fcgi?id=soper-004mic,Baseball-Reference Register
2026,hitter,Jake Allgeyer#,jallgeyer#,24,https://www.baseball-reference.com/register/player.fcgi?id=allgey000jak,Baseball-Reference Register
2026,hitter,Cooper Hext,chext,24,https://www.baseball-reference.com/register/player.fcgi?id=hext--000coo,Baseball-Reference Register
2026,hitter,Ryan Recio,rrecio,23,https://www.baseball-reference.com/register/player.fcgi?id=recio-000rya,Baseball-Reference Register
2026,hitter,Carson Hornung,chornung,22,https://www.baseball-reference.com/register/player.fcgi?id=hornun000car,Baseball-Reference Register
2026,hitter,Noah Blythe,nblythe,23,https://www.baseball-reference.com/register/player.fcgi?id=blythe000noa,Baseball-Reference Register
2026,hitter,Jordan Harrison-Dudley,jharrison-dudley,27,https://www.baseball-reference.com/register/player.fcgi?id=harris004jor,Baseball-Reference Register
2026,hitter,Nich Klemp,nklemp,26,https://www.baseball-reference.com/register/player.fcgi?id=klemp-002nic,Baseball-Reference Register
2026,hitter,Cole Jordan,cjordan,25,https://www.baseball-reference.com/register/player.fcgi?id=jordan001col,Baseball-Reference Register
2026,hitter,Will Rogers,wrogers,23,https://www.baseball-reference.com/register/player.fcgi?id=rogers009wil,Baseball-Reference Register
2026,hitter,Dylan Wilkinson,dwilkinson,25,https://www.baseball-reference.com/register/player.fcgi?id=wilkin001dyl,Baseball-Reference Register
2026,hitter,Jacob Lojewski,jlojewski,24,https://www.baseball-reference.com/register/player.fcgi?id=lojews000jac,Baseball-Reference Register
2026,hitter,Ethan Ott,eott,23,https://www.baseball-reference.com/register/player.fcgi?id=ott---000eth,Baseball-Reference Register
2026,hitter,Jacob Steele,jsteele,23,https://www.baseball-reference.com/register/player.fcgi?id=steele004jac,Baseball-Reference Register
2026,hitter,Wesley Mitchell,wmitchell,24,https://www.baseball-reference.com/register/player.fcgi?id=mitche002wes,Baseball-Reference Register
2026,hitter,Tyler Stone,tstone,24,https://www.baseball-reference.com/register/player.fcgi?id=stone-003tyl,Baseball-Reference Register
2026,hitter,Justin Johnson,jjohnson,25,https://www.baseball-reference.com/register/player.fcgi?id=johnso011jus,Baseball-Reference Register
2026,hitter,Carson Garner,cgarner,23,https://www.baseball-reference.com/register/player.fcgi?id=garner000car,Baseball-Reference Register
2026,hitter,Zeb Roos,zroos,26,https://www.baseball-reference.com/register/player.fcgi?id=roos--000zeb,Baseball-Reference Register
2026,hitter,Jeremy Begora,jbegora,25,https://www.baseball-reference.com/register/player.fcgi?id=begora000jer,Baseball-Reference Register
2026,hitter,Diego Murillo,dmurillo,22,https://www.baseball-reference.com/register/player.fcgi?id=murill000die,Baseball-Reference Register
2026,hitter,Cuba Bess,cbess,28,https://www.baseball-reference.com/register/player.fcgi?id=bess--000cub,Baseball-Reference Register
2026,hitter,Tommy Specht,tspecht,22,https://www.baseball-reference.com/register/player.fcgi?id=specht000tom,Baseball-Reference Register
2026,hitter,Casey Vaughan#,cvaughan#,24,https://www.baseball-reference.com/register/player.fcgi?id=vaugha001cas,Baseball-Reference Register
2026,hitter,Nin Burns,nburns,24,https://www.baseball-reference.com/register/player.fcgi?id=burns-000nin,Baseball-Reference Register
2026,hitter,T.J. McKenzie,tmckenzie,25,https://www.baseball-reference.com/register/player.fcgi?id=mckenz000tyl,Baseball-Reference Register
2026,hitter,Tristan Moore,tmoore,24,https://www.baseball-reference.com/register/player.fcgi?id=moore-004tri,Baseball-Reference Register
2026,hitter,Bryce Cannon,bcannon,24,https://www.baseball-reference.com/register/player.fcgi?id=cannon000bry,Baseball-Reference Register
2026,hitter,Spence Coffman,scoffman,22,https://www.baseball-reference.com/register/player.fcgi?id=coffma000spe,Baseball-Reference Register
2026,hitter,Parker DePasquale,pdepasquale,28,https://www.baseball-reference.com/register/player.fcgi?id=depasq000par,Baseball-Reference Register
2026,hitter,Bodee Wright,bwright,22,https://www.baseball-reference.com/register/player.fcgi?id=wright000bod,Baseball-Reference Register
2026,hitter,Wyatt Grant,wgrant,26,https://www.baseball-reference.com/register/player.fcgi?id=grant-000wya,Baseball-Reference Register
2026,hitter,Jacob Jablonski#,jjablonski#,27,https://www.baseball-reference.com/register/player.fcgi?id=jablon000jac,Baseball-Reference Register
2026,hitter,Braylon Bishop,bbishop,23,https://www.baseball-reference.com/register/player.fcgi?id=bishop005bra,Baseball-Reference Register
2026,hitter,Drew Collins,dcollins,24,https://www.baseball-reference.com/register/player.fcgi?id=collin000dre,Baseball-Reference Register
2026,hitter,Efrain Manzo,emanzo,24,https://www.baseball-reference.com/register/player.fcgi?id=manzo-000efr,Baseball-Reference Register
2026,hitter,Cam Yuran,cyuran,23,https://www.baseball-reference.com/register/player.fcgi?id=yuran-000cam,Baseball-Reference Register
2026,hitter,Leiker Figueroa,lfigueroa,21,https://www.baseball-reference.com/register/player.fcgi?id=figuer000lei,Baseball-Reference Register
2026,pitcher,Cole Calnon,ccalnon,25,https://www.baseball-reference.com/register/player.fcgi?id=calnon000col,Baseball-Reference Register
2026,pitcher,Zach Longshore,zlongshore,23,https://www.baseball-reference.com/register/player.fcgi?id=longsh000zac,Baseball-Reference Register
2026,pitcher,Julian Garcia,jgarcia,24,https://www.baseball-reference.com/register/player.fcgi?id=garcia010jul,Baseball-Reference Register
2026,pitcher,Nathan Hemmerling,nhemmerling,25,https://www.baseball-reference.com/register/player.fcgi?id=hemmer000nat,Baseball-Reference Register
2026,pitcher,Jaren Jackson,jjackson,25,https://www.baseball-reference.com/register/player.fcgi?id=jackso004jar,Baseball-Reference Register
2026,pitcher,Aidan Elfering,aelfering,23,https://www.baseball-reference.com/register/player.fcgi?id=elferi000aid,Baseball-Reference Register
2026,pitcher,Omar Serrano,oserrano,23,https://www.baseball-reference.com/register/player.fcgi?id=serran000oma,Baseball-Reference Register
2026,pitcher,Corbin Talley,ctalley,24,https://www.baseball-reference.com/register/player.fcgi?id=talley000cor,Baseball-Reference Register
2026,pitcher,Brendan Beard,bbeard,25,https://www.baseball-reference.com/register/player.fcgi?id=beard-000bre,Baseball-Reference Register
2026,pitcher,Jack Martin,jmartin,23,https://www.baseball-reference.com/register/player.fcgi?id=martin017jac,Baseball-Reference Register
2026,pitcher,Nick Bautista,nbautista,24,https://www.baseball-reference.com/register/player.fcgi?id=bautis000nic,Baseball-Reference Register
2026,pitcher,Johan Castillo,jcastillo,26,https://www.baseball-reference.com/register/player.fcgi?id=castil001joh,Baseball-Reference Register
2026,pitcher,Gary Grosjean,ggrosjean,26,https://www.baseball-reference.com/register/player.fcgi?id=grosje000gar,Baseball-Reference Register
2026,pitcher,Jaden Harris,jharris,23,https://www.baseball-reference.com/register/player.fcgi?id=harris000jad,Baseball-Reference Register
2026,pitcher,Jonah Jenkins,jjenkins,27,https://www.baseball-reference.com/register/player.fcgi?id=jenkin002jon,Baseball-Reference Register
2026,pitcher,True McEvoy,tmcevoy,24,https://www.baseball-reference.com/register/player.fcgi?id=mcevoy000tru,Baseball-Reference Register
2026,pitcher,Hayden Mullins,hmullins,22,https://www.baseball-reference.com/register/player.fcgi?id=mullin001hay,Baseball-Reference Register
2026,pitcher,Ethan Roark,eroark,24,https://www.baseball-reference.com/register/player.fcgi?id=roark-000eth,Baseball-Reference Register
2026,pitcher,Ritter Steinmann,rsteinmann,24,https://www.baseball-reference.com/register/player.fcgi?id=steinm000rit,Baseball-Reference Register
2026,pitcher,Mason Bryant,mbryant,26,https://www.baseball-reference.com/register/player.fcgi?id=bryant000mas,Baseball-Reference Register
2026,pitcher,Valek Cisneros,vcisneros,25,https://www.baseball-reference.com/register/player.fcgi?id=cisner000val,Baseball-Reference Register
2026,pitcher,Ryan DuSang,rdusang,25,https://www.baseball-reference.com/register/player.fcgi?id=dusang000rya,Baseball-Reference Register
2026,pitcher,Reece Fields,rfields,24,https://www.baseball-reference.com/register/player.fcgi?id=fields000ree,Baseball-Reference Register
2026,pitcher,Ryan Inouye,rinouye,24,https://www.baseball-reference.com/register/player.fcgi?id=inouye000rya,Baseball-Reference Register
2026,pitcher,Josh Leerssen,jleerssen,24,https://www.baseball-reference.com/register/player.fcgi?id=leerss000jos,Baseball-Reference Register
2026,pitcher,AJ Moreno,amoreno,24,https://www.baseball-reference.com/register/player.fcgi?id=moreno000aj-,Baseball-Reference Register
2026,pitcher,Ryan Radkey,rradkey,22,https://www.baseball-reference.com/register/player.fcgi?id=radkey000rya,Baseball-Reference Register
2026,pitcher,Tom Reisinger,treisinger,25,https://www.baseball-reference.com/register/player.fcgi?id=reisin000tom,Baseball-Reference Register
2026,pitcher,Zan Rose,zrose,24,https://www.baseball-reference.com/register/player.fcgi?id=rose--000zan,Baseball-Reference Register
2026,pitcher,Landon Smiddy,lsmiddy,24,https://www.baseball-reference.com/register/player.fcgi?id=smiddy000lan,Baseball-Reference Register
2026,pitcher,Ricky Tibbett,rtibbett,25,https://www.baseball-reference.com/register/player.fcgi?id=tibbet000ric,Baseball-Reference Register
2026,pitcher,Carlos Anziani,canziani,25,https://www.baseball-reference.com/register/player.fcgi?id=anzian000car,Baseball-Reference Register
2026,pitcher,Andrew Baker,abaker,28,https://www.baseball-reference.com/register/player.fcgi?id=baker-000and,Baseball-Reference Register
2026,pitcher,Chase Chatman,cchatman,25,https://www.baseball-reference.com/register/player.fcgi?id=chatma002cha,Baseball-Reference Register
2026,pitcher,Cole Cressend,ccressend,23,https://www.baseball-reference.com/register/player.fcgi?id=cresse000col,Baseball-Reference Register
2026,pitcher,Cam Dayton,cdayton,25,https://www.baseball-reference.com/register/player.fcgi?id=dayton000cam,Baseball-Reference Register
2026,pitcher,Riley Egloff,regloff,26,https://www.baseball-reference.com/register/player.fcgi?id=egloff000ril,Baseball-Reference Register
2026,pitcher,Dylan Gardner,dgardner,24,https://www.baseball-reference.com/register/player.fcgi?id=gardne001dyl,Baseball-Reference Register
2026,pitcher,Grant Garza,ggarza,25,https://www.baseball-reference.com/register/player.fcgi?id=garza-000gra,Baseball-Reference Register
2026,pitcher,Ray Hernandez,rhernandez,22,https://www.baseball-reference.com/register/player.fcgi?id=hernan007ray,Baseball-Reference Register
2026,pitcher,Blayne Huter,bhuter,24,https://www.baseball-reference.com/register/player.fcgi?id=huter-000bla,Baseball-Reference Register
2026,pitcher,Ian Lanik,ilanik,23,https://www.baseball-reference.com/register/player.fcgi?id=lanik-000ian,Baseball-Reference Register
2026,pitcher,Sam Lavin,slavin,24,https://www.baseball-reference.com/register/player.fcgi?id=lavin-000sam,Baseball-Reference Register
2026,pitcher,Brock Mayer,bmayer,21,https://www.baseball-reference.com/register/player.fcgi?id=mayer-000bro,Baseball-Reference Register
2026,pitcher,Parker McMan,pmcman,24,https://www.baseball-reference.com/register/player.fcgi?id=mcman-000par,Baseball-Reference Register
2026,pitcher,Matthew O'Brien,mo'brien,21,https://www.baseball-reference.com/register/player.fcgi?id=obrien004mat,Baseball-Reference Register
2026,pitcher,Mason Pennington,mpennington,23,https://www.baseball-reference.com/register/player.fcgi?id=pennin000mas,Baseball-Reference Register
2026,pitcher,Rane Pfeifer,rpfeifer,27,https://www.baseball-reference.com/register/player.fcgi?id=pfeife000ren,Baseball-Reference Register
2026,pitcher,Will Rogers,wrogers,23,https://www.baseball-reference.com/register/player.fcgi?id=rogers009wil,Baseball-Reference Register
2026,pitcher,Eumir Sepulveda,esepulveda,30,https://www.baseball-reference.com/register/player.fcgi?id=sepulv000eum,Baseball-Reference Register
2026,pitcher,Garrett VanDeventer,gvandeventer,24,https://www.baseball-reference.com/register/player.fcgi?id=vandev001gar,Baseball-Reference Register
2026,pitcher,Tristan Wolf,twolf,24,https://www.baseball-reference.com/register/player.fcgi?id=wolf--000tri,Baseball-Reference Register
2026,pitcher,Hudson Boncal,hboncal,23,https://www.baseball-reference.com/register/player.fcgi?id=boncal000hud,Baseball-Reference Register
2026,pitcher,Langston Burkett,lburkett,21,https://www.baseball-reference.com/register/player.fcgi?id=burket000lan,Baseball-Reference Register
2026,pitcher,Chris Canada,ccanada,23,https://www.baseball-reference.com/register/player.fcgi?id=canada000chr,Baseball-Reference Register
2026,pitcher,CJ Colyer,ccolyer,23,https://www.baseball-reference.com/register/player.fcgi?id=colyer000cj-,Baseball-Reference Register
2026,pitcher,Jack Cone,jcone,26,https://www.baseball-reference.com/register/player.fcgi?id=cone--000jac,Baseball-Reference Register
2026,pitcher,Anthony Diaz,adiaz,25,https://www.baseball-reference.com/register/player.fcgi?id=diaz--008ant,Baseball-Reference Register
2026,pitcher,Christian Diaz,cdiaz,25,https://www.baseball-reference.com/register/player.fcgi?id=diaz--008chr,Baseball-Reference Register
2026,pitcher,Jonah Giblin,jgiblin,24,https://www.baseball-reference.com/register/player.fcgi?id=giblin000jon,Baseball-Reference Register
2026,pitcher,David Hankins,dhankins,24,https://www.baseball-reference.com/register/player.fcgi?id=hankin000dav,Baseball-Reference Register
2026,pitcher,Lucas Hartman,lhartman,23,https://www.baseball-reference.com/register/player.fcgi?id=hartma000luc,Baseball-Reference Register
2026,pitcher,Josh Johnson,jjohnson,24,https://www.baseball-reference.com/register/player.fcgi?id=johnso027jos,Baseball-Reference Register
2026,pitcher,Sean Kelby,skelby,26,https://www.baseball-reference.com/register/player.fcgi?id=kelby-000sea,Baseball-Reference Register
2026,pitcher,Kaden Kneip,kkneip,24,https://www.baseball-reference.com/register/player.fcgi?id=kneip-000kad,Baseball-Reference Register
2026,pitcher,Evan Langston,elangston,23,https://www.baseball-reference.com/register/player.fcgi?id=langst000eva,Baseball-Reference Register
2026,pitcher,Kyle Lewis,klewis,23,https://www.baseball-reference.com/register/player.fcgi?id=lewis-003kyl,Baseball-Reference Register
2026,pitcher,Simon Murray,smurray,23,https://www.baseball-reference.com/register/player.fcgi?id=murray000sim,Baseball-Reference Register
2026,pitcher,Steven Ordorica,sordorica,27,https://www.baseball-reference.com/register/player.fcgi?id=ordori000ste,Baseball-Reference Register
2026,pitcher,Cole Percival,cpercival,27,https://www.baseball-reference.com/register/player.fcgi?id=perciv000col,Baseball-Reference Register
2026,pitcher,Joe Skapinetz,jskapinetz,23,https://www.baseball-reference.com/register/player.fcgi?id=skapin000joe,Baseball-Reference Register
2026,pitcher,Seth Spencer,sspencer,25,https://www.baseball-reference.com/register/player.fcgi?id=spence000set,Baseball-Reference Register
2026,pitcher,Matt Taubensee,mtaubensee,26,https://www.baseball-reference.com/register/player.fcgi?id=tauben000mat,Baseball-Reference Register
2026,pitcher,David Thomas,dthomas,23,https://www.baseball-reference.com/register/player.fcgi?id=thomas011dav,Baseball-Reference Register
2026,pitcher,Jake Toporek,jtoporek,23,https://www.baseball-reference.com/register/player.fcgi?id=topore000jak,Baseball-Reference Register
2026,pitcher,Chaney Trout,ctrout,26,https://www.baseball-reference.com/register/player.fcgi?id=trout-000cha,Baseball-Reference Register
2026,pitcher,Ryan Velazquez,rvelazquez,27,https://www.baseball-reference.com/register/player.fcgi?id=velazq000rya,Baseball-Reference Register
2026,pitcher,Lance Wade,lwade,24,https://www.baseball-reference.com/register/player.fcgi?id=wade--000lan,Baseball-Reference Register
2026,pitcher,Brett Wozniak,bwozniak,24,https://www.baseball-reference.com/register/player.fcgi?id=woznia000bre,Baseball-Reference Register
2026,pitcher,Ira Austin,iaustin,22,https://www.baseball-reference.com/register/player.fcgi?id=austin000ira,Baseball-Reference Register
2026,pitcher,Jackson Betancourt,jbetancourt,23,https://www.baseball-reference.com/register/player.fcgi?id=betanc000jac,Baseball-Reference Register
2026,pitcher,Connor Brinson,cbrinson,24,https://www.baseball-reference.com/register/player.fcgi?id=brinso000con,Baseball-Reference Register
2026,pitcher,Caleb Bunch,cbunch,23,https://www.baseball-reference.com/register/player.fcgi?id=bunch-000cal,Baseball-Reference Register
2026,pitcher,Alex Bustamante,abustamante,26,https://www.baseball-reference.com/register/player.fcgi?id=bustam001ale,Baseball-Reference Register
2026,pitcher,Nik Cardinal,ncardinal,29,https://www.baseball-reference.com/register/player.fcgi?id=cardin001nic,Baseball-Reference Register
2026,pitcher,Mason Collins,mcollins,24,https://www.baseball-reference.com/register/player.fcgi?id=collin001mas,Baseball-Reference Register
2026,pitcher,Jake Covey,jcovey,24,https://www.baseball-reference.com/register/player.fcgi?id=covey-000jak,Baseball-Reference Register
2026,pitcher,Jake Dixon,jdixon,25,https://www.baseball-reference.com/register/player.fcgi?id=harrel002jak,Baseball-Reference Register
2026,pitcher,Mitch Dye,mdye,22,https://www.baseball-reference.com/register/player.fcgi?id=dye---000mit,Baseball-Reference Register
2026,pitcher,Ryan Faulks,rfaulks,24,https://www.baseball-reference.com/register/player.fcgi?id=faulks000rya,Baseball-Reference Register
2026,pitcher,Blayne Fritcher,bfritcher,22,https://www.baseball-reference.com/register/player.fcgi?id=fritch000bla,Baseball-Reference Register
2026,pitcher,Ethan Gardner,egardner,22,https://www.baseball-reference.com/register/player.fcgi?id=gardne001eth,Baseball-Reference Register
2026,pitcher,Cameron Goffar,cgoffar,23,https://www.baseball-reference.com/register/player.fcgi?id=goffar000cam,Baseball-Reference Register
2026,pitcher,Jacob Hasty,jhasty,25,https://www.baseball-reference.com/register/player.fcgi?id=hasty-000jac,Baseball-Reference Register
